Survey month,Parameter,State and territory,Sex,Classification,Category,Full_time,Full_time_RSE,Part_time,Part_time_RSE,With paid leave entitlements,With paid leave entitlements_RSE,Without paid leave entitlements,Without paid leave entitlements_RSE,Total,Total_RSE,Sub_Category,ParentCategory
2014,Median weekly earnings,Australia,Persons,Relationship in household,Family member,1231.0,1.0,456.0,1.1,1116.0,1.1,418.08,2.4,982.0,0.9,,Family member
2014,Median weekly earnings,Australia,Persons,Relationship in household,"   Husband, wife or partner",1300.0,0.8,560.0,1.4,1200.0,0.6,600.0,1.8,1100.0,0.9,"Husband, wife or partner",Family member
2014,Median weekly earnings,Australia,Persons,Relationship in household,      With dependants,1399.658,1.5,599.0,1.9,1250.0,1.7,586.444,3.9,1150.0,2.1,With dependants,Family member
2014,Median weekly earnings,Australia,Persons,Relationship in household,      Without dependants,1250.0,1.2,540.0,1.7,1150.0,1.7,600.0,2.6,1050.0,1.2,Without dependants,Family member
2014,Median weekly earnings,Australia,Persons,Relationship in household,   Lone parent,1171.171,2.3,515.643,3.2,1050.0,2.4,426.23,8.4,900.0,2.6,Lone parent,Family member
2014,Median weekly earnings,Australia,Persons,Relationship in household,   Dependent student,703.726,12.0,144.0,3.5,250.0,8.5,132.0,4.6,150.0,3.4,Dependent student,Family member
2014,Median weekly earnings,Australia,Persons,Relationship in household,   Non-dependent child,900.0,2.5,415.761,3.1,850.0,2.7,492.124,5.3,760.0,1.7,Non-dependent child,Family member
2014,Median weekly earnings,Australia,Persons,Relationship in household,   Other related individual,1035.674,2.8,432.459,6.7,997.112,3.9,546.231,9.3,862.047,4.6,Other related individual,Family member
2014,Median weekly earnings,Australia,Persons,Relationship in household,Non-family member,1200.0,1.1,497.149,2.5,1150.0,1.6,600.0,5.5,1035.0,1.8,,Non-family member
2014,Median weekly earnings,Australia,Persons,Relationship in household,   Lone person,1283.015,1.5,550.0,4.1,1219.885,1.2,663.253,7.9,1150.0,1.4,Lone person,Non-family member
2014,Median weekly earnings,Australia,Persons,Relationship in household,   Not living alone,1070.813,2.3,400.0,5.9,1035.0,2.3,576.254,6.6,950.0,2.4,Not living alone,Non-family member
2014,Median weekly earnings,Australia,Persons,Relationship in household,Relationship not determined,1000.0,7.7,249.583,72.3,1100.0,10.2,328.084,51.6,817.917,7.5,,Relationship not determined
2014,Median weekly earnings,Australia,Males,Relationship in household,Family member,1342.0,1.2,378.0,3.4,1310.0,0.8,575.0,3.5,1200.0,0.9,,Family member
2014,Median weekly earnings,Australia,Males,Relationship in household,"   Husband, wife or partner",1438.0,1.6,527.702,4.2,1417.9,0.9,850.0,3.0,1350.0,1.4,"Husband, wife or partner",Family member
2014,Median weekly earnings,Australia,Males,Relationship in household,      With dependants,1500.0,0.9,556.576,4.6,1500.0,1.1,900.0,3.4,1438.0,1.8,With dependants,Family member
2014,Median weekly earnings,Australia,Males,Relationship in household,      Without dependants,1350.0,1.8,506.159,6.3,1318.123,1.0,797.62,3.6,1250.0,2.0,Without dependants,Family member
2014,Median weekly earnings,Australia,Males,Relationship in household,   Lone parent,1418.462,4.8,522.34,25.4,1400.0,5.4,600.0,29.0,1349.26,3.9,Lone parent,Family member
2014,Median weekly earnings,Australia,Males,Relationship in household,   Dependent student,753.79,17.3,150.0,3.5,250.0,7.7,140.0,5.5,150.0,2.6,Dependent student,Family member
2014,Median weekly earnings,Australia,Males,Relationship in household,   Non-dependent child,879.641,3.0,400.0,4.8,850.0,3.1,552.943,5.5,767.0,1.7,Non-dependent child,Family member
2014,Median weekly earnings,Australia,Males,Relationship in household,   Other related individual,1100.0,5.5,400.938,10.8,1050.625,5.6,600.0,15.8,908.235,5.6,Other related individual,Family member
2014,Median weekly earnings,Australia,Males,Relationship in household,Non-family member,1200.0,1.1,468.528,3.6,1200.0,1.4,750.0,5.3,1100.0,2.0,,Non-family member
2014,Median weekly earnings,Australia,Males,Relationship in household,   Lone person,1300.0,2.6,499.442,5.1,1310.117,2.9,840.0,6.7,1200.0,2.2,Lone person,Non-family member
2014,Median weekly earnings,Australia,Males,Relationship in household,   Not living alone,1105.464,3.1,450.0,6.7,1100.0,3.4,685.539,7.5,1000.0,2.2,Not living alone,Non-family member
2014,Median weekly earnings,Australia,Males,Relationship in household,Relationship not determined,1101.175,12.8,720.42,0.1,1137.625,15.6,779.355,20.2,979.947,10.8,,Relationship not determined
2014,Median weekly earnings,Australia,Females,Relationship in household,Family member,1093.0,1.0,497.333,1.0,950.0,0.5,360.0,2.3,800.0,0.2,,Family member
2014,Median weekly earnings,Australia,Females,Relationship in household,"   Husband, wife or partner",1150.0,1.2,570.0,2.2,980.0,1.0,460.0,1.7,875.0,1.5,"Husband, wife or partner",Family member
2014,Median weekly earnings,Australia,Females,Relationship in household,      With dependants,1200.0,2.3,600.0,1.7,955.057,2.1,443.991,2.5,850.0,1.8,With dependants,Family member
2014,Median weekly earnings,Australia,Females,Relationship in household,      Without dependants,1103.863,1.6,548.19,2.0,1000.0,0.9,500.0,2.3,900.0,1.6,Without dependants,Family member
2014,Median weekly earnings,Australia,Females,Relationship in household,   Lone parent,1100.0,2.2,510.0,3.2,950.0,2.7,400.0,8.4,820.867,2.7,Lone parent,Family member
2014,Median weekly earnings,Australia,Females,Relationship in household,   Dependent student,655.808,18.7,139.761,4.6,300.0,7.9,126.348,4.8,144.0,5.9,Dependent student,Family member
2014,Median weekly earnings,Australia,Females,Relationship in household,   Non-dependent child,928.09,1.9,437.016,5.8,850.0,2.5,425.0,6.5,760.0,3.2,Non-dependent child,Family member
2014,Median weekly earnings,Australia,Females,Relationship in household,   Other related individual,1000.0,2.6,454.329,7.2,941.683,5.8,464.533,14.8,770.097,7.8,Other related individual,Family member
2014,Median weekly earnings,Australia,Females,Relationship in household,Non-family member,1150.0,1.2,500.0,4.0,1091.084,1.5,450.0,8.5,999.259,1.2,,Non-family member
2014,Median weekly earnings,Australia,Females,Relationship in household,   Lone person,1221.674,2.1,574.008,5.1,1150.0,1.9,481.499,8.0,1054.394,1.9,Lone person,Non-family member
2014,Median weekly earnings,Australia,Females,Relationship in household,   Not living alone,1000.0,2.5,358.221,9.1,992.197,2.6,374.86,14.2,853.01,3.1,Not living alone,Non-family member
2014,Median weekly earnings,Australia,Females,Relationship in household,Relationship not determined,900.0,26.9,217.486,99.6,900.0,16.8,225.401,58.3,632.824,26.0,,Relationship not determined
2014,Median weekly earnings,NSW,Persons,Relationship in household,Family member,1250.0,1.3,465.19,3.0,1150.0,1.9,400.0,3.3,1000.0,0.8,,Family member
2014,Median weekly earnings,NSW,Persons,Relationship in household,"   Husband, wife or partner",1322.218,1.3,550.0,3.7,1242.278,1.1,520.0,4.9,1120.0,1.5,"Husband, wife or partner",Family member
2014,Median weekly earnings,NSW,Persons,Relationship in household,      With dependants,1400.0,2.7,600.0,3.4,1281.0,1.7,599.096,8.9,1191.996,2.2,With dependants,Family member
2014,Median weekly earnings,NSW,Persons,Relationship in household,      Without dependants,1250.0,2.0,509.853,3.0,1183.543,3.0,500.0,5.6,1057.0,1.9,Without dependants,Family member
2014,Median weekly earnings,NSW,Persons,Relationship in household,   Lone parent,1200.0,5.3,500.0,9.4,1012.412,5.2,334.349,12.8,900.0,5.1,Lone parent,Family member
2014,Median weekly earnings,NSW,Persons,Relationship in household,   Dependent student,833.393,29.3,150.0,8.5,376.995,10.8,144.0,7.1,159.831,7.9,Dependent student,Family member
2014,Median weekly earnings,NSW,Persons,Relationship in household,   Non-dependent child,886.771,3.1,456.359,5.6,833.629,3.1,480.012,9.1,790.064,1.9,Non-dependent child,Family member
2014,Median weekly earnings,NSW,Persons,Relationship in household,   Other related individual,1050.56,7.3,500.0,16.7,1000.0,9.7,597.218,14.7,823.073,7.7,Other related individual,Family member
2014,Median weekly earnings,NSW,Persons,Relationship in household,Non-family member,1212.318,2.7,500.0,6.6,1199.996,2.4,586.713,7.7,1052.0,2.9,,Non-family member
2014,Median weekly earnings,NSW,Persons,Relationship in household,   Lone person,1342.0,2.0,536.561,5.8,1281.0,2.7,567.9,11.3,1162.907,2.6,Lone person,Non-family member
2014,Median weekly earnings,NSW,Persons,Relationship in household,   Not living alone,1067.374,4.0,443.307,23.4,1060.822,3.8,596.737,15.8,967.802,4.5,Not living alone,Non-family member
2014,Median weekly earnings,NSW,Persons,Relationship in household,Relationship not determined,1086.512,60.7,244.468,0.1,1467.288,0.1,686.993,22.5,977.525,71.2,,Relationship not determined
2014,Median weekly earnings,NSW,Males,Relationship in household,Family member,1326.366,1.9,395.317,5.0,1307.745,2.0,500.0,7.0,1200.0,2.0,,Family member
2014,Median weekly earnings,NSW,Males,Relationship in household,"   Husband, wife or partner",1415.463,1.7,499.138,3.9,1400.0,1.7,797.536,9.4,1346.0,1.9,"Husband, wife or partner",Family member
2014,Median weekly earnings,NSW,Males,Relationship in household,      With dependants,1500.0,2.0,480.0,4.6,1500.0,2.0,900.0,7.2,1450.0,2.2,With dependants,Family member
2014,Median weekly earnings,NSW,Males,Relationship in household,      Without dependants,1336.294,2.3,500.0,9.1,1307.322,2.5,600.0,15.1,1250.0,2.0,Without dependants,Family member
2014,Median weekly earnings,NSW,Males,Relationship in household,   Lone parent,1320.886,5.8,423.753,0.1,1321.867,5.8,427.494,0.1,1300.665,8.1,Lone parent,Family member
2014,Median weekly earnings,NSW,Males,Relationship in household,   Dependent student,861.022,0.1,178.662,11.9,447.163,29.8,150.0,13.9,184.369,12.5,Dependent student,Family member
2014,Median weekly earnings,NSW,Males,Relationship in household,   Non-dependent child,890.0,4.5,445.059,6.1,828.782,3.6,555.0,13.6,793.952,4.4,Non-dependent child,Family member
2014,Median weekly earnings,NSW,Males,Relationship in household,   Other related individual,1156.445,8.6,531.461,28.3,1250.284,13.2,836.17,22.2,1040.223,11.5,Other related individual,Family member
2014,Median weekly earnings,NSW,Males,Relationship in household,Non-family member,1203.425,3.1,498.693,12.5,1204.0,3.2,734.76,9.2,1100.0,4.6,,Non-family member
2014,Median weekly earnings,NSW,Males,Relationship in household,   Lone person,1300.0,3.6,416.004,16.5,1303.03,3.8,666.779,17.1,1200.0,6.0,Lone person,Non-family member
2014,Median weekly earnings,NSW,Males,Relationship in household,   Not living alone,1106.945,4.8,563.417,18.1,1099.155,4.7,782.64,12.6,1016.372,6.9,Not living alone,Non-family member
2014,Median weekly earnings,NSW,Males,Relationship in household,Relationship not determined,1269.296,15.5,0.0,0.0,2073.593,0.1,942.254,0.1,1269.296,14.4,,Relationship not determined
2014,Median weekly earnings,NSW,Females,Relationship in household,Family member,1121.218,1.2,500.0,1.2,985.758,1.1,345.0,5.4,812.635,1.6,,Family member
2014,Median weekly earnings,NSW,Females,Relationship in household,"   Husband, wife or partner",1200.0,2.3,595.906,2.1,1000.0,1.8,442.208,5.8,902.006,2.3,"Husband, wife or partner",Family member
2014,Median weekly earnings,NSW,Females,Relationship in household,      With dependants,1250.0,2.9,603.978,5.2,1000.0,2.6,450.0,5.7,900.0,3.2,With dependants,Family member
2014,Median weekly earnings,NSW,Females,Relationship in household,      Without dependants,1150.0,3.6,524.077,3.7,1000.0,2.9,400.0,9.6,925.429,3.6,Without dependants,Family member
2014,Median weekly earnings,NSW,Females,Relationship in household,   Lone parent,1100.0,5.8,500.0,11.6,961.532,6.7,318.735,11.3,825.464,6.1,Lone parent,Family member
2014,Median weekly earnings,NSW,Females,Relationship in household,   Dependent student,425.04,0.1,147.258,9.6,341.127,16.9,129.495,11.0,148.941,9.6,Dependent student,Family member
2014,Median weekly earnings,NSW,Females,Relationship in household,   Non-dependent child,882.104,4.6,480.0,10.4,836.596,4.8,425.459,13.8,789.21,2.3,Non-dependent child,Family member
2014,Median weekly earnings,NSW,Females,Relationship in household,   Other related individual,946.611,7.0,491.957,18.3,786.299,10.7,446.65,19.8,697.307,8.6,Other related individual,Family member
2014,Median weekly earnings,NSW,Females,Relationship in household,Non-family member,1231.894,4.7,514.258,9.2,1150.0,3.4,450.0,16.8,1015.534,3.2,,Non-family member
2014,Median weekly earnings,NSW,Females,Relationship in household,   Lone person,1380.0,4.9,606.32,10.2,1215.0,3.4,483.441,14.9,1125.901,3.9,Lone person,Non-family member
2014,Median weekly earnings,NSW,Females,Relationship in household,   Not living alone,1020.565,5.0,240.928,34.8,1017.334,5.0,244.634,39.0,950.0,5.3,Not living alone,Non-family member
2014,Median weekly earnings,NSW,Females,Relationship in household,Relationship not determined,0.0,0.0,244.468,0.1,0.0,0.0,244.468,0.1,279.331,0.1,,Relationship not determined
2014,Median weekly earnings,VIC,Persons,Relationship in household,Family member,1186.662,1.1,430.0,3.2,1054.0,1.8,367.0,4.4,923.63,1.4,,Family member
2014,Median weekly earnings,VIC,Persons,Relationship in household,"   Husband, wife or partner",1251.354,1.7,550.0,3.7,1150.0,2.2,575.0,5.4,1049.054,2.2,"Husband, wife or partner",Family member
2014,Median weekly earnings,VIC,Persons,Relationship in household,      With dependants,1301.689,2.6,550.0,4.6,1199.099,3.0,533.443,6.8,1057.0,3.4,With dependants,Family member
2014,Median weekly earnings,VIC,Persons,Relationship in household,      Without dependants,1204.168,2.0,538.352,4.8,1100.0,2.2,600.0,5.1,1001.861,2.6,Without dependants,Family member
2014,Median weekly earnings,VIC,Persons,Relationship in household,   Lone parent,1150.0,4.4,517.885,5.2,995.533,6.1,406.305,21.0,878.721,5.9,Lone parent,Family member
2014,Median weekly earnings,VIC,Persons,Relationship in household,   Dependent student,664.146,28.7,138.023,5.5,210.02,9.4,125.861,7.2,140.317,6.2,Dependent student,Family member
2014,Median weekly earnings,VIC,Persons,Relationship in household,   Non-dependent child,900.0,3.3,422.102,9.2,851.413,3.7,413.081,11.9,800.0,2.4,Non-dependent child,Family member
2014,Median weekly earnings,VIC,Persons,Relationship in household,   Other related individual,998.36,5.4,355.998,15.9,958.0,7.3,415.362,25.8,816.186,5.9,Other related individual,Family member
2014,Median weekly earnings,VIC,Persons,Relationship in household,Non-family member,1169.386,2.6,499.13,5.1,1150.0,2.9,556.957,14.4,1016.332,2.7,,Non-family member
2014,Median weekly earnings,VIC,Persons,Relationship in household,   Lone person,1290.595,4.0,563.388,12.9,1221.416,4.0,638.602,20.8,1150.0,2.4,Lone person,Non-family member
2014,Median weekly earnings,VIC,Persons,Relationship in household,   Not living alone,1025.0,4.0,394.746,9.6,1004.604,3.7,550.0,15.7,901.749,5.4,Not living alone,Non-family member
2014,Median weekly earnings,VIC,Persons,Relationship in household,Relationship not determined,885.163,25.6,214.331,0.1,865.574,29.0,148.156,0.1,700.97,19.0,,Relationship not determined
2014,Median weekly earnings,VIC,Males,Relationship in household,Family member,1300.0,1.8,340.0,6.7,1250.0,2.0,480.118,8.5,1107.574,2.2,,Family member
2014,Median weekly earnings,VIC,Males,Relationship in household,"   Husband, wife or partner",1379.753,2.3,500.0,8.4,1342.0,1.9,760.124,5.1,1294.802,1.7,"Husband, wife or partner",Family member
2014,Median weekly earnings,VIC,Males,Relationship in household,      With dependants,1400.0,3.1,500.0,8.8,1400.0,3.6,850.339,8.2,1342.0,3.1,With dependants,Family member
2014,Median weekly earnings,VIC,Males,Relationship in household,      Without dependants,1300.0,2.1,497.651,10.3,1279.891,1.2,714.454,7.1,1216.868,2.5,Without dependants,Family member
2014,Median weekly earnings,VIC,Males,Relationship in household,   Lone parent,1598.357,8.1,765.57,19.2,1353.775,11.0,847.116,51.7,1350.0,9.9,Lone parent,Family member
2014,Median weekly earnings,VIC,Males,Relationship in household,   Dependent student,941.53,0.1,142.371,7.2,216.725,12.3,132.759,7.7,147.048,6.6,Dependent student,Family member
2014,Median weekly earnings,VIC,Males,Relationship in household,   Non-dependent child,850.0,4.5,400.0,11.7,850.0,5.0,482.809,15.7,767.533,1.8,Non-dependent child,Family member
2014,Median weekly earnings,VIC,Males,Relationship in household,   Other related individual,1017.167,15.3,335.421,26.4,999.161,14.8,501.143,37.5,866.951,10.3,Other related individual,Family member
2014,Median weekly earnings,VIC,Males,Relationship in household,Non-family member,1200.0,2.7,460.0,6.9,1200.0,3.2,748.689,9.4,1090.0,3.5,,Non-family member
2014,Median weekly earnings,VIC,Males,Relationship in household,   Lone person,1351.179,4.4,742.847,14.2,1334.031,5.5,864.071,17.7,1239.862,5.4,Lone person,Non-family member
2014,Median weekly earnings,VIC,Males,Relationship in household,   Not living alone,1035.0,4.8,391.989,11.8,1026.015,4.9,666.035,15.1,950.0,6.0,Not living alone,Non-family member
2014,Median weekly earnings,VIC,Males,Relationship in household,Relationship not determined,955.139,16.6,657.591,0.1,844.714,21.5,0.0,0.0,770.357,20.0,,Relationship not determined
2014,Median weekly earnings,VIC,Females,Relationship in household,Family member,1035.214,1.4,470.223,2.2,900.0,1.5,320.0,4.3,800.0,1.9,,Family member
2014,Median weekly earnings,VIC,Females,Relationship in household,"   Husband, wife or partner",1078.376,2.7,550.633,3.7,922.118,2.1,450.0,6.3,850.0,1.8,"Husband, wife or partner",Family member
2014,Median weekly earnings,VIC,Females,Relationship in household,      With dependants,1082.185,4.5,560.894,4.0,900.0,4.1,424.282,7.9,821.0,2.9,With dependants,Family member
2014,Median weekly earnings,VIC,Females,Relationship in household,      Without dependants,1075.317,3.4,544.815,4.7,958.0,2.5,480.341,11.3,900.0,2.9,Without dependants,Family member
2014,Median weekly earnings,VIC,Females,Relationship in household,   Lone parent,1047.82,6.2,503.524,4.9,870.513,7.3,375.114,23.3,798.287,5.2,Lone parent,Family member
2014,Median weekly earnings,VIC,Females,Relationship in household,   Dependent student,625.091,0.1,130.0,11.2,184.997,19.8,122.004,10.5,131.838,10.9,Dependent student,Family member
2014,Median weekly earnings,VIC,Females,Relationship in household,   Non-dependent child,949.28,3.0,450.0,15.0,863.0,2.7,300.0,19.6,800.0,3.9,Non-dependent child,Family member
2014,Median weekly earnings,VIC,Females,Relationship in household,   Other related individual,948.45,6.3,377.237,20.8,936.742,9.7,400.0,33.1,749.649,9.6,Other related individual,Family member
2014,Median weekly earnings,VIC,Females,Relationship in household,Non-family member,1151.13,3.1,500.0,8.2,1072.316,3.8,396.456,19.4,1000.0,3.5,,Non-family member
2014,Median weekly earnings,VIC,Females,Relationship in household,   Lone person,1225.846,4.9,553.886,8.2,1150.0,4.4,367.719,37.8,1073.464,4.1,Lone person,Non-family member
2014,Median weekly earnings,VIC,Females,Relationship in household,   Not living alone,1000.0,6.8,390.329,15.6,1000.0,4.5,419.301,26.6,888.633,6.1,Not living alone,Non-family member
2014,Median weekly earnings,VIC,Females,Relationship in household,Relationship not determined,854.857,26.2,107.618,0.1,860.823,0.1,113.766,0.1,481.047,0.1,,Relationship not determined
2014,Median weekly earnings,QLD,Persons,Relationship in household,Family member,1200.0,1.4,479.0,2.7,1100.0,1.9,480.0,3.2,977.264,1.1,,Family member
2014,Median weekly earnings,QLD,Persons,Relationship in household,"   Husband, wife or partner",1280.484,1.9,600.0,2.6,1188.971,1.5,632.111,4.0,1060.0,1.6,"Husband, wife or partner",Family member
2014,Median weekly earnings,QLD,Persons,Relationship in household,      With dependants,1350.0,3.8,600.0,2.2,1245.514,3.5,600.0,8.3,1113.695,3.8,With dependants,Family member
2014,Median weekly earnings,QLD,Persons,Relationship in household,      Without dependants,1200.0,2.3,556.862,3.9,1100.0,2.7,671.357,6.0,1026.921,1.4,Without dependants,Family member
2014,Median weekly earnings,QLD,Persons,Relationship in household,   Lone parent,1148.197,3.7,563.704,8.0,1087.78,3.9,534.581,13.8,950.0,4.0,Lone parent,Family member
2014,Median weekly earnings,QLD,Persons,Relationship in household,   Dependent student,698.135,11.8,129.524,6.3,365.169,35.9,135.48,6.0,142.803,7.0,Dependent student,Family member
2014,Median weekly earnings,QLD,Persons,Relationship in household,   Non-dependent child,874.812,2.7,400.987,6.3,800.0,4.1,575.287,5.6,700.0,3.6,Non-dependent child,Family member
2014,Median weekly earnings,QLD,Persons,Relationship in household,   Other related individual,999.356,5.5,452.634,14.0,942.871,10.5,413.328,19.9,778.638,12.7,Other related individual,Family member
2014,Median weekly earnings,QLD,Persons,Relationship in household,Non-family member,1147.0,2.3,450.0,7.8,1100.0,2.8,600.0,11.0,1000.0,2.6,,Non-family member
2014,Median weekly earnings,QLD,Persons,Relationship in household,   Lone person,1187.0,3.1,524.138,11.9,1181.876,3.2,600.0,12.8,1093.207,3.3,Lone person,Non-family member
2014,Median weekly earnings,QLD,Persons,Relationship in household,   Not living alone,1090.581,3.6,400.0,6.4,1000.0,6.4,569.449,17.0,900.0,5.7,Not living alone,Non-family member
2014,Median weekly earnings,QLD,Persons,Relationship in household,Relationship not determined,963.199,39.3,196.164,0.1,1150.814,19.4,475.253,39.5,907.053,15.1,,Relationship not determined
2014,Median weekly earnings,QLD,Males,Relationship in household,Family member,1332.095,1.7,383.438,9.5,1320.516,2.3,672.49,5.7,1180.681,1.3,,Family member
2014,Median weekly earnings,QLD,Males,Relationship in household,"   Husband, wife or partner",1454.327,2.2,640.3,5.3,1442.989,2.7,950.0,3.8,1347.147,2.3,"Husband, wife or partner",Family member
2014,Median weekly earnings,QLD,Males,Relationship in household,      With dependants,1500.0,3.5,671.311,9.3,1500.0,3.6,952.546,8.2,1500.0,3.2,With dependants,Family member
2014,Median weekly earnings,QLD,Males,Relationship in household,      Without dependants,1342.0,3.9,600.0,12.2,1319.899,3.4,947.55,4.7,1200.0,3.5,Without dependants,Family member
2014,Median weekly earnings,QLD,Males,Relationship in household,   Lone parent,1422.538,8.3,590.929,0.1,1425.0,10.4,750.525,0.1,1361.322,8.3,Lone parent,Family member
2014,Median weekly earnings,QLD,Males,Relationship in household,   Dependent student,644.347,64.6,123.401,10.3,313.371,54.0,120.0,12.0,145.55,9.7,Dependent student,Family member
2014,Median weekly earnings,QLD,Males,Relationship in household,   Non-dependent child,850.0,4.5,393.396,12.1,834.517,4.9,602.547,7.2,747.184,4.3,Non-dependent child,Family member
2014,Median weekly earnings,QLD,Males,Relationship in household,   Other related individual,1012.974,14.5,415.577,16.9,916.71,19.2,412.275,42.3,804.415,13.7,Other related individual,Family member
2014,Median weekly earnings,QLD,Males,Relationship in household,Non-family member,1200.0,3.2,400.0,9.7,1200.0,3.6,712.032,12.5,1086.736,3.5,,Non-family member
2014,Median weekly earnings,QLD,Males,Relationship in household,   Lone person,1210.318,8.4,400.0,11.0,1297.469,6.3,779.087,11.2,1160.796,6.2,Lone person,Non-family member
2014,Median weekly earnings,QLD,Males,Relationship in household,   Not living alone,1100.0,4.4,406.196,14.7,1100.0,5.0,651.427,19.5,1000.0,3.1,Not living alone,Non-family member
2014,Median weekly earnings,QLD,Males,Relationship in household,Relationship not determined,1002.232,0.1,0.0,0.0,1689.191,0.1,0.0,0.0,1002.232,0.1,,Relationship not determined
2014,Median weekly earnings,QLD,Females,Relationship in household,Family member,1033.641,2.0,500.0,3.6,958.0,1.8,400.0,4.1,792.0,1.7,,Family member
2014,Median weekly earnings,QLD,Females,Relationship in household,"   Husband, wife or partner",1060.189,3.1,600.0,2.1,976.272,1.3,489.255,5.2,868.885,2.2,"Husband, wife or partner",Family member
2014,Median weekly earnings,QLD,Females,Relationship in household,      With dependants,1100.0,5.4,600.0,4.3,956.634,2.7,449.234,7.5,801.508,4.5,With dependants,Family member
2014,Median weekly earnings,QLD,Females,Relationship in household,      Without dependants,1050.651,2.4,550.0,4.3,1000.0,1.3,544.027,6.7,900.0,2.9,Without dependants,Family member
2014,Median weekly earnings,QLD,Females,Relationship in household,   Lone parent,1057.014,4.6,562.601,8.1,954.615,5.6,499.581,12.4,802.582,5.6,Lone parent,Family member
2014,Median weekly earnings,QLD,Females,Relationship in household,   Dependent student,689.397,32.7,131.474,6.1,520.007,38.8,138.447,6.4,142.61,7.5,Dependent student,Family member
2014,Median weekly earnings,QLD,Females,Relationship in household,   Non-dependent child,918.891,5.6,423.294,5.3,760.0,9.3,500.0,8.5,661.104,5.5,Non-dependent child,Family member
2014,Median weekly earnings,QLD,Females,Relationship in household,   Other related individual,993.561,3.4,558.535,21.1,967.887,10.3,417.399,28.0,775.612,14.6,Other related individual,Family member
2014,Median weekly earnings,QLD,Females,Relationship in household,Non-family member,1019.931,5.0,475.999,13.3,974.783,5.4,450.0,17.2,900.0,3.8,,Non-family member
2014,Median weekly earnings,QLD,Females,Relationship in household,   Lone person,1100.0,5.9,570.388,16.6,1043.131,6.0,516.848,21.5,999.025,5.1,Lone person,Non-family member
2014,Median weekly earnings,QLD,Females,Relationship in household,   Not living alone,898.704,10.0,361.598,15.3,835.836,12.0,385.506,33.0,800.0,7.9,Not living alone,Non-family member
2014,Median weekly earnings,QLD,Females,Relationship in household,Relationship not determined,954.511,24.5,196.164,0.1,1151.526,0.1,348.128,48.5,902.836,25.3,,Relationship not determined
2014,Median weekly earnings,SA,Persons,Relationship in household,Family member,1150.0,2.0,480.611,2.8,1050.0,2.3,461.14,4.4,900.0,1.9,,Family member
2014,Median weekly earnings,SA,Persons,Relationship in household,"   Husband, wife or partner",1200.0,1.2,525.169,3.2,1100.0,1.5,563.225,5.1,1000.0,0.5,"Husband, wife or partner",Family member
2014,Median weekly earnings,SA,Persons,Relationship in household,      With dependants,1250.0,2.0,525.784,4.8,1112.0,1.7,547.036,8.0,1000.0,1.7,With dependants,Family member
2014,Median weekly earnings,SA,Persons,Relationship in household,      Without dependants,1195.056,2.5,524.38,4.3,1091.911,3.3,599.245,8.2,1000.0,1.8,Without dependants,Family member
2014,Median weekly earnings,SA,Persons,Relationship in household,   Lone parent,1111.264,5.6,523.26,3.6,1050.0,4.7,518.557,13.9,938.342,7.5,Lone parent,Family member
2014,Median weekly earnings,SA,Persons,Relationship in household,   Dependent student,510.813,0.1,140.0,16.3,330.62,24.3,120.0,14.5,140.876,17.5,Dependent student,Family member
2014,Median weekly earnings,SA,Persons,Relationship in household,   Non-dependent child,847.172,4.4,450.0,5.7,800.0,6.4,578.862,11.4,700.0,4.4,Non-dependent child,Family member
2014,Median weekly earnings,SA,Persons,Relationship in household,   Other related individual,999.721,4.9,367.974,29.0,1000.0,11.4,616.444,23.9,742.02,13.0,Other related individual,Family member
2014,Median weekly earnings,SA,Persons,Relationship in household,Non-family member,1100.0,3.1,451.482,12.4,1100.0,3.3,643.96,13.5,1000.0,3.9,,Non-family member
2014,Median weekly earnings,SA,Persons,Relationship in household,   Lone person,1139.895,3.2,467.358,17.7,1119.032,3.4,794.545,13.4,1085.286,3.5,Lone person,Non-family member
2014,Median weekly earnings,SA,Persons,Relationship in household,   Not living alone,968.58,6.9,449.51,22.3,985.884,7.9,473.823,24.0,812.39,7.4,Not living alone,Non-family member
2014,Median weekly earnings,SA,Persons,Relationship in household,Relationship not determined,1141.212,0.1,0.0,0.0,1141.212,0.1,0.0,0.0,1141.212,0.1,,Relationship not determined
2014,Median weekly earnings,SA,Males,Relationship in household,Family member,1200.0,2.0,432.967,8.9,1200.0,1.7,631.077,4.6,1100.0,1.6,,Family member
2014,Median weekly earnings,SA,Males,Relationship in household,"   Husband, wife or partner",1300.0,2.4,600.0,6.1,1300.0,2.6,750.0,4.8,1200.0,2.1,"Husband, wife or partner",Family member
2014,Median weekly earnings,SA,Males,Relationship in household,      With dependants,1317.604,2.9,688.634,8.4,1343.255,3.5,799.685,4.6,1250.0,2.9,With dependants,Family member
2014,Median weekly earnings,SA,Males,Relationship in household,      Without dependants,1222.549,4.4,550.0,5.5,1200.0,3.9,716.021,11.1,1150.0,2.2,Without dependants,Family member
2014,Median weekly earnings,SA,Males,Relationship in household,   Lone parent,1366.719,13.8,531.424,0.1,1352.065,14.7,668.893,0.1,1255.22,15.6,Lone parent,Family member
2014,Median weekly earnings,SA,Males,Relationship in household,   Dependent student,459.497,0.1,122.397,27.4,357.671,0.1,118.151,33.3,141.505,31.1,Dependent student,Family member
2014,Median weekly earnings,SA,Males,Relationship in household,   Non-dependent child,800.0,5.2,402.459,14.1,755.571,7.2,618.838,11.6,700.0,5.0,Non-dependent child,Family member
2014,Median weekly earnings,SA,Males,Relationship in household,   Other related individual,900.0,8.5,346.24,38.3,955.145,27.0,626.724,29.7,700.0,10.1,Other related individual,Family member
2014,Median weekly earnings,SA,Males,Relationship in household,Non-family member,1101.224,4.6,460.0,23.4,1107.044,4.6,800.0,11.3,1030.0,4.0,,Non-family member
2014,Median weekly earnings,SA,Males,Relationship in household,   Lone person,1150.0,3.2,737.251,25.6,1150.0,4.4,1014.186,10.3,1104.162,3.5,Lone person,Non-family member
2014,Median weekly earnings,SA,Males,Relationship in household,   Not living alone,1000.0,9.2,444.118,21.4,1000.0,12.1,467.116,32.9,805.0,11.1,Not living alone,Non-family member
2014,Median weekly earnings,SA,Males,Relationship in household,Relationship not determined,1068.032,0.1,0.0,0.0,1068.032,0.1,0.0,0.0,1068.032,0.1,,Relationship not determined
2014,Median weekly earnings,SA,Females,Relationship in household,Family member,1050.146,2.4,496.454,2.6,892.878,2.2,381.438,9.1,742.904,1.9,,Family member
2014,Median weekly earnings,SA,Females,Relationship in household,"   Husband, wife or partner",1088.931,3.0,517.511,2.6,897.504,3.4,455.148,5.6,779.009,1.8,"Husband, wife or partner",Family member
2014,Median weekly earnings,SA,Females,Relationship in household,      With dependants,1030.759,3.1,500.0,4.4,800.0,4.0,420.0,6.7,726.874,4.6,With dependants,Family member
2014,Median weekly earnings,SA,Females,Relationship in household,      Without dependants,1100.0,3.9,520.52,4.4,924.072,4.1,518.693,13.3,834.373,3.4,Without dependants,Family member
2014,Median weekly earnings,SA,Females,Relationship in household,   Lone parent,1050.354,4.6,528.614,5.7,931.19,6.1,511.02,23.9,819.336,8.8,Lone parent,Family member
2014,Median weekly earnings,SA,Females,Relationship in household,   Dependent student,0.0,0.0,140.128,17.9,282.903,56.9,123.815,11.4,142.543,16.8,Dependent student,Family member
2014,Median weekly earnings,SA,Females,Relationship in household,   Non-dependent child,950.0,5.2,500.0,9.0,852.377,7.5,447.051,17.8,700.0,7.6,Non-dependent child,Family member
2014,Median weekly earnings,SA,Females,Relationship in household,   Other related individual,1059.055,13.5,520.437,28.7,1040.043,17.3,597.957,33.9,746.0,16.9,Other related individual,Family member
2014,Median weekly earnings,SA,Females,Relationship in household,Non-family member,1097.423,3.9,435.064,15.6,1050.905,4.4,406.086,14.5,950.0,4.0,,Non-family member
2014,Median weekly earnings,SA,Females,Relationship in household,   Lone person,1117.209,4.1,415.356,18.0,1089.023,3.5,386.781,14.6,1000.0,4.8,Lone person,Non-family member
2014,Median weekly earnings,SA,Females,Relationship in household,   Not living alone,913.641,12.4,542.564,30.4,919.185,11.9,489.436,32.6,827.955,11.5,Not living alone,Non-family member
2014,Median weekly earnings,WA,Persons,Relationship in household,Family member,1400.076,2.6,465.92,3.3,1250.0,2.3,474.296,7.3,1104.068,2.3,,Family member
2014,Median weekly earnings,WA,Persons,Relationship in household,"   Husband, wife or partner",1500.0,2.4,564.907,4.3,1372.55,2.7,668.978,8.9,1250.0,2.5,"Husband, wife or partner",Family member
2014,Median weekly earnings,WA,Persons,Relationship in household,      With dependants,1630.0,3.2,579.632,5.0,1495.034,2.6,699.803,12.7,1380.0,4.6,With dependants,Family member
2014,Median weekly earnings,WA,Persons,Relationship in household,      Without dependants,1400.0,3.3,550.0,4.6,1252.185,2.9,656.882,11.9,1200.0,2.9,Without dependants,Family member
2014,Median weekly earnings,WA,Persons,Relationship in household,   Lone parent,1446.152,5.3,520.654,10.6,1152.568,9.3,461.108,20.1,995.577,11.5,Lone parent,Family member
2014,Median weekly earnings,WA,Persons,Relationship in household,   Dependent student,695.241,0.1,150.0,13.6,258.279,30.1,150.0,13.6,153.096,16.2,Dependent student,Family member
2014,Median weekly earnings,WA,Persons,Relationship in household,   Non-dependent child,983.519,5.0,350.0,7.3,949.217,4.4,454.134,19.8,800.0,6.7,Non-dependent child,Family member
2014,Median weekly earnings,WA,Persons,Relationship in household,   Other related individual,1150.0,4.8,446.639,20.4,1079.72,10.3,744.512,25.5,1034.437,8.6,Other related individual,Family member
2014,Median weekly earnings,WA,Persons,Relationship in household,Non-family member,1400.0,4.7,545.51,11.1,1301.547,5.6,900.0,12.0,1200.0,3.8,,Non-family member
2014,Median weekly earnings,WA,Persons,Relationship in household,   Lone person,1500.0,4.1,596.321,13.1,1407.59,4.9,927.979,15.9,1287.05,6.5,Lone person,Non-family member
2014,Median weekly earnings,WA,Persons,Relationship in household,   Not living alone,1214.765,9.3,396.864,21.5,1200.0,9.5,600.0,25.7,1061.488,5.2,Not living alone,Non-family member
2014,Median weekly earnings,WA,Persons,Relationship in household,Relationship not determined,1912.042,0.1,757.642,0.1,1333.675,31.5,0.0,0.0,857.504,31.4,,Relationship not determined
2014,Median weekly earnings,WA,Males,Relationship in household,Family member,1600.0,2.4,400.0,5.4,1534.0,2.0,737.876,11.6,1438.0,2.6,,Family member
2014,Median weekly earnings,WA,Males,Relationship in household,"   Husband, wife or partner",1715.027,2.9,600.0,12.8,1650.19,2.6,1106.62,12.7,1600.0,3.6,"Husband, wife or partner",Family member
2014,Median weekly earnings,WA,Males,Relationship in household,      With dependants,1813.627,4.7,680.664,19.1,1750.65,4.4,1531.307,17.7,1750.0,4.4,With dependants,Family member
2014,Median weekly earnings,WA,Males,Relationship in household,      Without dependants,1597.044,3.2,467.911,18.4,1534.0,4.1,928.678,16.9,1500.0,2.7,Without dependants,Family member
2014,Median weekly earnings,WA,Males,Relationship in household,   Lone parent,1644.469,9.7,501.202,0.1,1646.095,12.8,593.132,0.1,1566.374,11.8,Lone parent,Family member
2014,Median weekly earnings,WA,Males,Relationship in household,   Dependent student,491.576,0.1,150.0,13.2,156.96,55.9,151.481,13.5,150.563,13.6,Dependent student,Family member
2014,Median weekly earnings,WA,Males,Relationship in household,   Non-dependent child,1032.658,6.7,366.908,9.3,1000.0,5.9,477.222,22.8,915.087,7.8,Non-dependent child,Family member
2014,Median weekly earnings,WA,Males,Relationship in household,   Other related individual,1161.881,10.1,426.881,21.4,1086.863,10.7,579.114,62.6,1009.594,12.1,Other related individual,Family member
2014,Median weekly earnings,WA,Males,Relationship in household,Non-family member,1500.0,3.8,519.365,7.7,1500.0,3.7,930.869,20.0,1374.403,5.6,,Non-family member
2014,Median weekly earnings,WA,Males,Relationship in household,   Lone person,1588.242,6.9,531.704,22.3,1560.779,6.1,1056.607,16.9,1498.765,6.4,Lone person,Non-family member
2014,Median weekly earnings,WA,Males,Relationship in household,   Not living alone,1326.125,6.4,504.032,12.1,1302.085,7.6,771.282,50.6,1200.542,9.1,Not living alone,Non-family member
2014,Median weekly earnings,WA,Males,Relationship in household,Relationship not determined,1912.042,0.1,0.0,0.0,1912.042,0.1,0.0,0.0,1606.23,0.1,,Relationship not determined
2014,Median weekly earnings,WA,Females,Relationship in household,Family member,1200.0,2.7,500.0,1.5,960.781,2.2,420.0,7.9,815.579,2.0,,Family member
2014,Median weekly earnings,WA,Females,Relationship in household,"   Husband, wife or partner",1232.867,3.1,562.074,4.0,1000.0,3.8,491.75,6.5,862.867,2.7,"Husband, wife or partner",Family member
2014,Median weekly earnings,WA,Females,Relationship in household,      With dependants,1342.0,3.4,564.559,5.5,947.523,5.6,475.283,9.6,825.0,5.2,With dependants,Family member
2014,Median weekly earnings,WA,Females,Relationship in household,      Without dependants,1200.0,3.3,554.097,4.6,1010.482,4.4,500.0,11.5,900.0,2.9,Without dependants,Family member
2014,Median weekly earnings,WA,Females,Relationship in household,   Lone parent,1319.138,7.8,517.812,11.5,1080.29,8.8,443.327,21.9,886.74,11.6,Lone parent,Family member
2014,Median weekly earnings,WA,Females,Relationship in household,   Dependent student,1065.693,0.1,154.781,19.0,319.212,40.7,131.893,22.8,163.127,17.2,Dependent student,Family member
2014,Median weekly earnings,WA,Females,Relationship in household,   Non-dependent child,902.679,4.8,349.034,14.3,841.721,8.3,454.337,30.9,700.0,9.4,Non-dependent child,Family member
2014,Median weekly earnings,WA,Females,Relationship in household,   Other related individual,1113.388,10.6,420.535,24.8,1048.791,24.9,1031.312,56.8,1041.058,11.4,Other related individual,Family member
2014,Median weekly earnings,WA,Females,Relationship in household,Non-family member,1180.505,5.2,589.896,16.7,1136.433,4.0,612.851,31.4,1042.689,3.7,,Non-family member
2014,Median weekly earnings,WA,Females,Relationship in household,   Lone person,1238.713,6.6,730.745,16.9,1150.0,6.8,691.74,49.0,1129.773,4.7,Lone person,Non-family member
2014,Median weekly earnings,WA,Females,Relationship in household,   Not living alone,1004.404,11.9,371.194,40.7,999.347,11.2,568.324,38.1,773.397,12.5,Not living alone,Non-family member
2014,Median weekly earnings,WA,Females,Relationship in household,Relationship not determined,0.0,0.0,606.773,5.0,606.773,5.0,0.0,0.0,606.773,5.0,,Relationship not determined
2014,Median weekly earnings,TAS,Persons,Relationship in household,Family member,1088.576,2.6,450.0,5.7,1000.0,1.3,400.0,8.6,862.0,1.9,,Family member
2014,Median weekly earnings,TAS,Persons,Relationship in household,"   Husband, wife or partner",1137.402,2.1,520.0,4.7,1030.799,2.5,475.612,10.7,994.315,1.4,"Husband, wife or partner",Family member
2014,Median weekly earnings,TAS,Persons,Relationship in household,      With dependants,1175.677,3.3,558.898,6.7,1035.0,2.6,478.312,11.4,1000.0,2.6,With dependants,Family member
2014,Median weekly earnings,TAS,Persons,Relationship in household,      Without dependants,1100.0,3.5,500.0,6.0,1023.35,2.5,463.066,14.1,950.0,2.7,Without dependants,Family member
2014,Median weekly earnings,TAS,Persons,Relationship in household,   Lone parent,951.983,7.6,432.104,11.3,836.153,7.4,303.102,25.7,692.609,12.0,Lone parent,Family member
2014,Median weekly earnings,TAS,Persons,Relationship in household,   Dependent student,0.0,0.0,120.0,10.7,231.407,27.0,117.219,13.2,120.0,10.7,Dependent student,Family member
2014,Median weekly earnings,TAS,Persons,Relationship in household,   Non-dependent child,758.605,5.0,449.096,11.9,641.947,7.3,513.481,12.9,600.0,4.6,Non-dependent child,Family member
2014,Median weekly earnings,TAS,Persons,Relationship in household,   Other related individual,920.008,12.0,451.145,0.1,937.045,12.5,531.654,22.9,826.681,13.2,Other related individual,Family member
2014,Median weekly earnings,TAS,Persons,Relationship in household,Non-family member,1005.043,4.1,537.98,10.2,989.796,3.1,631.879,10.4,885.606,4.9,,Non-family member
2014,Median weekly earnings,TAS,Persons,Relationship in household,   Lone person,1038.573,5.9,532.936,13.3,1000.0,5.0,726.336,16.5,939.161,4.4,Lone person,Non-family member
2014,Median weekly earnings,TAS,Persons,Relationship in household,   Not living alone,918.723,10.9,552.412,16.2,865.957,9.9,584.796,17.4,731.253,12.2,Not living alone,Non-family member
2014,Median weekly earnings,TAS,Persons,Relationship in household,Relationship not determined,955.015,0.1,320.733,0.1,887.656,4.9,0.0,0.0,810.88,12.5,,Relationship not determined
2014,Median weekly earnings,TAS,Males,Relationship in household,Family member,1123.901,2.7,406.268,14.2,1100.0,3.0,500.0,20.4,1035.0,2.5,,Family member
2014,Median weekly earnings,TAS,Males,Relationship in household,"   Husband, wife or partner",1192.526,2.8,566.353,14.9,1150.6,2.8,800.0,20.5,1123.787,2.8,"Husband, wife or partner",Family member
2014,Median weekly earnings,TAS,Males,Relationship in household,      With dependants,1200.0,3.8,652.32,21.4,1200.0,3.1,944.374,21.2,1163.29,3.3,With dependants,Family member
2014,Median weekly earnings,TAS,Males,Relationship in household,      Without dependants,1143.156,4.3,442.346,18.6,1143.138,4.2,800.0,18.0,1050.575,3.6,Without dependants,Family member
2014,Median weekly earnings,TAS,Males,Relationship in household,   Lone parent,1083.784,21.8,0.0,0.0,1083.784,21.8,0.0,0.0,1028.031,17.3,Lone parent,Family member
2014,Median weekly earnings,TAS,Males,Relationship in household,   Dependent student,0.0,0.0,97.514,24.2,265.689,0.1,87.983,28.1,97.514,24.2,Dependent student,Family member
2014,Median weekly earnings,TAS,Males,Relationship in household,   Non-dependent child,755.073,5.5,430.133,28.5,650.0,8.4,518.634,32.1,650.0,7.8,Non-dependent child,Family member
2014,Median weekly earnings,TAS,Males,Relationship in household,   Other related individual,919.977,0.1,434.486,0.1,905.733,0.1,558.627,0.1,846.699,25.1,Other related individual,Family member
2014,Median weekly earnings,TAS,Males,Relationship in household,Non-family member,1000.0,6.7,493.725,18.6,980.828,4.4,563.106,21.7,900.0,5.0,,Non-family member
2014,Median weekly earnings,TAS,Males,Relationship in household,   Lone person,1044.151,10.6,497.189,25.6,1013.213,8.4,773.092,27.3,1000.0,7.2,Lone person,Non-family member
2014,Median weekly earnings,TAS,Males,Relationship in household,   Not living alone,830.471,10.8,469.768,25.6,772.964,12.9,509.849,31.7,686.872,14.1,Not living alone,Non-family member
2014,Median weekly earnings,TAS,Males,Relationship in household,Relationship not determined,0.0,0.0,320.733,0.1,513.705,0.1,0.0,0.0,320.733,0.1,,Relationship not determined
2014,Median weekly earnings,TAS,Females,Relationship in household,Family member,1000.0,2.4,460.0,4.5,810.0,1.8,337.822,10.3,660.0,2.9,,Family member
2014,Median weekly earnings,TAS,Females,Relationship in household,"   Husband, wife or partner",1006.787,4.0,520.0,3.0,860.907,3.5,408.938,11.9,750.0,2.9,"Husband, wife or partner",Family member
2014,Median weekly earnings,TAS,Females,Relationship in household,      With dependants,1000.0,4.9,534.884,6.2,800.0,3.6,401.253,12.7,678.636,5.1,With dependants,Family member
2014,Median weekly earnings,TAS,Females,Relationship in household,      Without dependants,1034.316,5.5,507.424,5.5,940.575,4.1,420.528,16.2,800.0,4.8,Without dependants,Family member
2014,Median weekly earnings,TAS,Females,Relationship in household,   Lone parent,915.701,8.0,432.59,11.7,797.47,9.1,301.335,29.6,611.738,11.7,Lone parent,Family member
2014,Median weekly earnings,TAS,Females,Relationship in household,   Dependent student,0.0,0.0,120.0,13.4,144.929,155.6,120.0,14.6,120.0,13.4,Dependent student,Family member
2014,Median weekly earnings,TAS,Females,Relationship in household,   Non-dependent child,782.476,6.8,459.742,15.5,600.0,13.7,515.69,16.7,560.04,8.4,Non-dependent child,Family member
2014,Median weekly earnings,TAS,Females,Relationship in household,   Other related individual,917.211,20.1,472.426,0.1,961.981,17.0,505.422,0.1,796.023,18.9,Other related individual,Family member
2014,Median weekly earnings,TAS,Females,Relationship in household,Non-family member,1040.345,5.7,620.0,9.6,998.486,5.0,664.095,16.9,850.0,5.8,,Non-family member
2014,Median weekly earnings,TAS,Females,Relationship in household,   Lone person,1042.987,6.0,572.178,12.4,990.391,5.2,559.222,26.6,875.649,4.9,Lone person,Non-family member
2014,Median weekly earnings,TAS,Females,Relationship in household,   Not living alone,1007.809,25.6,655.999,33.8,1003.049,23.6,705.228,0.1,787.988,18.8,Not living alone,Non-family member
2014,Median weekly earnings,TAS,Females,Relationship in household,Relationship not determined,955.015,0.1,0.0,0.0,955.015,0.1,0.0,0.0,955.015,0.1,,Relationship not determined
2014,Median weekly earnings,NT,Persons,Relationship in household,Family member,1400.0,3.6,500.0,6.4,1321.874,3.9,576.0,11.1,1250.0,2.3,,Family member
2014,Median weekly earnings,NT,Persons,Relationship in household,"   Husband, wife or partner",1450.0,2.7,575.0,6.7,1400.0,3.6,802.245,11.2,1306.0,3.0,"Husband, wife or partner",Family member
2014,Median weekly earnings,NT,Persons,Relationship in household,      With dependants,1500.0,4.3,600.0,4.1,1388.228,4.6,612.305,23.3,1300.0,5.8,With dependants,Family member
2014,Median weekly earnings,NT,Persons,Relationship in household,      Without dependants,1400.0,3.6,497.735,20.1,1400.0,4.1,900.0,10.1,1346.0,3.8,Without dependants,Family member
2014,Median weekly earnings,NT,Persons,Relationship in household,   Lone parent,1550.0,6.2,716.161,36.7,1450.409,6.2,716.569,48.8,1382.441,8.5,Lone parent,Family member
2014,Median weekly earnings,NT,Persons,Relationship in household,   Dependent student,0.0,0.0,108.542,44.6,0.0,0.0,108.542,44.6,129.515,45.7,Dependent student,Family member
2014,Median weekly earnings,NT,Persons,Relationship in household,   Non-dependent child,1000.0,7.5,355.586,35.3,1000.0,7.7,504.812,35.7,929.541,6.9,Non-dependent child,Family member
2014,Median weekly earnings,NT,Persons,Relationship in household,   Other related individual,1287.008,19.9,546.897,0.1,1262.155,16.7,573.19,0.1,1250.0,18.8,Other related individual,Family member
2014,Median weekly earnings,NT,Persons,Relationship in household,Non-family member,1400.0,5.6,554.555,9.6,1365.0,6.5,860.235,16.0,1300.0,6.7,,Non-family member
2014,Median weekly earnings,NT,Persons,Relationship in household,   Lone person,1690.865,8.3,487.425,38.9,1633.349,8.9,872.778,49.6,1550.456,7.6,Lone person,Non-family member
2014,Median weekly earnings,NT,Persons,Relationship in household,   Not living alone,1250.0,6.6,582.161,0.1,1246.757,8.2,859.218,32.8,1200.0,7.6,Not living alone,Non-family member
2014,Median weekly earnings,NT,Persons,Relationship in household,Relationship not determined,658.575,0.1,632.759,0.1,739.03,0.1,621.364,0.1,624.239,44.7,,Relationship not determined
2014,Median weekly earnings,NT,Males,Relationship in household,Family member,1543.34,3.0,460.69,17.2,1546.706,3.6,1000.0,15.4,1500.0,3.6,,Family member
2014,Median weekly earnings,NT,Males,Relationship in household,"   Husband, wife or partner",1635.0,5.3,510.965,19.3,1650.655,5.8,1217.991,9.3,1600.0,5.1,"Husband, wife or partner",Family member
2014,Median weekly earnings,NT,Males,Relationship in household,      With dependants,1633.868,6.0,474.795,33.2,1642.273,6.2,1259.253,16.7,1600.0,6.9,With dependants,Family member
2014,Median weekly earnings,NT,Males,Relationship in household,      Without dependants,1683.636,5.7,494.603,26.6,1750.0,5.4,1186.1,12.0,1627.077,6.0,Without dependants,Family member
2014,Median weekly earnings,NT,Males,Relationship in household,   Lone parent,1674.119,11.7,0.0,0.0,1589.151,14.9,0.0,0.0,1674.119,11.7,Lone parent,Family member
2014,Median weekly earnings,NT,Males,Relationship in household,   Dependent student,0.0,0.0,98.656,0.1,0.0,0.0,98.656,0.1,121.549,394.5,Dependent student,Family member
2014,Median weekly earnings,NT,Males,Relationship in household,   Non-dependent child,1000.0,9.6,543.704,0.1,988.074,10.6,666.417,0.1,956.586,11.1,Non-dependent child,Family member
2014,Median weekly earnings,NT,Males,Relationship in household,   Other related individual,1463.555,46.4,0.0,0.0,1346.768,10.5,1052.641,0.1,1373.172,31.4,Other related individual,Family member
2014,Median weekly earnings,NT,Males,Relationship in household,Non-family member,1600.0,5.8,537.42,0.1,1600.0,5.6,1177.387,29.2,1550.636,6.3,,Non-family member
2014,Median weekly earnings,NT,Males,Relationship in household,   Lone person,1785.505,14.7,604.022,0.1,1750.0,20.8,1346.636,38.8,1750.0,16.8,Lone person,Non-family member
2014,Median weekly earnings,NT,Males,Relationship in household,   Not living alone,1484.289,6.4,0.0,0.0,1500.0,6.8,1150.993,36.1,1445.821,7.1,Not living alone,Non-family member
2014,Median weekly earnings,NT,Males,Relationship in household,Relationship not determined,669.482,0.1,0.0,0.0,0.0,0.0,600.0,0.2,669.482,0.1,,Relationship not determined
2014,Median weekly earnings,NT,Females,Relationship in household,Family member,1207.862,4.0,500.0,7.7,1153.0,3.6,383.862,14.4,1050.0,3.6,,Family member
2014,Median weekly earnings,NT,Females,Relationship in household,"   Husband, wife or partner",1205.691,3.7,575.0,8.9,1150.312,3.7,549.981,15.3,1100.0,4.2,"Husband, wife or partner",Family member
2014,Median weekly earnings,NT,Females,Relationship in household,      With dependants,1234.079,5.5,610.589,6.3,1100.0,4.5,488.374,15.7,1002.245,5.4,With dependants,Family member
2014,Median weekly earnings,NT,Females,Relationship in household,      Without dependants,1200.456,5.3,477.604,24.0,1200.164,5.8,700.0,20.0,1150.0,6.7,Without dependants,Family member
2014,Median weekly earnings,NT,Females,Relationship in household,   Lone parent,1485.086,8.2,716.161,36.7,1416.416,9.2,610.116,30.6,1250.0,11.3,Lone parent,Family member
2014,Median weekly earnings,NT,Females,Relationship in household,   Dependent student,0.0,0.0,139.456,44.5,0.0,0.0,139.456,44.5,139.456,44.5,Dependent student,Family member
2014,Median weekly earnings,NT,Females,Relationship in household,   Non-dependent child,1045.421,9.1,328.916,31.4,1028.324,10.6,357.083,85.7,909.74,16.0,Non-dependent child,Family member
2014,Median weekly earnings,NT,Females,Relationship in household,   Other related individual,1219.001,14.8,517.932,0.1,1160.834,30.4,486.744,0.1,1019.183,22.4,Other related individual,Family member
2014,Median weekly earnings,NT,Females,Relationship in household,Non-family member,1195.158,4.4,558.346,13.0,1163.904,3.6,536.633,15.9,1100.0,5.9,,Non-family member
2014,Median weekly earnings,NT,Females,Relationship in household,   Lone person,1342.124,9.9,460.48,0.1,1308.354,10.3,460.242,0.1,1229.941,8.0,Lone person,Non-family member
2014,Median weekly earnings,NT,Females,Relationship in household,   Not living alone,1136.103,7.3,591.806,0.1,1100.0,6.4,601.522,0.1,1071.072,9.0,Not living alone,Non-family member
2014,Median weekly earnings,NT,Females,Relationship in household,Relationship not determined,688.07,34.3,632.759,0.1,556.036,0.1,655.359,7.8,633.954,35.2,,Relationship not determined
2014,Median weekly earnings,ACT,Persons,Relationship in household,Family member,1477.915,2.6,579.494,9.8,1356.0,2.8,489.223,10.4,1200.0,3.0,,Family member
2014,Median weekly earnings,ACT,Persons,Relationship in household,"   Husband, wife or partner",1538.0,2.6,750.0,7.7,1440.498,2.8,750.0,6.0,1350.37,2.7,"Husband, wife or partner",Family member
2014,Median weekly earnings,ACT,Persons,Relationship in household,      With dependants,1639.159,5.6,894.223,7.0,1506.019,3.9,755.031,33.7,1459.521,4.2,With dependants,Family member
2014,Median weekly earnings,ACT,Persons,Relationship in household,      Without dependants,1366.689,4.8,638.336,10.9,1306.877,5.0,750.0,10.1,1196.464,3.4,Without dependants,Family member
2014,Median weekly earnings,ACT,Persons,Relationship in household,   Lone parent,1665.256,10.6,800.892,29.3,1500.0,9.9,787.64,27.6,1400.0,12.3,Lone parent,Family member
2014,Median weekly earnings,ACT,Persons,Relationship in household,   Dependent student,600.255,0.1,180.215,17.8,286.141,153.7,163.068,13.5,182.278,20.5,Dependent student,Family member
2014,Median weekly earnings,ACT,Persons,Relationship in household,   Non-dependent child,1000.0,7.5,400.0,8.5,1000.0,7.3,420.0,17.1,845.912,12.1,Non-dependent child,Family member
2014,Median weekly earnings,ACT,Persons,Relationship in household,   Other related individual,926.89,15.2,434.912,0.1,915.745,18.7,629.205,19.5,871.082,13.8,Other related individual,Family member
2014,Median weekly earnings,ACT,Persons,Relationship in household,Non-family member,1400.0,6.4,363.138,23.3,1369.394,6.6,381.67,36.4,1152.782,7.6,,Non-family member
2014,Median weekly earnings,ACT,Persons,Relationship in household,   Lone person,1600.0,8.0,422.969,93.5,1538.419,7.0,324.776,156.2,1377.907,8.5,Lone person,Non-family member
2014,Median weekly earnings,ACT,Persons,Relationship in household,   Not living alone,1137.42,10.5,267.338,51.2,1098.437,12.3,385.248,51.0,841.748,12.9,Not living alone,Non-family member
2014,Median weekly earnings,ACT,Persons,Relationship in household,Relationship not determined,1296.003,0.1,0.0,0.0,1296.003,0.1,0.0,0.0,1172.825,0.1,,Relationship not determined
2014,Median weekly earnings,ACT,Males,Relationship in household,Family member,1601.798,4.1,400.0,11.7,1595.483,4.0,549.517,20.0,1397.539,6.3,,Family member
2014,Median weekly earnings,ACT,Males,Relationship in household,"   Husband, wife or partner",1671.703,3.8,770.789,28.5,1650.828,3.8,960.16,20.2,1625.0,3.6,"Husband, wife or partner",Family member
2014,Median weekly earnings,ACT,Males,Relationship in household,      With dependants,1750.0,6.1,970.335,27.0,1750.0,6.0,1488.479,31.8,1733.082,6.2,With dependants,Family member
2014,Median weekly earnings,ACT,Males,Relationship in household,      Without dependants,1600.0,8.5,665.008,31.2,1600.0,8.3,941.679,12.7,1355.91,10.3,Without dependants,Family member
2014,Median weekly earnings,ACT,Males,Relationship in household,   Lone parent,1975.334,25.3,0.0,0.0,2105.6,6.8,0.0,0.0,1975.334,25.3,Lone parent,Family member
2014,Median weekly earnings,ACT,Males,Relationship in household,   Dependent student,0.0,0.0,185.576,37.2,262.636,0.1,167.869,58.7,185.576,37.2,Dependent student,Family member
2014,Median weekly earnings,ACT,Males,Relationship in household,   Non-dependent child,1000.0,14.6,400.435,11.9,1000.0,16.7,420.0,38.0,695.843,18.7,Non-dependent child,Family member
2014,Median weekly earnings,ACT,Males,Relationship in household,   Other related individual,983.025,40.7,366.565,0.1,878.951,0.1,424.18,0.1,694.113,0.1,Other related individual,Family member
2014,Median weekly earnings,ACT,Males,Relationship in household,Non-family member,1500.0,9.1,341.577,27.1,1400.0,10.9,433.278,81.8,1286.735,11.7,,Non-family member
2014,Median weekly earnings,ACT,Males,Relationship in household,   Lone person,1703.541,8.4,354.646,83.3,1605.459,9.2,317.807,212.6,1589.997,10.3,Lone person,Non-family member
2014,Median weekly earnings,ACT,Males,Relationship in household,   Not living alone,1155.409,16.0,311.27,68.2,1039.245,15.9,635.086,55.9,923.283,19.1,Not living alone,Non-family member
2014,Median weekly earnings,ACT,Females,Relationship in household,Family member,1346.157,5.7,659.775,5.8,1200.0,3.3,427.326,19.1,1100.0,3.5,,Family member
2014,Median weekly earnings,ACT,Females,Relationship in household,"   Husband, wife or partner",1399.158,4.4,750.569,6.8,1268.875,4.1,564.794,13.2,1157.854,3.0,"Husband, wife or partner",Family member
2014,Median weekly earnings,ACT,Females,Relationship in household,      With dependants,1500.0,8.9,902.345,7.1,1300.0,5.5,464.353,22.5,1250.217,4.5,With dependants,Family member
2014,Median weekly earnings,ACT,Females,Relationship in household,      Without dependants,1293.762,5.0,637.684,9.3,1191.931,5.5,603.439,15.5,1149.0,5.2,Without dependants,Family member
2014,Median weekly earnings,ACT,Females,Relationship in household,   Lone parent,1581.361,16.0,800.892,29.3,1400.0,11.5,711.453,0.1,1227.97,12.0,Lone parent,Family member
2014,Median weekly earnings,ACT,Females,Relationship in household,   Dependent student,600.255,0.1,179.113,23.7,293.721,139.9,137.641,29.7,180.852,21.3,Dependent student,Family member
2014,Median weekly earnings,ACT,Females,Relationship in household,   Non-dependent child,1000.0,8.8,358.266,52.4,1000.0,10.0,405.446,45.5,909.007,8.1,Non-dependent child,Family member
2014,Median weekly earnings,ACT,Females,Relationship in household,   Other related individual,933.283,43.5,723.177,0.1,937.558,26.3,881.559,0.1,925.122,22.6,Other related individual,Family member
2014,Median weekly earnings,ACT,Females,Relationship in household,Non-family member,1328.032,8.8,366.454,37.3,1299.093,9.6,271.68,46.6,1100.0,7.5,,Non-family member
2014,Median weekly earnings,ACT,Females,Relationship in household,   Lone person,1476.102,13.2,571.931,66.5,1373.079,9.2,312.431,0.1,1229.907,10.5,Lone person,Non-family member
2014,Median weekly earnings,ACT,Females,Relationship in household,   Not living alone,1084.007,13.5,241.131,57.6,1124.795,16.7,256.769,96.3,817.503,22.3,Not living alone,Non-family member
2014,Median weekly earnings,ACT,Females,Relationship in household,Relationship not determined,0.0,0.0,0.0,0.0,0.0,0.0,0.0,0.0,681.276,0.1,,Relationship not determined
2015,Median weekly earnings,Australia,Persons,Relationship in household,Family member,1240.0,0.8,483.0,1.3,1139.937,0.9,450.0,2.6,1000.0,0.3,,Family member
2015,Median weekly earnings,Australia,Persons,Relationship in household,"   Husband, wife or partner",1334.0,1.0,600.0,0.2,1210.0,1.0,618.0,2.5,1125.0,1.1,"Husband, wife or partner",Family member
2015,Median weekly earnings,Australia,Persons,Relationship in household,      With dependants,1433.0,1.2,622.558,2.0,1250.0,0.5,600.0,3.5,1175.0,1.1,With dependants,Family member
2015,Median weekly earnings,Australia,Persons,Relationship in household,      Without dependants,1250.0,0.4,562.0,2.2,1173.0,1.1,645.016,4.0,1080.0,1.2,Without dependants,Family member
2015,Median weekly earnings,Australia,Persons,Relationship in household,   Lone parent,1150.0,2.2,550.0,4.2,1000.0,2.5,506.0,5.5,900.0,2.8,Lone parent,Family member
2015,Median weekly earnings,Australia,Persons,Relationship in household,   Dependent student,700.0,13.1,150.0,1.8,325.275,8.7,144.0,3.5,150.0,3.3,Dependent student,Family member
2015,Median weekly earnings,Australia,Persons,Relationship in household,   Non-dependent child,904.931,1.4,405.79,2.4,895.12,1.4,499.0,2.8,795.162,1.0,Non-dependent child,Family member
2015,Median weekly earnings,Australia,Persons,Relationship in household,   Other related individual,1025.813,2.5,409.29,9.7,1000.0,2.7,496.217,10.3,850.0,2.2,Other related individual,Family member
2015,Median weekly earnings,Australia,Persons,Relationship in household,Non-family member,1200.0,1.2,483.0,2.6,1173.0,1.1,577.24,3.3,1035.0,1.7,,Non-family member
2015,Median weekly earnings,Australia,Persons,Relationship in household,   Lone person,1287.098,1.4,520.0,3.6,1235.63,1.0,574.337,4.2,1150.0,1.7,Lone person,Non-family member
2015,Median weekly earnings,Australia,Persons,Relationship in household,   Not living alone,1081.096,2.3,448.873,4.8,1050.0,2.4,594.518,4.4,900.0,2.4,Not living alone,Non-family member
2015,Median weekly earnings,Australia,Persons,Relationship in household,Relationship not determined,1116.84,7.6,499.336,22.6,1100.0,7.2,527.601,45.4,825.243,12.6,,Relationship not determined
2015,Median weekly earnings,Australia,Males,Relationship in household,Family member,1327.0,1.0,400.0,1.8,1307.0,0.8,600.0,3.0,1200.0,0.3,,Family member
2015,Median weekly earnings,Australia,Males,Relationship in household,"   Husband, wife or partner",1457.0,1.3,600.0,2.6,1450.0,1.4,900.0,2.2,1375.0,1.0,"Husband, wife or partner",Family member
2015,Median weekly earnings,Australia,Males,Relationship in household,      With dependants,1500.0,0.8,634.637,5.0,1500.0,0.8,913.0,2.8,1495.0,1.1,With dependants,Family member
2015,Median weekly earnings,Australia,Males,Relationship in household,      Without dependants,1350.0,1.7,558.347,4.3,1342.0,1.6,875.871,4.4,1250.0,0.7,Without dependants,Family member
2015,Median weekly earnings,Australia,Males,Relationship in household,   Lone parent,1300.0,4.3,589.39,18.1,1300.0,4.9,878.951,17.9,1200.0,6.0,Lone parent,Family member
2015,Median weekly earnings,Australia,Males,Relationship in household,   Dependent student,669.505,17.7,147.706,4.0,396.545,13.7,140.0,4.8,150.0,5.6,Dependent student,Family member
2015,Median weekly earnings,Australia,Males,Relationship in household,   Non-dependent child,919.565,1.6,400.0,3.6,900.0,2.1,520.0,4.3,800.0,2.2,Non-dependent child,Family member
2015,Median weekly earnings,Australia,Males,Relationship in household,   Other related individual,1023.26,2.5,400.0,11.6,1025.067,4.4,642.24,14.3,877.711,5.2,Other related individual,Family member
2015,Median weekly earnings,Australia,Males,Relationship in household,Non-family member,1219.166,1.8,453.328,4.6,1200.0,1.1,700.0,7.3,1100.0,2.3,,Non-family member
2015,Median weekly earnings,Australia,Males,Relationship in household,   Lone person,1328.517,1.9,480.908,8.6,1300.0,2.5,800.0,9.6,1200.0,1.1,Lone person,Non-family member
2015,Median weekly earnings,Australia,Males,Relationship in household,   Not living alone,1100.0,4.3,448.119,5.7,1078.01,4.0,650.0,10.9,920.0,3.0,Not living alone,Non-family member
2015,Median weekly earnings,Australia,Males,Relationship in household,Relationship not determined,1125.416,14.1,665.15,37.8,1094.671,20.1,721.674,32.8,1026.99,11.6,,Relationship not determined
2015,Median weekly earnings,Australia,Females,Relationship in household,Family member,1102.0,1.1,500.0,0.7,963.312,1.1,398.0,1.9,825.0,1.4,,Family member
2015,Median weekly earnings,Australia,Females,Relationship in household,"   Husband, wife or partner",1167.307,1.1,600.0,0.2,1000.0,0.4,490.0,1.7,900.0,0.7,"Husband, wife or partner",Family member
2015,Median weekly earnings,Australia,Females,Relationship in household,      With dependants,1200.0,2.0,621.0,2.1,988.0,1.3,469.233,2.7,868.0,1.6,With dependants,Family member
2015,Median weekly earnings,Australia,Females,Relationship in household,      Without dependants,1150.0,1.9,564.343,2.3,1000.0,1.3,500.267,3.2,931.0,1.6,Without dependants,Family member
2015,Median weekly earnings,Australia,Females,Relationship in household,   Lone parent,1100.0,2.3,550.0,4.1,929.449,2.7,500.0,5.3,840.097,3.2,Lone parent,Family member
2015,Median weekly earnings,Australia,Females,Relationship in household,   Dependent student,894.362,27.8,150.0,3.4,300.13,9.8,146.459,4.6,150.0,3.4,Dependent student,Family member
2015,Median weekly earnings,Australia,Females,Relationship in household,   Non-dependent child,900.0,1.6,413.652,5.6,865.0,1.7,413.711,7.1,776.292,1.6,Non-dependent child,Family member
2015,Median weekly earnings,Australia,Females,Relationship in household,   Other related individual,1036.086,3.9,419.834,15.2,990.272,3.1,390.88,17.0,850.0,3.0,Other related individual,Family member
2015,Median weekly earnings,Australia,Females,Relationship in household,Non-family member,1173.0,1.6,500.0,4.0,1117.514,1.9,500.0,5.6,981.497,2.2,,Non-family member
2015,Median weekly earnings,Australia,Females,Relationship in household,   Lone person,1250.0,2.0,550.0,4.5,1150.0,2.1,500.0,8.5,1051.659,2.8,Lone person,Non-family member
2015,Median weekly earnings,Australia,Females,Relationship in household,   Not living alone,1043.836,2.8,450.0,7.6,1019.033,3.5,505.263,8.3,828.162,3.0,Not living alone,Non-family member
2015,Median weekly earnings,Australia,Females,Relationship in household,Relationship not determined,1108.924,31.4,470.228,37.4,1089.428,14.8,304.404,50.5,675.654,23.4,,Relationship not determined
2015,Median weekly earnings,NSW,Persons,Relationship in household,Family member,1250.0,0.8,480.0,2.7,1161.226,1.1,450.0,5.3,1000.0,0.1,,Family member
2015,Median weekly earnings,NSW,Persons,Relationship in household,"   Husband, wife or partner",1361.0,1.4,600.0,1.9,1250.0,0.6,620.0,6.1,1150.0,1.8,"Husband, wife or partner",Family member
2015,Median weekly earnings,NSW,Persons,Relationship in household,      With dependants,1451.457,1.8,632.575,2.0,1303.502,2.3,649.033,6.6,1200.0,1.1,With dependants,Family member
2015,Median weekly earnings,NSW,Persons,Relationship in household,      Without dependants,1268.966,1.0,529.453,3.2,1200.0,2.1,615.0,10.2,1095.491,2.1,Without dependants,Family member
2015,Median weekly earnings,NSW,Persons,Relationship in household,   Lone parent,1200.0,3.4,569.931,7.3,1000.0,5.4,557.093,7.5,901.14,5.1,Lone parent,Family member
2015,Median weekly earnings,NSW,Persons,Relationship in household,   Dependent student,749.593,15.3,150.0,7.5,409.71,12.5,138.078,5.9,150.0,7.5,Dependent student,Family member
2015,Median weekly earnings,NSW,Persons,Relationship in household,   Non-dependent child,955.428,2.7,400.0,6.0,925.07,2.4,500.0,10.2,850.0,2.2,Non-dependent child,Family member
2015,Median weekly earnings,NSW,Persons,Relationship in household,   Other related individual,1000.0,2.7,426.929,17.9,998.887,4.1,493.139,17.8,920.0,5.5,Other related individual,Family member
2015,Median weekly earnings,NSW,Persons,Relationship in household,Non-family member,1248.243,3.0,500.0,5.7,1200.0,2.3,577.829,12.9,1100.0,2.8,,Non-family member
2015,Median weekly earnings,NSW,Persons,Relationship in household,   Lone person,1376.892,3.4,515.665,9.5,1280.745,3.6,600.0,16.7,1200.0,2.0,Lone person,Non-family member
2015,Median weekly earnings,NSW,Persons,Relationship in household,   Not living alone,1100.0,4.6,457.64,10.9,1096.385,4.7,525.0,18.2,950.0,5.8,Not living alone,Non-family member
2015,Median weekly earnings,NSW,Persons,Relationship in household,Relationship not determined,1368.694,14.5,746.366,0.1,1141.724,24.9,991.958,3.5,1096.024,22.3,,Relationship not determined
2015,Median weekly earnings,NSW,Males,Relationship in household,Family member,1353.071,1.9,389.169,5.5,1350.0,1.9,587.215,6.8,1200.0,0.7,,Family member
2015,Median weekly earnings,NSW,Males,Relationship in household,"   Husband, wife or partner",1498.271,1.2,534.909,6.8,1500.0,1.0,836.508,5.7,1400.0,1.5,"Husband, wife or partner",Family member
2015,Median weekly earnings,NSW,Males,Relationship in household,      With dependants,1533.393,1.9,599.608,8.5,1534.0,1.9,922.651,8.4,1500.0,2.3,With dependants,Family member
2015,Median weekly earnings,NSW,Males,Relationship in household,      Without dependants,1400.0,2.2,450.24,9.5,1400.0,2.8,756.843,10.7,1295.241,1.2,Without dependants,Family member
2015,Median weekly earnings,NSW,Males,Relationship in household,   Lone parent,1383.02,9.5,580.463,49.0,1206.706,7.8,1170.62,14.9,1201.846,8.1,Lone parent,Family member
2015,Median weekly earnings,NSW,Males,Relationship in household,   Dependent student,785.133,21.0,150.0,10.4,495.169,39.6,150.0,10.1,169.051,9.2,Dependent student,Family member
2015,Median weekly earnings,NSW,Males,Relationship in household,   Non-dependent child,994.865,3.7,414.004,8.2,972.606,4.0,522.023,10.7,874.324,3.8,Non-dependent child,Family member
2015,Median weekly earnings,NSW,Males,Relationship in household,   Other related individual,1000.0,6.7,468.459,19.1,1000.0,9.7,610.759,25.3,952.181,5.6,Other related individual,Family member
2015,Median weekly earnings,NSW,Males,Relationship in household,Non-family member,1255.495,3.7,450.0,7.6,1242.195,3.8,813.307,11.6,1166.079,3.3,,Non-family member
2015,Median weekly earnings,NSW,Males,Relationship in household,   Lone person,1373.082,4.4,456.705,28.0,1357.598,4.4,900.0,14.2,1213.055,4.3,Lone person,Non-family member
2015,Median weekly earnings,NSW,Males,Relationship in household,   Not living alone,1141.316,6.7,422.013,15.1,1200.0,8.0,777.656,15.6,998.645,7.8,Not living alone,Non-family member
2015,Median weekly earnings,NSW,Males,Relationship in household,Relationship not determined,1396.434,30.4,0.0,0.0,1338.683,0.1,991.958,3.5,1191.028,24.5,,Relationship not determined
2015,Median weekly earnings,NSW,Females,Relationship in household,Family member,1100.0,2.2,500.0,1.2,995.932,1.1,400.0,3.4,850.0,1.5,,Family member
2015,Median weekly earnings,NSW,Females,Relationship in household,"   Husband, wife or partner",1200.0,1.8,600.0,2.1,1000.0,1.3,500.0,4.9,931.0,1.6,"Husband, wife or partner",Family member
2015,Median weekly earnings,NSW,Females,Relationship in household,      With dependants,1249.507,3.1,637.895,2.8,1000.0,1.9,486.449,6.1,919.878,2.4,With dependants,Family member
2015,Median weekly earnings,NSW,Females,Relationship in household,      Without dependants,1150.0,3.0,550.0,4.6,1019.06,1.8,509.209,9.1,950.0,2.1,Without dependants,Family member
2015,Median weekly earnings,NSW,Females,Relationship in household,   Lone parent,1171.707,4.5,570.76,7.6,971.151,5.6,524.573,7.6,861.478,5.7,Lone parent,Family member
2015,Median weekly earnings,NSW,Females,Relationship in household,   Dependent student,781.895,0.1,150.0,8.6,354.617,31.3,132.957,8.4,150.0,9.7,Dependent student,Family member
2015,Median weekly earnings,NSW,Females,Relationship in household,   Non-dependent child,900.0,2.8,400.0,9.6,861.149,4.1,400.0,10.4,800.0,2.7,Non-dependent child,Family member
2015,Median weekly earnings,NSW,Females,Relationship in household,   Other related individual,997.945,5.9,414.203,40.6,968.7,6.1,365.446,70.5,871.71,7.5,Other related individual,Family member
2015,Median weekly earnings,NSW,Females,Relationship in household,Non-family member,1245.926,4.7,516.348,9.6,1151.408,3.3,500.0,15.3,1000.0,3.8,,Non-family member
2015,Median weekly earnings,NSW,Females,Relationship in household,   Lone person,1400.09,5.6,550.0,6.7,1249.259,5.2,510.473,21.0,1127.486,5.0,Lone person,Non-family member
2015,Median weekly earnings,NSW,Females,Relationship in household,   Not living alone,1100.0,5.2,474.538,23.6,1032.949,6.8,488.716,28.2,840.751,11.0,Not living alone,Non-family member
2015,Median weekly earnings,NSW,Females,Relationship in household,Relationship not determined,1231.109,0.1,0.0,0.0,1072.09,0.1,0.0,0.0,1072.09,0.1,,Relationship not determined
2015,Median weekly earnings,VIC,Persons,Relationship in household,Family member,1200.0,1.9,475.433,2.6,1070.532,1.2,396.224,3.7,950.0,1.4,,Family member
2015,Median weekly earnings,VIC,Persons,Relationship in household,"   Husband, wife or partner",1300.0,2.3,600.0,3.1,1182.0,1.1,550.0,5.4,1080.79,1.5,"Husband, wife or partner",Family member
2015,Median weekly earnings,VIC,Persons,Relationship in household,      With dependants,1400.0,3.6,650.0,3.7,1200.0,1.4,518.86,9.5,1112.0,2.9,With dependants,Family member
2015,Median weekly earnings,VIC,Persons,Relationship in household,      Without dependants,1218.42,2.0,575.031,2.5,1149.358,2.2,560.0,9.4,1025.219,2.4,Without dependants,Family member
2015,Median weekly earnings,VIC,Persons,Relationship in household,   Lone parent,1100.0,4.9,499.626,6.7,950.0,4.9,398.942,14.4,821.0,5.6,Lone parent,Family member
2015,Median weekly earnings,VIC,Persons,Relationship in household,   Dependent student,665.836,0.1,150.0,9.3,216.632,29.2,150.0,11.3,164.6,8.7,Dependent student,Family member
2015,Median weekly earnings,VIC,Persons,Relationship in household,   Non-dependent child,920.0,2.6,399.863,5.9,856.503,3.5,400.0,9.8,765.543,1.9,Non-dependent child,Family member
2015,Median weekly earnings,VIC,Persons,Relationship in household,   Other related individual,1077.342,7.1,389.581,17.6,1000.0,9.4,482.445,26.0,800.0,4.8,Other related individual,Family member
2015,Median weekly earnings,VIC,Persons,Relationship in household,Non-family member,1150.0,2.6,449.79,6.7,1087.887,3.1,495.243,9.4,975.0,2.6,,Non-family member
2015,Median weekly earnings,VIC,Persons,Relationship in household,   Lone person,1246.0,3.1,508.081,10.6,1150.0,3.6,476.05,15.0,1050.0,3.6,Lone person,Non-family member
2015,Median weekly earnings,VIC,Persons,Relationship in household,   Not living alone,1000.0,3.5,422.633,6.6,950.021,3.4,500.0,10.4,827.427,3.8,Not living alone,Non-family member
2015,Median weekly earnings,VIC,Persons,Relationship in household,Relationship not determined,748.648,35.6,476.783,41.7,696.559,33.3,479.874,43.5,608.154,31.5,,Relationship not determined
2015,Median weekly earnings,VIC,Males,Relationship in household,Family member,1276.009,2.0,400.0,4.8,1250.0,1.6,500.0,5.1,1127.0,2.1,,Family member
2015,Median weekly earnings,VIC,Males,Relationship in household,"   Husband, wife or partner",1422.079,2.7,650.0,4.9,1400.0,2.6,805.0,4.8,1308.357,2.5,"Husband, wife or partner",Family member
2015,Median weekly earnings,VIC,Males,Relationship in household,      With dependants,1500.0,1.8,650.0,6.9,1500.0,1.7,800.0,9.2,1400.575,3.0,With dependants,Family member
2015,Median weekly earnings,VIC,Males,Relationship in household,      Without dependants,1325.0,3.2,614.782,6.4,1300.0,3.5,819.643,7.3,1207.503,3.0,Without dependants,Family member
2015,Median weekly earnings,VIC,Males,Relationship in household,   Lone parent,1143.943,14.0,564.05,33.1,1141.854,14.8,534.475,0.1,1106.077,8.0,Lone parent,Family member
2015,Median weekly earnings,VIC,Males,Relationship in household,   Dependent student,576.812,0.1,150.0,11.7,292.921,24.9,155.193,12.5,182.172,10.5,Dependent student,Family member
2015,Median weekly earnings,VIC,Males,Relationship in household,   Non-dependent child,900.0,4.0,395.253,9.3,834.905,5.8,477.109,7.8,768.872,4.3,Non-dependent child,Family member
2015,Median weekly earnings,VIC,Males,Relationship in household,   Other related individual,1082.501,7.5,346.483,24.1,1085.151,7.4,480.863,31.8,800.0,9.4,Other related individual,Family member
2015,Median weekly earnings,VIC,Males,Relationship in household,Non-family member,1159.766,3.7,454.302,9.3,1150.0,4.4,518.554,11.4,1000.0,3.1,,Non-family member
2015,Median weekly earnings,VIC,Males,Relationship in household,   Lone person,1250.0,5.1,481.282,26.9,1249.924,5.9,524.203,31.2,1123.109,5.3,Lone person,Non-family member
2015,Median weekly earnings,VIC,Males,Relationship in household,   Not living alone,1050.0,6.2,451.318,7.3,1000.0,6.3,518.19,11.1,861.89,3.7,Not living alone,Non-family member
2015,Median weekly earnings,VIC,Males,Relationship in household,Relationship not determined,696.805,0.1,445.878,0.1,696.805,0.1,445.878,0.1,630.477,40.8,,Relationship not determined
2015,Median weekly earnings,VIC,Females,Relationship in household,Family member,1100.0,2.4,499.0,1.3,910.033,1.4,322.947,4.3,796.817,1.5,,Family member
2015,Median weekly earnings,VIC,Females,Relationship in household,"   Husband, wife or partner",1150.0,2.2,600.0,2.8,950.0,2.4,411.002,5.3,863.0,2.2,"Husband, wife or partner",Family member
2015,Median weekly earnings,VIC,Females,Relationship in household,      With dependants,1192.0,3.1,636.168,4.0,900.0,2.7,449.611,7.4,825.926,3.3,With dependants,Family member
2015,Median weekly earnings,VIC,Females,Relationship in household,      Without dependants,1149.013,2.4,560.426,4.6,987.327,1.9,400.127,10.6,900.0,3.0,Without dependants,Family member
2015,Median weekly earnings,VIC,Females,Relationship in household,   Lone parent,1100.0,6.4,465.888,7.2,900.937,5.6,386.2,13.1,799.019,5.6,Lone parent,Family member
2015,Median weekly earnings,VIC,Females,Relationship in household,   Dependent student,985.917,0.1,150.0,10.7,178.74,37.1,150.0,12.8,150.0,10.1,Dependent student,Family member
2015,Median weekly earnings,VIC,Females,Relationship in household,   Non-dependent child,949.887,3.1,399.351,11.5,889.84,4.6,350.0,16.2,760.0,4.1,Non-dependent child,Family member
2015,Median weekly earnings,VIC,Females,Relationship in household,   Other related individual,1075.0,13.0,387.367,23.6,897.125,12.8,486.436,30.7,789.124,11.4,Other related individual,Family member
2015,Median weekly earnings,VIC,Females,Relationship in household,Non-family member,1100.0,4.1,439.012,9.3,1035.57,3.4,447.677,11.8,881.932,5.8,,Non-family member
2015,Median weekly earnings,VIC,Females,Relationship in household,   Lone person,1174.589,4.6,512.456,9.9,1090.963,3.0,447.521,15.3,1007.648,5.9,Lone person,Non-family member
2015,Median weekly earnings,VIC,Females,Relationship in household,   Not living alone,925.0,6.6,361.953,14.7,900.0,6.0,452.179,19.0,764.453,5.4,Not living alone,Non-family member
2015,Median weekly earnings,VIC,Females,Relationship in household,Relationship not determined,965.693,0.1,467.439,0.1,815.231,0.1,429.435,0.1,592.002,34.3,,Relationship not determined
2015,Median weekly earnings,QLD,Persons,Relationship in household,Family member,1200.0,0.9,500.0,2.6,1127.71,1.1,500.0,3.5,1000.0,0.1,,Family member
2015,Median weekly earnings,QLD,Persons,Relationship in household,"   Husband, wife or partner",1250.0,1.5,600.0,1.8,1200.0,1.3,700.0,3.9,1100.0,1.1,"Husband, wife or partner",Family member
2015,Median weekly earnings,QLD,Persons,Relationship in household,      With dependants,1380.0,2.8,619.371,3.6,1238.671,2.1,676.732,5.7,1150.0,2.2,With dependants,Family member
2015,Median weekly earnings,QLD,Persons,Relationship in household,      Without dependants,1200.0,1.5,600.0,3.9,1150.0,1.7,700.0,5.5,1050.0,2.4,Without dependants,Family member
2015,Median weekly earnings,QLD,Persons,Relationship in household,   Lone parent,1126.254,2.7,614.045,5.0,1017.906,3.6,623.751,14.0,953.198,4.2,Lone parent,Family member
2015,Median weekly earnings,QLD,Persons,Relationship in household,   Dependent student,668.728,39.8,150.0,8.1,311.56,24.2,150.0,7.7,150.0,8.9,Dependent student,Family member
2015,Median weekly earnings,QLD,Persons,Relationship in household,   Non-dependent child,898.0,2.8,430.572,8.0,843.263,3.0,508.648,9.7,779.848,3.3,Non-dependent child,Family member
2015,Median weekly earnings,QLD,Persons,Relationship in household,   Other related individual,1150.0,5.5,411.233,26.8,1054.769,4.9,608.473,20.5,900.0,4.5,Other related individual,Family member
2015,Median weekly earnings,QLD,Persons,Relationship in household,Non-family member,1150.0,2.3,480.0,8.4,1117.095,3.1,600.0,9.4,1000.0,2.5,,Non-family member
2015,Median weekly earnings,QLD,Persons,Relationship in household,   Lone person,1212.643,3.2,533.95,9.6,1179.292,3.2,558.641,17.9,1100.0,3.0,Lone person,Non-family member
2015,Median weekly earnings,QLD,Persons,Relationship in household,   Not living alone,1044.418,4.3,450.0,10.9,1021.558,4.0,600.0,11.6,883.287,4.9,Not living alone,Non-family member
2015,Median weekly earnings,QLD,Persons,Relationship in household,Relationship not determined,1414.598,0.1,583.603,14.1,1140.187,38.0,299.361,0.1,812.065,26.8,,Relationship not determined
2015,Median weekly earnings,QLD,Males,Relationship in household,Family member,1280.593,2.1,400.0,6.4,1300.0,2.4,700.0,6.8,1192.314,1.1,,Family member
2015,Median weekly earnings,QLD,Males,Relationship in household,"   Husband, wife or partner",1400.0,2.6,600.0,9.4,1400.0,2.9,953.376,4.8,1307.095,2.8,"Husband, wife or partner",Family member
2015,Median weekly earnings,QLD,Males,Relationship in household,      With dependants,1500.0,1.7,600.0,13.8,1500.0,2.3,948.175,9.5,1500.0,1.9,With dependants,Family member
2015,Median weekly earnings,QLD,Males,Relationship in household,      Without dependants,1250.0,2.0,615.603,11.6,1250.0,2.3,961.908,8.6,1200.0,1.8,Without dependants,Family member
2015,Median weekly earnings,QLD,Males,Relationship in household,   Lone parent,1400.0,9.1,828.569,0.1,1412.351,9.4,833.765,0.1,1400.0,9.0,Lone parent,Family member
2015,Median weekly earnings,QLD,Males,Relationship in household,   Dependent student,631.397,0.1,134.07,10.6,317.516,84.8,128.702,9.9,145.51,12.0,Dependent student,Family member
2015,Median weekly earnings,QLD,Males,Relationship in household,   Non-dependent child,800.0,3.8,400.0,16.2,800.0,4.4,547.839,15.1,779.331,3.3,Non-dependent child,Family member
2015,Median weekly earnings,QLD,Males,Relationship in household,   Other related individual,1149.131,13.3,390.398,45.6,1125.168,12.5,765.539,28.1,950.0,8.1,Other related individual,Family member
2015,Median weekly earnings,QLD,Males,Relationship in household,Non-family member,1188.012,4.3,443.977,9.9,1150.0,4.3,606.877,15.0,1034.628,4.4,,Non-family member
2015,Median weekly earnings,QLD,Males,Relationship in household,   Lone person,1300.0,6.7,484.748,16.1,1300.0,7.3,703.561,21.2,1203.638,5.6,Lone person,Non-family member
2015,Median weekly earnings,QLD,Males,Relationship in household,   Not living alone,1039.0,5.7,400.0,12.6,982.51,7.1,606.12,19.0,898.677,7.0,Not living alone,Non-family member
2015,Median weekly earnings,QLD,Males,Relationship in household,Relationship not determined,1139.292,0.1,882.843,0.1,1099.016,0.1,0.0,0.0,1099.016,0.1,,Relationship not determined
2015,Median weekly earnings,QLD,Females,Relationship in household,Family member,1100.0,2.3,544.0,3.0,1000.0,1.3,432.624,4.7,836.0,1.9,,Family member
2015,Median weekly earnings,QLD,Females,Relationship in household,"   Husband, wife or partner",1146.387,2.2,600.0,1.3,1000.0,1.8,500.0,5.7,894.802,1.4,"Husband, wife or partner",Family member
2015,Median weekly earnings,QLD,Females,Relationship in household,      With dependants,1150.0,3.1,628.245,4.2,1012.028,2.7,500.0,9.3,889.517,3.2,With dependants,Family member
2015,Median weekly earnings,QLD,Females,Relationship in household,      Without dependants,1101.246,3.6,600.0,3.1,1000.0,3.9,550.0,7.1,900.0,4.3,Without dependants,Family member
2015,Median weekly earnings,QLD,Females,Relationship in household,   Lone parent,1050.0,4.1,600.0,4.7,950.0,4.2,599.161,13.3,898.077,4.4,Lone parent,Family member
2015,Median weekly earnings,QLD,Females,Relationship in household,   Dependent student,0.0,0.0,167.826,8.1,324.451,40.4,150.0,11.7,169.069,8.0,Dependent student,Family member
2015,Median weekly earnings,QLD,Females,Relationship in household,   Non-dependent child,906.128,2.3,447.177,14.7,900.0,3.7,500.836,11.2,782.514,8.1,Non-dependent child,Family member
2015,Median weekly earnings,QLD,Females,Relationship in household,   Other related individual,1150.0,4.1,445.924,26.6,1041.655,5.7,373.528,42.6,895.85,7.8,Other related individual,Family member
2015,Median weekly earnings,QLD,Females,Relationship in household,Non-family member,1117.684,3.5,541.357,9.4,1100.0,4.0,580.052,8.9,950.0,3.1,,Non-family member
2015,Median weekly earnings,QLD,Females,Relationship in household,   Lone person,1145.011,3.4,550.0,16.8,1100.0,3.5,500.0,24.0,1010.224,5.5,Lone person,Non-family member
2015,Median weekly earnings,QLD,Females,Relationship in household,   Not living alone,1050.0,9.2,464.947,14.8,1102.755,8.7,600.0,11.0,850.0,7.5,Not living alone,Non-family member
2015,Median weekly earnings,QLD,Females,Relationship in household,Relationship not determined,1730.969,0.1,240.124,116.2,1474.006,0.1,299.361,0.1,617.82,77.5,,Relationship not determined
2015,Median weekly earnings,SA,Persons,Relationship in household,Family member,1180.963,1.1,500.0,2.9,1073.054,1.2,500.0,4.4,950.0,1.5,,Family member
2015,Median weekly earnings,SA,Persons,Relationship in household,"   Husband, wife or partner",1250.0,2.0,600.0,4.1,1150.0,1.2,650.0,4.2,1051.3,1.9,"Husband, wife or partner",Family member
2015,Median weekly earnings,SA,Persons,Relationship in household,      With dependants,1302.021,3.2,600.0,5.4,1155.0,1.8,600.0,5.1,1080.059,2.5,With dependants,Family member
2015,Median weekly earnings,SA,Persons,Relationship in household,      Without dependants,1200.0,3.0,601.216,5.3,1150.0,2.5,675.633,9.4,1044.632,2.4,Without dependants,Family member
2015,Median weekly earnings,SA,Persons,Relationship in household,   Lone parent,998.744,5.9,522.401,9.6,950.0,3.5,486.652,13.4,891.367,5.1,Lone parent,Family member
2015,Median weekly earnings,SA,Persons,Relationship in household,   Dependent student,795.998,0.1,150.0,12.9,306.64,23.4,138.411,8.4,152.354,13.3,Dependent student,Family member
2015,Median weekly earnings,SA,Persons,Relationship in household,   Non-dependent child,867.485,4.5,458.376,4.8,772.673,5.4,500.0,13.1,667.643,4.9,Non-dependent child,Family member
2015,Median weekly earnings,SA,Persons,Relationship in household,   Other related individual,978.125,8.8,339.655,37.9,950.575,7.1,331.955,42.4,790.899,9.7,Other related individual,Family member
2015,Median weekly earnings,SA,Persons,Relationship in household,Non-family member,1150.0,4.7,500.0,11.3,1100.0,4.9,529.103,12.0,993.937,3.6,,Non-family member
2015,Median weekly earnings,SA,Persons,Relationship in household,   Lone person,1246.906,6.1,511.413,12.7,1168.538,5.7,630.102,21.3,1093.793,4.3,Lone person,Non-family member
2015,Median weekly earnings,SA,Persons,Relationship in household,   Not living alone,894.108,13.1,500.0,12.9,860.291,12.4,500.0,13.6,700.0,7.3,Not living alone,Non-family member
2015,Median weekly earnings,SA,Persons,Relationship in household,Relationship not determined,1509.251,3.0,187.0,0.1,1509.251,3.0,187.0,0.1,681.423,0.1,,Relationship not determined
2015,Median weekly earnings,SA,Males,Relationship in household,Family member,1210.806,2.0,460.0,5.5,1200.0,1.7,650.0,4.7,1100.0,1.9,,Family member
2015,Median weekly earnings,SA,Males,Relationship in household,"   Husband, wife or partner",1300.0,2.4,700.0,5.2,1300.0,2.1,869.367,8.0,1250.0,2.0,"Husband, wife or partner",Family member
2015,Median weekly earnings,SA,Males,Relationship in household,      With dependants,1354.663,4.8,706.207,10.3,1350.772,4.7,827.665,9.9,1300.0,4.6,With dependants,Family member
2015,Median weekly earnings,SA,Males,Relationship in household,      Without dependants,1253.914,3.0,691.79,8.6,1250.0,2.3,901.562,7.5,1200.0,2.6,Without dependants,Family member
2015,Median weekly earnings,SA,Males,Relationship in household,   Lone parent,1187.385,12.2,485.099,0.1,1019.496,15.2,896.128,29.3,1027.819,13.8,Lone parent,Family member
2015,Median weekly earnings,SA,Males,Relationship in household,   Dependent student,795.998,0.1,140.0,16.1,393.179,55.9,134.075,13.2,152.667,16.3,Dependent student,Family member
2015,Median weekly earnings,SA,Males,Relationship in household,   Non-dependent child,800.0,5.1,441.225,4.5,750.0,6.2,533.173,11.5,690.0,5.3,Non-dependent child,Family member
2015,Median weekly earnings,SA,Males,Relationship in household,   Other related individual,1045.902,15.0,365.336,50.0,1093.203,13.7,576.331,33.7,833.693,16.5,Other related individual,Family member
2015,Median weekly earnings,SA,Males,Relationship in household,Non-family member,1177.7,5.7,500.0,6.1,1165.173,5.2,544.08,22.3,1012.763,4.1,,Non-family member
2015,Median weekly earnings,SA,Males,Relationship in household,   Lone person,1289.503,7.9,483.07,11.9,1259.143,8.1,892.308,17.3,1112.928,5.7,Lone person,Non-family member
2015,Median weekly earnings,SA,Males,Relationship in household,   Not living alone,850.0,14.8,500.0,10.6,850.0,14.9,500.0,20.2,698.588,12.8,Not living alone,Non-family member
2015,Median weekly earnings,SA,Males,Relationship in household,Relationship not determined,0.0,0.0,0.0,0.0,0.0,0.0,0.0,0.0,1080.644,0.1,,Relationship not determined
2015,Median weekly earnings,SA,Females,Relationship in household,Family member,1115.711,2.4,522.944,2.4,920.0,1.9,435.559,7.3,800.0,2.4,,Family member
2015,Median weekly earnings,SA,Females,Relationship in household,"   Husband, wife or partner",1155.0,3.2,591.344,3.1,950.0,2.7,545.761,5.7,863.0,1.8,"Husband, wife or partner",Family member
2015,Median weekly earnings,SA,Females,Relationship in household,      With dependants,1224.846,3.8,592.278,3.8,900.0,3.3,509.32,12.7,815.412,3.8,With dependants,Family member
2015,Median weekly earnings,SA,Females,Relationship in household,      Without dependants,1150.0,4.2,590.99,5.8,995.27,3.8,549.217,10.8,900.0,3.1,Without dependants,Family member
2015,Median weekly earnings,SA,Females,Relationship in household,   Lone parent,965.535,7.0,548.525,9.4,906.736,4.9,475.771,19.9,835.189,7.7,Lone parent,Family member
2015,Median weekly earnings,SA,Females,Relationship in household,   Dependent student,0.0,0.0,153.087,17.1,304.293,30.0,148.172,16.5,153.087,17.1,Dependent student,Family member
2015,Median weekly earnings,SA,Females,Relationship in household,   Non-dependent child,956.778,4.7,500.0,7.9,799.496,10.3,499.187,18.3,661.761,11.2,Non-dependent child,Family member
2015,Median weekly earnings,SA,Females,Relationship in household,   Other related individual,852.259,18.2,142.953,103.7,844.891,12.1,121.621,141.5,575.926,31.5,Other related individual,Family member
2015,Median weekly earnings,SA,Females,Relationship in household,Non-family member,1110.171,6.3,600.0,12.1,1075.224,4.8,476.961,15.9,943.037,4.7,,Non-family member
2015,Median weekly earnings,SA,Females,Relationship in household,   Lone person,1130.36,7.6,625.751,15.2,1100.0,6.1,430.021,25.4,1010.3,3.8,Lone person,Non-family member
2015,Median weekly earnings,SA,Females,Relationship in household,   Not living alone,955.312,21.3,600.0,21.5,930.104,13.7,496.517,22.4,736.039,10.2,Not living alone,Non-family member
2015,Median weekly earnings,SA,Females,Relationship in household,Relationship not determined,0.0,0.0,0.0,0.0,0.0,0.0,0.0,0.0,676.033,0.1,,Relationship not determined
2015,Median weekly earnings,WA,Persons,Relationship in household,Family member,1369.137,2.4,475.388,3.6,1216.006,1.8,450.0,5.7,1050.0,2.4,,Family member
2015,Median weekly earnings,WA,Persons,Relationship in household,"   Husband, wife or partner",1500.0,1.4,564.459,3.6,1314.574,2.3,646.678,7.9,1246.0,2.0,"Husband, wife or partner",Family member
2015,Median weekly earnings,WA,Persons,Relationship in household,      With dependants,1577.0,2.2,573.739,5.9,1350.0,4.1,550.0,10.2,1242.338,3.0,With dependants,Family member
2015,Median weekly earnings,WA,Persons,Relationship in household,      Without dependants,1400.0,2.7,550.0,4.6,1300.0,2.6,799.014,14.3,1250.0,2.1,Without dependants,Family member
2015,Median weekly earnings,WA,Persons,Relationship in household,   Lone parent,1300.0,7.5,580.329,9.2,1000.253,8.8,610.934,28.6,900.0,7.1,Lone parent,Family member
2015,Median weekly earnings,WA,Persons,Relationship in household,   Dependent student,388.922,0.1,150.0,13.6,300.0,37.7,125.0,13.4,150.0,12.7,Dependent student,Family member
2015,Median weekly earnings,WA,Persons,Relationship in household,   Non-dependent child,938.904,3.5,387.246,12.9,865.0,4.4,500.0,11.3,774.864,4.4,Non-dependent child,Family member
2015,Median weekly earnings,WA,Persons,Relationship in household,   Other related individual,1023.826,10.8,499.791,23.9,957.809,11.5,403.816,52.4,850.0,6.7,Other related individual,Family member
2015,Median weekly earnings,WA,Persons,Relationship in household,Non-family member,1342.0,4.1,544.256,14.7,1346.0,3.9,799.088,10.5,1200.0,4.0,,Non-family member
2015,Median weekly earnings,WA,Persons,Relationship in household,   Lone person,1411.032,4.7,579.946,18.8,1399.004,4.7,699.115,15.3,1250.0,5.4,Lone person,Non-family member
2015,Median weekly earnings,WA,Persons,Relationship in household,   Not living alone,1200.0,4.1,473.405,36.1,1314.987,5.0,877.895,20.6,1158.177,7.7,Not living alone,Non-family member
2015,Median weekly earnings,WA,Persons,Relationship in household,Relationship not determined,1412.884,0.1,0.0,0.0,692.924,0.1,0.0,0.0,1032.069,0.1,,Relationship not determined
2015,Median weekly earnings,WA,Males,Relationship in household,Family member,1500.0,3.0,350.0,8.6,1500.0,2.2,699.545,9.4,1342.0,2.3,,Family member
2015,Median weekly earnings,WA,Males,Relationship in household,"   Husband, wife or partner",1609.849,1.7,584.717,12.7,1600.0,1.9,1203.57,10.3,1550.643,1.9,"Husband, wife or partner",Family member
2015,Median weekly earnings,WA,Males,Relationship in household,      With dependants,1686.773,3.0,659.914,16.5,1680.0,2.3,1201.414,23.2,1634.422,1.9,With dependants,Family member
2015,Median weekly earnings,WA,Males,Relationship in household,      Without dependants,1520.517,3.0,481.856,14.8,1500.0,2.9,1204.138,18.0,1496.583,2.8,Without dependants,Family member
2015,Median weekly earnings,WA,Males,Relationship in household,   Lone parent,1357.188,20.7,429.729,0.1,1370.848,18.8,633.453,0.1,1345.763,19.0,Lone parent,Family member
2015,Median weekly earnings,WA,Males,Relationship in household,   Dependent student,388.922,0.1,120.0,15.3,219.943,74.8,120.227,15.5,124.421,15.0,Dependent student,Family member
2015,Median weekly earnings,WA,Males,Relationship in household,   Non-dependent child,1000.0,5.1,401.509,13.6,953.508,7.6,600.0,15.6,813.487,6.8,Non-dependent child,Family member
2015,Median weekly earnings,WA,Males,Relationship in household,   Other related individual,1151.711,22.9,459.442,25.2,882.546,32.1,300.0,49.1,800.0,17.7,Other related individual,Family member
2015,Median weekly earnings,WA,Males,Relationship in household,Non-family member,1346.0,5.0,556.554,43.2,1379.695,5.4,1000.0,11.1,1305.907,4.5,,Non-family member
2015,Median weekly earnings,WA,Males,Relationship in household,   Lone person,1434.196,7.1,613.351,41.4,1428.196,7.1,900.014,23.0,1397.695,5.9,Lone person,Non-family member
2015,Median weekly earnings,WA,Males,Relationship in household,   Not living alone,1250.0,4.4,490.376,0.1,1301.662,6.2,1000.0,17.7,1206.832,3.8,Not living alone,Non-family member
2015,Median weekly earnings,WA,Males,Relationship in household,Relationship not determined,1412.884,0.1,0.0,0.0,1023.498,0.1,0.0,0.0,1412.884,0.1,,Relationship not determined
2015,Median weekly earnings,WA,Females,Relationship in household,Family member,1154.0,3.8,500.0,3.7,952.554,2.7,400.0,7.8,808.642,1.6,,Family member
2015,Median weekly earnings,WA,Females,Relationship in household,"   Husband, wife or partner",1250.0,2.2,550.0,4.1,1000.0,3.6,474.494,5.1,900.0,3.1,"Husband, wife or partner",Family member
2015,Median weekly earnings,WA,Females,Relationship in household,      With dependants,1284.697,5.7,550.0,7.0,900.411,4.3,460.0,5.3,800.0,4.6,With dependants,Family member
2015,Median weekly earnings,WA,Females,Relationship in household,      Without dependants,1246.0,2.4,552.102,3.9,1100.0,4.6,499.16,11.9,1000.915,3.8,Without dependants,Family member
2015,Median weekly earnings,WA,Females,Relationship in household,   Lone parent,1177.403,7.5,582.686,9.0,867.926,7.6,606.262,29.8,839.938,6.7,Lone parent,Family member
2015,Median weekly earnings,WA,Females,Relationship in household,   Dependent student,0.0,0.0,171.896,17.7,402.628,23.2,135.757,14.4,171.896,17.7,Dependent student,Family member
2015,Median weekly earnings,WA,Females,Relationship in household,   Non-dependent child,865.0,4.6,360.84,16.1,800.0,5.2,412.936,17.6,758.761,6.1,Non-dependent child,Family member
2015,Median weekly earnings,WA,Females,Relationship in household,   Other related individual,1004.713,10.2,558.496,21.8,963.206,10.6,467.32,25.7,885.392,14.2,Other related individual,Family member
2015,Median weekly earnings,WA,Females,Relationship in household,Non-family member,1256.438,7.1,522.333,19.8,1273.699,6.9,600.0,14.9,1104.883,6.4,,Non-family member
2015,Median weekly earnings,WA,Females,Relationship in household,   Lone person,1355.017,6.2,565.796,25.5,1250.493,7.0,586.429,26.8,1154.294,4.3,Lone person,Non-family member
2015,Median weekly earnings,WA,Females,Relationship in household,   Not living alone,1136.609,14.2,471.996,36.2,1342.66,11.0,589.339,23.0,945.641,11.1,Not living alone,Non-family member
2015,Median weekly earnings,TAS,Persons,Relationship in household,Family member,1098.028,2.8,461.343,3.3,1000.0,2.3,383.604,7.0,854.0,2.5,,Family member
2015,Median weekly earnings,TAS,Persons,Relationship in household,"   Husband, wife or partner",1197.788,3.2,560.0,5.5,1050.0,2.4,500.0,6.7,999.078,1.8,"Husband, wife or partner",Family member
2015,Median weekly earnings,TAS,Persons,Relationship in household,      With dependants,1237.316,3.8,607.139,7.5,1091.192,3.8,481.396,5.8,1000.0,2.6,With dependants,Family member
2015,Median weekly earnings,TAS,Persons,Relationship in household,      Without dependants,1144.006,4.3,500.0,7.7,1010.138,2.8,547.005,10.9,987.684,2.8,Without dependants,Family member
2015,Median weekly earnings,TAS,Persons,Relationship in household,   Lone parent,1000.0,8.2,561.369,8.0,857.002,8.4,541.593,24.0,801.015,6.4,Lone parent,Family member
2015,Median weekly earnings,TAS,Persons,Relationship in household,   Dependent student,0.0,0.0,128.777,15.6,167.297,150.1,125.443,17.7,134.197,15.2,Dependent student,Family member
2015,Median weekly earnings,TAS,Persons,Relationship in household,   Non-dependent child,723.549,3.7,402.551,11.5,689.737,4.9,486.203,8.5,600.904,7.1,Non-dependent child,Family member
2015,Median weekly earnings,TAS,Persons,Relationship in household,   Other related individual,799.311,13.5,618.735,13.3,776.279,10.8,445.306,0.1,737.188,7.7,Other related individual,Family member
2015,Median weekly earnings,TAS,Persons,Relationship in household,Non-family member,1150.0,4.6,460.547,15.2,1069.904,4.8,498.226,22.4,976.452,4.4,,Non-family member
2015,Median weekly earnings,TAS,Persons,Relationship in household,   Lone person,1200.0,3.9,504.866,19.4,1145.179,4.4,724.408,22.3,1033.172,5.4,Lone person,Non-family member
2015,Median weekly earnings,TAS,Persons,Relationship in household,   Not living alone,1000.0,12.1,265.399,39.2,985.102,12.5,265.108,56.2,757.566,10.6,Not living alone,Non-family member
2015,Median weekly earnings,TAS,Persons,Relationship in household,Relationship not determined,1795.058,1.5,0.0,0.0,1795.058,1.5,0.0,0.0,1579.294,4.1,,Relationship not determined
2015,Median weekly earnings,TAS,Males,Relationship in household,Family member,1100.0,4.2,387.562,13.5,1100.0,4.6,454.141,7.9,999.0,3.4,,Family member
2015,Median weekly earnings,TAS,Males,Relationship in household,"   Husband, wife or partner",1225.0,2.7,485.148,16.4,1215.361,3.0,704.314,12.3,1110.504,4.0,"Husband, wife or partner",Family member
2015,Median weekly earnings,TAS,Males,Relationship in household,      With dependants,1250.0,3.7,567.571,18.5,1250.0,2.6,749.155,15.6,1200.0,3.2,With dependants,Family member
2015,Median weekly earnings,TAS,Males,Relationship in household,      Without dependants,1194.835,5.0,450.0,21.6,1158.121,6.2,662.359,14.4,1078.99,4.7,Without dependants,Family member
2015,Median weekly earnings,TAS,Males,Relationship in household,   Lone parent,939.475,9.8,753.448,0.1,911.741,13.3,822.874,0.1,896.075,6.4,Lone parent,Family member
2015,Median weekly earnings,TAS,Males,Relationship in household,   Dependent student,0.0,0.0,124.934,18.3,237.135,0.1,121.072,19.4,129.761,17.6,Dependent student,Family member
2015,Median weekly earnings,TAS,Males,Relationship in household,   Non-dependent child,712.258,6.6,403.807,20.3,677.985,5.5,489.618,11.6,600.0,6.9,Non-dependent child,Family member
2015,Median weekly earnings,TAS,Males,Relationship in household,   Other related individual,789.117,12.6,528.509,0.1,776.256,14.9,415.222,0.1,734.929,11.8,Other related individual,Family member
2015,Median weekly earnings,TAS,Males,Relationship in household,Non-family member,1160.334,5.0,404.06,36.7,1162.381,5.4,624.809,20.1,1013.235,7.6,,Non-family member
2015,Median weekly earnings,TAS,Males,Relationship in household,   Lone person,1194.037,5.9,569.244,34.2,1168.578,6.4,825.865,14.3,1074.202,5.9,Lone person,Non-family member
2015,Median weekly earnings,TAS,Males,Relationship in household,   Not living alone,1083.02,11.5,289.685,0.1,1145.769,10.7,412.308,0.1,751.0,26.2,Not living alone,Non-family member
2015,Median weekly earnings,TAS,Females,Relationship in household,Family member,1050.0,2.4,500.0,4.9,866.426,3.4,305.212,9.9,750.0,2.7,,Family member
2015,Median weekly earnings,TAS,Females,Relationship in household,"   Husband, wife or partner",1075.188,3.8,594.0,4.5,900.0,4.0,400.0,9.6,815.745,3.4,"Husband, wife or partner",Family member
2015,Median weekly earnings,TAS,Females,Relationship in household,      With dependants,1091.17,5.5,612.437,6.8,885.978,5.9,400.0,9.3,787.15,3.2,With dependants,Family member
2015,Median weekly earnings,TAS,Females,Relationship in household,      Without dependants,1062.377,5.6,524.174,7.3,900.771,4.6,450.0,23.2,840.0,5.2,Without dependants,Family member
2015,Median weekly earnings,TAS,Females,Relationship in household,   Lone parent,1059.746,11.1,550.0,7.0,850.0,13.0,504.141,21.6,744.83,8.9,Lone parent,Family member
2015,Median weekly earnings,TAS,Females,Relationship in household,   Dependent student,0.0,0.0,136.828,24.6,147.945,0.1,138.017,25.7,136.828,24.6,Dependent student,Family member
2015,Median weekly earnings,TAS,Females,Relationship in household,   Non-dependent child,749.324,10.8,375.384,23.4,697.67,6.7,399.451,28.3,647.858,10.6,Non-dependent child,Family member
2015,Median weekly earnings,TAS,Females,Relationship in household,   Other related individual,827.775,0.1,626.615,0.1,712.267,0.1,693.575,0.1,723.998,0.1,Other related individual,Family member
2015,Median weekly earnings,TAS,Females,Relationship in household,Non-family member,1135.809,9.2,460.936,21.6,982.444,8.8,295.689,28.7,873.553,10.3,,Non-family member
2015,Median weekly earnings,TAS,Females,Relationship in household,   Lone person,1210.808,6.4,493.36,20.2,1072.619,8.9,423.399,40.7,900.0,9.3,Lone person,Non-family member
2015,Median weekly earnings,TAS,Females,Relationship in household,   Not living alone,865.363,25.5,272.332,78.5,855.344,24.8,183.98,0.1,749.489,15.8,Not living alone,Non-family member
2015,Median weekly earnings,TAS,Females,Relationship in household,Relationship not determined,0.0,0.0,0.0,0.0,0.0,0.0,0.0,0.0,868.453,13.6,,Relationship not determined
2015,Median weekly earnings,NT,Persons,Relationship in household,Family member,1250.0,3.1,470.809,8.0,1249.404,1.6,600.0,12.5,1141.78,2.8,,Family member
2015,Median weekly earnings,NT,Persons,Relationship in household,"   Husband, wife or partner",1350.0,4.1,600.0,7.3,1270.388,2.4,850.0,12.6,1250.0,2.0,"Husband, wife or partner",Family member
2015,Median weekly earnings,NT,Persons,Relationship in household,      With dependants,1453.169,6.1,625.111,12.7,1342.954,4.7,603.154,14.6,1250.0,3.1,With dependants,Family member
2015,Median weekly earnings,NT,Persons,Relationship in household,      Without dependants,1279.508,4.0,578.086,9.1,1250.0,3.2,929.78,18.4,1212.606,4.2,Without dependants,Family member
2015,Median weekly earnings,NT,Persons,Relationship in household,   Lone parent,1166.699,6.8,475.194,0.1,1150.594,7.5,368.806,0.1,1120.941,7.7,Lone parent,Family member
2015,Median weekly earnings,NT,Persons,Relationship in household,   Dependent student,986.881,0.1,128.828,21.5,826.121,31.3,134.827,22.7,143.191,17.5,Dependent student,Family member
2015,Median weekly earnings,NT,Persons,Relationship in household,   Non-dependent child,901.314,7.1,300.0,34.3,929.475,7.4,538.072,22.4,800.0,9.3,Non-dependent child,Family member
2015,Median weekly earnings,NT,Persons,Relationship in household,   Other related individual,1103.415,13.9,593.712,43.0,1135.891,13.5,875.379,21.6,953.386,9.4,Other related individual,Family member
2015,Median weekly earnings,NT,Persons,Relationship in household,Non-family member,1284.0,4.1,700.0,22.3,1300.0,5.6,1049.619,5.3,1250.0,4.1,,Non-family member
2015,Median weekly earnings,NT,Persons,Relationship in household,   Lone person,1573.494,3.8,606.889,0.1,1574.848,4.1,1027.052,17.4,1520.032,5.2,Lone person,Non-family member
2015,Median weekly earnings,NT,Persons,Relationship in household,   Not living alone,1200.0,4.0,722.068,56.9,1200.0,4.4,1058.975,8.1,1200.0,3.9,Not living alone,Non-family member
2015,Median weekly earnings,NT,Persons,Relationship in household,Relationship not determined,1195.254,84.8,0.0,0.0,1348.695,36.1,968.965,0.1,1104.074,35.7,,Relationship not determined
2015,Median weekly earnings,NT,Males,Relationship in household,Family member,1400.0,4.0,294.818,35.8,1400.0,3.6,900.0,12.8,1345.805,3.7,,Family member
2015,Median weekly earnings,NT,Males,Relationship in household,"   Husband, wife or partner",1519.215,3.3,1010.148,32.8,1500.0,3.3,1126.133,20.8,1500.0,3.1,"Husband, wife or partner",Family member
2015,Median weekly earnings,NT,Males,Relationship in household,      With dependants,1600.306,6.6,1004.067,0.1,1611.103,5.8,1084.067,31.9,1600.0,6.4,With dependants,Family member
2015,Median weekly earnings,NT,Males,Relationship in household,      Without dependants,1438.0,4.5,947.364,40.1,1403.485,4.5,1275.593,21.6,1400.898,4.6,Without dependants,Family member
2015,Median weekly earnings,NT,Males,Relationship in household,   Lone parent,1350.453,17.8,0.0,0.0,1295.253,25.9,0.0,0.0,1350.453,17.8,Lone parent,Family member
2015,Median weekly earnings,NT,Males,Relationship in household,   Dependent student,978.935,0.1,144.449,19.7,717.288,0.1,170.0,16.0,170.0,28.2,Dependent student,Family member
2015,Median weekly earnings,NT,Males,Relationship in household,   Non-dependent child,800.0,11.8,259.381,0.1,800.0,12.7,500.0,33.1,740.953,12.3,Non-dependent child,Family member
2015,Median weekly earnings,NT,Males,Relationship in household,   Other related individual,1053.74,15.6,398.843,33.6,1387.437,25.0,900.0,21.3,938.927,18.2,Other related individual,Family member
2015,Median weekly earnings,NT,Males,Relationship in household,Non-family member,1309.714,5.8,546.742,0.1,1343.162,6.6,1201.094,8.6,1300.0,5.9,,Non-family member
2015,Median weekly earnings,NT,Males,Relationship in household,   Lone person,1542.471,8.3,0.0,0.0,1543.315,8.7,1405.059,25.2,1542.471,8.3,Lone person,Non-family member
2015,Median weekly earnings,NT,Males,Relationship in household,   Not living alone,1202.913,9.3,546.742,0.1,1200.0,10.4,1201.251,10.7,1200.0,9.7,Not living alone,Non-family member
2015,Median weekly earnings,NT,Males,Relationship in household,Relationship not determined,1289.503,95.5,0.0,0.0,1482.889,0.1,1102.196,0.1,1289.503,95.5,,Relationship not determined
2015,Median weekly earnings,NT,Females,Relationship in household,Family member,1172.235,2.6,500.0,6.6,1140.0,3.3,481.327,6.9,1000.0,3.8,,Family member
2015,Median weekly earnings,NT,Females,Relationship in household,"   Husband, wife or partner",1200.0,2.1,573.026,6.7,1151.494,2.6,600.0,12.7,1057.551,3.4,"Husband, wife or partner",Family member
2015,Median weekly earnings,NT,Females,Relationship in household,      With dependants,1200.0,4.2,592.478,14.1,1148.585,5.6,530.987,16.2,1000.0,6.0,With dependants,Family member
2015,Median weekly earnings,NT,Females,Relationship in household,      Without dependants,1200.0,4.2,555.051,5.8,1157.542,3.4,734.749,12.8,1100.0,4.7,Without dependants,Family member
2015,Median weekly earnings,NT,Females,Relationship in household,   Lone parent,1150.0,10.1,475.194,0.1,1147.068,13.4,333.774,0.1,1050.882,11.0,Lone parent,Family member
2015,Median weekly earnings,NT,Females,Relationship in household,   Dependent student,0.0,0.0,122.935,27.2,714.794,0.1,125.679,27.5,126.807,28.1,Dependent student,Family member
2015,Median weekly earnings,NT,Females,Relationship in household,   Non-dependent child,1028.157,7.5,469.319,29.7,1024.38,8.3,574.718,57.6,905.576,10.4,Non-dependent child,Family member
2015,Median weekly earnings,NT,Females,Relationship in household,   Other related individual,1128.24,18.2,774.895,0.1,1111.054,16.0,0.0,0.0,1093.436,16.3,Other related individual,Family member
2015,Median weekly earnings,NT,Females,Relationship in household,Non-family member,1250.0,5.3,750.0,17.0,1256.471,6.3,876.617,8.0,1206.771,6.5,,Non-family member
2015,Median weekly earnings,NT,Females,Relationship in household,   Lone person,1600.0,7.8,606.889,0.1,1600.0,7.6,731.78,36.6,1511.23,9.9,Lone person,Non-family member
2015,Median weekly earnings,NT,Females,Relationship in household,   Not living alone,1150.0,5.4,870.765,0.1,1200.223,6.8,892.469,7.6,1122.827,6.5,Not living alone,Non-family member
2015,Median weekly earnings,NT,Females,Relationship in household,Relationship not determined,1043.495,0.1,0.0,0.0,1043.495,0.1,0.0,0.0,915.428,0.1,,Relationship not determined
2015,Median weekly earnings,ACT,Persons,Relationship in household,Family member,1500.0,2.7,568.556,7.1,1400.0,2.9,466.807,10.9,1250.0,3.5,,Family member
2015,Median weekly earnings,ACT,Persons,Relationship in household,"   Husband, wife or partner",1534.234,2.2,699.694,5.3,1441.095,2.2,670.764,10.7,1356.983,3.3,"Husband, wife or partner",Family member
2015,Median weekly earnings,ACT,Persons,Relationship in household,      With dependants,1600.0,3.0,800.0,12.9,1439.881,3.6,885.368,25.4,1400.0,3.7,With dependants,Family member
2015,Median weekly earnings,ACT,Persons,Relationship in household,      Without dependants,1500.0,2.7,553.972,11.7,1442.015,3.4,557.274,17.4,1300.0,5.1,Without dependants,Family member
2015,Median weekly earnings,ACT,Persons,Relationship in household,   Lone parent,1531.297,11.7,699.296,9.0,1301.701,14.5,490.171,0.1,1300.0,11.9,Lone parent,Family member
2015,Median weekly earnings,ACT,Persons,Relationship in household,   Dependent student,0.0,0.0,150.458,26.7,143.555,0.1,160.947,25.7,152.819,24.3,Dependent student,Family member
2015,Median weekly earnings,ACT,Persons,Relationship in household,   Non-dependent child,936.754,11.3,330.976,45.2,900.078,14.6,535.753,13.1,770.0,9.5,Non-dependent child,Family member
2015,Median weekly earnings,ACT,Persons,Relationship in household,   Other related individual,1200.0,22.3,0.0,0.0,1200.0,22.3,0.0,0.0,1192.254,14.1,Other related individual,Family member
2015,Median weekly earnings,ACT,Persons,Relationship in household,Non-family member,1451.22,3.7,400.397,33.1,1400.0,5.6,500.0,40.0,1345.289,6.6,,Non-family member
2015,Median weekly earnings,ACT,Persons,Relationship in household,   Lone person,1567.336,3.3,500.0,63.6,1443.728,5.3,519.768,0.1,1420.603,7.0,Lone person,Non-family member
2015,Median weekly earnings,ACT,Persons,Relationship in household,   Not living alone,1365.213,6.8,337.298,19.5,1277.428,7.5,448.922,102.6,1150.0,17.3,Not living alone,Non-family member
2015,Median weekly earnings,ACT,Males,Relationship in household,Family member,1580.23,3.7,398.609,22.9,1525.419,3.9,531.519,10.6,1372.126,4.4,,Family member
2015,Median weekly earnings,ACT,Males,Relationship in household,"   Husband, wife or partner",1631.57,3.2,606.45,12.7,1599.684,3.0,849.681,16.9,1516.326,3.9,"Husband, wife or partner",Family member
2015,Median weekly earnings,ACT,Males,Relationship in household,      With dependants,1647.683,3.3,751.0,10.6,1600.0,4.1,1113.272,58.0,1597.886,4.6,With dependants,Family member
2015,Median weekly earnings,ACT,Males,Relationship in household,      Without dependants,1594.383,4.9,555.682,19.3,1585.246,5.0,585.613,27.2,1477.634,6.9,Without dependants,Family member
2015,Median weekly earnings,ACT,Males,Relationship in household,   Lone parent,1502.806,16.0,0.0,0.0,1502.806,16.0,0.0,0.0,1502.806,14.7,Lone parent,Family member
2015,Median weekly earnings,ACT,Males,Relationship in household,   Dependent student,0.0,0.0,140.532,23.7,0.0,0.0,140.532,23.7,142.317,28.8,Dependent student,Family member
2015,Median weekly earnings,ACT,Males,Relationship in household,   Non-dependent child,1044.033,18.0,190.867,0.1,1034.291,24.6,491.702,37.1,851.162,20.5,Non-dependent child,Family member
2015,Median weekly earnings,ACT,Males,Relationship in household,   Other related individual,1099.241,15.7,0.0,0.0,1099.241,15.7,0.0,0.0,1065.404,9.7,Other related individual,Family member
2015,Median weekly earnings,ACT,Males,Relationship in household,Non-family member,1554.694,13.1,360.0,94.0,1498.038,13.9,535.715,126.2,1436.896,12.5,,Non-family member
2015,Median weekly earnings,ACT,Males,Relationship in household,   Lone person,1699.042,6.8,287.219,7.5,1718.538,6.5,533.58,0.1,1644.899,10.7,Lone person,Non-family member
2015,Median weekly earnings,ACT,Males,Relationship in household,   Not living alone,1309.378,16.1,378.57,52.7,1202.301,21.0,770.711,0.1,1150.0,22.0,Not living alone,Non-family member
2015,Median weekly earnings,ACT,Females,Relationship in household,Family member,1441.959,3.4,641.836,6.1,1273.622,4.6,434.165,15.1,1110.271,4.5,,Family member
2015,Median weekly earnings,ACT,Females,Relationship in household,"   Husband, wife or partner",1483.883,2.8,700.195,5.7,1300.0,4.0,553.749,18.0,1200.0,4.2,"Husband, wife or partner",Family member
2015,Median weekly earnings,ACT,Females,Relationship in household,      With dependants,1500.0,6.0,852.646,11.8,1300.0,5.5,646.909,31.4,1205.97,6.3,With dependants,Family member
2015,Median weekly earnings,ACT,Females,Relationship in household,      Without dependants,1440.67,4.4,553.364,12.0,1295.716,5.7,462.273,27.7,1200.0,5.2,Without dependants,Family member
2015,Median weekly earnings,ACT,Females,Relationship in household,   Lone parent,1546.63,14.4,699.296,9.0,1300.0,16.8,490.171,0.1,1170.086,15.4,Lone parent,Family member
2015,Median weekly earnings,ACT,Females,Relationship in household,   Dependent student,0.0,0.0,197.743,37.8,92.014,0.1,206.355,32.3,197.743,37.8,Dependent student,Family member
2015,Median weekly earnings,ACT,Females,Relationship in household,   Non-dependent child,800.0,8.0,589.011,20.4,800.0,7.9,600.0,17.9,742.982,10.0,Non-dependent child,Family member
2015,Median weekly earnings,ACT,Females,Relationship in household,   Other related individual,1400.0,0.1,0.0,0.0,1400.0,0.1,0.0,0.0,1400.0,0.1,Other related individual,Family member
2015,Median weekly earnings,ACT,Females,Relationship in household,Non-family member,1430.235,3.1,500.0,24.8,1384.041,5.1,413.611,32.4,1271.782,7.6,,Non-family member
2015,Median weekly earnings,ACT,Females,Relationship in household,   Lone person,1447.401,3.2,503.526,48.9,1396.629,7.1,476.696,0.1,1372.433,7.3,Lone person,Non-family member
2015,Median weekly earnings,ACT,Females,Relationship in household,   Not living alone,1383.128,5.4,322.36,77.1,1332.546,8.7,320.284,0.1,1161.994,20.0,Not living alone,Non-family member
2016,Median weekly earnings,Australia,Persons,Relationship in household,Family member,1250.0,0.3,480.0,1.5,1150.0,0.5,465.0,2.1,1000.0,0.1,,Family member
2016,Median weekly earnings,Australia,Persons,Relationship in household,"   Husband, wife or partner",1350.0,1.0,600.0,0.1,1246.0,0.7,630.0,2.8,1138.311,0.9,"Husband, wife or partner",Family member
2016,Median weekly earnings,Australia,Persons,Relationship in household,      With dependants,1449.0,1.8,637.745,1.5,1288.0,1.3,668.599,3.1,1200.0,1.3,With dependants,Family member
2016,Median weekly earnings,Australia,Persons,Relationship in household,      Without dependants,1250.0,0.7,550.0,2.7,1196.653,1.1,600.0,3.2,1075.0,1.2,Without dependants,Family member
2016,Median weekly earnings,Australia,Persons,Relationship in household,   Lone parent,1200.0,1.4,555.0,4.0,1053.805,3.0,469.048,5.7,950.0,2.6,Lone parent,Family member
2016,Median weekly earnings,Australia,Persons,Relationship in household,   Dependent student,776.72,11.4,159.685,3.4,292.718,6.7,146.628,3.4,160.66,4.1,Dependent student,Family member
2016,Median weekly earnings,Australia,Persons,Relationship in household,   Non-dependent child,950.0,2.4,430.165,4.4,912.0,1.5,529.0,4.8,800.0,1.5,Non-dependent child,Family member
2016,Median weekly earnings,Australia,Persons,Relationship in household,   Other related individual,1053.102,3.0,412.715,5.8,961.705,4.0,500.0,15.7,877.153,3.3,Other related individual,Family member
2016,Median weekly earnings,Australia,Persons,Relationship in household,Non-family member,1200.0,1.0,525.0,2.1,1200.0,1.1,610.012,5.4,1050.0,2.2,,Non-family member
2016,Median weekly earnings,Australia,Persons,Relationship in household,   Lone person,1275.992,1.3,600.0,3.2,1231.591,1.3,642.418,5.6,1119.0,1.2,Lone person,Non-family member
2016,Median weekly earnings,Australia,Persons,Relationship in household,   Not living alone,1109.451,1.7,450.0,3.7,1100.0,2.0,600.0,6.7,958.0,2.1,Not living alone,Non-family member
2016,Median weekly earnings,Australia,Persons,Relationship in household,Relationship not determined,1136.395,8.5,361.555,19.5,1013.535,11.9,554.883,24.5,896.115,17.1,,Relationship not determined
2016,Median weekly earnings,Australia,Males,Relationship in household,Family member,1358.276,1.0,400.0,1.6,1342.188,1.1,600.0,3.9,1200.0,0.1,,Family member
2016,Median weekly earnings,Australia,Males,Relationship in household,"   Husband, wife or partner",1495.0,0.9,600.0,3.6,1476.0,1.1,900.0,2.6,1380.0,0.9,"Husband, wife or partner",Family member
2016,Median weekly earnings,Australia,Males,Relationship in household,      With dependants,1500.0,1.2,672.381,6.6,1500.0,0.9,1002.255,4.2,1495.0,1.1,With dependants,Family member
2016,Median weekly earnings,Australia,Males,Relationship in household,      Without dependants,1400.0,1.6,525.0,5.1,1364.071,1.8,800.0,4.3,1250.0,1.2,Without dependants,Family member
2016,Median weekly earnings,Australia,Males,Relationship in household,   Lone parent,1343.171,4.6,584.928,13.3,1355.097,3.9,873.453,8.8,1275.711,4.8,Lone parent,Family member
2016,Median weekly earnings,Australia,Males,Relationship in household,   Dependent student,699.359,15.5,147.368,5.5,297.363,12.3,140.0,5.5,150.0,5.5,Dependent student,Family member
2016,Median weekly earnings,Australia,Males,Relationship in household,   Non-dependent child,961.0,2.7,408.502,4.7,947.723,2.7,558.501,4.6,821.0,1.6,Non-dependent child,Family member
2016,Median weekly earnings,Australia,Males,Relationship in household,   Other related individual,1000.0,3.4,400.0,10.9,968.627,4.0,539.821,15.5,890.516,4.3,Other related individual,Family member
2016,Median weekly earnings,Australia,Males,Relationship in household,Non-family member,1214.336,1.1,490.749,3.5,1230.958,1.0,688.345,6.0,1100.0,2.0,,Non-family member
2016,Median weekly earnings,Australia,Males,Relationship in household,   Lone person,1296.54,2.2,550.0,4.9,1280.057,1.8,700.052,9.1,1200.0,2.1,Lone person,Non-family member
2016,Median weekly earnings,Australia,Males,Relationship in household,   Not living alone,1143.636,2.5,450.0,4.7,1150.0,2.3,670.342,9.5,1000.0,2.3,Not living alone,Non-family member
2016,Median weekly earnings,Australia,Males,Relationship in household,Relationship not determined,1255.666,12.9,299.938,32.8,1193.224,14.4,500.0,58.7,960.881,19.7,,Relationship not determined
2016,Median weekly earnings,Australia,Females,Relationship in household,Family member,1142.0,0.9,500.0,1.0,1000.0,0.1,400.0,1.6,850.0,0.8,,Family member
2016,Median weekly earnings,Australia,Females,Relationship in household,"   Husband, wife or partner",1200.0,1.1,600.0,0.1,1000.0,0.4,500.0,2.7,912.0,1.2,"Husband, wife or partner",Family member
2016,Median weekly earnings,Australia,Females,Relationship in household,      With dependants,1250.0,1.6,630.0,2.0,1000.0,0.6,490.0,4.9,900.0,0.9,With dependants,Family member
2016,Median weekly earnings,Australia,Females,Relationship in household,      Without dependants,1150.0,2.0,550.0,3.2,1031.0,1.3,500.0,3.8,950.0,1.2,Without dependants,Family member
2016,Median weekly earnings,Australia,Females,Relationship in household,   Lone parent,1179.912,2.3,554.0,4.1,1000.0,2.2,426.347,5.9,898.525,2.6,Lone parent,Family member
2016,Median weekly earnings,Australia,Females,Relationship in household,   Dependent student,818.0,17.1,165.528,4.6,279.461,8.4,150.0,4.5,170.513,3.4,Dependent student,Family member
2016,Median weekly earnings,Australia,Females,Relationship in household,   Non-dependent child,928.63,1.7,449.915,5.7,900.0,2.0,500.0,3.8,761.003,2.0,Non-dependent child,Family member
2016,Median weekly earnings,Australia,Females,Relationship in household,   Other related individual,1099.868,6.7,460.177,7.7,960.594,7.7,450.0,22.1,856.897,5.8,Other related individual,Family member
2016,Median weekly earnings,Australia,Females,Relationship in household,Non-family member,1200.0,1.6,559.157,3.1,1123.177,1.1,560.794,4.8,1000.0,1.7,,Non-family member
2016,Median weekly earnings,Australia,Females,Relationship in household,   Lone person,1250.0,1.9,609.135,4.4,1150.0,2.4,600.0,8.6,1051.711,2.4,Lone person,Non-family member
2016,Median weekly earnings,Australia,Females,Relationship in household,   Not living alone,1100.0,3.8,468.845,7.6,1035.0,2.5,512.199,7.5,900.0,2.8,Not living alone,Non-family member
2016,Median weekly earnings,Australia,Females,Relationship in household,Relationship not determined,1000.728,16.3,399.679,34.5,936.573,25.3,600.0,43.4,743.865,22.4,,Relationship not determined
2016,Median weekly earnings,NSW,Persons,Relationship in household,Family member,1261.0,1.0,500.0,1.8,1196.0,1.1,480.0,2.7,1000.0,0.5,,Family member
2016,Median weekly earnings,NSW,Persons,Relationship in household,"   Husband, wife or partner",1350.0,1.9,630.0,2.0,1250.0,1.6,650.0,4.4,1150.0,2.2,"Husband, wife or partner",Family member
2016,Median weekly earnings,NSW,Persons,Relationship in household,      With dependants,1457.909,1.8,697.403,2.6,1311.784,2.1,746.739,4.3,1200.0,1.2,With dependants,Family member
2016,Median weekly earnings,NSW,Persons,Relationship in household,      Without dependants,1250.0,2.0,550.0,4.6,1192.982,2.2,600.0,5.8,1054.0,2.4,Without dependants,Family member
2016,Median weekly earnings,NSW,Persons,Relationship in household,   Lone parent,1240.519,4.7,561.988,6.8,1130.515,3.4,510.849,12.8,1000.0,3.1,Lone parent,Family member
2016,Median weekly earnings,NSW,Persons,Relationship in household,   Dependent student,838.615,25.3,199.242,5.9,335.426,15.6,175.825,7.3,200.0,5.8,Dependent student,Family member
2016,Median weekly earnings,NSW,Persons,Relationship in household,   Non-dependent child,1000.0,1.3,477.783,4.3,959.11,2.7,600.0,8.5,834.48,2.6,Non-dependent child,Family member
2016,Median weekly earnings,NSW,Persons,Relationship in household,   Other related individual,1185.658,9.8,500.0,10.4,977.589,13.7,604.712,31.4,897.0,9.4,Other related individual,Family member
2016,Median weekly earnings,NSW,Persons,Relationship in household,Non-family member,1235.0,2.0,532.466,4.4,1200.0,2.1,699.443,11.1,1097.375,2.5,,Non-family member
2016,Median weekly earnings,NSW,Persons,Relationship in household,   Lone person,1250.0,3.1,550.0,10.0,1238.244,3.5,613.471,14.4,1124.939,4.1,Lone person,Non-family member
2016,Median weekly earnings,NSW,Persons,Relationship in household,   Not living alone,1200.0,2.8,500.0,5.1,1150.0,4.2,700.0,14.6,1000.0,3.8,Not living alone,Non-family member
2016,Median weekly earnings,NSW,Persons,Relationship in household,Relationship not determined,1310.706,12.7,237.319,0.1,1200.0,20.5,490.891,0.1,1200.0,27.7,,Relationship not determined
2016,Median weekly earnings,NSW,Males,Relationship in household,Family member,1350.0,1.7,420.0,5.1,1342.0,1.5,600.0,7.2,1200.0,0.9,,Family member
2016,Median weekly earnings,NSW,Males,Relationship in household,"   Husband, wife or partner",1499.91,2.0,550.0,7.6,1470.989,1.7,832.357,4.0,1366.957,1.5,"Husband, wife or partner",Family member
2016,Median weekly earnings,NSW,Males,Relationship in household,      With dependants,1525.638,2.2,664.186,11.5,1525.518,2.2,900.0,7.4,1474.565,2.4,With dependants,Family member
2016,Median weekly earnings,NSW,Males,Relationship in household,      Without dependants,1383.819,3.7,491.513,8.0,1349.206,3.6,761.644,8.4,1250.0,3.1,Without dependants,Family member
2016,Median weekly earnings,NSW,Males,Relationship in household,   Lone parent,1476.192,7.0,577.394,0.1,1476.192,7.0,577.394,0.1,1441.158,7.4,Lone parent,Family member
2016,Median weekly earnings,NSW,Males,Relationship in household,   Dependent student,726.414,0.1,150.0,12.8,239.088,46.7,140.0,14.3,170.211,10.2,Dependent student,Family member
2016,Median weekly earnings,NSW,Males,Relationship in household,   Non-dependent child,1000.0,2.5,463.499,5.5,999.27,2.6,600.0,9.4,831.644,3.1,Non-dependent child,Family member
2016,Median weekly earnings,NSW,Males,Relationship in household,   Other related individual,1190.02,12.6,444.399,21.9,1039.565,15.7,625.717,37.7,882.493,14.0,Other related individual,Family member
2016,Median weekly earnings,NSW,Males,Relationship in household,Non-family member,1250.0,2.5,500.0,8.2,1297.0,2.6,673.612,16.3,1150.0,3.2,,Non-family member
2016,Median weekly earnings,NSW,Males,Relationship in household,   Lone person,1300.0,3.0,520.842,22.9,1300.0,3.1,550.0,23.8,1200.0,4.3,Lone person,Non-family member
2016,Median weekly earnings,NSW,Males,Relationship in household,   Not living alone,1219.0,5.2,500.0,12.4,1217.908,5.6,707.943,18.0,1100.0,6.0,Not living alone,Non-family member
2016,Median weekly earnings,NSW,Males,Relationship in household,Relationship not determined,1396.799,19.5,140.481,0.1,1411.939,24.4,490.891,0.1,1224.372,58.0,,Relationship not determined
2016,Median weekly earnings,NSW,Females,Relationship in household,Family member,1150.0,2.1,530.0,3.5,1000.0,0.8,400.0,4.8,875.0,1.5,,Family member
2016,Median weekly earnings,NSW,Females,Relationship in household,"   Husband, wife or partner",1200.0,2.1,640.0,2.3,1007.964,1.8,520.0,6.7,950.0,1.9,"Husband, wife or partner",Family member
2016,Median weekly earnings,NSW,Females,Relationship in household,      With dependants,1300.0,4.8,700.0,2.8,1007.192,3.4,539.647,11.3,938.977,2.7,With dependants,Family member
2016,Median weekly earnings,NSW,Females,Relationship in household,      Without dependants,1150.0,2.2,560.55,3.8,1006.044,1.9,512.532,8.2,950.0,2.1,Without dependants,Family member
2016,Median weekly earnings,NSW,Females,Relationship in household,   Lone parent,1200.0,3.8,562.807,5.8,1050.0,5.1,510.902,10.2,935.868,4.2,Lone parent,Family member
2016,Median weekly earnings,NSW,Females,Relationship in household,   Dependent student,861.913,33.9,200.0,7.8,368.0,20.0,199.698,6.0,217.17,6.2,Dependent student,Family member
2016,Median weekly earnings,NSW,Females,Relationship in household,   Non-dependent child,1000.0,4.8,489.479,8.1,950.0,3.1,598.997,8.5,840.672,4.5,Non-dependent child,Family member
2016,Median weekly earnings,NSW,Females,Relationship in household,   Other related individual,1134.7,16.3,525.481,24.5,958.164,14.6,429.563,120.0,946.982,8.5,Other related individual,Family member
2016,Median weekly earnings,NSW,Females,Relationship in household,Non-family member,1199.0,3.5,555.741,7.0,1100.0,3.5,704.076,11.7,1000.0,4.0,,Non-family member
2016,Median weekly earnings,NSW,Females,Relationship in household,   Lone person,1200.0,6.5,592.481,12.5,1145.484,4.6,750.0,14.1,1051.114,4.4,Lone person,Non-family member
2016,Median weekly earnings,NSW,Females,Relationship in household,   Not living alone,1150.0,6.7,513.524,11.8,1074.984,7.7,674.847,16.7,940.367,7.7,Not living alone,Non-family member
2016,Median weekly earnings,NSW,Females,Relationship in household,Relationship not determined,1262.328,21.2,0.0,0.0,1165.39,0.1,0.0,0.0,1165.39,0.1,,Relationship not determined
2016,Median weekly earnings,VIC,Persons,Relationship in household,Family member,1250.0,1.3,450.0,3.7,1118.292,1.1,400.0,4.7,997.0,1.0,,Family member
2016,Median weekly earnings,VIC,Persons,Relationship in household,"   Husband, wife or partner",1342.0,1.5,569.36,3.5,1200.0,1.4,550.0,4.6,1100.0,1.5,"Husband, wife or partner",Family member
2016,Median weekly earnings,VIC,Persons,Relationship in household,      With dependants,1403.686,1.7,589.042,5.0,1250.0,1.3,552.0,4.8,1150.0,2.2,With dependants,Family member
2016,Median weekly earnings,VIC,Persons,Relationship in household,      Without dependants,1250.0,1.8,540.0,4.7,1150.0,2.0,550.0,7.0,1054.0,1.9,Without dependants,Family member
2016,Median weekly earnings,VIC,Persons,Relationship in household,   Lone parent,1200.0,3.7,515.655,10.8,1000.694,4.8,375.958,17.7,900.0,2.6,Lone parent,Family member
2016,Median weekly earnings,VIC,Persons,Relationship in household,   Dependent student,656.915,0.1,138.0,7.4,200.0,15.5,125.533,5.6,139.683,7.3,Dependent student,Family member
2016,Median weekly earnings,VIC,Persons,Relationship in household,   Non-dependent child,899.404,4.2,400.0,7.2,898.0,3.5,479.835,5.5,782.622,2.0,Non-dependent child,Family member
2016,Median weekly earnings,VIC,Persons,Relationship in household,   Other related individual,1000.0,5.5,404.988,14.2,976.299,4.3,407.197,22.1,850.0,4.7,Other related individual,Family member
2016,Median weekly earnings,VIC,Persons,Relationship in household,Non-family member,1200.0,2.1,465.894,7.4,1150.0,2.2,499.619,7.7,1000.0,2.5,,Non-family member
2016,Median weekly earnings,VIC,Persons,Relationship in household,   Lone person,1300.0,3.6,583.943,4.7,1228.603,3.7,600.0,7.1,1110.299,3.2,Lone person,Non-family member
2016,Median weekly earnings,VIC,Persons,Relationship in household,   Not living alone,1052.236,3.6,400.0,9.8,1035.0,2.5,419.957,11.0,864.317,5.4,Not living alone,Non-family member
2016,Median weekly earnings,VIC,Persons,Relationship in household,Relationship not determined,956.913,10.2,388.08,37.8,971.157,12.2,600.0,18.6,891.033,18.3,,Relationship not determined
2016,Median weekly earnings,VIC,Males,Relationship in household,Family member,1342.0,1.9,400.0,6.4,1300.0,1.8,500.0,6.1,1189.993,1.1,,Family member
2016,Median weekly earnings,VIC,Males,Relationship in household,"   Husband, wife or partner",1448.163,1.8,583.447,5.8,1400.0,1.7,825.324,7.7,1350.0,1.9,"Husband, wife or partner",Family member
2016,Median weekly earnings,VIC,Males,Relationship in household,      With dependants,1500.0,1.6,663.271,9.9,1476.0,1.7,967.054,12.0,1432.0,2.1,With dependants,Family member
2016,Median weekly earnings,VIC,Males,Relationship in household,      Without dependants,1381.715,3.0,550.0,8.6,1334.0,2.9,700.0,11.9,1250.0,1.9,Without dependants,Family member
2016,Median weekly earnings,VIC,Males,Relationship in household,   Lone parent,1331.974,7.7,582.975,0.1,1330.609,7.8,1016.822,0.1,1318.298,6.0,Lone parent,Family member
2016,Median weekly earnings,VIC,Males,Relationship in household,   Dependent student,675.738,0.1,138.0,7.4,314.053,16.1,125.88,5.6,139.54,8.3,Dependent student,Family member
2016,Median weekly earnings,VIC,Males,Relationship in household,   Non-dependent child,901.728,4.9,395.107,11.0,897.87,6.0,471.315,9.0,800.0,3.1,Non-dependent child,Family member
2016,Median weekly earnings,VIC,Males,Relationship in household,   Other related individual,977.515,5.4,353.769,27.4,956.894,5.0,397.526,29.4,819.706,6.6,Other related individual,Family member
2016,Median weekly earnings,VIC,Males,Relationship in household,Non-family member,1200.0,2.7,428.923,7.6,1182.472,3.2,548.881,11.6,1011.385,2.5,,Non-family member
2016,Median weekly earnings,VIC,Males,Relationship in household,   Lone person,1267.719,4.3,440.63,10.9,1250.0,5.4,751.416,11.8,1160.75,3.5,Lone person,Non-family member
2016,Median weekly earnings,VIC,Males,Relationship in household,   Not living alone,1063.082,4.8,436.272,8.9,1051.654,4.9,484.476,11.9,891.723,6.6,Not living alone,Non-family member
2016,Median weekly earnings,VIC,Males,Relationship in household,Relationship not determined,957.591,30.9,0.0,0.0,1105.103,21.8,573.419,0.1,953.942,19.9,,Relationship not determined
2016,Median weekly earnings,VIC,Females,Relationship in household,Family member,1100.0,1.9,480.0,2.7,950.918,2.2,340.612,5.1,800.0,2.0,,Family member
2016,Median weekly earnings,VIC,Females,Relationship in household,"   Husband, wife or partner",1200.0,2.8,550.299,4.3,990.957,1.3,446.621,5.5,892.246,1.4,"Husband, wife or partner",Family member
2016,Median weekly earnings,VIC,Females,Relationship in household,      With dependants,1234.058,3.1,575.0,5.8,924.936,3.4,391.937,12.8,800.0,3.7,With dependants,Family member
2016,Median weekly earnings,VIC,Females,Relationship in household,      Without dependants,1150.0,3.3,535.958,4.8,1000.0,1.4,476.513,4.4,958.0,2.7,Without dependants,Family member
2016,Median weekly earnings,VIC,Females,Relationship in household,   Lone parent,1107.856,5.5,500.0,11.7,917.744,2.8,350.0,16.5,827.778,5.6,Lone parent,Family member
2016,Median weekly earnings,VIC,Females,Relationship in household,   Dependent student,0.0,0.0,138.409,8.8,200.0,14.0,125.182,6.7,140.0,8.8,Dependent student,Family member
2016,Median weekly earnings,VIC,Females,Relationship in household,   Non-dependent child,898.0,3.6,404.974,10.0,898.0,4.2,480.041,8.6,751.225,4.0,Non-dependent child,Family member
2016,Median weekly earnings,VIC,Females,Relationship in household,   Other related individual,1040.101,13.7,500.0,21.0,1035.0,15.6,463.437,32.9,852.044,9.0,Other related individual,Family member
2016,Median weekly earnings,VIC,Females,Relationship in household,Non-family member,1225.527,3.8,537.459,6.7,1137.677,2.8,400.0,15.0,974.443,4.0,,Non-family member
2016,Median weekly earnings,VIC,Females,Relationship in household,   Lone person,1341.63,5.3,632.577,7.1,1200.0,4.3,584.563,14.2,1038.63,4.4,Lone person,Non-family member
2016,Median weekly earnings,VIC,Females,Relationship in household,   Not living alone,1035.0,5.6,359.622,21.1,1000.0,5.5,309.862,18.7,836.54,8.4,Not living alone,Non-family member
2016,Median weekly earnings,VIC,Females,Relationship in household,Relationship not determined,936.15,32.1,444.751,0.1,938.033,0.1,600.0,0.1,618.83,49.8,,Relationship not determined
2016,Median weekly earnings,QLD,Persons,Relationship in household,Family member,1200.0,0.9,480.0,2.7,1120.0,1.1,500.0,5.1,1000.0,0.6,,Family member
2016,Median weekly earnings,QLD,Persons,Relationship in household,"   Husband, wife or partner",1254.691,2.2,600.0,3.9,1200.0,1.5,700.0,5.0,1100.0,1.6,"Husband, wife or partner",Family member
2016,Median weekly earnings,QLD,Persons,Relationship in household,      With dependants,1400.0,3.6,619.472,3.6,1250.0,3.1,749.073,6.6,1150.0,2.6,With dependants,Family member
2016,Median weekly earnings,QLD,Persons,Relationship in household,      Without dependants,1200.0,1.2,549.456,5.8,1150.0,2.2,650.0,9.5,1050.0,2.4,Without dependants,Family member
2016,Median weekly earnings,QLD,Persons,Relationship in household,   Lone parent,1200.0,3.9,508.879,7.2,1026.23,5.8,455.173,10.7,946.296,4.1,Lone parent,Family member
2016,Median weekly earnings,QLD,Persons,Relationship in household,   Dependent student,919.982,0.1,156.605,9.1,300.0,11.5,140.0,10.6,160.0,8.5,Dependent student,Family member
2016,Median weekly earnings,QLD,Persons,Relationship in household,   Non-dependent child,900.0,3.3,400.0,5.0,900.0,3.7,574.745,7.9,750.0,4.2,Non-dependent child,Family member
2016,Median weekly earnings,QLD,Persons,Relationship in household,   Other related individual,997.472,8.6,400.0,19.1,900.0,6.2,455.115,28.7,892.525,7.3,Other related individual,Family member
2016,Median weekly earnings,QLD,Persons,Relationship in household,Non-family member,1150.0,2.2,600.0,5.7,1139.348,2.5,750.0,7.4,1000.591,2.6,,Non-family member
2016,Median weekly earnings,QLD,Persons,Relationship in household,   Lone person,1234.771,3.3,683.058,5.6,1200.0,3.0,791.837,8.1,1100.0,4.3,Lone person,Non-family member
2016,Median weekly earnings,QLD,Persons,Relationship in household,   Not living alone,1049.737,2.4,526.511,8.8,1049.036,2.6,704.119,10.3,981.203,1.7,Not living alone,Non-family member
2016,Median weekly earnings,QLD,Persons,Relationship in household,Relationship not determined,821.947,0.1,363.173,0.1,881.433,0.1,507.13,0.1,602.04,0.1,,Relationship not determined
2016,Median weekly earnings,QLD,Males,Relationship in household,Family member,1300.0,2.5,400.0,6.7,1317.098,2.6,705.581,7.9,1176.569,1.3,,Family member
2016,Median weekly earnings,QLD,Males,Relationship in household,"   Husband, wife or partner",1432.849,2.5,620.641,7.8,1480.006,1.7,999.434,4.1,1349.425,2.5,"Husband, wife or partner",Family member
2016,Median weekly earnings,QLD,Males,Relationship in household,      With dependants,1500.0,3.0,712.146,17.7,1500.0,2.6,1051.487,4.6,1495.0,2.5,With dependants,Family member
2016,Median weekly earnings,QLD,Males,Relationship in household,      Without dependants,1300.0,3.2,510.845,12.0,1300.0,3.6,883.885,7.1,1200.0,1.9,Without dependants,Family member
2016,Median weekly earnings,QLD,Males,Relationship in household,   Lone parent,1200.0,4.2,586.144,0.1,1200.0,4.8,996.722,50.7,1192.46,5.4,Lone parent,Family member
2016,Median weekly earnings,QLD,Males,Relationship in household,   Dependent student,978.984,0.1,151.939,15.5,369.599,52.2,142.725,17.4,168.3,13.7,Dependent student,Family member
2016,Median weekly earnings,QLD,Males,Relationship in household,   Non-dependent child,946.54,4.0,390.287,13.1,947.481,4.7,642.84,9.0,800.0,4.6,Non-dependent child,Family member
2016,Median weekly earnings,QLD,Males,Relationship in household,   Other related individual,1000.0,8.5,383.978,22.2,969.754,12.2,706.053,23.0,906.052,3.9,Other related individual,Family member
2016,Median weekly earnings,QLD,Males,Relationship in household,Non-family member,1151.373,3.3,502.417,14.1,1155.981,2.3,900.0,9.2,1064.044,3.6,,Non-family member
2016,Median weekly earnings,QLD,Males,Relationship in household,   Lone person,1250.0,2.7,684.668,18.0,1243.604,3.1,1000.0,11.3,1199.077,5.1,Lone person,Non-family member
2016,Median weekly earnings,QLD,Males,Relationship in household,   Not living alone,1000.0,2.6,350.977,19.7,1056.039,4.5,892.982,13.7,980.81,3.8,Not living alone,Non-family member
2016,Median weekly earnings,QLD,Males,Relationship in household,Relationship not determined,762.93,0.1,361.805,0.1,0.0,0.0,508.386,0.1,549.225,0.1,,Relationship not determined
2016,Median weekly earnings,QLD,Females,Relationship in household,Family member,1070.742,1.4,498.109,2.8,1000.0,1.1,408.543,5.5,843.725,2.3,,Family member
2016,Median weekly earnings,QLD,Females,Relationship in household,"   Husband, wife or partner",1100.0,2.2,600.0,4.7,1000.0,1.3,528.61,5.8,913.715,1.6,"Husband, wife or partner",Family member
2016,Median weekly earnings,QLD,Females,Relationship in household,      With dependants,1150.0,4.2,603.622,4.7,1000.0,2.5,542.276,6.3,900.0,2.5,With dependants,Family member
2016,Median weekly earnings,QLD,Females,Relationship in household,      Without dependants,1100.0,1.6,550.0,5.8,1012.569,1.9,517.969,9.9,924.268,3.3,Without dependants,Family member
2016,Median weekly earnings,QLD,Females,Relationship in household,   Lone parent,1149.179,6.6,497.794,7.6,996.824,4.7,389.476,11.5,861.472,6.1,Lone parent,Family member
2016,Median weekly earnings,QLD,Females,Relationship in household,   Dependent student,0.0,0.0,159.852,10.1,300.0,6.5,140.0,11.7,160.0,9.6,Dependent student,Family member
2016,Median weekly earnings,QLD,Females,Relationship in household,   Non-dependent child,851.095,6.0,436.489,8.3,850.174,6.9,465.786,14.7,712.547,4.8,Non-dependent child,Family member
2016,Median weekly earnings,QLD,Females,Relationship in household,   Other related individual,926.787,14.0,464.108,22.6,863.274,14.6,413.975,45.8,717.645,12.1,Other related individual,Family member
2016,Median weekly earnings,QLD,Females,Relationship in household,Non-family member,1150.0,3.7,623.341,4.8,1109.619,4.0,700.0,6.0,1000.0,2.6,,Non-family member
2016,Median weekly earnings,QLD,Females,Relationship in household,   Lone person,1200.0,4.2,689.709,5.5,1145.647,4.8,750.0,9.5,1000.688,4.6,Lone person,Non-family member
2016,Median weekly earnings,QLD,Females,Relationship in household,   Not living alone,1052.0,3.7,592.931,7.2,1043.373,5.6,676.205,11.1,975.491,4.2,Not living alone,Non-family member
2016,Median weekly earnings,QLD,Females,Relationship in household,Relationship not determined,0.0,0.0,458.83,0.1,0.0,0.0,458.83,0.1,788.246,0.1,,Relationship not determined
2016,Median weekly earnings,SA,Persons,Relationship in household,Family member,1200.0,2.1,500.0,2.1,1092.51,1.5,500.0,4.0,939.614,2.0,,Family member
2016,Median weekly earnings,SA,Persons,Relationship in household,"   Husband, wife or partner",1259.848,2.9,600.0,3.9,1150.0,2.3,657.0,3.5,1013.0,1.4,"Husband, wife or partner",Family member
2016,Median weekly earnings,SA,Persons,Relationship in household,      With dependants,1327.368,3.2,601.044,4.4,1200.0,3.3,680.964,5.2,1060.107,2.9,With dependants,Family member
2016,Median weekly earnings,SA,Persons,Relationship in household,      Without dependants,1200.552,2.2,600.0,4.3,1095.35,2.3,632.92,7.9,1000.0,1.9,Without dependants,Family member
2016,Median weekly earnings,SA,Persons,Relationship in household,   Lone parent,1173.56,5.2,614.73,8.0,1008.027,4.5,582.741,15.8,900.0,4.9,Lone parent,Family member
2016,Median weekly earnings,SA,Persons,Relationship in household,   Dependent student,0.0,0.0,158.463,9.7,202.322,11.2,150.0,13.1,158.808,9.6,Dependent student,Family member
2016,Median weekly earnings,SA,Persons,Relationship in household,   Non-dependent child,950.0,5.6,400.0,12.5,869.886,7.1,518.383,14.1,709.734,5.4,Non-dependent child,Family member
2016,Median weekly earnings,SA,Persons,Relationship in household,   Other related individual,927.699,4.5,404.944,14.4,875.725,8.4,480.739,18.8,700.0,19.9,Other related individual,Family member
2016,Median weekly earnings,SA,Persons,Relationship in household,Non-family member,1200.153,3.0,518.214,8.0,1194.252,3.0,501.274,10.1,1027.0,3.3,,Non-family member
2016,Median weekly earnings,SA,Persons,Relationship in household,   Lone person,1250.0,3.6,573.2,6.9,1200.0,4.4,503.073,13.6,1077.098,4.7,Lone person,Non-family member
2016,Median weekly earnings,SA,Persons,Relationship in household,   Not living alone,1101.491,6.1,424.899,28.1,1100.968,6.9,506.713,26.5,902.17,8.1,Not living alone,Non-family member
2016,Median weekly earnings,SA,Persons,Relationship in household,Relationship not determined,1083.411,0.1,262.482,0.1,824.948,34.5,0.0,0.0,604.227,52.7,,Relationship not determined
2016,Median weekly earnings,SA,Males,Relationship in household,Family member,1251.3,2.9,415.0,7.0,1250.0,2.7,631.511,7.2,1100.0,3.0,,Family member
2016,Median weekly earnings,SA,Males,Relationship in household,"   Husband, wife or partner",1350.0,3.0,587.656,7.0,1342.0,2.9,898.719,5.6,1250.0,2.8,"Husband, wife or partner",Family member
2016,Median weekly earnings,SA,Males,Relationship in household,      With dependants,1383.804,3.8,595.161,13.5,1400.0,3.6,966.718,6.3,1323.283,3.0,With dependants,Family member
2016,Median weekly earnings,SA,Males,Relationship in household,      Without dependants,1303.94,4.7,589.656,7.6,1250.0,4.1,800.0,9.3,1200.0,3.7,Without dependants,Family member
2016,Median weekly earnings,SA,Males,Relationship in household,   Lone parent,1209.372,12.1,716.882,53.3,1523.794,8.4,824.245,13.1,1200.0,13.8,Lone parent,Family member
2016,Median weekly earnings,SA,Males,Relationship in household,   Dependent student,0.0,0.0,173.48,14.2,237.474,173.1,150.0,14.9,176.135,13.0,Dependent student,Family member
2016,Median weekly earnings,SA,Males,Relationship in household,   Non-dependent child,950.0,8.8,400.0,13.5,867.559,9.4,549.721,18.5,745.692,9.1,Non-dependent child,Family member
2016,Median weekly earnings,SA,Males,Relationship in household,   Other related individual,977.282,6.4,406.947,24.0,967.105,11.0,546.903,27.3,864.895,17.8,Other related individual,Family member
2016,Median weekly earnings,SA,Males,Relationship in household,Non-family member,1206.238,5.5,529.732,9.4,1200.0,6.9,641.355,19.7,1107.662,4.9,,Non-family member
2016,Median weekly earnings,SA,Males,Relationship in household,   Lone person,1250.0,7.5,541.21,11.5,1250.0,9.0,639.945,20.9,1198.6,7.6,Lone person,Non-family member
2016,Median weekly earnings,SA,Males,Relationship in household,   Not living alone,1110.823,9.2,470.449,19.1,1100.0,10.6,634.63,29.1,1000.0,7.1,Not living alone,Non-family member
2016,Median weekly earnings,SA,Males,Relationship in household,Relationship not determined,1083.411,0.1,0.0,0.0,824.948,38.4,0.0,0.0,824.948,29.6,,Relationship not determined
2016,Median weekly earnings,SA,Females,Relationship in household,Family member,1083.488,2.3,509.902,2.7,950.0,2.6,412.065,4.5,750.0,2.4,,Family member
2016,Median weekly earnings,SA,Females,Relationship in household,"   Husband, wife or partner",1145.156,3.0,600.0,4.3,977.176,1.9,526.044,7.3,850.0,3.0,"Husband, wife or partner",Family member
2016,Median weekly earnings,SA,Females,Relationship in household,      With dependants,1236.954,6.4,602.232,4.4,967.986,4.0,511.341,12.1,800.0,4.6,With dependants,Family member
2016,Median weekly earnings,SA,Females,Relationship in household,      Without dependants,1097.948,2.3,600.0,5.9,989.423,2.0,534.769,6.3,900.0,3.6,Without dependants,Family member
2016,Median weekly earnings,SA,Females,Relationship in household,   Lone parent,1100.0,8.0,600.0,8.1,950.349,4.2,458.073,17.6,812.763,6.8,Lone parent,Family member
2016,Median weekly earnings,SA,Females,Relationship in household,   Dependent student,0.0,0.0,158.124,10.7,199.015,21.9,150.0,16.3,158.124,10.7,Dependent student,Family member
2016,Median weekly earnings,SA,Females,Relationship in household,   Non-dependent child,951.234,7.6,400.0,22.2,889.685,9.5,460.174,21.5,678.408,7.3,Non-dependent child,Family member
2016,Median weekly earnings,SA,Females,Relationship in household,   Other related individual,736.386,0.1,305.239,0.1,705.666,0.1,433.524,0.1,525.705,37.3,Other related individual,Family member
2016,Median weekly earnings,SA,Females,Relationship in household,Non-family member,1200.032,4.4,511.454,9.9,1100.0,3.3,408.009,17.8,854.988,7.8,,Non-family member
2016,Median weekly earnings,SA,Females,Relationship in household,   Lone person,1229.2,6.5,590.0,11.2,1100.0,3.5,402.706,18.7,965.031,7.4,Lone person,Non-family member
2016,Median weekly earnings,SA,Females,Relationship in household,   Not living alone,1067.295,13.6,422.084,199.9,1172.296,14.2,430.711,37.9,804.233,22.1,Not living alone,Non-family member
2016,Median weekly earnings,WA,Persons,Relationship in household,Family member,1405.497,1.9,480.0,2.7,1254.155,1.4,468.785,5.8,1096.677,1.7,,Family member
2016,Median weekly earnings,WA,Persons,Relationship in household,"   Husband, wife or partner",1500.0,1.7,600.0,4.3,1377.225,2.5,658.227,7.0,1250.0,1.8,"Husband, wife or partner",Family member
2016,Median weekly earnings,WA,Persons,Relationship in household,      With dependants,1640.958,2.3,625.519,5.2,1457.488,2.9,668.231,9.9,1320.0,2.9,With dependants,Family member
2016,Median weekly earnings,WA,Persons,Relationship in household,      Without dependants,1425.0,2.8,535.968,5.5,1268.324,2.0,603.139,9.3,1200.0,2.1,Without dependants,Family member
2016,Median weekly earnings,WA,Persons,Relationship in household,   Lone parent,1192.819,7.1,647.45,8.8,1050.0,5.7,513.249,23.4,900.0,5.9,Lone parent,Family member
2016,Median weekly earnings,WA,Persons,Relationship in household,   Dependent student,889.162,27.0,140.019,10.2,324.462,18.0,120.0,12.1,150.0,11.4,Dependent student,Family member
2016,Median weekly earnings,WA,Persons,Relationship in household,   Non-dependent child,984.296,4.6,422.986,7.6,918.148,4.1,630.462,16.0,835.781,2.9,Non-dependent child,Family member
2016,Median weekly earnings,WA,Persons,Relationship in household,   Other related individual,1145.793,12.6,400.0,13.2,1105.801,6.4,685.458,49.6,947.74,11.0,Other related individual,Family member
2016,Median weekly earnings,WA,Persons,Relationship in household,Non-family member,1250.0,3.2,500.0,10.6,1237.072,3.1,600.0,13.3,1120.219,4.3,,Non-family member
2016,Median weekly earnings,WA,Persons,Relationship in household,   Lone person,1299.732,3.0,600.0,17.6,1250.0,3.6,668.959,15.8,1178.557,4.6,Lone person,Non-family member
2016,Median weekly earnings,WA,Persons,Relationship in household,   Not living alone,1146.968,6.9,448.498,14.9,1150.0,5.2,546.168,19.4,970.309,6.6,Not living alone,Non-family member
2016,Median weekly earnings,WA,Persons,Relationship in household,Relationship not determined,1204.669,27.4,0.0,0.0,1117.024,0.1,854.261,0.1,1073.999,0.1,,Relationship not determined
2016,Median weekly earnings,WA,Males,Relationship in household,Family member,1534.0,1.7,374.057,5.4,1500.0,1.9,650.391,12.6,1342.0,2.6,,Family member
2016,Median weekly earnings,WA,Males,Relationship in household,"   Husband, wife or partner",1661.497,2.0,600.0,12.9,1644.439,2.3,1067.833,5.0,1575.737,2.2,"Husband, wife or partner",Family member
2016,Median weekly earnings,WA,Males,Relationship in household,      With dependants,1750.0,2.7,800.0,14.4,1726.0,2.5,1238.606,11.0,1669.71,2.8,With dependants,Family member
2016,Median weekly earnings,WA,Males,Relationship in household,      Without dependants,1534.411,2.7,460.567,18.4,1515.245,2.8,927.184,11.3,1446.559,3.1,Without dependants,Family member
2016,Median weekly earnings,WA,Males,Relationship in household,   Lone parent,1560.847,22.0,319.59,52.0,1727.745,16.5,583.226,32.4,1373.6,21.5,Lone parent,Family member
2016,Median weekly earnings,WA,Males,Relationship in household,   Dependent student,903.929,0.1,149.012,8.6,307.709,29.4,120.0,13.9,151.859,11.0,Dependent student,Family member
2016,Median weekly earnings,WA,Males,Relationship in household,   Non-dependent child,1007.703,5.5,397.195,18.9,961.178,5.8,635.358,18.6,865.071,5.1,Non-dependent child,Family member
2016,Median weekly earnings,WA,Males,Relationship in household,   Other related individual,1065.041,25.0,427.295,20.1,961.382,11.3,690.81,69.5,913.0,14.0,Other related individual,Family member
2016,Median weekly earnings,WA,Males,Relationship in household,Non-family member,1300.0,5.0,455.275,11.7,1300.0,5.4,731.901,9.8,1174.709,4.9,,Non-family member
2016,Median weekly earnings,WA,Males,Relationship in household,   Lone person,1310.819,6.6,585.983,20.1,1295.669,5.9,700.0,18.4,1246.816,6.9,Lone person,Non-family member
2016,Median weekly earnings,WA,Males,Relationship in household,   Not living alone,1227.483,6.3,437.332,17.8,1298.587,8.0,760.902,17.5,1102.233,8.0,Not living alone,Non-family member
2016,Median weekly earnings,WA,Males,Relationship in household,Relationship not determined,1444.658,0.1,0.0,0.0,1491.34,0.1,854.261,0.1,1327.983,0.1,,Relationship not determined
2016,Median weekly earnings,WA,Females,Relationship in household,Family member,1228.551,1.9,504.96,3.1,1050.0,2.4,400.0,8.2,860.659,3.0,,Family member
2016,Median weekly earnings,WA,Females,Relationship in household,"   Husband, wife or partner",1254.873,1.9,599.129,4.9,1100.0,3.3,500.0,4.2,950.0,2.7,"Husband, wife or partner",Family member
2016,Median weekly earnings,WA,Females,Relationship in household,      With dependants,1365.521,3.9,600.0,5.0,1018.873,4.7,450.0,6.5,898.893,4.1,With dependants,Family member
2016,Median weekly earnings,WA,Females,Relationship in household,      Without dependants,1250.0,3.0,548.929,7.1,1104.211,3.7,545.595,7.0,1000.0,3.8,Without dependants,Family member
2016,Median weekly earnings,WA,Females,Relationship in household,   Lone parent,1100.0,6.6,669.255,6.9,999.343,4.7,439.618,28.8,861.723,7.4,Lone parent,Family member
2016,Median weekly earnings,WA,Females,Relationship in household,   Dependent student,829.531,0.1,127.1,19.6,342.941,77.9,120.0,13.8,145.351,15.8,Dependent student,Family member
2016,Median weekly earnings,WA,Females,Relationship in household,   Non-dependent child,930.365,3.4,443.931,13.1,876.762,7.0,617.336,18.5,800.0,7.4,Non-dependent child,Family member
2016,Median weekly earnings,WA,Females,Relationship in household,   Other related individual,1200.0,9.0,400.0,37.9,1194.885,6.0,511.1,40.3,1108.055,10.2,Other related individual,Family member
2016,Median weekly earnings,WA,Females,Relationship in household,Non-family member,1230.45,5.2,505.514,12.4,1150.0,5.5,420.899,22.3,988.491,7.7,,Non-family member
2016,Median weekly earnings,WA,Females,Relationship in household,   Lone person,1294.064,4.5,608.238,26.1,1179.693,5.0,419.004,42.6,1149.408,6.6,Lone person,Non-family member
2016,Median weekly earnings,WA,Females,Relationship in household,   Not living alone,1000.0,8.1,455.42,23.2,964.288,9.7,433.481,36.7,779.117,13.1,Not living alone,Non-family member
2016,Median weekly earnings,WA,Females,Relationship in household,Relationship not determined,904.243,0.1,0.0,0.0,904.243,0.1,0.0,0.0,904.243,0.1,,Relationship not determined
2016,Median weekly earnings,TAS,Persons,Relationship in household,Family member,1154.31,2.7,500.0,5.2,1000.0,1.4,400.426,6.6,900.0,1.8,,Family member
2016,Median weekly earnings,TAS,Persons,Relationship in household,"   Husband, wife or partner",1247.129,2.3,583.692,2.2,1052.945,3.1,524.07,7.3,975.809,2.0,"Husband, wife or partner",Family member
2016,Median weekly earnings,TAS,Persons,Relationship in household,      With dependants,1259.149,2.0,600.0,5.3,1100.0,4.1,583.167,4.7,1000.0,2.9,With dependants,Family member
2016,Median weekly earnings,TAS,Persons,Relationship in household,      Without dependants,1150.0,4.1,550.0,7.3,1008.501,3.8,496.893,11.3,911.603,2.1,Without dependants,Family member
2016,Median weekly earnings,TAS,Persons,Relationship in household,   Lone parent,1206.022,7.1,552.821,16.2,996.849,9.5,452.944,35.4,959.298,7.5,Lone parent,Family member
2016,Median weekly earnings,TAS,Persons,Relationship in household,   Dependent student,0.0,0.0,135.753,17.2,398.807,0.1,120.0,17.2,144.221,17.6,Dependent student,Family member
2016,Median weekly earnings,TAS,Persons,Relationship in household,   Non-dependent child,857.277,4.5,464.991,13.5,841.436,5.1,551.014,21.6,755.864,5.4,Non-dependent child,Family member
2016,Median weekly earnings,TAS,Persons,Relationship in household,   Other related individual,886.789,22.3,274.242,64.6,864.327,29.6,488.707,0.1,865.811,24.6,Other related individual,Family member
2016,Median weekly earnings,TAS,Persons,Relationship in household,Non-family member,1142.143,5.2,450.0,11.2,1050.0,4.9,535.435,12.1,979.331,3.9,,Non-family member
2016,Median weekly earnings,TAS,Persons,Relationship in household,   Lone person,1210.634,6.1,500.0,12.0,1077.426,6.0,609.468,24.3,1050.0,3.3,Lone person,Non-family member
2016,Median weekly earnings,TAS,Persons,Relationship in household,   Not living alone,885.208,7.1,400.0,22.1,853.3,28.0,462.667,35.9,755.487,15.6,Not living alone,Non-family member
2016,Median weekly earnings,TAS,Persons,Relationship in household,Relationship not determined,0.0,0.0,419.096,0.1,419.096,0.1,0.0,0.0,419.096,0.1,,Relationship not determined
2016,Median weekly earnings,TAS,Males,Relationship in household,Family member,1200.0,2.3,497.309,7.7,1200.0,3.1,550.0,8.9,1050.0,3.0,,Family member
2016,Median weekly earnings,TAS,Males,Relationship in household,"   Husband, wife or partner",1250.0,1.9,602.849,6.9,1250.0,1.9,658.844,8.6,1200.0,3.2,"Husband, wife or partner",Family member
2016,Median weekly earnings,TAS,Males,Relationship in household,      With dependants,1287.369,3.8,637.844,10.8,1286.687,3.9,666.169,10.1,1250.0,1.8,With dependants,Family member
2016,Median weekly earnings,TAS,Males,Relationship in household,      Without dependants,1200.0,4.1,599.297,10.1,1155.554,4.9,659.197,16.6,1050.0,4.5,Without dependants,Family member
2016,Median weekly earnings,TAS,Males,Relationship in household,   Lone parent,1250.178,8.5,877.5,0.1,1250.0,15.1,1200.0,0.1,1250.0,8.0,Lone parent,Family member
2016,Median weekly earnings,TAS,Males,Relationship in household,   Dependent student,0.0,0.0,100.0,35.4,429.316,0.1,95.809,18.2,100.0,35.4,Dependent student,Family member
2016,Median weekly earnings,TAS,Males,Relationship in household,   Non-dependent child,854.89,6.6,500.0,15.8,858.439,6.8,570.297,24.1,800.0,6.9,Non-dependent child,Family member
2016,Median weekly earnings,TAS,Males,Relationship in household,   Other related individual,884.502,0.1,534.066,0.1,818.766,20.0,950.923,0.1,843.401,23.1,Other related individual,Family member
2016,Median weekly earnings,TAS,Males,Relationship in household,Non-family member,1094.174,6.8,403.708,24.3,1131.618,8.7,684.18,17.1,1000.0,4.1,,Non-family member
2016,Median weekly earnings,TAS,Males,Relationship in household,   Lone person,1200.0,8.2,411.084,0.1,1200.0,8.1,764.794,28.9,1100.148,8.8,Lone person,Non-family member
2016,Median weekly earnings,TAS,Males,Relationship in household,   Not living alone,948.114,7.1,400.0,21.2,890.479,18.6,531.919,28.3,788.802,19.0,Not living alone,Non-family member
2016,Median weekly earnings,TAS,Males,Relationship in household,Relationship not determined,0.0,0.0,419.096,0.1,419.096,0.1,0.0,0.0,419.096,0.1,,Relationship not determined
2016,Median weekly earnings,TAS,Females,Relationship in household,Family member,1050.0,2.5,500.0,5.1,870.904,2.3,338.238,9.6,749.315,2.6,,Family member
2016,Median weekly earnings,TAS,Females,Relationship in household,"   Husband, wife or partner",1074.164,5.9,564.898,3.5,880.0,2.9,441.845,9.0,775.587,2.5,"Husband, wife or partner",Family member
2016,Median weekly earnings,TAS,Females,Relationship in household,      With dependants,1076.179,7.1,600.0,5.8,818.154,4.4,491.106,10.9,750.0,3.4,With dependants,Family member
2016,Median weekly earnings,TAS,Females,Relationship in household,      Without dependants,1074.523,5.9,530.017,8.1,900.0,3.8,399.81,19.9,800.0,4.4,Without dependants,Family member
2016,Median weekly earnings,TAS,Females,Relationship in household,   Lone parent,1004.142,9.4,501.083,17.8,951.353,6.7,352.874,30.6,749.583,12.2,Lone parent,Family member
2016,Median weekly earnings,TAS,Females,Relationship in household,   Dependent student,0.0,0.0,174.152,18.3,285.467,0.1,155.762,19.7,178.87,18.4,Dependent student,Family member
2016,Median weekly earnings,TAS,Females,Relationship in household,   Non-dependent child,900.248,13.9,431.063,22.2,732.793,17.0,448.696,38.9,601.097,18.4,Non-dependent child,Family member
2016,Median weekly earnings,TAS,Females,Relationship in household,   Other related individual,887.807,0.1,178.223,0.1,938.851,25.0,206.501,0.1,877.935,23.7,Other related individual,Family member
2016,Median weekly earnings,TAS,Females,Relationship in household,Non-family member,1207.49,6.8,481.665,10.9,986.024,9.4,447.89,17.6,878.217,7.2,,Non-family member
2016,Median weekly earnings,TAS,Females,Relationship in household,   Lone person,1250.0,6.2,507.583,12.3,1047.189,8.5,485.563,19.8,951.283,5.7,Lone person,Non-family member
2016,Median weekly earnings,TAS,Females,Relationship in household,   Not living alone,846.664,22.3,310.864,50.9,800.0,57.7,311.032,80.8,748.698,11.9,Not living alone,Non-family member
2016,Median weekly earnings,NT,Persons,Relationship in household,Family member,1400.0,3.6,501.261,7.7,1346.0,3.5,550.0,15.3,1248.127,2.4,,Family member
2016,Median weekly earnings,NT,Persons,Relationship in household,"   Husband, wife or partner",1500.0,2.2,650.0,7.8,1441.3,2.6,850.441,8.2,1360.731,3.0,"Husband, wife or partner",Family member
2016,Median weekly earnings,NT,Persons,Relationship in household,      With dependants,1557.992,2.2,681.792,13.0,1500.0,3.7,939.203,18.8,1451.996,3.9,With dependants,Family member
2016,Median weekly earnings,NT,Persons,Relationship in household,      Without dependants,1400.0,3.6,632.263,10.1,1400.0,3.6,750.0,13.0,1300.0,3.5,Without dependants,Family member
2016,Median weekly earnings,NT,Persons,Relationship in household,   Lone parent,1300.0,5.4,600.0,20.3,1227.528,5.3,323.298,47.5,1173.207,4.6,Lone parent,Family member
2016,Median weekly earnings,NT,Persons,Relationship in household,   Dependent student,0.0,0.0,145.627,17.0,405.597,0.1,140.821,17.7,149.494,17.1,Dependent student,Family member
2016,Median weekly earnings,NT,Persons,Relationship in household,   Non-dependent child,1006.915,6.9,381.756,24.9,1000.0,8.0,583.12,24.0,905.668,7.8,Non-dependent child,Family member
2016,Median weekly earnings,NT,Persons,Relationship in household,   Other related individual,1072.452,16.4,491.056,9.7,991.758,18.8,550.0,15.1,699.242,22.3,Other related individual,Family member
2016,Median weekly earnings,NT,Persons,Relationship in household,Non-family member,1300.0,3.0,642.205,17.5,1300.0,3.7,958.417,12.2,1250.0,4.0,,Non-family member
2016,Median weekly earnings,NT,Persons,Relationship in household,   Lone person,1500.0,7.0,758.947,36.7,1442.645,6.4,809.04,33.0,1393.589,6.4,Lone person,Non-family member
2016,Median weekly earnings,NT,Persons,Relationship in household,   Not living alone,1246.168,4.1,583.724,25.7,1250.0,5.8,981.81,13.0,1200.0,5.9,Not living alone,Non-family member
2016,Median weekly earnings,NT,Males,Relationship in household,Family member,1600.0,4.0,424.329,13.7,1600.0,4.0,789.922,20.6,1500.0,3.4,,Family member
2016,Median weekly earnings,NT,Males,Relationship in household,"   Husband, wife or partner",1670.347,4.8,650.0,45.3,1680.772,4.4,1164.765,21.5,1616.322,4.0,"Husband, wife or partner",Family member
2016,Median weekly earnings,NT,Males,Relationship in household,      With dependants,1700.0,6.1,860.395,47.0,1700.0,6.0,1343.969,35.3,1700.0,6.0,With dependants,Family member
2016,Median weekly earnings,NT,Males,Relationship in household,      Without dependants,1600.0,6.6,587.956,63.2,1604.339,5.1,875.661,20.1,1513.096,5.9,Without dependants,Family member
2016,Median weekly earnings,NT,Males,Relationship in household,   Lone parent,1284.837,33.7,394.003,0.1,1284.837,32.8,394.003,0.1,1160.815,25.6,Lone parent,Family member
2016,Median weekly earnings,NT,Males,Relationship in household,   Dependent student,0.0,0.0,120.0,50.3,551.885,3.6,120.0,54.1,135.399,61.5,Dependent student,Family member
2016,Median weekly earnings,NT,Males,Relationship in household,   Non-dependent child,1146.935,8.8,323.142,22.8,1120.291,9.8,611.655,40.2,1050.0,10.8,Non-dependent child,Family member
2016,Median weekly earnings,NT,Males,Relationship in household,   Other related individual,1032.55,0.1,399.051,0.1,964.947,0.1,430.033,67.6,739.828,38.3,Other related individual,Family member
2016,Median weekly earnings,NT,Males,Relationship in household,Non-family member,1303.212,5.0,578.603,0.1,1357.331,7.5,1129.197,15.0,1300.0,5.5,,Non-family member
2016,Median weekly earnings,NT,Males,Relationship in household,   Lone person,1454.73,10.8,554.382,0.1,1442.971,12.6,1240.938,40.5,1405.048,13.8,Lone person,Non-family member
2016,Median weekly earnings,NT,Males,Relationship in household,   Not living alone,1272.397,6.4,591.54,0.1,1300.0,10.3,1057.511,17.8,1203.355,8.6,Not living alone,Non-family member
2016,Median weekly earnings,NT,Females,Relationship in household,Family member,1200.0,2.6,550.0,9.3,1149.765,3.1,504.072,15.7,1050.0,2.4,,Family member
2016,Median weekly earnings,NT,Females,Relationship in household,"   Husband, wife or partner",1219.396,3.2,650.0,8.2,1189.0,3.2,604.775,19.3,1100.0,4.4,"Husband, wife or partner",Family member
2016,Median weekly earnings,NT,Females,Relationship in household,      With dependants,1200.0,4.6,669.569,13.2,1106.344,4.7,550.0,23.4,1100.0,4.6,With dependants,Family member
2016,Median weekly earnings,NT,Females,Relationship in household,      Without dependants,1248.688,5.3,638.819,14.5,1218.919,4.2,663.217,21.3,1100.0,5.1,Without dependants,Family member
2016,Median weekly earnings,NT,Females,Relationship in household,   Lone parent,1300.0,6.1,655.631,16.5,1235.388,5.6,339.135,66.8,1191.893,5.3,Lone parent,Family member
2016,Median weekly earnings,NT,Females,Relationship in household,   Dependent student,0.0,0.0,157.596,23.6,131.695,0.1,159.069,22.2,157.596,23.6,Dependent student,Family member
2016,Median weekly earnings,NT,Females,Relationship in household,   Non-dependent child,957.645,6.0,399.786,12.1,888.849,9.0,586.163,5.9,840.941,10.5,Non-dependent child,Family member
2016,Median weekly earnings,NT,Females,Relationship in household,   Other related individual,1080.632,31.4,550.115,0.1,1014.266,37.8,560.217,0.1,646.371,61.7,Other related individual,Family member
2016,Median weekly earnings,NT,Females,Relationship in household,Non-family member,1250.0,3.3,650.0,37.9,1250.0,5.0,650.0,12.6,1250.0,6.0,,Non-family member
2016,Median weekly earnings,NT,Females,Relationship in household,   Lone person,1500.0,7.4,778.713,36.9,1443.078,6.4,708.06,28.2,1309.646,5.7,Lone person,Non-family member
2016,Median weekly earnings,NT,Females,Relationship in household,   Not living alone,1213.994,6.4,590.116,41.3,1160.4,8.1,650.0,54.6,1100.0,8.6,Not living alone,Non-family member
2016,Median weekly earnings,ACT,Persons,Relationship in household,Family member,1500.0,3.6,600.0,5.6,1400.0,3.3,524.109,8.4,1250.071,3.4,,Family member
2016,Median weekly earnings,ACT,Persons,Relationship in household,"   Husband, wife or partner",1558.145,2.6,750.0,5.2,1500.0,3.4,673.293,7.6,1400.0,3.6,"Husband, wife or partner",Family member
2016,Median weekly earnings,ACT,Persons,Relationship in household,      With dependants,1650.0,2.8,808.158,8.3,1524.554,3.6,651.879,8.7,1434.607,3.9,With dependants,Family member
2016,Median weekly earnings,ACT,Persons,Relationship in household,      Without dependants,1500.0,5.0,611.221,7.9,1477.527,4.3,713.027,18.9,1394.701,4.6,Without dependants,Family member
2016,Median weekly earnings,ACT,Persons,Relationship in household,   Lone parent,1553.712,9.7,599.789,29.8,1386.67,10.0,502.113,94.0,1313.056,10.1,Lone parent,Family member
2016,Median weekly earnings,ACT,Persons,Relationship in household,   Dependent student,921.849,0.1,166.968,14.9,290.16,0.1,168.736,16.4,188.539,14.2,Dependent student,Family member
2016,Median weekly earnings,ACT,Persons,Relationship in household,   Non-dependent child,984.43,6.5,448.416,35.2,951.769,4.5,461.69,64.4,901.451,6.7,Non-dependent child,Family member
2016,Median weekly earnings,ACT,Persons,Relationship in household,   Other related individual,1206.61,22.0,200.0,68.3,1119.898,19.4,208.701,0.1,777.538,35.0,Other related individual,Family member
2016,Median weekly earnings,ACT,Persons,Relationship in household,Non-family member,1356.836,4.7,450.0,19.3,1299.381,5.5,462.164,41.4,1179.61,8.3,,Non-family member
2016,Median weekly earnings,ACT,Persons,Relationship in household,   Lone person,1486.085,5.7,483.377,0.1,1400.0,6.7,471.672,0.1,1350.378,9.9,Lone person,Non-family member
2016,Median weekly earnings,ACT,Persons,Relationship in household,   Not living alone,1171.553,8.4,442.552,25.2,1110.331,9.9,458.379,41.7,950.0,15.1,Not living alone,Non-family member
2016,Median weekly earnings,ACT,Persons,Relationship in household,Relationship not determined,1407.948,21.2,462.394,0.1,1120.189,29.0,363.77,0.1,648.74,0.1,,Relationship not determined
2016,Median weekly earnings,ACT,Males,Relationship in household,Family member,1600.0,3.2,450.0,16.3,1585.408,3.2,600.0,22.8,1500.0,4.4,,Family member
2016,Median weekly earnings,ACT,Males,Relationship in household,"   Husband, wife or partner",1699.244,2.3,784.341,23.7,1697.368,2.3,1072.0,10.5,1635.0,3.1,"Husband, wife or partner",Family member
2016,Median weekly earnings,ACT,Males,Relationship in household,      With dependants,1800.0,5.5,610.815,45.7,1765.832,5.6,1055.745,25.1,1729.102,6.6,With dependants,Family member
2016,Median weekly earnings,ACT,Males,Relationship in household,      Without dependants,1630.978,3.5,829.448,25.7,1603.672,3.5,1043.543,26.5,1550.16,5.0,Without dependants,Family member
2016,Median weekly earnings,ACT,Males,Relationship in household,   Lone parent,1478.11,12.8,0.0,0.0,1478.11,12.8,0.0,0.0,1478.11,12.8,Lone parent,Family member
2016,Median weekly earnings,ACT,Males,Relationship in household,   Dependent student,760.657,0.1,191.745,28.0,470.55,0.1,151.356,36.5,212.837,28.4,Dependent student,Family member
2016,Median weekly earnings,ACT,Males,Relationship in household,   Non-dependent child,1031.69,6.4,480.939,39.6,970.946,6.9,693.869,52.3,960.44,6.7,Non-dependent child,Family member
2016,Median weekly earnings,ACT,Males,Relationship in household,   Other related individual,1074.315,0.1,188.079,0.1,982.851,0.1,190.663,0.1,559.417,42.3,Other related individual,Family member
2016,Median weekly earnings,ACT,Males,Relationship in household,Non-family member,1390.488,4.3,474.658,11.1,1359.609,5.8,477.626,52.1,1224.627,10.3,,Non-family member
2016,Median weekly earnings,ACT,Males,Relationship in household,   Lone person,1427.156,5.9,471.698,0.1,1430.367,7.1,483.124,0.1,1366.969,9.5,Lone person,Non-family member
2016,Median weekly earnings,ACT,Males,Relationship in household,   Not living alone,1267.85,10.2,498.437,29.3,1189.563,13.4,485.501,95.9,997.406,21.4,Not living alone,Non-family member
2016,Median weekly earnings,ACT,Males,Relationship in household,Relationship not determined,0.0,0.0,364.575,0.1,1268.193,0.1,278.304,0.1,567.382,0.1,,Relationship not determined
2016,Median weekly earnings,ACT,Females,Relationship in household,Family member,1385.0,4.6,614.858,4.4,1250.0,3.1,459.402,13.2,1136.576,4.2,,Family member
2016,Median weekly earnings,ACT,Females,Relationship in household,"   Husband, wife or partner",1400.0,4.7,750.0,6.2,1288.6,3.2,600.0,7.9,1239.013,3.6,"Husband, wife or partner",Family member
2016,Median weekly earnings,ACT,Females,Relationship in household,      With dependants,1500.0,7.0,819.525,10.0,1250.324,4.3,600.0,8.8,1209.584,4.3,With dependants,Family member
2016,Median weekly earnings,ACT,Females,Relationship in household,      Without dependants,1377.474,4.6,577.153,7.2,1325.955,6.7,557.82,10.4,1250.0,7.0,Without dependants,Family member
2016,Median weekly earnings,ACT,Females,Relationship in household,   Lone parent,1614.148,14.7,599.789,29.8,1316.261,14.0,502.113,94.0,1152.699,14.8,Lone parent,Family member
2016,Median weekly earnings,ACT,Females,Relationship in household,   Dependent student,1393.884,0.1,162.557,17.5,103.761,0.1,171.943,25.7,169.825,20.4,Dependent student,Family member
2016,Median weekly earnings,ACT,Females,Relationship in household,   Non-dependent child,930.538,12.6,434.687,0.1,914.143,12.6,391.79,0.1,860.966,12.7,Non-dependent child,Family member
2016,Median weekly earnings,ACT,Females,Relationship in household,   Other related individual,1468.991,7.7,532.656,0.1,1239.504,17.6,492.502,0.1,1205.271,29.3,Other related individual,Family member
2016,Median weekly earnings,ACT,Females,Relationship in household,Non-family member,1345.94,9.3,343.899,43.9,1253.886,9.3,413.719,72.7,1093.782,9.4,,Non-family member
2016,Median weekly earnings,ACT,Females,Relationship in household,   Lone person,1506.316,8.3,516.637,39.0,1350.539,12.7,465.61,84.5,1346.065,13.8,Lone person,Non-family member
2016,Median weekly earnings,ACT,Females,Relationship in household,   Not living alone,1052.636,12.4,295.607,63.8,1049.194,18.4,413.365,0.1,822.093,28.8,Not living alone,Non-family member
2016,Median weekly earnings,ACT,Females,Relationship in household,Relationship not determined,1359.754,0.1,468.359,0.1,1088.807,0.1,0.0,0.0,850.012,0.1,,Relationship not determined
2017,Median weekly earnings,Australia,Persons,Relationship in household,Family member,1298.0,0.7,500.0,0.3,1192.0,1.0,500.0,1.2,1010.0,0.7,,Family member
2017,Median weekly earnings,Australia,Persons,Relationship in household,"   Husband, wife or partner",1394.0,0.9,625.0,2.0,1250.0,0.7,690.0,1.8,1150.0,0.8,"Husband, wife or partner",Family member
2017,Median weekly earnings,Australia,Persons,Relationship in household,      With dependants,1500.0,0.9,650.0,2.0,1300.0,1.6,674.0,2.8,1200.0,1.0,With dependants,Family member
2017,Median weekly earnings,Australia,Persons,Relationship in household,      Without dependants,1300.0,1.5,600.0,1.9,1200.0,1.2,700.0,3.2,1100.0,1.3,Without dependants,Family member
2017,Median weekly earnings,Australia,Persons,Relationship in household,   Lone parent,1289.68,3.6,553.736,3.7,1100.0,3.7,587.363,9.3,999.321,1.3,Lone parent,Family member
2017,Median weekly earnings,Australia,Persons,Relationship in household,   Dependent student,893.52,11.4,150.0,2.7,326.373,11.2,150.0,2.3,156.0,3.3,Dependent student,Family member
2017,Median weekly earnings,Australia,Persons,Relationship in household,   Non-dependent child,979.706,1.1,419.149,2.8,947.66,1.6,541.297,4.7,849.503,2.0,Non-dependent child,Family member
2017,Median weekly earnings,Australia,Persons,Relationship in household,   Other related individual,1092.504,4.5,466.02,8.0,1023.36,3.4,497.677,10.2,900.0,3.3,Other related individual,Family member
2017,Median weekly earnings,Australia,Persons,Relationship in household,Non-family member,1250.0,1.4,500.0,1.6,1200.0,1.7,592.961,3.0,1046.083,1.5,,Non-family member
2017,Median weekly earnings,Australia,Persons,Relationship in household,   Lone person,1312.177,2.1,557.09,4.4,1250.439,1.9,619.746,5.2,1150.0,2.2,Lone person,Non-family member
2017,Median weekly earnings,Australia,Persons,Relationship in household,   Not living alone,1150.0,2.0,450.0,4.1,1127.0,1.8,558.598,4.7,911.731,2.8,Not living alone,Non-family member
2017,Median weekly earnings,Australia,Persons,Relationship in household,Relationship not determined,1147.818,13.9,496.672,9.3,1135.113,17.9,500.0,49.8,1044.739,7.5,,Relationship not determined
2017,Median weekly earnings,Australia,Males,Relationship in household,Family member,1400.0,1.0,400.0,1.4,1400.0,1.2,666.442,3.1,1225.664,1.0,,Family member
2017,Median weekly earnings,Australia,Males,Relationship in household,"   Husband, wife or partner",1500.0,0.4,629.124,3.4,1500.0,0.7,900.0,1.5,1400.0,1.2,"Husband, wife or partner",Family member
2017,Median weekly earnings,Australia,Males,Relationship in household,      With dependants,1585.0,1.2,687.777,3.9,1600.0,1.2,972.634,1.3,1500.0,0.8,With dependants,Family member
2017,Median weekly earnings,Australia,Males,Relationship in household,      Without dependants,1400.0,1.5,600.0,4.7,1380.584,1.3,869.745,2.4,1280.0,1.0,Without dependants,Family member
2017,Median weekly earnings,Australia,Males,Relationship in household,   Lone parent,1500.0,3.9,450.0,17.7,1500.0,4.0,954.508,14.6,1444.81,4.6,Lone parent,Family member
2017,Median weekly earnings,Australia,Males,Relationship in household,   Dependent student,959.927,22.0,150.0,5.8,394.795,13.7,140.0,5.4,160.0,5.7,Dependent student,Family member
2017,Median weekly earnings,Australia,Males,Relationship in household,   Non-dependent child,997.0,1.2,400.0,3.1,958.0,1.9,600.0,4.3,884.181,1.4,Non-dependent child,Family member
2017,Median weekly earnings,Australia,Males,Relationship in household,   Other related individual,1090.447,4.6,459.63,10.9,1057.543,4.1,600.123,10.4,900.0,4.3,Other related individual,Family member
2017,Median weekly earnings,Australia,Males,Relationship in household,Non-family member,1250.0,1.7,491.688,3.3,1249.96,1.7,650.0,5.9,1100.0,2.0,,Non-family member
2017,Median weekly earnings,Australia,Males,Relationship in household,   Lone person,1348.639,2.3,543.489,4.7,1342.0,2.3,757.941,5.0,1227.359,2.7,Lone person,Non-family member
2017,Median weekly earnings,Australia,Males,Relationship in household,   Not living alone,1150.0,2.2,450.0,5.3,1128.387,3.3,600.0,5.8,936.0,3.3,Not living alone,Non-family member
2017,Median weekly earnings,Australia,Males,Relationship in household,Relationship not determined,1131.698,19.4,497.254,36.1,1110.038,26.5,727.385,22.5,1034.904,8.4,,Relationship not determined
2017,Median weekly earnings,Australia,Females,Relationship in household,Family member,1157.0,1.1,540.0,1.4,1000.0,0.1,420.283,2.8,864.0,0.9,,Family member
2017,Median weekly earnings,Australia,Females,Relationship in household,"   Husband, wife or partner",1217.0,1.0,625.0,2.0,1026.0,1.2,544.109,2.8,945.0,0.8,"Husband, wife or partner",Family member
2017,Median weekly earnings,Australia,Females,Relationship in household,      With dependants,1250.0,2.0,650.0,2.4,1000.0,0.8,505.32,3.5,900.0,0.7,With dependants,Family member
2017,Median weekly earnings,Australia,Females,Relationship in household,      Without dependants,1200.0,2.1,600.0,2.0,1050.0,2.3,560.0,3.8,964.46,1.5,Without dependants,Family member
2017,Median weekly earnings,Australia,Females,Relationship in household,   Lone parent,1200.0,2.7,561.0,4.1,1000.0,1.1,550.0,8.4,900.0,2.7,Lone parent,Family member
2017,Median weekly earnings,Australia,Females,Relationship in household,   Dependent student,800.0,13.8,150.0,2.7,300.0,15.3,150.0,3.4,153.0,3.8,Dependent student,Family member
2017,Median weekly earnings,Australia,Females,Relationship in household,   Non-dependent child,969.494,1.3,440.0,4.6,900.0,1.2,489.003,4.7,800.0,2.0,Non-dependent child,Family member
2017,Median weekly earnings,Australia,Females,Relationship in household,   Other related individual,1070.366,5.1,485.177,8.4,1000.0,4.6,400.0,12.7,878.693,4.1,Other related individual,Family member
2017,Median weekly earnings,Australia,Females,Relationship in household,Non-family member,1250.0,2.0,500.0,2.9,1161.957,2.0,490.0,3.2,1000.0,0.8,,Non-family member
2017,Median weekly earnings,Australia,Females,Relationship in household,   Lone person,1300.0,2.5,574.739,6.1,1200.0,2.4,466.784,7.6,1071.035,3.0,Lone person,Non-family member
2017,Median weekly earnings,Australia,Females,Relationship in household,   Not living alone,1150.0,4.0,472.911,4.3,1100.0,2.4,498.054,6.4,900.0,3.6,Not living alone,Non-family member
2017,Median weekly earnings,Australia,Females,Relationship in household,Relationship not determined,1714.182,0.1,500.0,19.9,1583.629,13.7,472.768,0.1,1057.721,29.2,,Relationship not determined
2017,Median weekly earnings,NSW,Persons,Relationship in household,Family member,1281.0,1.3,500.0,2.5,1200.0,1.1,500.0,5.0,1041.0,1.3,,Family member
2017,Median weekly earnings,NSW,Persons,Relationship in household,"   Husband, wife or partner",1400.0,2.4,615.0,2.4,1280.0,1.0,700.0,4.3,1181.744,1.1,"Husband, wife or partner",Family member
2017,Median weekly earnings,NSW,Persons,Relationship in household,      With dependants,1500.0,2.1,628.679,3.2,1313.574,2.2,690.0,3.0,1200.0,2.0,With dependants,Family member
2017,Median weekly earnings,NSW,Persons,Relationship in household,      Without dependants,1300.885,2.9,600.0,4.3,1225.549,2.1,728.617,6.3,1150.0,2.2,Without dependants,Family member
2017,Median weekly earnings,NSW,Persons,Relationship in household,   Lone parent,1350.0,4.7,529.788,9.4,1200.0,5.0,582.793,16.0,1052.746,3.9,Lone parent,Family member
2017,Median weekly earnings,NSW,Persons,Relationship in household,   Dependent student,936.08,36.3,150.0,6.6,459.2,20.8,150.0,6.4,150.283,7.3,Dependent student,Family member
2017,Median weekly earnings,NSW,Persons,Relationship in household,   Non-dependent child,1000.0,1.1,442.0,7.1,974.0,1.3,600.0,9.2,900.0,2.6,Non-dependent child,Family member
2017,Median weekly earnings,NSW,Persons,Relationship in household,   Other related individual,1051.61,3.9,505.047,9.7,1000.0,2.7,509.992,20.2,909.177,4.8,Other related individual,Family member
2017,Median weekly earnings,NSW,Persons,Relationship in household,Non-family member,1298.406,1.9,501.01,5.6,1256.0,2.7,560.389,5.2,1082.042,3.5,,Non-family member
2017,Median weekly earnings,NSW,Persons,Relationship in household,   Lone person,1350.0,4.6,582.881,6.4,1300.0,2.9,600.0,5.7,1200.0,3.9,Lone person,Non-family member
2017,Median weekly earnings,NSW,Persons,Relationship in household,   Not living alone,1250.0,3.1,454.077,6.9,1219.57,3.7,553.8,7.2,998.138,3.8,Not living alone,Non-family member
2017,Median weekly earnings,NSW,Persons,Relationship in household,Relationship not determined,1211.422,47.5,526.258,8.8,1131.301,44.3,864.56,0.1,970.528,21.0,,Relationship not determined
2017,Median weekly earnings,NSW,Males,Relationship in household,Family member,1400.0,1.8,437.856,3.5,1400.0,2.3,650.0,5.1,1230.107,1.8,,Family member
2017,Median weekly earnings,NSW,Males,Relationship in household,"   Husband, wife or partner",1519.066,1.9,669.732,6.3,1519.737,1.8,894.972,4.6,1450.0,2.1,"Husband, wife or partner",Family member
2017,Median weekly earnings,NSW,Males,Relationship in household,      With dependants,1600.0,2.8,673.296,8.7,1600.0,2.7,898.903,5.4,1534.433,1.8,With dependants,Family member
2017,Median weekly earnings,NSW,Males,Relationship in household,      Without dependants,1403.748,3.6,653.573,9.8,1400.0,3.6,869.904,5.5,1300.0,2.9,Without dependants,Family member
2017,Median weekly earnings,NSW,Males,Relationship in household,   Lone parent,1531.252,6.9,430.537,37.7,1534.0,8.2,942.758,22.6,1500.0,8.8,Lone parent,Family member
2017,Median weekly earnings,NSW,Males,Relationship in household,   Dependent student,963.808,89.7,149.498,11.5,521.284,14.5,140.577,10.0,168.244,17.2,Dependent student,Family member
2017,Median weekly earnings,NSW,Males,Relationship in household,   Non-dependent child,1000.0,1.6,443.106,7.9,1000.0,1.9,603.13,13.9,933.684,3.6,Non-dependent child,Family member
2017,Median weekly earnings,NSW,Males,Relationship in household,   Other related individual,1078.244,5.5,475.027,26.0,1038.238,5.8,594.874,29.7,900.0,6.9,Other related individual,Family member
2017,Median weekly earnings,NSW,Males,Relationship in household,Non-family member,1250.0,2.8,500.0,8.0,1251.461,3.0,620.848,8.0,1092.125,4.4,,Non-family member
2017,Median weekly earnings,NSW,Males,Relationship in household,   Lone person,1300.0,5.1,551.635,17.7,1322.433,5.8,688.651,13.6,1227.221,5.8,Lone person,Non-family member
2017,Median weekly earnings,NSW,Males,Relationship in household,   Not living alone,1200.0,4.2,450.0,9.8,1200.0,4.7,600.0,11.7,955.909,7.7,Not living alone,Non-family member
2017,Median weekly earnings,NSW,Males,Relationship in household,Relationship not determined,1130.726,78.5,717.849,6.3,1086.933,80.4,1001.806,0.1,982.354,52.3,,Relationship not determined
2017,Median weekly earnings,NSW,Females,Relationship in household,Family member,1150.0,2.0,529.0,2.4,1000.0,1.3,428.0,6.0,900.0,1.3,,Family member
2017,Median weekly earnings,NSW,Females,Relationship in household,"   Husband, wife or partner",1224.653,1.9,600.0,2.2,1050.0,1.9,556.66,3.5,960.0,1.8,"Husband, wife or partner",Family member
2017,Median weekly earnings,NSW,Females,Relationship in household,      With dependants,1250.0,3.3,624.68,3.2,1000.0,2.0,535.847,5.2,910.092,2.8,With dependants,Family member
2017,Median weekly earnings,NSW,Females,Relationship in household,      Without dependants,1202.687,3.4,591.213,4.1,1077.922,3.3,600.0,5.9,1000.0,2.3,Without dependants,Family member
2017,Median weekly earnings,NSW,Females,Relationship in household,   Lone parent,1250.0,3.9,535.92,8.5,1000.0,4.9,535.399,18.3,950.0,2.7,Lone parent,Family member
2017,Median weekly earnings,NSW,Females,Relationship in household,   Dependent student,776.526,0.1,150.0,9.4,190.084,65.9,150.0,8.2,150.0,8.7,Dependent student,Family member
2017,Median weekly earnings,NSW,Females,Relationship in household,   Non-dependent child,1000.0,4.0,441.65,9.5,919.061,3.1,568.104,11.6,820.047,3.4,Non-dependent child,Family member
2017,Median weekly earnings,NSW,Females,Relationship in household,   Other related individual,1007.41,5.4,529.453,19.7,965.562,3.6,453.893,42.9,919.797,5.5,Other related individual,Family member
2017,Median weekly earnings,NSW,Females,Relationship in household,Non-family member,1342.0,3.9,509.9,8.3,1257.053,3.0,499.119,8.6,1050.365,3.8,,Non-family member
2017,Median weekly earnings,NSW,Females,Relationship in household,   Lone person,1441.71,5.0,600.0,10.4,1276.632,5.3,499.929,14.2,1136.47,5.8,Lone person,Non-family member
2017,Median weekly earnings,NSW,Females,Relationship in household,   Not living alone,1300.0,4.9,480.0,7.2,1250.0,4.9,491.801,10.5,1000.0,4.2,Not living alone,Non-family member
2017,Median weekly earnings,NSW,Females,Relationship in household,Relationship not determined,0.0,0.0,503.74,0.1,1254.326,0.1,0.0,0.0,582.601,0.1,,Relationship not determined
2017,Median weekly earnings,VIC,Persons,Relationship in household,Family member,1281.0,1.4,495.0,2.5,1150.0,2.2,450.0,4.3,1000.0,0.4,,Family member
2017,Median weekly earnings,VIC,Persons,Relationship in household,"   Husband, wife or partner",1342.0,1.9,640.0,2.8,1204.0,1.8,672.126,4.3,1113.812,1.7,"Husband, wife or partner",Family member
2017,Median weekly earnings,VIC,Persons,Relationship in household,      With dependants,1402.077,3.1,684.549,3.2,1250.0,2.1,650.0,8.6,1150.0,2.3,With dependants,Family member
2017,Median weekly earnings,VIC,Persons,Relationship in household,      Without dependants,1299.006,1.8,600.0,4.3,1176.977,3.1,675.512,8.8,1073.619,2.2,Without dependants,Family member
2017,Median weekly earnings,VIC,Persons,Relationship in household,   Lone parent,1302.442,9.4,576.083,7.2,1009.538,7.8,600.0,12.9,910.375,4.2,Lone parent,Family member
2017,Median weekly earnings,VIC,Persons,Relationship in household,   Dependent student,871.846,31.9,150.642,7.9,380.958,12.4,140.0,6.2,166.698,8.8,Dependent student,Family member
2017,Median weekly earnings,VIC,Persons,Relationship in household,   Non-dependent child,1000.0,2.5,414.377,4.4,958.294,3.2,600.0,10.4,887.0,2.7,Non-dependent child,Family member
2017,Median weekly earnings,VIC,Persons,Relationship in household,   Other related individual,1225.801,10.4,399.84,15.7,1181.327,6.4,400.0,27.6,896.886,6.6,Other related individual,Family member
2017,Median weekly earnings,VIC,Persons,Relationship in household,Non-family member,1208.0,2.1,474.074,4.8,1146.515,2.4,541.923,9.0,1000.0,2.3,,Non-family member
2017,Median weekly earnings,VIC,Persons,Relationship in household,   Lone person,1280.74,3.8,519.409,8.8,1208.0,3.6,559.839,12.7,1100.0,3.5,Lone person,Non-family member
2017,Median weekly earnings,VIC,Persons,Relationship in household,   Not living alone,1100.01,4.5,450.0,7.4,1057.04,3.8,500.678,16.4,925.792,3.7,Not living alone,Non-family member
2017,Median weekly earnings,VIC,Persons,Relationship in household,Relationship not determined,1134.574,0.1,360.6,0.1,1133.067,0.1,312.605,12.5,1063.022,0.1,,Relationship not determined
2017,Median weekly earnings,VIC,Males,Relationship in household,Family member,1350.0,2.6,400.0,6.1,1348.168,2.9,600.0,8.5,1200.0,2.1,,Family member
2017,Median weekly earnings,VIC,Males,Relationship in household,"   Husband, wife or partner",1450.0,2.0,648.482,5.1,1450.0,2.1,890.637,4.3,1350.0,2.2,"Husband, wife or partner",Family member
2017,Median weekly earnings,VIC,Males,Relationship in household,      With dependants,1500.0,2.8,723.745,7.2,1531.272,2.9,973.217,4.2,1473.04,3.0,With dependants,Family member
2017,Median weekly earnings,VIC,Males,Relationship in household,      Without dependants,1380.0,2.8,538.668,12.7,1367.184,3.2,817.618,3.9,1262.0,2.8,Without dependants,Family member
2017,Median weekly earnings,VIC,Males,Relationship in household,   Lone parent,1447.882,14.9,506.168,0.1,1597.737,14.7,1103.09,38.0,1350.813,15.4,Lone parent,Family member
2017,Median weekly earnings,VIC,Males,Relationship in household,   Dependent student,1167.742,0.1,138.163,10.4,384.926,15.3,120.0,9.7,140.0,12.5,Dependent student,Family member
2017,Median weekly earnings,VIC,Males,Relationship in household,   Non-dependent child,1000.0,2.6,400.0,9.7,996.794,3.7,624.329,14.0,914.79,2.3,Non-dependent child,Family member
2017,Median weekly earnings,VIC,Males,Relationship in household,   Other related individual,1034.864,19.1,380.013,37.3,1098.871,18.5,472.831,40.6,886.242,20.6,Other related individual,Family member
2017,Median weekly earnings,VIC,Males,Relationship in household,Non-family member,1200.0,2.1,450.0,9.0,1176.881,3.1,601.496,13.7,1050.0,2.7,,Non-family member
2017,Median weekly earnings,VIC,Males,Relationship in household,   Lone person,1334.962,4.0,453.237,28.2,1277.289,5.0,706.368,17.6,1176.357,3.8,Lone person,Non-family member
2017,Median weekly earnings,VIC,Males,Relationship in household,   Not living alone,1101.877,4.6,437.78,7.6,1091.968,5.0,589.414,15.1,937.083,3.9,Not living alone,Non-family member
2017,Median weekly earnings,VIC,Males,Relationship in household,Relationship not determined,1133.153,0.1,239.299,0.1,1093.509,0.1,0.0,0.0,1060.476,0.1,,Relationship not determined
2017,Median weekly earnings,VIC,Females,Relationship in household,Family member,1158.0,2.2,528.0,2.5,1000.0,1.1,400.0,4.7,863.0,1.4,,Family member
2017,Median weekly earnings,VIC,Females,Relationship in household,"   Husband, wife or partner",1200.0,2.5,637.755,2.8,1000.0,1.5,480.561,5.4,920.0,1.6,"Husband, wife or partner",Family member
2017,Median weekly earnings,VIC,Females,Relationship in household,      With dependants,1200.0,3.5,650.0,3.0,1000.0,1.9,480.0,6.9,909.0,1.7,With dependants,Family member
2017,Median weekly earnings,VIC,Females,Relationship in household,      Without dependants,1200.0,4.0,600.0,4.3,1000.0,2.4,500.0,9.9,948.425,2.7,Without dependants,Family member
2017,Median weekly earnings,VIC,Females,Relationship in household,   Lone parent,1293.19,8.2,584.077,7.2,998.314,5.8,574.916,15.5,850.0,4.8,Lone parent,Family member
2017,Median weekly earnings,VIC,Females,Relationship in household,   Dependent student,828.007,38.6,174.234,8.8,326.068,21.3,155.751,9.0,180.064,8.3,Dependent student,Family member
2017,Median weekly earnings,VIC,Females,Relationship in household,   Non-dependent child,1000.0,4.2,444.66,6.1,950.0,3.5,491.106,11.9,831.672,3.7,Non-dependent child,Family member
2017,Median weekly earnings,VIC,Females,Relationship in household,   Other related individual,1246.696,10.0,399.643,18.9,1187.367,7.2,318.629,16.2,946.037,14.4,Other related individual,Family member
2017,Median weekly earnings,VIC,Females,Relationship in household,Non-family member,1210.401,3.4,498.56,6.9,1100.0,3.9,446.15,14.4,1000.0,2.4,,Non-family member
2017,Median weekly earnings,VIC,Females,Relationship in household,   Lone person,1250.0,6.3,544.222,11.1,1128.365,5.1,487.824,15.0,1025.092,4.1,Lone person,Non-family member
2017,Median weekly earnings,VIC,Females,Relationship in household,   Not living alone,1100.516,5.6,450.0,13.8,1050.444,4.2,428.085,23.5,917.705,5.1,Not living alone,Non-family member
2017,Median weekly earnings,VIC,Females,Relationship in household,Relationship not determined,0.0,0.0,0.0,0.0,0.0,0.0,0.0,0.0,1132.426,0.1,,Relationship not determined
2017,Median weekly earnings,QLD,Persons,Relationship in household,Family member,1250.0,1.9,520.0,2.4,1187.3,1.1,550.0,4.6,1000.0,0.5,,Family member
2017,Median weekly earnings,QLD,Persons,Relationship in household,"   Husband, wife or partner",1349.719,2.3,625.0,2.9,1250.0,1.9,713.19,4.7,1150.0,2.2,"Husband, wife or partner",Family member
2017,Median weekly earnings,QLD,Persons,Relationship in household,      With dependants,1500.0,2.7,648.0,3.9,1308.931,2.9,700.0,6.0,1200.0,2.1,With dependants,Family member
2017,Median weekly earnings,QLD,Persons,Relationship in household,      Without dependants,1250.0,2.0,600.0,3.2,1185.407,1.8,749.876,6.0,1100.0,1.8,Without dependants,Family member
2017,Median weekly earnings,QLD,Persons,Relationship in household,   Lone parent,1114.528,3.5,600.0,13.7,1041.141,3.4,619.196,14.9,963.009,2.8,Lone parent,Family member
2017,Median weekly earnings,QLD,Persons,Relationship in household,   Dependent student,611.533,0.1,150.933,3.4,250.698,24.2,150.0,4.4,154.0,4.7,Dependent student,Family member
2017,Median weekly earnings,QLD,Persons,Relationship in household,   Non-dependent child,900.0,2.6,459.801,5.7,858.931,2.7,533.768,5.8,760.0,2.7,Non-dependent child,Family member
2017,Median weekly earnings,QLD,Persons,Relationship in household,   Other related individual,1075.489,10.8,502.427,20.3,1073.183,10.6,600.501,17.2,818.244,10.2,Other related individual,Family member
2017,Median weekly earnings,QLD,Persons,Relationship in household,Non-family member,1200.0,3.2,512.079,6.4,1184.0,3.2,600.0,4.9,1000.0,2.2,,Non-family member
2017,Median weekly earnings,QLD,Persons,Relationship in household,   Lone person,1249.523,4.5,591.596,8.9,1210.662,3.9,634.386,8.0,1100.0,4.6,Lone person,Non-family member
2017,Median weekly earnings,QLD,Persons,Relationship in household,   Not living alone,1124.378,5.5,498.521,9.5,1071.801,5.5,600.0,8.5,849.0,7.5,Not living alone,Non-family member
2017,Median weekly earnings,QLD,Persons,Relationship in household,Relationship not determined,993.425,0.1,1303.884,0.1,1098.274,15.9,0.0,0.0,1098.274,15.9,,Relationship not determined
2017,Median weekly earnings,QLD,Males,Relationship in household,Family member,1400.0,2.8,400.664,5.7,1400.0,2.9,762.21,4.8,1216.194,1.2,,Family member
2017,Median weekly earnings,QLD,Males,Relationship in household,"   Husband, wife or partner",1500.0,2.8,619.343,8.1,1500.0,2.3,1000.0,3.7,1400.0,3.6,"Husband, wife or partner",Family member
2017,Median weekly earnings,QLD,Males,Relationship in household,      With dependants,1600.0,3.2,629.365,10.2,1600.0,2.9,1007.784,5.5,1515.0,2.6,With dependants,Family member
2017,Median weekly earnings,QLD,Males,Relationship in household,      Without dependants,1313.14,3.5,600.0,10.6,1317.61,3.8,900.0,5.2,1247.769,2.0,Without dependants,Family member
2017,Median weekly earnings,QLD,Males,Relationship in household,   Lone parent,1425.296,12.9,918.998,17.0,1418.407,14.9,1002.397,35.9,1382.596,12.0,Lone parent,Family member
2017,Median weekly earnings,QLD,Males,Relationship in household,   Dependent student,682.008,0.1,173.855,8.9,227.841,28.8,161.866,10.1,178.56,8.1,Dependent student,Family member
2017,Median weekly earnings,QLD,Males,Relationship in household,   Non-dependent child,900.257,4.3,358.867,8.1,849.328,4.0,609.135,11.7,767.0,4.3,Non-dependent child,Family member
2017,Median weekly earnings,QLD,Males,Relationship in household,   Other related individual,1118.109,10.3,553.299,30.4,1095.67,11.5,744.325,28.0,921.395,10.9,Other related individual,Family member
2017,Median weekly earnings,QLD,Males,Relationship in household,Non-family member,1243.972,4.2,543.382,10.9,1246.582,4.9,700.0,8.8,1100.0,4.4,,Non-family member
2017,Median weekly earnings,QLD,Males,Relationship in household,   Lone person,1247.596,6.3,628.119,12.0,1295.821,5.9,762.64,10.4,1152.111,5.8,Lone person,Non-family member
2017,Median weekly earnings,QLD,Males,Relationship in household,   Not living alone,1221.506,6.5,475.331,16.8,1143.361,7.9,609.831,17.2,902.861,9.9,Not living alone,Non-family member
2017,Median weekly earnings,QLD,Males,Relationship in household,Relationship not determined,894.822,0.1,0.0,0.0,994.521,0.1,0.0,0.0,994.521,0.1,,Relationship not determined
2017,Median weekly earnings,QLD,Females,Relationship in household,Family member,1150.0,1.4,550.0,2.7,1000.0,1.3,458.572,4.3,850.0,1.7,,Family member
2017,Median weekly earnings,QLD,Females,Relationship in household,"   Husband, wife or partner",1200.0,2.1,625.947,3.0,1056.823,2.4,552.86,4.6,917.256,1.6,"Husband, wife or partner",Family member
2017,Median weekly earnings,QLD,Females,Relationship in household,      With dependants,1250.0,3.9,648.819,4.0,1057.0,2.6,516.464,6.5,900.0,2.4,With dependants,Family member
2017,Median weekly earnings,QLD,Females,Relationship in household,      Without dependants,1158.166,2.6,600.0,3.8,1054.776,3.1,600.0,3.8,950.0,2.7,Without dependants,Family member
2017,Median weekly earnings,QLD,Females,Relationship in household,   Lone parent,1050.578,3.6,559.978,13.2,1000.0,2.6,557.148,16.5,881.8,6.0,Lone parent,Family member
2017,Median weekly earnings,QLD,Females,Relationship in household,   Dependent student,672.498,0.1,147.745,5.9,308.699,31.1,139.418,6.0,150.0,5.9,Dependent student,Family member
2017,Median weekly earnings,QLD,Females,Relationship in household,   Non-dependent child,900.927,4.9,500.292,5.4,895.007,3.2,500.572,9.1,750.0,5.5,Non-dependent child,Family member
2017,Median weekly earnings,QLD,Females,Relationship in household,   Other related individual,900.0,16.5,418.029,30.6,884.396,17.9,347.65,38.1,769.525,12.3,Other related individual,Family member
2017,Median weekly earnings,QLD,Females,Relationship in household,Non-family member,1150.0,5.5,500.0,9.2,1096.091,4.7,514.53,10.9,950.0,3.3,,Non-family member
2017,Median weekly earnings,QLD,Females,Relationship in household,   Lone person,1250.0,5.8,540.184,14.5,1132.914,7.4,390.493,20.0,1000.0,4.4,Lone person,Non-family member
2017,Median weekly earnings,QLD,Females,Relationship in household,   Not living alone,1050.988,4.9,500.0,8.2,1030.925,8.5,556.589,9.2,796.686,6.8,Not living alone,Non-family member
2017,Median weekly earnings,QLD,Females,Relationship in household,Relationship not determined,1655.735,0.1,0.0,0.0,1576.033,13.8,0.0,0.0,1576.033,9.5,,Relationship not determined
2017,Median weekly earnings,SA,Persons,Relationship in household,Family member,1189.0,1.3,510.0,2.5,1100.0,1.3,500.0,4.1,959.168,1.5,,Family member
2017,Median weekly earnings,SA,Persons,Relationship in household,"   Husband, wife or partner",1230.0,1.7,650.0,3.9,1137.012,2.0,689.73,4.7,1043.774,1.5,"Husband, wife or partner",Family member
2017,Median weekly earnings,SA,Persons,Relationship in household,      With dependants,1300.0,2.6,641.83,5.6,1200.0,3.2,650.0,9.7,1075.997,2.5,With dependants,Family member
2017,Median weekly earnings,SA,Persons,Relationship in household,      Without dependants,1150.0,2.2,650.738,5.8,1100.0,2.3,700.0,5.4,1000.0,2.3,Without dependants,Family member
2017,Median weekly earnings,SA,Persons,Relationship in household,   Lone parent,1215.077,6.0,556.732,6.8,1050.428,4.4,552.542,19.9,998.316,6.9,Lone parent,Family member
2017,Median weekly earnings,SA,Persons,Relationship in household,   Dependent student,0.0,0.0,150.0,9.3,194.291,26.1,149.532,10.2,150.0,9.3,Dependent student,Family member
2017,Median weekly earnings,SA,Persons,Relationship in household,   Non-dependent child,944.253,4.0,409.825,10.0,900.0,6.4,500.0,10.2,731.323,4.8,Non-dependent child,Family member
2017,Median weekly earnings,SA,Persons,Relationship in household,   Other related individual,1039.39,7.6,422.305,19.9,986.741,12.3,507.465,22.4,751.95,10.7,Other related individual,Family member
2017,Median weekly earnings,SA,Persons,Relationship in household,Non-family member,1174.101,4.2,568.274,9.2,1122.66,3.7,600.0,13.5,1000.0,4.1,,Non-family member
2017,Median weekly earnings,SA,Persons,Relationship in household,   Lone person,1246.494,4.0,606.587,10.5,1152.186,4.5,751.138,8.8,1100.0,4.6,Lone person,Non-family member
2017,Median weekly earnings,SA,Persons,Relationship in household,   Not living alone,1000.968,7.0,462.729,16.7,1042.301,5.8,470.0,16.8,894.311,5.6,Not living alone,Non-family member
2017,Median weekly earnings,SA,Persons,Relationship in household,Relationship not determined,0.0,0.0,470.123,0.1,0.0,0.0,470.123,0.1,470.123,0.1,,Relationship not determined
2017,Median weekly earnings,SA,Males,Relationship in household,Family member,1236.985,2.4,421.157,9.7,1236.344,2.3,695.87,5.1,1100.0,1.7,,Family member
2017,Median weekly earnings,SA,Males,Relationship in household,"   Husband, wife or partner",1289.829,1.9,630.124,6.9,1300.0,2.3,850.0,4.5,1200.0,2.4,"Husband, wife or partner",Family member
2017,Median weekly earnings,SA,Males,Relationship in household,      With dependants,1320.663,2.3,605.324,10.6,1320.718,2.2,855.785,5.9,1286.253,2.7,With dependants,Family member
2017,Median weekly earnings,SA,Males,Relationship in household,      Without dependants,1200.075,4.2,683.972,10.1,1205.382,3.6,800.0,5.8,1100.0,3.5,Without dependants,Family member
2017,Median weekly earnings,SA,Males,Relationship in household,   Lone parent,1464.506,12.2,229.071,80.3,1335.661,13.0,385.911,0.1,1245.878,12.7,Lone parent,Family member
2017,Median weekly earnings,SA,Males,Relationship in household,   Dependent student,0.0,0.0,150.0,17.8,203.113,224.3,144.361,18.5,150.0,17.8,Dependent student,Family member
2017,Median weekly earnings,SA,Males,Relationship in household,   Non-dependent child,950.0,5.3,469.73,12.4,948.01,8.4,549.842,9.8,722.545,8.8,Non-dependent child,Family member
2017,Median weekly earnings,SA,Males,Relationship in household,   Other related individual,945.728,17.6,321.015,58.6,870.776,14.8,599.276,54.9,700.0,12.2,Other related individual,Family member
2017,Median weekly earnings,SA,Males,Relationship in household,Non-family member,1200.0,3.8,500.0,11.0,1200.0,3.6,785.533,9.7,1093.159,4.7,,Non-family member
2017,Median weekly earnings,SA,Males,Relationship in household,   Lone person,1284.186,4.0,546.079,10.3,1249.128,5.6,954.036,15.8,1200.0,5.4,Lone person,Non-family member
2017,Median weekly earnings,SA,Males,Relationship in household,   Not living alone,1001.62,7.5,406.521,25.4,1082.738,6.0,470.0,30.5,919.345,5.5,Not living alone,Non-family member
2017,Median weekly earnings,SA,Females,Relationship in household,Family member,1100.0,3.5,539.496,4.4,985.841,1.4,400.098,6.6,821.73,1.7,,Family member
2017,Median weekly earnings,SA,Females,Relationship in household,"   Husband, wife or partner",1116.535,3.4,650.0,4.1,1000.0,1.3,520.0,11.5,883.727,2.0,"Husband, wife or partner",Family member
2017,Median weekly earnings,SA,Females,Relationship in household,      With dependants,1200.0,7.0,650.0,7.2,950.0,2.7,490.15,13.8,849.093,3.5,With dependants,Family member
2017,Median weekly earnings,SA,Females,Relationship in household,      Without dependants,1100.0,4.0,650.0,5.9,1012.408,3.3,548.718,13.0,920.0,3.1,Without dependants,Family member
2017,Median weekly earnings,SA,Females,Relationship in household,   Lone parent,1190.706,5.3,562.39,7.7,969.814,7.4,597.033,17.3,898.757,7.1,Lone parent,Family member
2017,Median weekly earnings,SA,Females,Relationship in household,   Dependent student,0.0,0.0,150.0,10.0,154.659,0.1,150.0,10.4,150.0,10.0,Dependent student,Family member
2017,Median weekly earnings,SA,Females,Relationship in household,   Non-dependent child,900.0,5.4,400.0,13.3,885.392,6.4,371.509,14.2,740.281,5.6,Non-dependent child,Family member
2017,Median weekly earnings,SA,Females,Relationship in household,   Other related individual,1108.785,29.7,481.211,22.8,1100.799,33.5,500.0,41.0,810.187,18.4,Other related individual,Family member
2017,Median weekly earnings,SA,Females,Relationship in household,Non-family member,1100.0,6.5,649.589,10.5,1016.769,6.0,467.308,13.4,900.0,5.2,,Non-family member
2017,Median weekly earnings,SA,Females,Relationship in household,   Lone person,1190.181,5.7,652.508,14.8,1012.836,7.5,436.042,27.1,922.406,7.7,Lone person,Non-family member
2017,Median weekly earnings,SA,Females,Relationship in household,   Not living alone,981.375,28.2,576.186,14.8,1019.78,15.8,484.166,23.2,789.371,15.4,Not living alone,Non-family member
2017,Median weekly earnings,SA,Females,Relationship in household,Relationship not determined,0.0,0.0,500.0,0.1,0.0,0.0,500.0,0.1,500.0,0.1,,Relationship not determined
2017,Median weekly earnings,WA,Persons,Relationship in household,Family member,1433.056,2.0,495.0,3.0,1297.544,1.8,480.0,5.5,1100.0,2.1,,Family member
2017,Median weekly earnings,WA,Persons,Relationship in household,"   Husband, wife or partner",1500.0,1.2,610.362,2.7,1400.0,1.7,664.536,4.9,1264.556,1.2,"Husband, wife or partner",Family member
2017,Median weekly earnings,WA,Persons,Relationship in household,      With dependants,1630.0,2.7,608.693,3.4,1500.0,2.5,608.616,6.0,1342.094,2.9,With dependants,Family member
2017,Median weekly earnings,WA,Persons,Relationship in household,      Without dependants,1400.0,2.6,610.394,7.9,1340.642,2.9,700.0,5.6,1200.0,2.4,Without dependants,Family member
2017,Median weekly earnings,WA,Persons,Relationship in household,   Lone parent,1363.229,6.9,550.0,9.6,1098.918,7.4,493.316,22.0,937.33,7.0,Lone parent,Family member
2017,Median weekly earnings,WA,Persons,Relationship in household,   Dependent student,961.014,0.1,160.066,11.1,380.719,38.4,158.149,11.9,169.229,10.6,Dependent student,Family member
2017,Median weekly earnings,WA,Persons,Relationship in household,   Non-dependent child,901.895,3.6,322.752,10.8,883.097,2.9,440.439,16.5,760.0,6.9,Non-dependent child,Family member
2017,Median weekly earnings,WA,Persons,Relationship in household,   Other related individual,1247.182,21.6,485.308,22.6,1048.509,20.1,423.811,68.9,920.199,14.4,Other related individual,Family member
2017,Median weekly earnings,WA,Persons,Relationship in household,Non-family member,1364.662,5.4,500.0,6.3,1300.0,4.1,562.953,9.1,1105.617,3.3,,Non-family member
2017,Median weekly earnings,WA,Persons,Relationship in household,   Lone person,1498.433,4.4,576.166,15.2,1386.488,4.3,660.761,13.8,1300.0,4.9,Lone person,Non-family member
2017,Median weekly earnings,WA,Persons,Relationship in household,   Not living alone,1087.185,6.7,497.266,7.2,1030.039,7.5,548.349,10.3,797.815,5.0,Not living alone,Non-family member
2017,Median weekly earnings,WA,Persons,Relationship in household,Relationship not determined,2233.902,0.1,374.069,0.1,2233.902,0.1,374.069,0.1,1294.242,71.5,,Relationship not determined
2017,Median weekly earnings,WA,Males,Relationship in household,Family member,1535.841,1.7,346.685,10.9,1527.33,1.7,540.0,12.7,1400.0,2.0,,Family member
2017,Median weekly earnings,WA,Males,Relationship in household,"   Husband, wife or partner",1631.79,1.8,587.532,11.3,1621.393,1.9,1043.139,7.5,1550.0,1.8,"Husband, wife or partner",Family member
2017,Median weekly earnings,WA,Males,Relationship in household,      With dependants,1750.0,2.8,622.137,13.3,1750.0,2.6,1200.0,9.4,1698.035,2.6,With dependants,Family member
2017,Median weekly earnings,WA,Males,Relationship in household,      Without dependants,1500.0,2.9,498.431,16.0,1484.144,2.6,932.015,11.5,1400.0,3.6,Without dependants,Family member
2017,Median weekly earnings,WA,Males,Relationship in household,   Lone parent,1504.208,13.8,205.475,0.1,1448.238,14.0,168.436,0.1,1254.304,15.1,Lone parent,Family member
2017,Median weekly earnings,WA,Males,Relationship in household,   Dependent student,1241.123,0.1,148.014,13.8,726.143,68.5,130.917,17.5,155.323,13.1,Dependent student,Family member
2017,Median weekly earnings,WA,Males,Relationship in household,   Non-dependent child,999.263,4.4,311.825,21.9,930.49,4.8,570.432,16.9,873.913,3.6,Non-dependent child,Family member
2017,Median weekly earnings,WA,Males,Relationship in household,   Other related individual,1285.638,31.4,460.302,27.1,1059.638,27.4,364.928,72.0,892.921,21.4,Other related individual,Family member
2017,Median weekly earnings,WA,Males,Relationship in household,Non-family member,1472.936,5.9,501.161,7.7,1436.714,7.1,645.032,17.7,1186.49,6.6,,Non-family member
2017,Median weekly earnings,WA,Males,Relationship in household,   Lone person,1549.777,6.5,506.912,21.4,1594.86,5.7,750.0,16.2,1500.0,8.1,Lone person,Non-family member
2017,Median weekly earnings,WA,Males,Relationship in household,   Not living alone,1100.0,10.3,500.0,7.4,913.707,9.6,561.461,24.8,832.779,14.5,Not living alone,Non-family member
2017,Median weekly earnings,WA,Males,Relationship in household,Relationship not determined,3036.087,0.1,0.0,0.0,3036.087,0.1,0.0,0.0,2370.256,0.1,,Relationship not determined
2017,Median weekly earnings,WA,Females,Relationship in household,Family member,1250.0,2.0,534.796,5.0,1009.398,1.5,448.868,5.9,850.0,3.0,,Family member
2017,Median weekly earnings,WA,Females,Relationship in household,"   Husband, wife or partner",1300.0,2.0,617.055,3.1,1075.567,3.3,546.665,6.1,954.698,2.7,"Husband, wife or partner",Family member
2017,Median weekly earnings,WA,Females,Relationship in household,      With dependants,1269.882,5.9,601.888,4.1,1017.032,3.8,500.0,8.5,901.308,5.1,With dependants,Family member
2017,Median weekly earnings,WA,Females,Relationship in household,      Without dependants,1303.657,2.8,626.793,6.2,1150.0,4.3,596.703,10.0,1000.0,4.4,Without dependants,Family member
2017,Median weekly earnings,WA,Females,Relationship in household,   Lone parent,1341.869,8.1,551.286,9.3,1019.0,7.8,583.525,14.8,850.0,9.6,Lone parent,Family member
2017,Median weekly earnings,WA,Females,Relationship in household,   Dependent student,456.011,0.1,180.0,10.3,277.037,51.4,180.0,13.3,185.494,11.3,Dependent student,Family member
2017,Median weekly earnings,WA,Females,Relationship in household,   Non-dependent child,899.087,6.1,329.155,8.7,759.334,13.2,381.527,15.2,590.957,15.5,Non-dependent child,Family member
2017,Median weekly earnings,WA,Females,Relationship in household,   Other related individual,1236.07,21.4,508.814,18.1,1049.45,28.1,653.979,0.1,950.123,32.0,Other related individual,Family member
2017,Median weekly earnings,WA,Females,Relationship in household,Non-family member,1289.175,5.4,500.0,13.5,1200.0,5.3,499.921,10.3,1038.758,5.2,,Non-family member
2017,Median weekly earnings,WA,Females,Relationship in household,   Lone person,1344.859,6.3,601.913,23.6,1277.965,4.8,442.478,39.1,1192.27,6.2,Lone person,Non-family member
2017,Median weekly earnings,WA,Females,Relationship in household,   Not living alone,1050.435,12.7,435.014,11.5,1054.207,16.9,500.0,15.3,700.653,10.2,Not living alone,Non-family member
2017,Median weekly earnings,WA,Females,Relationship in household,Relationship not determined,0.0,0.0,0.0,0.0,0.0,0.0,0.0,0.0,607.328,0.1,,Relationship not determined
2017,Median weekly earnings,TAS,Persons,Relationship in household,Family member,1190.0,1.8,500.0,5.1,1050.0,2.4,421.97,8.4,920.0,2.6,,Family member
2017,Median weekly earnings,TAS,Persons,Relationship in household,"   Husband, wife or partner",1249.681,2.2,575.0,3.9,1100.0,2.3,525.468,7.3,1000.0,1.8,"Husband, wife or partner",Family member
2017,Median weekly earnings,TAS,Persons,Relationship in household,      With dependants,1299.459,4.7,600.0,6.4,1118.013,3.4,500.0,11.3,1000.0,2.6,With dependants,Family member
2017,Median weekly earnings,TAS,Persons,Relationship in household,      Without dependants,1200.0,3.0,559.611,6.1,1090.102,3.5,550.0,8.8,993.558,3.3,Without dependants,Family member
2017,Median weekly earnings,TAS,Persons,Relationship in household,   Lone parent,1250.285,9.1,562.822,7.9,1023.858,10.6,539.53,19.7,890.539,10.2,Lone parent,Family member
2017,Median weekly earnings,TAS,Persons,Relationship in household,   Dependent student,0.0,0.0,121.291,16.7,140.374,66.8,120.0,17.4,123.703,16.0,Dependent student,Family member
2017,Median weekly earnings,TAS,Persons,Relationship in household,   Non-dependent child,880.0,4.9,400.0,14.3,801.378,6.3,570.716,17.0,757.985,6.1,Non-dependent child,Family member
2017,Median weekly earnings,TAS,Persons,Relationship in household,   Other related individual,1210.241,33.9,575.695,0.1,1092.212,13.5,762.393,0.1,1061.328,34.2,Other related individual,Family member
2017,Median weekly earnings,TAS,Persons,Relationship in household,Non-family member,1150.0,4.3,574.144,4.0,1063.977,3.9,631.393,19.5,1000.0,3.4,,Non-family member
2017,Median weekly earnings,TAS,Persons,Relationship in household,   Lone person,1250.0,6.3,566.479,10.6,1150.0,4.8,688.189,24.2,1057.26,5.1,Lone person,Non-family member
2017,Median weekly earnings,TAS,Persons,Relationship in household,   Not living alone,969.287,9.6,592.876,11.4,950.0,9.9,599.549,26.0,900.0,8.0,Not living alone,Non-family member
2017,Median weekly earnings,TAS,Persons,Relationship in household,Relationship not determined,0.0,0.0,0.0,0.0,0.0,0.0,0.0,0.0,892.723,15.6,,Relationship not determined
2017,Median weekly earnings,TAS,Males,Relationship in household,Family member,1203.972,3.7,415.84,16.5,1200.0,3.2,591.28,17.0,1113.607,3.1,,Family member
2017,Median weekly earnings,TAS,Males,Relationship in household,"   Husband, wife or partner",1302.677,3.7,556.848,12.7,1300.0,3.9,673.306,19.5,1200.0,3.2,"Husband, wife or partner",Family member
2017,Median weekly earnings,TAS,Males,Relationship in household,      With dependants,1348.445,4.9,650.691,18.6,1313.925,4.8,822.996,19.5,1284.738,3.4,With dependants,Family member
2017,Median weekly earnings,TAS,Males,Relationship in household,      Without dependants,1284.129,4.0,523.542,23.8,1258.702,5.0,579.777,32.9,1150.0,4.3,Without dependants,Family member
2017,Median weekly earnings,TAS,Males,Relationship in household,   Lone parent,1351.977,14.1,495.285,0.1,1357.812,12.7,830.288,0.1,1087.418,19.6,Lone parent,Family member
2017,Median weekly earnings,TAS,Males,Relationship in household,   Dependent student,0.0,0.0,123.417,20.4,138.529,0.1,115.172,23.9,123.417,20.4,Dependent student,Family member
2017,Median weekly earnings,TAS,Males,Relationship in household,   Non-dependent child,880.0,5.8,447.95,27.1,823.79,12.1,792.456,13.5,806.709,6.9,Non-dependent child,Family member
2017,Median weekly earnings,TAS,Males,Relationship in household,   Other related individual,1270.498,41.0,0.0,0.0,1380.542,36.1,961.31,0.1,1231.277,41.3,Other related individual,Family member
2017,Median weekly earnings,TAS,Males,Relationship in household,Non-family member,1199.227,7.3,566.034,18.4,1113.729,8.8,792.235,19.1,1071.402,5.0,,Non-family member
2017,Median weekly earnings,TAS,Males,Relationship in household,   Lone person,1339.58,8.1,546.21,17.4,1300.0,8.2,974.45,26.6,1158.664,5.9,Lone person,Non-family member
2017,Median weekly earnings,TAS,Males,Relationship in household,   Not living alone,949.938,8.9,600.0,34.8,952.128,10.5,612.84,0.1,840.869,7.7,Not living alone,Non-family member
2017,Median weekly earnings,TAS,Males,Relationship in household,Relationship not determined,0.0,0.0,0.0,0.0,0.0,0.0,0.0,0.0,892.723,15.6,,Relationship not determined
2017,Median weekly earnings,TAS,Females,Relationship in household,Family member,1100.0,3.3,532.083,3.4,865.028,2.9,376.159,8.2,700.0,2.6,,Family member
2017,Median weekly earnings,TAS,Females,Relationship in household,"   Husband, wife or partner",1112.265,4.7,580.725,3.0,884.185,3.6,489.162,7.9,763.366,2.6,"Husband, wife or partner",Family member
2017,Median weekly earnings,TAS,Females,Relationship in household,      With dependants,1116.713,10.9,600.0,5.5,848.328,4.5,402.408,10.9,728.574,5.1,With dependants,Family member
2017,Median weekly earnings,TAS,Females,Relationship in household,      Without dependants,1112.456,5.7,561.791,4.9,900.0,5.7,547.878,8.0,800.0,4.8,Without dependants,Family member
2017,Median weekly earnings,TAS,Females,Relationship in household,   Lone parent,1243.001,9.2,573.524,8.1,921.135,12.6,501.371,21.0,750.0,9.2,Lone parent,Family member
2017,Median weekly earnings,TAS,Females,Relationship in household,   Dependent student,0.0,0.0,122.489,20.8,139.615,0.1,121.734,21.7,124.901,20.8,Dependent student,Family member
2017,Median weekly earnings,TAS,Females,Relationship in household,   Non-dependent child,863.743,13.1,375.849,15.1,734.482,15.3,359.802,22.9,563.28,16.7,Non-dependent child,Family member
2017,Median weekly earnings,TAS,Females,Relationship in household,   Other related individual,1110.355,0.1,582.469,0.1,801.361,0.1,0.0,0.0,705.02,17.5,Other related individual,Family member
2017,Median weekly earnings,TAS,Females,Relationship in household,Non-family member,1068.254,5.7,574.796,9.7,1038.899,5.2,435.607,29.9,962.197,5.7,,Non-family member
2017,Median weekly earnings,TAS,Females,Relationship in household,   Lone person,1168.699,6.1,590.395,18.0,1059.649,7.0,345.769,42.5,1000.0,6.2,Lone person,Non-family member
2017,Median weekly earnings,TAS,Females,Relationship in household,   Not living alone,1026.492,19.4,577.457,12.4,953.238,22.8,599.442,0.1,900.0,15.1,Not living alone,Non-family member
2017,Median weekly earnings,NT,Persons,Relationship in household,Family member,1384.0,3.2,529.402,6.6,1300.0,2.9,558.344,6.9,1200.0,2.1,,Family member
2017,Median weekly earnings,NT,Persons,Relationship in household,"   Husband, wife or partner",1500.0,2.6,649.083,5.9,1400.0,3.6,630.345,12.8,1300.0,3.4,"Husband, wife or partner",Family member
2017,Median weekly earnings,NT,Persons,Relationship in household,      With dependants,1534.215,4.6,700.0,7.6,1500.0,3.6,606.348,11.0,1400.0,4.6,With dependants,Family member
2017,Median weekly earnings,NT,Persons,Relationship in household,      Without dependants,1372.138,5.4,600.0,9.9,1303.995,5.9,783.629,16.9,1250.0,5.2,Without dependants,Family member
2017,Median weekly earnings,NT,Persons,Relationship in household,   Lone parent,1250.0,6.2,689.815,24.4,1245.917,6.2,578.646,0.1,1202.056,7.6,Lone parent,Family member
2017,Median weekly earnings,NT,Persons,Relationship in household,   Dependent student,661.222,0.1,170.0,25.5,207.672,168.9,169.47,49.8,170.0,46.4,Dependent student,Family member
2017,Median weekly earnings,NT,Persons,Relationship in household,   Non-dependent child,974.899,7.2,373.185,58.2,978.02,9.1,840.657,21.1,920.0,5.5,Non-dependent child,Family member
2017,Median weekly earnings,NT,Persons,Relationship in household,   Other related individual,1380.376,11.3,371.602,0.1,1359.203,11.6,404.602,0.1,972.985,21.5,Other related individual,Family member
2017,Median weekly earnings,NT,Persons,Relationship in household,Non-family member,1300.0,4.9,454.208,16.5,1324.092,5.0,650.0,21.8,1230.015,2.1,,Non-family member
2017,Median weekly earnings,NT,Persons,Relationship in household,   Lone person,1500.0,4.1,505.306,66.8,1500.0,4.1,1000.0,22.4,1472.171,4.7,Lone person,Non-family member
2017,Median weekly earnings,NT,Persons,Relationship in household,   Not living alone,1200.0,3.2,391.569,28.2,1208.028,7.0,562.022,41.6,1177.281,2.2,Not living alone,Non-family member
2017,Median weekly earnings,NT,Persons,Relationship in household,Relationship not determined,1711.544,0.6,0.0,0.0,1711.544,0.6,0.0,0.0,1711.544,0.6,,Relationship not determined
2017,Median weekly earnings,NT,Males,Relationship in household,Family member,1500.0,3.4,495.338,15.5,1500.0,3.4,800.0,11.0,1400.0,4.4,,Family member
2017,Median weekly earnings,NT,Males,Relationship in household,"   Husband, wife or partner",1633.104,5.7,582.455,11.7,1632.081,5.7,878.256,25.3,1600.0,4.0,"Husband, wife or partner",Family member
2017,Median weekly earnings,NT,Males,Relationship in household,      With dependants,1750.0,7.0,598.119,17.0,1745.298,6.6,778.502,41.0,1634.601,7.3,With dependants,Family member
2017,Median weekly earnings,NT,Males,Relationship in household,      Without dependants,1554.892,7.8,539.433,90.4,1552.064,7.4,902.904,43.1,1518.064,8.5,Without dependants,Family member
2017,Median weekly earnings,NT,Males,Relationship in household,   Lone parent,1302.273,31.8,0.0,0.0,1302.273,31.8,0.0,0.0,1302.273,31.8,Lone parent,Family member
2017,Median weekly earnings,NT,Males,Relationship in household,   Dependent student,661.222,0.1,170.0,89.7,222.018,0.1,168.879,0.1,194.457,89.6,Dependent student,Family member
2017,Median weekly earnings,NT,Males,Relationship in household,   Non-dependent child,920.0,6.0,697.953,21.7,938.748,11.2,912.455,14.7,920.0,5.3,Non-dependent child,Family member
2017,Median weekly earnings,NT,Males,Relationship in household,   Other related individual,1421.758,19.4,493.125,0.1,1465.563,16.0,499.979,0.1,1323.4,13.4,Other related individual,Family member
2017,Median weekly earnings,NT,Males,Relationship in household,Non-family member,1417.427,3.9,329.402,0.1,1500.0,4.1,973.951,19.7,1300.0,5.9,,Non-family member
2017,Median weekly earnings,NT,Males,Relationship in household,   Lone person,1500.0,5.7,189.749,0.1,1500.0,4.9,1215.572,37.9,1500.0,5.4,Lone person,Non-family member
2017,Median weekly earnings,NT,Males,Relationship in household,   Not living alone,1261.546,9.0,368.132,0.1,1392.57,13.6,557.669,45.2,1151.58,7.4,Not living alone,Non-family member
2017,Median weekly earnings,NT,Females,Relationship in household,Family member,1250.0,3.1,600.0,9.9,1200.0,2.9,408.327,12.5,1100.0,3.5,,Family member
2017,Median weekly earnings,NT,Females,Relationship in household,"   Husband, wife or partner",1281.0,3.7,700.0,7.3,1242.968,3.1,553.75,6.5,1150.0,3.9,"Husband, wife or partner",Family member
2017,Median weekly earnings,NT,Females,Relationship in household,      With dependants,1368.367,5.1,750.0,8.3,1250.0,5.1,545.293,12.8,1100.0,5.8,With dependants,Family member
2017,Median weekly earnings,NT,Females,Relationship in household,      Without dependants,1250.0,5.1,600.0,11.7,1206.375,5.1,558.903,19.6,1174.775,4.4,Without dependants,Family member
2017,Median weekly earnings,NT,Females,Relationship in household,   Lone parent,1253.631,9.0,689.815,24.4,1153.248,9.2,578.646,0.1,1150.0,8.9,Lone parent,Family member
2017,Median weekly earnings,NT,Females,Relationship in household,   Dependent student,0.0,0.0,163.655,57.8,353.172,0.1,169.025,81.7,163.655,57.8,Dependent student,Family member
2017,Median weekly earnings,NT,Females,Relationship in household,   Non-dependent child,1092.665,35.6,393.314,0.1,1041.932,26.2,301.591,0.1,905.946,22.6,Non-dependent child,Family member
2017,Median weekly earnings,NT,Females,Relationship in household,   Other related individual,986.675,19.1,331.336,0.1,931.797,19.2,330.479,0.1,820.319,35.4,Other related individual,Family member
2017,Median weekly earnings,NT,Females,Relationship in household,Non-family member,1226.158,4.6,504.536,18.1,1231.043,6.1,522.599,36.1,1200.0,2.1,,Non-family member
2017,Median weekly earnings,NT,Females,Relationship in household,   Lone person,1466.277,5.9,742.555,182.4,1499.352,7.6,505.041,0.1,1269.749,7.1,Lone person,Non-family member
2017,Median weekly earnings,NT,Females,Relationship in household,   Not living alone,1200.0,2.1,466.802,0.1,1200.0,2.9,579.052,51.6,1188.736,2.4,Not living alone,Non-family member
2017,Median weekly earnings,NT,Females,Relationship in household,Relationship not determined,1608.853,0.8,0.0,0.0,1608.853,0.8,0.0,0.0,1608.853,0.8,,Relationship not determined
2017,Median weekly earnings,ACT,Persons,Relationship in household,Family member,1542.958,2.5,575.0,9.1,1487.934,1.9,400.0,13.0,1300.0,3.2,,Family member
2017,Median weekly earnings,ACT,Persons,Relationship in household,"   Husband, wife or partner",1634.0,2.9,821.0,5.0,1500.0,2.7,751.55,14.4,1441.988,1.8,"Husband, wife or partner",Family member
2017,Median weekly earnings,ACT,Persons,Relationship in household,      With dependants,1712.867,2.6,914.453,5.5,1500.0,2.6,378.066,38.4,1500.0,2.8,With dependants,Family member
2017,Median weekly earnings,ACT,Persons,Relationship in household,      Without dependants,1500.763,4.8,657.92,9.9,1438.667,5.9,800.674,11.4,1309.634,5.6,Without dependants,Family member
2017,Median weekly earnings,ACT,Persons,Relationship in household,   Lone parent,1745.022,8.9,687.571,37.7,1528.164,8.4,523.015,156.7,1510.885,7.7,Lone parent,Family member
2017,Median weekly earnings,ACT,Persons,Relationship in household,   Dependent student,892.425,0.1,120.0,16.4,360.195,65.2,118.0,11.3,150.0,16.1,Dependent student,Family member
2017,Median weekly earnings,ACT,Persons,Relationship in household,   Non-dependent child,930.44,10.3,424.755,16.7,919.101,7.6,495.476,20.8,800.0,6.5,Non-dependent child,Family member
2017,Median weekly earnings,ACT,Persons,Relationship in household,   Other related individual,982.467,26.0,0.0,0.0,976.235,27.0,623.737,0.1,878.963,12.4,Other related individual,Family member
2017,Median weekly earnings,ACT,Persons,Relationship in household,Non-family member,1435.137,3.3,425.064,9.7,1400.0,4.6,459.222,25.0,1292.21,8.3,,Non-family member
2017,Median weekly earnings,ACT,Persons,Relationship in household,   Lone person,1531.274,5.0,498.214,0.1,1500.0,5.5,544.797,0.1,1409.199,9.9,Lone person,Non-family member
2017,Median weekly earnings,ACT,Persons,Relationship in household,   Not living alone,1332.079,6.5,354.307,8.1,1286.722,8.4,402.888,23.3,1150.0,10.8,Not living alone,Non-family member
2017,Median weekly earnings,ACT,Males,Relationship in household,Family member,1700.699,5.1,400.0,23.1,1673.303,4.5,675.969,18.2,1500.0,4.1,,Family member
2017,Median weekly earnings,ACT,Males,Relationship in household,"   Husband, wife or partner",1750.0,4.8,804.733,25.5,1750.0,4.5,1000.0,15.9,1720.0,5.4,"Husband, wife or partner",Family member
2017,Median weekly earnings,ACT,Males,Relationship in household,      With dependants,1822.092,3.8,1484.859,19.4,1808.305,3.8,974.708,43.0,1797.309,4.5,With dependants,Family member
2017,Median weekly earnings,ACT,Males,Relationship in household,      Without dependants,1593.837,7.9,766.398,22.6,1575.0,9.2,1016.824,16.9,1487.174,6.5,Without dependants,Family member
2017,Median weekly earnings,ACT,Males,Relationship in household,   Lone parent,1881.762,27.8,0.0,0.0,1749.912,41.1,0.0,0.0,1881.762,27.8,Lone parent,Family member
2017,Median weekly earnings,ACT,Males,Relationship in household,   Dependent student,896.129,0.1,150.0,15.5,275.554,0.1,124.699,52.3,156.891,38.7,Dependent student,Family member
2017,Median weekly earnings,ACT,Males,Relationship in household,   Non-dependent child,899.924,7.8,466.974,14.6,908.897,8.3,638.499,8.3,838.173,8.1,Non-dependent child,Family member
2017,Median weekly earnings,ACT,Males,Relationship in household,   Other related individual,998.202,0.1,0.0,0.0,876.581,7.6,0.0,0.0,998.202,0.1,Other related individual,Family member
2017,Median weekly earnings,ACT,Males,Relationship in household,Non-family member,1459.887,8.8,374.83,47.3,1457.0,9.1,711.206,39.1,1341.969,11.3,,Non-family member
2017,Median weekly earnings,ACT,Males,Relationship in household,   Lone person,1600.556,11.8,505.042,0.1,1601.359,7.5,950.0,64.6,1500.0,9.9,Lone person,Non-family member
2017,Median weekly earnings,ACT,Males,Relationship in household,   Not living alone,1241.866,9.4,363.241,18.6,1168.536,11.7,575.948,57.2,1057.141,12.8,Not living alone,Non-family member
2017,Median weekly earnings,ACT,Females,Relationship in household,Family member,1448.337,3.3,646.98,8.4,1299.0,3.9,341.251,7.2,1150.0,4.5,,Family member
2017,Median weekly earnings,ACT,Females,Relationship in household,"   Husband, wife or partner",1500.0,3.4,828.447,5.6,1300.0,3.9,408.103,23.9,1200.0,3.7,"Husband, wife or partner",Family member
2017,Median weekly earnings,ACT,Females,Relationship in household,      With dependants,1510.868,4.6,900.0,6.3,1250.0,5.1,348.621,15.8,1198.703,7.4,With dependants,Family member
2017,Median weekly earnings,ACT,Females,Relationship in household,      Without dependants,1437.0,5.9,586.203,15.6,1400.0,5.7,548.391,20.2,1211.732,7.0,Without dependants,Family member
2017,Median weekly earnings,ACT,Females,Relationship in household,   Lone parent,1548.256,12.2,687.571,37.7,1489.778,8.4,472.839,195.0,1418.687,8.6,Lone parent,Family member
2017,Median weekly earnings,ACT,Females,Relationship in household,   Dependent student,774.659,0.1,112.473,26.3,421.895,0.1,105.0,26.5,120.0,25.2,Dependent student,Family member
2017,Median weekly earnings,ACT,Females,Relationship in household,   Non-dependent child,1200.0,10.9,328.531,27.9,961.925,12.9,302.251,65.2,776.768,15.1,Non-dependent child,Family member
2017,Median weekly earnings,ACT,Females,Relationship in household,   Other related individual,866.89,0.1,0.0,0.0,1039.511,0.1,517.155,2.5,751.202,0.1,Other related individual,Family member
2017,Median weekly earnings,ACT,Females,Relationship in household,Non-family member,1400.0,3.7,427.356,11.4,1393.851,4.7,401.067,22.3,1255.441,7.1,,Non-family member
2017,Median weekly earnings,ACT,Females,Relationship in household,   Lone person,1468.202,6.2,487.146,69.5,1409.378,8.8,442.545,0.1,1338.596,12.5,Lone person,Non-family member
2017,Median weekly earnings,ACT,Females,Relationship in household,   Not living alone,1348.494,9.1,340.326,24.2,1342.304,11.3,349.289,25.3,1184.985,15.4,Not living alone,Non-family member
2018,Median weekly earnings,Australia,Persons,Relationship in household,Family member,1346.0,1.0,528.0,1.8,1232.0,1.0,500.0,1.3,1057.784,1.0,,Family member
2018,Median weekly earnings,Australia,Persons,Relationship in household,"   Husband, wife or partner",1436.0,1.0,650.0,0.8,1300.0,0.6,710.418,1.8,1200.0,0.4,"Husband, wife or partner",Family member
2018,Median weekly earnings,Australia,Persons,Relationship in household,      With dependants,1500.0,0.7,680.0,1.8,1350.0,1.1,725.0,2.4,1250.0,1.1,With dependants,Family member
2018,Median weekly earnings,Australia,Persons,Relationship in household,      Without dependants,1345.702,1.4,604.0,1.9,1250.0,0.7,700.0,2.4,1150.0,1.3,Without dependants,Family member
2018,Median weekly earnings,Australia,Persons,Relationship in household,   Lone parent,1304.0,2.9,608.0,4.4,1157.265,2.2,600.0,6.4,1029.634,1.9,Lone parent,Family member
2018,Median weekly earnings,Australia,Persons,Relationship in household,   Dependent student,900.0,12.4,160.0,2.9,407.146,9.6,150.0,3.4,168.528,3.0,Dependent student,Family member
2018,Median weekly earnings,Australia,Persons,Relationship in household,   Non-dependent child,1000.0,0.9,500.0,3.9,988.187,1.1,572.421,3.4,870.0,1.5,Non-dependent child,Family member
2018,Median weekly earnings,Australia,Persons,Relationship in household,   Other related individual,1100.0,3.7,450.0,5.7,1046.772,3.1,524.692,7.2,900.0,3.0,Other related individual,Family member
2018,Median weekly earnings,Australia,Persons,Relationship in household,Non-family member,1300.0,1.3,520.0,2.0,1246.0,1.0,625.0,6.1,1109.096,1.5,,Non-family member
2018,Median weekly earnings,Australia,Persons,Relationship in household,   Lone person,1400.0,1.5,575.775,5.9,1300.0,2.0,700.0,7.8,1204.0,1.1,Lone person,Non-family member
2018,Median weekly earnings,Australia,Persons,Relationship in household,   Not living alone,1153.632,1.8,479.092,2.7,1134.466,2.0,550.0,5.2,974.0,2.0,Not living alone,Non-family member
2018,Median weekly earnings,Australia,Persons,Relationship in household,Relationship not determined,1249.028,7.6,417.705,18.3,1135.268,11.1,477.848,29.2,797.639,19.0,,Relationship not determined
2018,Median weekly earnings,Australia,Males,Relationship in household,Family member,1440.0,1.5,450.0,3.7,1426.0,1.0,688.809,3.1,1280.0,1.0,,Family member
2018,Median weekly earnings,Australia,Males,Relationship in household,"   Husband, wife or partner",1523.18,1.3,663.476,2.4,1511.846,1.0,958.711,2.7,1463.04,1.3,"Husband, wife or partner",Family member
2018,Median weekly earnings,Australia,Males,Relationship in household,      With dependants,1610.0,1.0,732.064,3.2,1605.631,0.8,1072.153,3.6,1551.439,1.6,With dependants,Family member
2018,Median weekly earnings,Australia,Males,Relationship in household,      Without dependants,1443.451,1.8,625.0,2.2,1426.749,1.9,880.0,2.0,1342.0,1.5,Without dependants,Family member
2018,Median weekly earnings,Australia,Males,Relationship in household,   Lone parent,1532.404,2.9,617.657,16.7,1574.826,2.4,911.728,17.5,1448.526,5.5,Lone parent,Family member
2018,Median weekly earnings,Australia,Males,Relationship in household,   Dependent student,957.634,17.0,160.0,5.3,494.381,9.8,150.0,4.8,178.638,7.0,Dependent student,Family member
2018,Median weekly earnings,Australia,Males,Relationship in household,   Non-dependent child,1009.0,1.3,499.976,3.7,1000.0,1.3,600.0,5.8,900.0,2.4,Non-dependent child,Family member
2018,Median weekly earnings,Australia,Males,Relationship in household,   Other related individual,1200.0,3.8,443.649,8.7,1200.0,5.3,600.0,11.5,1000.0,5.6,Other related individual,Family member
2018,Median weekly earnings,Australia,Males,Relationship in household,Non-family member,1350.0,1.9,498.106,3.2,1300.0,1.9,749.863,6.7,1200.0,1.4,,Non-family member
2018,Median weekly earnings,Australia,Males,Relationship in household,   Lone person,1448.641,1.8,514.0,7.1,1400.0,1.8,800.0,14.2,1300.0,2.1,Lone person,Non-family member
2018,Median weekly earnings,Australia,Males,Relationship in household,   Not living alone,1200.0,1.8,464.309,4.6,1181.221,3.1,650.0,9.7,1000.0,3.2,Not living alone,Non-family member
2018,Median weekly earnings,Australia,Males,Relationship in household,Relationship not determined,1199.743,9.9,400.0,34.9,1051.469,16.5,400.0,45.2,777.522,23.7,,Relationship not determined
2018,Median weekly earnings,Australia,Females,Relationship in household,Family member,1227.0,1.0,550.0,1.0,1039.938,0.8,431.201,3.0,900.0,0.1,,Family member
2018,Median weekly earnings,Australia,Females,Relationship in household,"   Husband, wife or partner",1261.51,0.9,650.0,1.1,1071.057,1.2,550.0,3.6,975.0,1.1,"Husband, wife or partner",Family member
2018,Median weekly earnings,Australia,Females,Relationship in household,      With dependants,1312.0,1.8,670.197,1.8,1037.0,1.9,514.427,2.5,941.702,1.3,With dependants,Family member
2018,Median weekly earnings,Australia,Females,Relationship in household,      Without dependants,1250.0,0.7,600.0,2.0,1100.0,1.2,597.813,4.1,1000.0,0.1,Without dependants,Family member
2018,Median weekly earnings,Australia,Females,Relationship in household,   Lone parent,1250.0,2.0,607.309,5.3,1099.029,2.4,547.204,4.7,980.0,1.3,Lone parent,Family member
2018,Median weekly earnings,Australia,Females,Relationship in household,   Dependent student,873.575,18.8,156.0,6.5,358.354,17.4,150.0,6.1,160.0,5.7,Dependent student,Family member
2018,Median weekly earnings,Australia,Females,Relationship in household,   Non-dependent child,1000.0,2.3,500.0,4.2,956.836,2.7,500.0,6.8,826.123,2.3,Non-dependent child,Family member
2018,Median weekly earnings,Australia,Females,Relationship in household,   Other related individual,1019.88,4.3,450.0,7.7,939.888,4.5,450.0,12.1,769.637,5.0,Other related individual,Family member
2018,Median weekly earnings,Australia,Females,Relationship in household,Non-family member,1246.0,1.0,541.0,3.2,1167.391,1.4,561.142,5.1,1038.394,2.0,,Non-family member
2018,Median weekly earnings,Australia,Females,Relationship in household,   Lone person,1315.519,2.3,624.0,6.7,1229.224,1.7,650.0,7.8,1108.445,2.7,Lone person,Non-family member
2018,Median weekly earnings,Australia,Females,Relationship in household,   Not living alone,1131.279,2.7,480.109,4.0,1100.0,2.8,524.541,6.6,915.512,5.1,Not living alone,Non-family member
2018,Median weekly earnings,Australia,Females,Relationship in household,Relationship not determined,1250.0,18.7,486.835,15.6,1177.01,24.3,540.389,32.2,812.012,21.2,,Relationship not determined
2018,Median weekly earnings,NSW,Persons,Relationship in household,Family member,1365.938,1.3,536.0,2.6,1250.0,1.7,550.0,4.6,1054.0,1.5,,Family member
2018,Median weekly earnings,NSW,Persons,Relationship in household,"   Husband, wife or partner",1491.023,1.3,650.0,2.4,1344.489,1.5,749.724,3.8,1202.0,1.3,"Husband, wife or partner",Family member
2018,Median weekly earnings,NSW,Persons,Relationship in household,      With dependants,1563.611,2.4,650.0,2.8,1419.0,2.2,720.0,5.3,1280.683,2.8,With dependants,Family member
2018,Median weekly earnings,NSW,Persons,Relationship in household,      Without dependants,1377.406,2.6,650.0,3.5,1269.152,2.1,750.0,5.1,1152.208,2.1,Without dependants,Family member
2018,Median weekly earnings,NSW,Persons,Relationship in household,   Lone parent,1250.0,5.2,600.0,8.4,1084.224,5.5,593.304,13.7,957.886,3.9,Lone parent,Family member
2018,Median weekly earnings,NSW,Persons,Relationship in household,   Dependent student,905.791,29.6,180.0,6.8,449.92,17.2,175.233,7.3,200.0,6.2,Dependent student,Family member
2018,Median weekly earnings,NSW,Persons,Relationship in household,   Non-dependent child,1063.64,3.0,540.0,5.7,1027.504,3.0,654.063,7.2,920.0,2.1,Non-dependent child,Family member
2018,Median weekly earnings,NSW,Persons,Relationship in household,   Other related individual,1100.0,7.8,484.108,6.1,1045.234,8.6,573.704,8.0,863.0,6.3,Other related individual,Family member
2018,Median weekly earnings,NSW,Persons,Relationship in household,Non-family member,1346.589,3.7,500.0,3.8,1262.0,3.8,600.0,9.2,1148.215,3.2,,Non-family member
2018,Median weekly earnings,NSW,Persons,Relationship in household,   Lone person,1434.99,3.0,550.0,4.9,1334.0,4.4,699.135,11.6,1207.81,3.3,Lone person,Non-family member
2018,Median weekly earnings,NSW,Persons,Relationship in household,   Not living alone,1246.584,4.4,457.977,5.6,1200.0,3.3,533.41,10.5,1000.0,6.1,Not living alone,Non-family member
2018,Median weekly earnings,NSW,Persons,Relationship in household,Relationship not determined,1310.868,17.3,449.236,26.7,1271.579,26.3,442.853,48.3,778.086,51.7,,Relationship not determined
2018,Median weekly earnings,NSW,Males,Relationship in household,Family member,1463.809,1.6,456.679,4.9,1463.148,1.7,670.358,4.7,1287.951,1.8,,Family member
2018,Median weekly earnings,NSW,Males,Relationship in household,"   Husband, wife or partner",1600.0,2.2,651.521,2.6,1600.0,1.8,946.186,3.2,1500.0,1.6,"Husband, wife or partner",Family member
2018,Median weekly earnings,NSW,Males,Relationship in household,      With dependants,1681.431,2.3,654.327,5.6,1700.0,2.5,1000.0,5.9,1600.0,3.4,With dependants,Family member
2018,Median weekly earnings,NSW,Males,Relationship in household,      Without dependants,1489.743,2.3,651.57,3.9,1450.0,2.3,883.423,4.5,1348.783,3.1,Without dependants,Family member
2018,Median weekly earnings,NSW,Males,Relationship in household,   Lone parent,1500.0,9.3,586.797,20.0,1500.0,12.8,641.115,35.6,1200.0,10.3,Lone parent,Family member
2018,Median weekly earnings,NSW,Males,Relationship in household,   Dependent student,870.349,0.1,183.579,9.7,546.909,37.4,166.308,13.3,199.698,12.4,Dependent student,Family member
2018,Median weekly earnings,NSW,Males,Relationship in household,   Non-dependent child,1096.455,3.3,514.844,7.0,1064.0,3.6,692.76,8.8,957.83,3.6,Non-dependent child,Family member
2018,Median weekly earnings,NSW,Males,Relationship in household,   Other related individual,1200.0,9.0,439.011,13.3,1205.94,11.2,548.38,21.5,902.014,12.4,Other related individual,Family member
2018,Median weekly earnings,NSW,Males,Relationship in household,Non-family member,1400.0,4.7,500.0,9.1,1333.388,5.4,734.865,11.9,1200.0,4.4,,Non-family member
2018,Median weekly earnings,NSW,Males,Relationship in household,   Lone person,1499.081,5.3,549.931,8.9,1400.0,6.2,774.095,21.5,1263.484,6.1,Lone person,Non-family member
2018,Median weekly earnings,NSW,Males,Relationship in household,   Not living alone,1251.004,6.0,469.478,10.7,1249.756,6.1,665.256,17.8,1084.818,7.2,Not living alone,Non-family member
2018,Median weekly earnings,NSW,Males,Relationship in household,Relationship not determined,1295.798,26.9,400.0,0.1,1048.803,26.1,400.0,0.1,637.846,68.4,,Relationship not determined
2018,Median weekly earnings,NSW,Females,Relationship in household,Family member,1246.0,1.0,568.514,2.9,1050.0,1.4,479.016,5.0,910.0,1.1,,Family member
2018,Median weekly earnings,NSW,Females,Relationship in household,"   Husband, wife or partner",1300.0,1.8,650.0,3.6,1100.0,1.9,600.0,6.4,1000.0,0.8,"Husband, wife or partner",Family member
2018,Median weekly earnings,NSW,Females,Relationship in household,      With dependants,1369.5,3.1,650.0,3.3,1108.736,2.8,600.0,5.3,970.0,2.3,With dependants,Family member
2018,Median weekly earnings,NSW,Females,Relationship in household,      Without dependants,1250.0,2.0,649.316,4.9,1100.0,2.3,629.008,10.1,1000.0,1.3,Without dependants,Family member
2018,Median weekly earnings,NSW,Females,Relationship in household,   Lone parent,1200.0,3.4,600.473,9.7,1003.324,6.2,550.0,18.4,917.701,4.0,Lone parent,Family member
2018,Median weekly earnings,NSW,Females,Relationship in household,   Dependent student,904.683,31.5,180.0,7.9,448.674,20.0,178.327,8.6,200.0,6.5,Dependent student,Family member
2018,Median weekly earnings,NSW,Females,Relationship in household,   Non-dependent child,1047.16,4.3,554.234,8.2,987.329,3.8,600.0,11.1,900.0,3.5,Non-dependent child,Family member
2018,Median weekly earnings,NSW,Females,Relationship in household,   Other related individual,1012.516,9.0,550.0,9.1,973.101,9.5,588.241,20.0,768.539,10.3,Other related individual,Family member
2018,Median weekly earnings,NSW,Females,Relationship in household,Non-family member,1300.208,3.1,500.0,6.6,1246.0,4.0,549.846,7.5,1086.567,4.1,,Non-family member
2018,Median weekly earnings,NSW,Females,Relationship in household,   Lone person,1347.647,4.4,581.64,8.0,1250.0,5.9,658.984,10.9,1161.198,4.2,Lone person,Non-family member
2018,Median weekly earnings,NSW,Females,Relationship in household,   Not living alone,1197.573,6.0,454.486,9.0,1150.0,5.2,464.731,11.4,877.554,12.9,Not living alone,Non-family member
2018,Median weekly earnings,NSW,Females,Relationship in household,Relationship not determined,1710.485,13.5,533.466,22.9,1724.858,27.4,537.362,43.8,1178.95,53.1,,Relationship not determined
2018,Median weekly earnings,VIC,Persons,Relationship in household,Family member,1300.0,1.4,540.711,2.7,1200.0,1.9,450.0,5.7,1064.0,1.8,,Family member
2018,Median weekly earnings,VIC,Persons,Relationship in household,"   Husband, wife or partner",1400.0,1.5,650.0,3.4,1265.308,1.0,690.0,5.5,1200.0,2.0,"Husband, wife or partner",Family member
2018,Median weekly earnings,VIC,Persons,Relationship in household,      With dependants,1458.462,1.7,700.0,3.4,1280.498,1.1,693.107,7.8,1200.0,2.1,With dependants,Family member
2018,Median weekly earnings,VIC,Persons,Relationship in household,      Without dependants,1342.0,1.9,600.0,3.8,1250.0,2.0,676.323,5.7,1187.864,2.4,Without dependants,Family member
2018,Median weekly earnings,VIC,Persons,Relationship in household,   Lone parent,1250.0,4.5,625.063,8.6,1200.0,2.8,508.513,13.6,1090.013,4.1,Lone parent,Family member
2018,Median weekly earnings,VIC,Persons,Relationship in household,   Dependent student,775.739,23.0,150.0,6.3,457.004,12.9,131.814,6.6,160.0,9.3,Dependent student,Family member
2018,Median weekly earnings,VIC,Persons,Relationship in household,   Non-dependent child,1000.0,3.8,538.904,7.5,977.92,3.7,510.234,10.0,864.527,4.4,Non-dependent child,Family member
2018,Median weekly earnings,VIC,Persons,Relationship in household,   Other related individual,1036.837,5.3,437.833,15.5,1005.02,6.7,609.59,20.8,850.0,7.5,Other related individual,Family member
2018,Median weekly earnings,VIC,Persons,Relationship in household,Non-family member,1289.892,3.4,540.0,6.2,1200.0,4.3,650.0,8.4,1100.0,3.8,,Non-family member
2018,Median weekly earnings,VIC,Persons,Relationship in household,   Lone person,1382.914,3.7,633.82,6.6,1268.992,3.7,621.208,11.7,1200.0,4.2,Lone person,Non-family member
2018,Median weekly earnings,VIC,Persons,Relationship in household,   Not living alone,1150.0,4.3,500.325,4.2,1100.0,5.4,650.0,11.0,1000.0,4.5,Not living alone,Non-family member
2018,Median weekly earnings,VIC,Persons,Relationship in household,Relationship not determined,1247.42,27.7,414.868,0.1,638.39,62.5,0.0,0.0,638.39,62.5,,Relationship not determined
2018,Median weekly earnings,VIC,Males,Relationship in household,Family member,1400.0,1.9,454.949,6.7,1399.0,1.6,599.466,7.3,1250.0,1.8,,Family member
2018,Median weekly earnings,VIC,Males,Relationship in household,"   Husband, wife or partner",1500.0,2.2,650.476,6.4,1500.0,1.6,852.789,5.7,1438.0,1.8,"Husband, wife or partner",Family member
2018,Median weekly earnings,VIC,Males,Relationship in household,      With dependants,1556.514,1.9,768.888,10.4,1545.664,1.8,974.0,10.4,1500.0,1.7,With dependants,Family member
2018,Median weekly earnings,VIC,Males,Relationship in household,      Without dependants,1438.0,2.4,574.159,7.4,1415.025,2.8,760.069,5.3,1342.0,2.3,Without dependants,Family member
2018,Median weekly earnings,VIC,Males,Relationship in household,   Lone parent,1529.072,8.7,904.031,0.1,1577.814,10.7,705.179,41.6,1200.0,9.5,Lone parent,Family member
2018,Median weekly earnings,VIC,Males,Relationship in household,   Dependent student,964.812,203.5,160.0,14.1,489.202,17.5,150.0,8.9,180.0,15.1,Dependent student,Family member
2018,Median weekly earnings,VIC,Males,Relationship in household,   Non-dependent child,1000.0,3.7,472.043,10.1,1000.0,4.4,511.453,9.0,900.0,5.6,Non-dependent child,Family member
2018,Median weekly earnings,VIC,Males,Relationship in household,   Other related individual,1037.43,9.8,500.0,16.4,1056.494,9.9,744.64,17.4,905.664,7.9,Other related individual,Family member
2018,Median weekly earnings,VIC,Males,Relationship in household,Non-family member,1316.348,4.1,459.128,10.0,1300.0,4.6,662.336,10.3,1183.195,4.4,,Non-family member
2018,Median weekly earnings,VIC,Males,Relationship in household,   Lone person,1424.595,4.2,500.991,21.3,1396.327,4.0,710.805,20.1,1300.0,4.4,Lone person,Non-family member
2018,Median weekly earnings,VIC,Males,Relationship in household,   Not living alone,1150.0,5.2,453.453,11.9,1095.747,7.2,610.556,14.6,999.911,4.1,Not living alone,Non-family member
2018,Median weekly earnings,VIC,Males,Relationship in household,Relationship not determined,1202.85,0.1,407.589,0.3,951.637,0.1,0.0,0.0,951.637,0.1,,Relationship not determined
2018,Median weekly earnings,VIC,Females,Relationship in household,Family member,1200.0,2.1,560.005,2.7,1016.0,1.7,375.0,6.4,898.986,1.0,,Family member
2018,Median weekly earnings,VIC,Females,Relationship in household,"   Husband, wife or partner",1250.0,2.0,650.0,3.0,1035.0,2.3,512.574,6.7,955.101,2.0,"Husband, wife or partner",Family member
2018,Median weekly earnings,VIC,Females,Relationship in household,      With dependants,1249.795,4.0,683.14,3.8,954.649,2.5,474.659,6.0,900.0,1.7,With dependants,Family member
2018,Median weekly earnings,VIC,Females,Relationship in household,      Without dependants,1250.0,2.0,600.0,4.6,1119.11,2.2,600.072,8.3,1034.952,3.1,Without dependants,Family member
2018,Median weekly earnings,VIC,Females,Relationship in household,   Lone parent,1249.454,5.1,615.079,8.3,1148.434,3.5,480.071,17.1,1024.367,4.1,Lone parent,Family member
2018,Median weekly earnings,VIC,Females,Relationship in household,   Dependent student,672.116,0.1,146.755,8.6,323.564,27.7,125.0,10.6,150.0,12.0,Dependent student,Family member
2018,Median weekly earnings,VIC,Females,Relationship in household,   Non-dependent child,978.863,6.5,577.874,10.9,948.212,4.5,508.582,15.5,801.668,4.7,Non-dependent child,Family member
2018,Median weekly earnings,VIC,Females,Relationship in household,   Other related individual,1050.53,7.0,420.0,19.9,918.417,8.8,368.226,35.3,769.0,11.5,Other related individual,Family member
2018,Median weekly earnings,VIC,Females,Relationship in household,Non-family member,1247.658,4.6,624.36,4.6,1150.0,4.7,635.901,9.9,1040.97,3.5,,Non-family member
2018,Median weekly earnings,VIC,Females,Relationship in household,   Lone person,1309.244,7.3,650.0,6.9,1171.62,5.6,608.279,10.6,1055.076,5.3,Lone person,Non-family member
2018,Median weekly earnings,VIC,Females,Relationship in household,   Not living alone,1150.0,6.9,535.188,8.3,1139.192,6.9,651.447,16.0,1004.891,6.6,Not living alone,Non-family member
2018,Median weekly earnings,VIC,Females,Relationship in household,Relationship not determined,0.0,0.0,422.643,0.1,498.591,62.1,0.0,0.0,498.591,55.5,,Relationship not determined
2018,Median weekly earnings,QLD,Persons,Relationship in household,Family member,1321.0,1.8,500.0,3.1,1246.0,1.7,500.0,3.1,1050.0,1.7,,Family member
2018,Median weekly earnings,QLD,Persons,Relationship in household,"   Husband, wife or partner",1400.0,2.0,600.0,3.2,1300.0,2.0,700.0,3.9,1200.0,2.1,"Husband, wife or partner",Family member
2018,Median weekly earnings,QLD,Persons,Relationship in household,      With dependants,1500.0,1.8,650.0,3.9,1367.221,2.7,712.899,5.8,1250.0,2.1,With dependants,Family member
2018,Median weekly earnings,QLD,Persons,Relationship in household,      Without dependants,1306.024,2.0,598.238,6.4,1250.0,2.0,700.0,3.7,1118.605,3.2,Without dependants,Family member
2018,Median weekly earnings,QLD,Persons,Relationship in household,   Lone parent,1327.13,5.3,550.0,11.4,1246.04,5.1,707.544,13.4,1056.298,4.7,Lone parent,Family member
2018,Median weekly earnings,QLD,Persons,Relationship in household,   Dependent student,1012.83,0.1,140.0,6.6,370.086,28.2,134.422,5.7,140.0,7.1,Dependent student,Family member
2018,Median weekly earnings,QLD,Persons,Relationship in household,   Non-dependent child,989.185,2.7,500.0,6.6,945.455,3.6,586.158,5.2,809.552,3.4,Non-dependent child,Family member
2018,Median weekly earnings,QLD,Persons,Relationship in household,   Other related individual,1200.0,6.3,450.0,12.4,1194.238,5.7,449.465,18.2,978.187,6.9,Other related individual,Family member
2018,Median weekly earnings,QLD,Persons,Relationship in household,Non-family member,1246.0,1.8,529.956,5.1,1200.0,2.1,655.799,9.2,1082.365,2.2,,Non-family member
2018,Median weekly earnings,QLD,Persons,Relationship in household,   Lone person,1379.282,2.9,700.0,10.1,1345.958,3.9,857.388,9.4,1250.0,2.8,Lone person,Non-family member
2018,Median weekly earnings,QLD,Persons,Relationship in household,   Not living alone,1029.753,4.4,465.0,4.7,1005.461,3.9,535.803,6.4,900.0,4.5,Not living alone,Non-family member
2018,Median weekly earnings,QLD,Persons,Relationship in household,Relationship not determined,913.793,51.4,0.0,0.0,997.108,28.3,671.661,0.1,860.049,0.1,,Relationship not determined
2018,Median weekly earnings,QLD,Males,Relationship in household,Family member,1433.631,1.8,450.0,5.7,1438.0,1.8,750.0,8.1,1260.0,2.3,,Family member
2018,Median weekly earnings,QLD,Males,Relationship in household,"   Husband, wife or partner",1500.0,1.0,634.553,9.5,1500.0,1.2,1025.476,7.2,1434.082,1.9,"Husband, wife or partner",Family member
2018,Median weekly earnings,QLD,Males,Relationship in household,      With dependants,1600.0,3.3,658.251,15.3,1596.565,3.6,1155.587,6.0,1511.514,2.1,With dependants,Family member
2018,Median weekly earnings,QLD,Males,Relationship in household,      Without dependants,1439.398,2.5,615.685,8.3,1438.438,2.6,900.0,10.2,1340.399,2.6,Without dependants,Family member
2018,Median weekly earnings,QLD,Males,Relationship in household,   Lone parent,1647.22,9.7,410.838,0.1,1836.714,7.8,1075.814,10.2,1626.947,9.7,Lone parent,Family member
2018,Median weekly earnings,QLD,Males,Relationship in household,   Dependent student,1110.704,0.1,140.0,9.3,613.312,17.5,129.596,5.8,140.0,11.2,Dependent student,Family member
2018,Median weekly earnings,QLD,Males,Relationship in household,   Non-dependent child,988.04,3.5,500.0,10.5,950.0,4.4,668.385,11.5,865.0,3.9,Non-dependent child,Family member
2018,Median weekly earnings,QLD,Males,Relationship in household,   Other related individual,1280.967,6.4,423.067,42.1,1290.935,6.9,470.472,36.1,1200.0,9.6,Other related individual,Family member
2018,Median weekly earnings,QLD,Males,Relationship in household,Non-family member,1300.0,2.1,469.163,4.9,1288.0,3.0,800.0,12.1,1196.769,3.3,,Non-family member
2018,Median weekly earnings,QLD,Males,Relationship in household,   Lone person,1433.77,3.6,621.653,32.8,1400.0,4.3,1270.045,13.1,1364.144,3.2,Lone person,Non-family member
2018,Median weekly earnings,QLD,Males,Relationship in household,   Not living alone,1059.27,6.1,460.159,5.5,1095.579,6.9,560.942,17.2,937.578,3.0,Not living alone,Non-family member
2018,Median weekly earnings,QLD,Males,Relationship in household,Relationship not determined,1101.275,0.1,0.0,0.0,1694.259,0.1,0.0,0.0,1101.275,0.1,,Relationship not determined
2018,Median weekly earnings,QLD,Females,Relationship in household,Family member,1200.0,2.6,500.0,3.6,1050.0,2.4,436.368,3.5,898.0,2.0,,Family member
2018,Median weekly earnings,QLD,Females,Relationship in household,"   Husband, wife or partner",1250.0,3.1,600.0,3.7,1074.643,3.6,525.856,5.6,966.0,2.1,"Husband, wife or partner",Family member
2018,Median weekly earnings,QLD,Females,Relationship in household,      With dependants,1342.0,5.7,650.0,3.9,1050.0,3.6,530.935,6.3,920.53,3.2,With dependants,Family member
2018,Median weekly earnings,QLD,Females,Relationship in household,      Without dependants,1200.0,3.9,568.778,6.7,1100.0,4.3,525.271,6.2,999.639,3.3,Without dependants,Family member
2018,Median weekly earnings,QLD,Females,Relationship in household,   Lone parent,1252.418,6.3,618.946,10.4,1087.991,5.8,546.464,15.9,985.858,3.9,Lone parent,Family member
2018,Median weekly earnings,QLD,Females,Relationship in household,   Dependent student,0.0,0.0,138.934,11.4,240.335,25.0,135.935,13.6,140.0,11.3,Dependent student,Family member
2018,Median weekly earnings,QLD,Females,Relationship in household,   Non-dependent child,988.955,5.1,488.919,8.2,900.0,4.3,500.0,5.6,740.0,7.1,Non-dependent child,Family member
2018,Median weekly earnings,QLD,Females,Relationship in household,   Other related individual,951.964,5.4,450.0,22.0,889.95,6.0,398.476,35.1,715.403,11.8,Other related individual,Family member
2018,Median weekly earnings,QLD,Females,Relationship in household,Non-family member,1187.589,3.2,551.087,7.8,1105.239,3.5,550.0,14.6,1000.0,4.5,,Non-family member
2018,Median weekly earnings,QLD,Females,Relationship in household,   Lone person,1308.739,4.1,718.729,7.5,1226.358,4.2,796.665,15.9,1148.27,4.0,Lone person,Non-family member
2018,Median weekly earnings,QLD,Females,Relationship in household,   Not living alone,1000.0,10.1,494.248,7.7,993.468,7.5,529.739,10.0,750.0,11.5,Not living alone,Non-family member
2018,Median weekly earnings,QLD,Females,Relationship in household,Relationship not determined,844.975,0.1,0.0,0.0,730.438,0.1,0.0,0.0,807.872,0.1,,Relationship not determined
2018,Median weekly earnings,SA,Persons,Relationship in household,Family member,1250.0,2.0,550.0,2.0,1140.0,1.5,537.834,5.7,1000.0,0.7,,Family member
2018,Median weekly earnings,SA,Persons,Relationship in household,"   Husband, wife or partner",1300.0,2.2,674.086,2.3,1185.573,1.1,736.211,5.4,1100.0,1.7,"Husband, wife or partner",Family member
2018,Median weekly earnings,SA,Persons,Relationship in household,      With dependants,1355.445,2.9,745.034,3.2,1200.841,1.8,784.977,7.8,1152.58,1.3,With dependants,Family member
2018,Median weekly earnings,SA,Persons,Relationship in household,      Without dependants,1250.0,2.0,623.279,2.6,1100.0,3.2,697.35,6.9,1000.0,3.0,Without dependants,Family member
2018,Median weekly earnings,SA,Persons,Relationship in household,   Lone parent,1330.579,7.4,596.598,6.0,1104.072,3.9,577.359,11.8,993.798,5.4,Lone parent,Family member
2018,Median weekly earnings,SA,Persons,Relationship in household,   Dependent student,604.365,55.0,158.825,9.5,267.689,50.3,161.797,11.1,166.254,10.9,Dependent student,Family member
2018,Median weekly earnings,SA,Persons,Relationship in household,   Non-dependent child,998.209,2.8,400.0,9.7,923.609,3.5,483.572,10.1,799.528,7.8,Non-dependent child,Family member
2018,Median weekly earnings,SA,Persons,Relationship in household,   Other related individual,1068.126,9.0,402.619,30.0,1039.712,13.6,382.927,58.8,899.785,11.6,Other related individual,Family member
2018,Median weekly earnings,SA,Persons,Relationship in household,Non-family member,1200.0,4.4,500.0,14.8,1150.0,4.3,659.632,12.1,1000.0,3.1,,Non-family member
2018,Median weekly earnings,SA,Persons,Relationship in household,   Lone person,1266.671,6.7,541.821,15.1,1200.0,6.5,805.145,17.3,1082.784,4.8,Lone person,Non-family member
2018,Median weekly earnings,SA,Persons,Relationship in household,   Not living alone,1059.422,5.2,484.587,20.4,1059.274,6.6,616.191,12.5,854.026,9.0,Not living alone,Non-family member
2018,Median weekly earnings,SA,Persons,Relationship in household,Relationship not determined,833.288,0.1,0.0,0.0,1040.707,0.1,0.0,0.0,833.288,0.1,,Relationship not determined
2018,Median weekly earnings,SA,Males,Relationship in household,Family member,1298.214,2.6,499.799,10.2,1250.0,2.1,749.286,9.9,1150.0,2.2,,Family member
2018,Median weekly earnings,SA,Males,Relationship in household,"   Husband, wife or partner",1362.745,2.1,677.903,6.7,1340.578,2.1,951.011,4.1,1250.0,2.2,"Husband, wife or partner",Family member
2018,Median weekly earnings,SA,Males,Relationship in household,      With dependants,1417.861,2.8,800.0,10.2,1400.0,3.2,1100.0,6.5,1355.327,2.9,With dependants,Family member
2018,Median weekly earnings,SA,Males,Relationship in household,      Without dependants,1300.0,2.6,638.199,4.6,1250.0,2.3,870.621,6.8,1142.791,2.2,Without dependants,Family member
2018,Median weekly earnings,SA,Males,Relationship in household,   Lone parent,1304.504,12.9,883.713,0.1,1324.077,25.4,1077.265,0.1,1144.364,13.3,Lone parent,Family member
2018,Median weekly earnings,SA,Males,Relationship in household,   Dependent student,647.94,0.1,160.0,17.0,506.885,27.4,163.038,21.2,164.0,20.1,Dependent student,Family member
2018,Median weekly earnings,SA,Males,Relationship in household,   Non-dependent child,975.0,4.7,375.0,16.6,933.525,7.0,544.309,23.0,859.793,7.2,Non-dependent child,Family member
2018,Median weekly earnings,SA,Males,Relationship in household,   Other related individual,1064.723,16.8,525.291,0.1,1063.014,18.4,837.752,0.1,1054.413,14.3,Other related individual,Family member
2018,Median weekly earnings,SA,Males,Relationship in household,Non-family member,1250.0,5.2,450.0,19.5,1204.97,6.5,780.467,16.4,1100.0,4.6,,Non-family member
2018,Median weekly earnings,SA,Males,Relationship in household,   Lone person,1300.0,6.9,462.729,18.7,1250.0,7.0,842.633,24.8,1200.0,8.8,Lone person,Non-family member
2018,Median weekly earnings,SA,Males,Relationship in household,   Not living alone,1059.688,6.9,342.838,49.0,1052.72,8.0,658.693,26.8,944.41,10.2,Not living alone,Non-family member
2018,Median weekly earnings,SA,Females,Relationship in household,Family member,1184.028,2.2,562.019,2.5,1000.0,1.9,427.867,5.7,843.321,2.0,,Family member
2018,Median weekly earnings,SA,Females,Relationship in household,"   Husband, wife or partner",1200.0,2.8,674.376,2.8,1000.0,2.6,609.746,8.2,900.0,1.9,"Husband, wife or partner",Family member
2018,Median weekly earnings,SA,Females,Relationship in household,      With dependants,1200.0,3.6,727.947,4.5,1000.0,3.4,601.971,13.4,900.0,3.1,With dependants,Family member
2018,Median weekly earnings,SA,Females,Relationship in household,      Without dependants,1201.1,3.9,620.648,4.3,1000.0,5.1,650.0,8.9,874.969,3.1,Without dependants,Family member
2018,Median weekly earnings,SA,Females,Relationship in household,   Lone parent,1381.298,7.9,585.87,5.4,1100.0,4.0,550.0,11.3,968.085,7.3,Lone parent,Family member
2018,Median weekly earnings,SA,Females,Relationship in household,   Dependent student,617.501,0.1,150.77,13.5,236.499,73.0,151.818,13.4,174.629,11.7,Dependent student,Family member
2018,Median weekly earnings,SA,Females,Relationship in household,   Non-dependent child,1000.0,6.3,425.0,9.5,900.0,7.1,444.167,8.7,679.156,12.3,Non-dependent child,Family member
2018,Median weekly earnings,SA,Females,Relationship in household,   Other related individual,1173.512,12.5,397.824,31.4,989.06,14.3,287.193,23.6,897.418,22.1,Other related individual,Family member
2018,Median weekly earnings,SA,Females,Relationship in household,Non-family member,1130.088,4.9,525.747,14.6,1077.566,4.5,559.401,12.6,950.0,5.2,,Non-family member
2018,Median weekly earnings,SA,Females,Relationship in household,   Lone person,1198.116,8.7,619.746,17.6,1064.654,5.9,567.229,25.2,995.208,4.8,Lone person,Non-family member
2018,Median weekly earnings,SA,Females,Relationship in household,   Not living alone,1026.416,6.9,500.0,30.4,1085.295,12.1,563.687,18.6,787.031,10.8,Not living alone,Non-family member
2018,Median weekly earnings,SA,Females,Relationship in household,Relationship not determined,1040.707,0.1,0.0,0.0,1040.707,0.1,0.0,0.0,1040.707,0.1,,Relationship not determined
2018,Median weekly earnings,WA,Persons,Relationship in household,Family member,1499.0,1.8,524.837,2.2,1299.284,1.5,513.721,6.0,1150.0,2.2,,Family member
2018,Median weekly earnings,WA,Persons,Relationship in household,"   Husband, wife or partner",1539.86,1.7,648.849,3.9,1360.635,2.5,750.0,7.0,1280.0,1.5,"Husband, wife or partner",Family member
2018,Median weekly earnings,WA,Persons,Relationship in household,      With dependants,1730.382,3.3,650.0,5.2,1497.811,1.8,861.445,7.3,1400.0,2.7,With dependants,Family member
2018,Median weekly earnings,WA,Persons,Relationship in household,      Without dependants,1395.782,3.4,629.51,4.1,1254.19,2.5,668.065,7.6,1200.0,2.1,Without dependants,Family member
2018,Median weekly earnings,WA,Persons,Relationship in household,   Lone parent,1482.381,6.4,650.0,13.5,1200.0,7.4,685.781,32.5,1100.0,7.0,Lone parent,Family member
2018,Median weekly earnings,WA,Persons,Relationship in household,   Dependent student,924.75,0.1,179.625,12.5,315.686,41.4,150.689,14.3,180.0,13.1,Dependent student,Family member
2018,Median weekly earnings,WA,Persons,Relationship in household,   Non-dependent child,1000.0,5.1,428.747,11.1,952.49,3.7,500.0,10.3,817.33,4.7,Non-dependent child,Family member
2018,Median weekly earnings,WA,Persons,Relationship in household,   Other related individual,1540.359,16.9,439.553,24.3,1157.979,18.9,554.116,81.1,991.237,26.5,Other related individual,Family member
2018,Median weekly earnings,WA,Persons,Relationship in household,Non-family member,1399.0,4.6,512.045,9.3,1311.104,5.2,603.019,16.2,1203.288,3.2,,Non-family member
2018,Median weekly earnings,WA,Persons,Relationship in household,   Lone person,1413.317,4.9,512.461,7.6,1335.684,4.0,614.688,23.0,1250.0,4.1,Lone person,Non-family member
2018,Median weekly earnings,WA,Persons,Relationship in household,   Not living alone,1250.0,9.2,477.531,16.3,1253.579,10.6,600.0,25.0,1200.0,6.7,Not living alone,Non-family member
2018,Median weekly earnings,WA,Persons,Relationship in household,Relationship not determined,1231.728,0.1,0.0,0.0,1861.933,0.1,514.529,12.4,781.302,0.1,,Relationship not determined
2018,Median weekly earnings,WA,Males,Relationship in household,Family member,1600.0,3.7,495.008,8.7,1581.02,2.7,745.372,11.1,1450.0,2.1,,Family member
2018,Median weekly earnings,WA,Males,Relationship in household,"   Husband, wife or partner",1731.291,4.0,750.0,6.4,1700.0,4.0,1213.603,10.7,1600.0,4.0,"Husband, wife or partner",Family member
2018,Median weekly earnings,WA,Males,Relationship in household,      With dependants,1908.965,2.4,833.46,8.3,1864.822,3.3,1440.701,15.2,1838.029,4.0,With dependants,Family member
2018,Median weekly earnings,WA,Males,Relationship in household,      Without dependants,1500.0,5.1,650.0,10.0,1500.0,4.8,867.286,17.1,1468.156,4.2,Without dependants,Family member
2018,Median weekly earnings,WA,Males,Relationship in household,   Lone parent,1531.532,14.4,917.163,0.1,1590.929,24.0,1459.733,0.1,1525.681,15.3,Lone parent,Family member
2018,Median weekly earnings,WA,Males,Relationship in household,   Dependent student,1267.919,0.1,180.0,17.3,240.904,54.4,180.0,17.6,180.0,16.7,Dependent student,Family member
2018,Median weekly earnings,WA,Males,Relationship in household,   Non-dependent child,1000.0,5.4,393.189,22.3,1000.0,6.8,528.16,18.5,874.235,6.1,Non-dependent child,Family member
2018,Median weekly earnings,WA,Males,Relationship in household,   Other related individual,1816.898,14.4,422.952,49.3,1210.343,43.3,873.952,119.8,1122.518,41.5,Other related individual,Family member
2018,Median weekly earnings,WA,Males,Relationship in household,Non-family member,1540.174,6.1,499.828,30.0,1498.51,7.7,760.863,33.0,1355.299,6.5,,Non-family member
2018,Median weekly earnings,WA,Males,Relationship in household,   Lone person,1531.778,5.3,468.076,30.0,1497.97,6.9,695.978,39.5,1381.539,6.2,Lone person,Non-family member
2018,Median weekly earnings,WA,Males,Relationship in household,   Not living alone,1532.118,13.8,600.0,0.1,1511.098,13.9,782.687,112.5,1295.69,19.4,Not living alone,Non-family member
2018,Median weekly earnings,WA,Males,Relationship in household,Relationship not determined,1231.728,0.1,0.0,0.0,1861.933,0.1,0.0,0.0,1231.728,0.1,,Relationship not determined
2018,Median weekly earnings,WA,Females,Relationship in household,Family member,1259.953,1.3,549.868,2.5,1016.492,2.5,400.0,9.3,900.0,2.5,,Family member
2018,Median weekly earnings,WA,Females,Relationship in household,"   Husband, wife or partner",1265.0,1.9,621.883,2.7,1082.337,3.0,502.711,7.2,973.473,2.5,"Husband, wife or partner",Family member
2018,Median weekly earnings,WA,Females,Relationship in household,      With dependants,1414.251,5.0,623.494,4.9,1098.538,3.0,485.072,13.8,953.766,3.1,With dependants,Family member
2018,Median weekly earnings,WA,Females,Relationship in household,      Without dependants,1250.0,2.4,613.574,5.3,1064.139,4.3,531.298,9.4,1000.0,2.9,Without dependants,Family member
2018,Median weekly earnings,WA,Females,Relationship in household,   Lone parent,1359.085,7.5,648.814,13.3,1111.343,7.3,485.696,32.6,1000.0,6.7,Lone parent,Family member
2018,Median weekly earnings,WA,Females,Relationship in household,   Dependent student,0.0,0.0,166.6,21.0,370.516,83.7,121.821,20.9,174.199,20.1,Dependent student,Family member
2018,Median weekly earnings,WA,Females,Relationship in household,   Non-dependent child,1000.0,10.1,452.548,14.0,900.29,6.4,466.929,23.7,760.66,7.3,Non-dependent child,Family member
2018,Median weekly earnings,WA,Females,Relationship in household,   Other related individual,1244.577,16.6,463.103,38.4,1009.218,29.8,400.0,0.1,792.763,27.9,Other related individual,Family member
2018,Median weekly earnings,WA,Females,Relationship in household,Non-family member,1250.0,6.0,523.668,6.6,1200.0,4.8,550.0,11.0,1093.15,5.7,,Non-family member
2018,Median weekly earnings,WA,Females,Relationship in household,   Lone person,1302.751,8.7,534.974,9.8,1200.0,5.6,566.976,13.4,1107.338,5.3,Lone person,Non-family member
2018,Median weekly earnings,WA,Females,Relationship in household,   Not living alone,1200.0,7.8,396.126,19.8,1201.978,11.3,524.71,28.2,1000.0,8.2,Not living alone,Non-family member
2018,Median weekly earnings,TAS,Persons,Relationship in household,Family member,1226.458,1.1,539.313,2.8,1100.0,1.8,475.937,7.3,980.0,1.4,,Family member
2018,Median weekly earnings,TAS,Persons,Relationship in household,"   Husband, wife or partner",1277.507,1.8,621.677,3.1,1178.741,2.3,633.962,8.3,1087.87,1.4,"Husband, wife or partner",Family member
2018,Median weekly earnings,TAS,Persons,Relationship in household,      With dependants,1300.0,3.6,696.143,4.6,1184.258,2.9,623.012,15.3,1100.0,2.3,With dependants,Family member
2018,Median weekly earnings,TAS,Persons,Relationship in household,      Without dependants,1251.747,2.6,558.329,5.1,1150.0,3.5,652.7,9.5,1050.0,2.6,Without dependants,Family member
2018,Median weekly earnings,TAS,Persons,Relationship in household,   Lone parent,1121.194,6.4,548.517,13.8,999.72,5.1,433.949,26.5,900.0,7.5,Lone parent,Family member
2018,Median weekly earnings,TAS,Persons,Relationship in household,   Dependent student,854.324,0.1,196.061,13.8,231.972,26.3,197.87,11.0,198.638,12.5,Dependent student,Family member
2018,Median weekly earnings,TAS,Persons,Relationship in household,   Non-dependent child,931.182,3.4,403.142,11.0,854.562,4.1,500.0,13.5,760.0,5.6,Non-dependent child,Family member
2018,Median weekly earnings,TAS,Persons,Relationship in household,   Other related individual,950.0,25.2,323.623,29.2,950.0,24.1,309.574,49.7,745.31,24.4,Other related individual,Family member
2018,Median weekly earnings,TAS,Persons,Relationship in household,Non-family member,1140.727,4.5,556.034,9.2,1056.024,4.5,575.701,16.5,923.698,4.9,,Non-family member
2018,Median weekly earnings,TAS,Persons,Relationship in household,   Lone person,1100.0,6.7,585.913,10.1,1050.0,4.9,580.558,15.3,933.892,4.0,Lone person,Non-family member
2018,Median weekly earnings,TAS,Persons,Relationship in household,   Not living alone,1185.225,10.4,393.933,42.2,1128.651,5.7,554.191,33.1,912.212,11.7,Not living alone,Non-family member
2018,Median weekly earnings,TAS,Persons,Relationship in household,Relationship not determined,959.832,0.1,0.0,0.0,959.832,0.1,0.0,0.0,959.832,0.1,,Relationship not determined
2018,Median weekly earnings,TAS,Males,Relationship in household,Family member,1250.0,1.6,437.743,11.9,1250.0,1.9,643.309,15.1,1138.049,2.2,,Family member
2018,Median weekly earnings,TAS,Males,Relationship in household,"   Husband, wife or partner",1300.53,2.9,694.798,10.8,1300.0,2.9,920.089,5.8,1250.0,2.0,"Husband, wife or partner",Family member
2018,Median weekly earnings,TAS,Males,Relationship in household,      With dependants,1306.267,3.5,792.369,13.0,1308.6,3.7,1000.0,6.8,1267.822,3.0,With dependants,Family member
2018,Median weekly earnings,TAS,Males,Relationship in household,      Without dependants,1300.0,3.6,590.191,18.3,1277.81,4.0,888.989,14.6,1225.134,3.6,Without dependants,Family member
2018,Median weekly earnings,TAS,Males,Relationship in household,   Lone parent,1240.238,9.8,830.743,0.1,1194.745,13.6,0.0,0.0,1194.745,13.6,Lone parent,Family member
2018,Median weekly earnings,TAS,Males,Relationship in household,   Dependent student,854.324,0.1,161.854,22.6,206.52,0.1,159.633,24.8,175.945,19.9,Dependent student,Family member
2018,Median weekly earnings,TAS,Males,Relationship in household,   Non-dependent child,900.0,5.6,367.193,25.8,831.328,5.8,669.924,24.3,812.354,7.5,Non-dependent child,Family member
2018,Median weekly earnings,TAS,Males,Relationship in household,   Other related individual,1167.584,0.1,315.922,0.1,1401.907,0.1,340.252,61.3,947.585,24.4,Other related individual,Family member
2018,Median weekly earnings,TAS,Males,Relationship in household,Non-family member,1172.585,4.2,520.656,21.5,1104.662,6.8,581.404,11.8,962.495,5.5,,Non-family member
2018,Median weekly earnings,TAS,Males,Relationship in household,   Lone person,1106.956,7.5,554.593,25.0,1049.518,7.2,567.18,18.5,954.019,5.4,Lone person,Non-family member
2018,Median weekly earnings,TAS,Males,Relationship in household,   Not living alone,1202.434,14.9,403.927,50.4,1138.228,15.6,713.5,35.7,1127.374,9.3,Not living alone,Non-family member
2018,Median weekly earnings,TAS,Males,Relationship in household,Relationship not determined,794.609,0.1,0.0,0.0,794.609,0.1,0.0,0.0,794.609,0.1,,Relationship not determined
2018,Median weekly earnings,TAS,Females,Relationship in household,Family member,1150.0,2.5,550.0,3.8,929.74,2.7,427.641,6.8,808.134,2.5,,Family member
2018,Median weekly earnings,TAS,Females,Relationship in household,"   Husband, wife or partner",1200.0,2.7,600.0,3.5,999.289,3.6,541.149,10.4,900.0,2.6,"Husband, wife or partner",Family member
2018,Median weekly earnings,TAS,Females,Relationship in household,      With dependants,1215.249,7.4,680.0,4.7,1000.0,3.2,409.753,13.1,900.0,5.1,With dependants,Family member
2018,Median weekly earnings,TAS,Females,Relationship in household,      Without dependants,1200.0,4.0,557.452,4.7,989.473,4.5,613.263,10.6,889.639,4.3,Without dependants,Family member
2018,Median weekly earnings,TAS,Females,Relationship in household,   Lone parent,1101.089,8.5,541.551,15.9,922.086,6.5,433.949,26.5,812.0,11.2,Lone parent,Family member
2018,Median weekly earnings,TAS,Females,Relationship in household,   Dependent student,0.0,0.0,200.0,20.6,234.538,29.1,199.803,20.7,200.0,20.6,Dependent student,Family member
2018,Median weekly earnings,TAS,Females,Relationship in household,   Non-dependent child,945.683,8.9,450.0,11.2,864.166,6.6,432.915,15.8,706.052,13.2,Non-dependent child,Family member
2018,Median weekly earnings,TAS,Females,Relationship in household,   Other related individual,749.882,29.9,392.689,36.7,750.735,15.7,291.153,0.1,612.788,25.9,Other related individual,Family member
2018,Median weekly earnings,TAS,Females,Relationship in household,Non-family member,1100.0,10.9,587.711,14.3,1014.862,7.0,506.445,33.0,900.0,7.1,,Non-family member
2018,Median weekly earnings,TAS,Females,Relationship in household,   Lone person,1100.0,10.1,589.0,14.3,1050.0,7.7,612.375,28.5,900.0,6.5,Lone person,Non-family member
2018,Median weekly earnings,TAS,Females,Relationship in household,   Not living alone,1157.855,15.3,462.882,50.2,1000.0,13.2,293.805,0.1,842.942,31.8,Not living alone,Non-family member
2018,Median weekly earnings,NT,Persons,Relationship in household,Family member,1350.0,1.9,500.0,6.6,1300.0,2.2,650.0,11.2,1246.269,1.6,,Family member
2018,Median weekly earnings,NT,Persons,Relationship in household,"   Husband, wife or partner",1425.0,2.5,600.0,8.4,1371.635,3.6,762.301,14.8,1300.0,2.5,"Husband, wife or partner",Family member
2018,Median weekly earnings,NT,Persons,Relationship in household,      With dependants,1402.749,4.1,600.0,13.2,1368.0,4.0,711.076,24.9,1321.041,3.7,With dependants,Family member
2018,Median weekly earnings,NT,Persons,Relationship in household,      Without dependants,1499.635,2.9,587.31,14.3,1399.564,3.7,944.517,21.1,1300.0,3.9,Without dependants,Family member
2018,Median weekly earnings,NT,Persons,Relationship in household,   Lone parent,1343.368,5.6,733.321,32.5,1343.162,5.5,728.525,42.3,1273.251,4.8,Lone parent,Family member
2018,Median weekly earnings,NT,Persons,Relationship in household,   Dependent student,0.0,0.0,120.459,18.9,333.355,0.1,115.035,15.7,124.198,18.8,Dependent student,Family member
2018,Median weekly earnings,NT,Persons,Relationship in household,   Non-dependent child,1093.852,4.7,463.528,21.4,1061.863,4.8,800.455,19.4,1000.0,4.4,Non-dependent child,Family member
2018,Median weekly earnings,NT,Persons,Relationship in household,   Other related individual,1096.317,11.2,337.515,0.1,1079.725,7.1,829.055,0.1,1049.609,7.0,Other related individual,Family member
2018,Median weekly earnings,NT,Persons,Relationship in household,Non-family member,1371.418,8.0,541.869,29.1,1371.922,5.7,664.321,19.2,1249.903,7.6,,Non-family member
2018,Median weekly earnings,NT,Persons,Relationship in household,   Lone person,1494.5,7.9,971.564,21.7,1371.838,9.0,1100.0,25.6,1365.621,9.0,Lone person,Non-family member
2018,Median weekly earnings,NT,Persons,Relationship in household,   Not living alone,1246.0,9.3,514.844,27.5,1361.704,8.8,520.0,17.2,1120.047,8.2,Not living alone,Non-family member
2018,Median weekly earnings,NT,Persons,Relationship in household,Relationship not determined,1408.993,2.0,0.0,0.0,1408.993,2.0,0.0,0.0,1356.034,0.1,,Relationship not determined
2018,Median weekly earnings,NT,Males,Relationship in household,Family member,1425.272,2.4,450.702,17.3,1428.752,2.6,972.344,8.7,1339.057,1.9,,Family member
2018,Median weekly earnings,NT,Males,Relationship in household,"   Husband, wife or partner",1568.163,3.9,592.116,15.0,1594.493,4.0,1100.0,11.7,1500.0,4.0,"Husband, wife or partner",Family member
2018,Median weekly earnings,NT,Males,Relationship in household,      With dependants,1644.686,6.4,607.975,0.1,1709.895,5.2,1157.322,25.3,1600.0,6.4,With dependants,Family member
2018,Median weekly earnings,NT,Males,Relationship in household,      Without dependants,1502.383,6.6,586.301,28.6,1500.0,7.5,1103.953,22.7,1460.0,6.2,Without dependants,Family member
2018,Median weekly earnings,NT,Males,Relationship in household,   Lone parent,1592.437,12.9,0.0,0.0,1625.815,12.3,0.0,0.0,1592.437,12.9,Lone parent,Family member
2018,Median weekly earnings,NT,Males,Relationship in household,   Dependent student,0.0,0.0,112.143,27.2,270.708,0.1,109.554,19.9,117.509,55.4,Dependent student,Family member
2018,Median weekly earnings,NT,Males,Relationship in household,   Non-dependent child,1000.0,8.0,481.938,38.0,1000.0,15.9,941.787,17.2,973.937,9.2,Non-dependent child,Family member
2018,Median weekly earnings,NT,Males,Relationship in household,   Other related individual,1096.447,8.7,143.936,0.1,1078.36,9.2,848.708,0.1,1046.688,8.5,Other related individual,Family member
2018,Median weekly earnings,NT,Males,Relationship in household,Non-family member,1549.179,6.8,520.0,26.1,1536.429,9.0,657.826,24.1,1361.041,11.0,,Non-family member
2018,Median weekly earnings,NT,Males,Relationship in household,   Lone person,1700.0,9.3,646.461,0.1,1631.166,10.9,1804.588,16.4,1685.355,9.2,Lone person,Non-family member
2018,Median weekly earnings,NT,Males,Relationship in household,   Not living alone,1206.304,17.5,508.045,0.1,1334.269,16.7,520.0,24.5,1041.187,11.5,Not living alone,Non-family member
2018,Median weekly earnings,NT,Males,Relationship in household,Relationship not determined,0.0,0.0,0.0,0.0,0.0,0.0,0.0,0.0,890.463,0.1,,Relationship not determined
2018,Median weekly earnings,NT,Females,Relationship in household,Family member,1250.97,3.1,560.481,5.1,1202.358,3.4,500.0,9.4,1100.0,2.7,,Family member
2018,Median weekly earnings,NT,Females,Relationship in household,"   Husband, wife or partner",1300.0,3.4,600.0,10.1,1250.0,3.2,606.9,10.7,1150.0,3.3,"Husband, wife or partner",Family member
2018,Median weekly earnings,NT,Females,Relationship in household,      With dependants,1237.991,6.1,600.0,12.2,1150.0,3.3,588.644,15.4,1100.0,4.6,With dependants,Family member
2018,Median weekly earnings,NT,Females,Relationship in household,      Without dependants,1367.071,4.8,588.125,12.7,1300.591,5.9,705.962,22.0,1203.851,5.3,Without dependants,Family member
2018,Median weekly earnings,NT,Females,Relationship in household,   Lone parent,1218.84,5.1,733.321,32.5,1197.217,6.0,623.197,0.1,1150.0,6.3,Lone parent,Family member
2018,Median weekly earnings,NT,Females,Relationship in household,   Dependent student,0.0,0.0,135.38,20.5,0.0,0.0,127.746,22.8,135.38,20.5,Dependent student,Family member
2018,Median weekly earnings,NT,Females,Relationship in household,   Non-dependent child,1198.579,7.9,298.795,0.1,1183.489,8.1,401.416,0.1,1086.189,7.7,Non-dependent child,Family member
2018,Median weekly earnings,NT,Females,Relationship in household,   Other related individual,1094.605,0.1,743.502,0.1,1080.573,26.1,0.0,0.0,1059.691,26.8,Other related individual,Family member
2018,Median weekly earnings,NT,Females,Relationship in household,Non-family member,1246.0,7.6,892.096,38.0,1250.0,7.1,678.635,31.7,1197.114,7.5,,Non-family member
2018,Median weekly earnings,NT,Females,Relationship in household,   Lone person,1178.106,9.2,1069.959,35.4,1220.358,8.9,862.419,0.1,1174.16,5.7,Lone person,Non-family member
2018,Median weekly earnings,NT,Females,Relationship in household,   Not living alone,1246.0,15.5,527.338,67.4,1439.254,10.5,514.622,27.4,1224.696,15.5,Not living alone,Non-family member
2018,Median weekly earnings,NT,Females,Relationship in household,Relationship not determined,1455.362,1.1,0.0,0.0,1455.362,1.1,0.0,0.0,1455.362,1.1,,Relationship not determined
2018,Median weekly earnings,ACT,Persons,Relationship in household,Family member,1550.0,2.0,600.0,8.5,1499.714,2.2,563.135,9.8,1301.449,3.3,,Family member
2018,Median weekly earnings,ACT,Persons,Relationship in household,"   Husband, wife or partner",1625.691,2.6,776.5,7.0,1523.48,1.7,805.013,8.4,1500.0,2.3,"Husband, wife or partner",Family member
2018,Median weekly earnings,ACT,Persons,Relationship in household,      With dependants,1750.0,3.1,980.035,10.1,1597.708,3.3,812.4,34.9,1584.126,3.1,With dependants,Family member
2018,Median weekly earnings,ACT,Persons,Relationship in household,      Without dependants,1500.0,3.4,674.0,5.6,1418.228,3.2,796.523,10.1,1301.658,3.7,Without dependants,Family member
2018,Median weekly earnings,ACT,Persons,Relationship in household,   Lone parent,1601.92,5.3,725.369,26.1,1500.0,5.8,702.646,44.3,1356.884,10.9,Lone parent,Family member
2018,Median weekly earnings,ACT,Persons,Relationship in household,   Dependent student,822.487,0.1,162.508,21.8,479.53,52.5,159.841,22.6,200.0,22.4,Dependent student,Family member
2018,Median weekly earnings,ACT,Persons,Relationship in household,   Non-dependent child,950.0,2.8,439.215,11.5,948.86,2.7,533.133,26.2,900.0,7.4,Non-dependent child,Family member
2018,Median weekly earnings,ACT,Persons,Relationship in household,   Other related individual,1114.787,37.9,244.045,40.8,1153.794,13.7,306.842,60.5,839.424,30.6,Other related individual,Family member
2018,Median weekly earnings,ACT,Persons,Relationship in household,Non-family member,1500.0,4.9,382.847,32.5,1492.644,5.6,447.585,55.0,1266.764,10.9,,Non-family member
2018,Median weekly earnings,ACT,Persons,Relationship in household,   Lone person,1589.981,7.9,270.694,0.1,1551.574,6.2,281.109,0.1,1486.236,12.7,Lone person,Non-family member
2018,Median weekly earnings,ACT,Persons,Relationship in household,   Not living alone,1337.422,7.5,432.855,12.7,1234.62,13.5,511.811,25.4,850.0,24.4,Not living alone,Non-family member
2018,Median weekly earnings,ACT,Persons,Relationship in household,Relationship not determined,779.507,3.4,438.731,6.5,849.525,5.6,416.369,3.4,558.7,1.4,,Relationship not determined
2018,Median weekly earnings,ACT,Males,Relationship in household,Family member,1600.0,2.9,420.104,9.9,1592.134,2.6,642.12,15.4,1496.564,3.9,,Family member
2018,Median weekly earnings,ACT,Males,Relationship in household,"   Husband, wife or partner",1713.945,2.2,722.943,9.0,1662.0,2.2,1000.0,15.7,1628.8,2.3,"Husband, wife or partner",Family member
2018,Median weekly earnings,ACT,Males,Relationship in household,      With dependants,1800.134,4.3,831.828,30.9,1750.0,4.6,2298.159,34.8,1763.023,4.7,With dependants,Family member
2018,Median weekly earnings,ACT,Males,Relationship in household,      Without dependants,1596.897,4.2,700.0,11.7,1507.305,5.2,899.506,17.9,1390.218,4.3,Without dependants,Family member
2018,Median weekly earnings,ACT,Males,Relationship in household,   Lone parent,1600.423,7.8,0.0,0.0,1600.423,7.8,0.0,0.0,1600.423,7.8,Lone parent,Family member
2018,Median weekly earnings,ACT,Males,Relationship in household,   Dependent student,1061.35,0.1,141.586,20.2,1172.313,0.1,147.049,18.0,193.184,14.2,Dependent student,Family member
2018,Median weekly earnings,ACT,Males,Relationship in household,   Non-dependent child,950.0,4.0,401.579,61.1,949.508,4.8,577.951,42.7,899.243,13.1,Non-dependent child,Family member
2018,Median weekly earnings,ACT,Males,Relationship in household,   Other related individual,1093.439,0.1,143.991,0.1,1093.439,0.1,143.991,0.1,984.116,169.3,Other related individual,Family member
2018,Median weekly earnings,ACT,Males,Relationship in household,Non-family member,1500.0,7.0,425.827,27.4,1486.843,6.3,654.808,83.6,1368.646,10.0,,Non-family member
2018,Median weekly earnings,ACT,Males,Relationship in household,   Lone person,1604.951,9.7,312.12,0.1,1591.814,10.8,721.242,0.1,1576.069,12.9,Lone person,Non-family member
2018,Median weekly earnings,ACT,Males,Relationship in household,   Not living alone,1260.073,13.3,485.97,33.7,1202.94,20.3,583.149,165.1,879.448,24.3,Not living alone,Non-family member
2018,Median weekly earnings,ACT,Females,Relationship in household,Family member,1500.0,2.8,649.428,7.8,1392.18,2.8,554.555,11.4,1163.702,5.3,,Family member
2018,Median weekly earnings,ACT,Females,Relationship in household,"   Husband, wife or partner",1527.108,2.1,800.0,8.2,1442.0,2.7,692.672,8.3,1368.673,3.9,"Husband, wife or partner",Family member
2018,Median weekly earnings,ACT,Females,Relationship in household,      With dependants,1634.842,3.7,992.337,10.0,1500.0,3.3,707.425,27.4,1426.023,3.8,With dependants,Family member
2018,Median weekly earnings,ACT,Females,Relationship in household,      Without dependants,1442.0,3.6,654.139,11.9,1350.0,5.6,663.978,13.6,1250.0,6.6,Without dependants,Family member
2018,Median weekly earnings,ACT,Females,Relationship in household,   Lone parent,1597.74,9.7,725.369,26.1,1346.047,13.3,702.646,44.3,1169.406,8.9,Lone parent,Family member
2018,Median weekly earnings,ACT,Females,Relationship in household,   Dependent student,0.0,0.0,197.5,30.1,331.527,0.1,178.13,38.1,201.593,31.6,Dependent student,Family member
2018,Median weekly earnings,ACT,Females,Relationship in household,   Non-dependent child,949.784,8.1,443.813,10.5,947.955,10.2,511.627,12.9,901.313,14.5,Non-dependent child,Family member
2018,Median weekly earnings,ACT,Females,Relationship in household,   Other related individual,1191.23,0.1,326.99,55.4,1805.362,0.1,390.52,0.1,756.713,0.1,Other related individual,Family member
2018,Median weekly earnings,ACT,Females,Relationship in household,Non-family member,1500.0,7.7,342.69,70.5,1489.973,8.1,345.303,118.7,1247.017,16.7,,Non-family member
2018,Median weekly earnings,ACT,Females,Relationship in household,   Lone person,1511.572,9.6,266.224,0.1,1505.087,9.3,250.78,0.1,1269.229,22.8,Lone person,Non-family member
2018,Median weekly earnings,ACT,Females,Relationship in household,   Not living alone,1396.141,0.1,397.673,18.9,1384.212,0.1,501.618,54.9,662.752,62.2,Not living alone,Non-family member
2018,Median weekly earnings,ACT,Females,Relationship in household,Relationship not determined,0.0,0.0,438.731,6.5,849.525,5.6,0.0,0.0,618.916,6.1,,Relationship not determined
2019,Median weekly earnings,Australia,Persons,Relationship in household,Family member,1380.0,0.8,545.0,1.2,1250.0,0.3,511.879,2.1,1100.0,0.2,,Family member
2019,Median weekly earnings,Australia,Persons,Relationship in household,"   Husband, wife or partner",1500.0,0.2,675.0,1.9,1350.0,0.8,731.26,1.8,1250.0,0.5,"Husband, wife or partner",Family member
2019,Median weekly earnings,Australia,Persons,Relationship in household,      With dependants,1600.0,1.4,729.03,1.7,1406.064,1.0,750.0,2.9,1304.0,1.2,With dependants,Family member
2019,Median weekly earnings,Australia,Persons,Relationship in household,      Without dependants,1392.11,0.9,624.0,2.0,1284.0,1.1,700.0,3.6,1190.0,1.1,Without dependants,Family member
2019,Median weekly earnings,Australia,Persons,Relationship in household,   Lone parent,1300.0,2.9,600.0,3.6,1150.0,2.2,600.0,7.3,1011.873,3.2,Lone parent,Family member
2019,Median weekly earnings,Australia,Persons,Relationship in household,   Dependent student,600.0,11.0,170.0,4.1,315.967,14.8,160.0,4.8,180.0,5.5,Dependent student,Family member
2019,Median weekly earnings,Australia,Persons,Relationship in household,   Non-dependent child,1000.0,0.6,479.308,2.7,986.598,1.3,600.0,4.9,867.0,1.5,Non-dependent child,Family member
2019,Median weekly earnings,Australia,Persons,Relationship in household,   Other related individual,1138.113,3.2,478.956,5.3,1050.008,2.5,572.872,9.2,919.383,4.2,Other related individual,Family member
2019,Median weekly earnings,Australia,Persons,Relationship in household,Non-family member,1308.0,1.1,560.0,2.3,1250.0,1.5,632.2,3.2,1140.432,1.1,,Non-family member
2019,Median weekly earnings,Australia,Persons,Relationship in household,   Lone person,1404.922,2.2,639.13,2.8,1331.465,1.7,750.0,6.2,1230.417,1.4,Lone person,Non-family member
2019,Median weekly earnings,Australia,Persons,Relationship in household,   Not living alone,1167.0,1.7,500.0,2.9,1123.575,2.0,553.785,6.9,990.48,1.3,Not living alone,Non-family member
2019,Median weekly earnings,Australia,Persons,Relationship in household,Relationship not determined,1500.0,6.1,576.667,16.3,1200.0,10.6,600.0,24.5,1000.0,9.1,,Relationship not determined
2019,Median weekly earnings,Australia,Males,Relationship in household,Family member,1500.0,0.7,480.0,2.7,1477.327,1.0,700.0,2.6,1300.0,0.8,,Family member
2019,Median weekly earnings,Australia,Males,Relationship in household,"   Husband, wife or partner",1600.0,0.5,706.992,3.9,1600.0,0.6,1000.0,0.7,1500.0,0.3,"Husband, wife or partner",Family member
2019,Median weekly earnings,Australia,Males,Relationship in household,      With dependants,1707.853,1.5,850.886,5.6,1700.0,1.4,1100.0,4.1,1630.0,1.6,With dependants,Family member
2019,Median weekly earnings,Australia,Males,Relationship in household,      Without dependants,1500.0,0.3,640.0,4.0,1500.0,0.8,906.0,4.2,1397.133,1.2,Without dependants,Family member
2019,Median weekly earnings,Australia,Males,Relationship in household,   Lone parent,1548.602,6.8,517.383,22.1,1557.527,6.2,732.387,18.9,1394.004,5.4,Lone parent,Family member
2019,Median weekly earnings,Australia,Males,Relationship in household,   Dependent student,600.0,18.9,160.0,4.8,418.401,20.7,159.989,6.4,171.204,7.5,Dependent student,Family member
2019,Median weekly earnings,Australia,Males,Relationship in household,   Non-dependent child,1000.0,1.2,499.544,1.6,980.0,1.3,700.0,4.6,882.406,1.4,Non-dependent child,Family member
2019,Median weekly earnings,Australia,Males,Relationship in household,   Other related individual,1159.0,4.4,496.787,10.3,1048.336,4.2,700.0,5.2,990.0,4.9,Other related individual,Family member
2019,Median weekly earnings,Australia,Males,Relationship in household,Non-family member,1360.975,1.9,550.0,2.0,1300.0,2.4,750.0,5.3,1200.0,1.4,,Non-family member
2019,Median weekly earnings,Australia,Males,Relationship in household,   Lone person,1500.0,1.8,617.35,5.9,1420.206,2.5,938.461,9.0,1342.0,2.5,Lone person,Non-family member
2019,Median weekly earnings,Australia,Males,Relationship in household,   Not living alone,1200.0,2.7,535.204,2.4,1150.0,2.9,650.0,6.5,1040.0,2.5,Not living alone,Non-family member
2019,Median weekly earnings,Australia,Males,Relationship in household,Relationship not determined,1327.014,11.8,516.29,23.6,1200.0,20.2,617.264,60.6,996.914,19.4,,Relationship not determined
2019,Median weekly earnings,Australia,Females,Relationship in household,Family member,1250.0,0.3,570.0,2.1,1092.394,1.0,450.0,3.2,925.0,1.4,,Family member
2019,Median weekly earnings,Australia,Females,Relationship in household,"   Husband, wife or partner",1300.0,1.2,672.768,1.9,1122.861,1.1,594.0,2.4,1000.0,0.1,"Husband, wife or partner",Family member
2019,Median weekly earnings,Australia,Females,Relationship in household,      With dependants,1399.0,1.8,702.055,2.2,1106.0,1.7,590.505,5.0,1000.0,0.6,With dependants,Family member
2019,Median weekly earnings,Australia,Females,Relationship in household,      Without dependants,1250.0,1.6,608.0,2.0,1128.276,1.1,596.169,3.4,1000.0,0.6,Without dependants,Family member
2019,Median weekly earnings,Australia,Females,Relationship in household,   Lone parent,1250.0,2.6,600.0,4.1,1100.0,3.5,592.069,7.1,950.0,2.7,Lone parent,Family member
2019,Median weekly earnings,Australia,Females,Relationship in household,   Dependent student,538.66,33.2,180.0,5.7,298.203,13.2,165.0,6.8,183.559,5.2,Dependent student,Family member
2019,Median weekly earnings,Australia,Females,Relationship in household,   Non-dependent child,1017.0,2.5,450.0,4.0,997.0,1.3,460.56,4.4,851.278,2.2,Non-dependent child,Family member
2019,Median weekly earnings,Australia,Females,Relationship in household,   Other related individual,1100.966,3.8,435.42,9.8,1054.0,2.7,414.452,14.5,850.0,6.1,Other related individual,Family member
2019,Median weekly earnings,Australia,Females,Relationship in household,Non-family member,1265.0,1.4,598.62,2.9,1200.0,2.1,540.135,4.9,1054.0,2.4,,Non-family member
2019,Median weekly earnings,Australia,Females,Relationship in household,   Lone person,1350.0,2.7,647.752,3.5,1264.609,2.6,600.0,5.9,1150.0,2.3,Lone person,Non-family member
2019,Median weekly earnings,Australia,Females,Relationship in household,   Not living alone,1100.0,4.2,458.707,6.1,1050.0,4.3,499.028,7.7,900.0,3.9,Not living alone,Non-family member
2019,Median weekly earnings,Australia,Females,Relationship in household,Relationship not determined,1507.566,10.1,593.629,17.8,1252.229,11.7,552.959,0.1,1042.274,21.1,,Relationship not determined
2019,Median weekly earnings,NSW,Persons,Relationship in household,Family member,1400.0,1.5,550.0,4.4,1300.0,1.7,508.408,3.0,1150.0,1.2,,Family member
2019,Median weekly earnings,NSW,Persons,Relationship in household,"   Husband, wife or partner",1533.034,1.7,700.0,3.6,1400.0,1.8,740.0,5.3,1274.036,1.2,"Husband, wife or partner",Family member
2019,Median weekly earnings,NSW,Persons,Relationship in household,      With dependants,1700.0,2.4,760.0,4.5,1500.0,2.0,837.793,4.9,1400.0,2.8,With dependants,Family member
2019,Median weekly earnings,NSW,Persons,Relationship in household,      Without dependants,1380.0,2.4,640.0,2.7,1300.0,2.0,643.288,5.9,1188.843,1.5,Without dependants,Family member
2019,Median weekly earnings,NSW,Persons,Relationship in household,   Lone parent,1335.753,5.7,635.122,9.5,1200.0,3.5,600.0,15.9,1080.227,4.2,Lone parent,Family member
2019,Median weekly earnings,NSW,Persons,Relationship in household,   Dependent student,595.802,13.9,178.217,7.2,401.48,20.9,169.891,7.5,195.781,5.3,Dependent student,Family member
2019,Median weekly earnings,NSW,Persons,Relationship in household,   Non-dependent child,1000.0,2.4,495.17,4.6,1000.0,2.5,575.937,6.5,879.251,2.1,Non-dependent child,Family member
2019,Median weekly earnings,NSW,Persons,Relationship in household,   Other related individual,1200.0,7.6,435.47,13.8,1068.683,6.3,550.762,19.2,896.086,9.1,Other related individual,Family member
2019,Median weekly earnings,NSW,Persons,Relationship in household,Non-family member,1352.277,3.6,560.801,4.6,1262.422,3.9,600.0,9.3,1150.0,3.8,,Non-family member
2019,Median weekly earnings,NSW,Persons,Relationship in household,   Lone person,1500.0,3.5,650.0,6.7,1389.253,3.8,641.81,9.7,1250.0,3.9,Lone person,Non-family member
2019,Median weekly earnings,NSW,Persons,Relationship in household,   Not living alone,1201.634,4.0,500.0,5.1,1151.323,4.4,556.631,10.1,1000.0,3.9,Not living alone,Non-family member
2019,Median weekly earnings,NSW,Persons,Relationship in household,Relationship not determined,1451.699,14.7,552.688,16.1,1114.006,15.5,600.0,34.1,799.511,29.5,,Relationship not determined
2019,Median weekly earnings,NSW,Males,Relationship in household,Family member,1500.0,1.8,500.0,5.8,1500.0,1.4,652.244,4.1,1300.0,1.4,,Family member
2019,Median weekly earnings,NSW,Males,Relationship in household,"   Husband, wife or partner",1612.243,2.0,700.0,4.8,1610.601,1.5,965.305,4.0,1518.478,1.7,"Husband, wife or partner",Family member
2019,Median weekly earnings,NSW,Males,Relationship in household,      With dependants,1750.0,2.6,754.214,12.8,1750.0,2.4,1063.065,9.6,1708.0,2.9,With dependants,Family member
2019,Median weekly earnings,NSW,Males,Relationship in household,      Without dependants,1500.0,3.0,663.937,5.4,1500.0,2.9,800.0,11.8,1359.984,2.0,Without dependants,Family member
2019,Median weekly earnings,NSW,Males,Relationship in household,   Lone parent,1600.0,10.0,950.597,0.1,1600.0,8.8,722.901,0.1,1474.116,9.1,Lone parent,Family member
2019,Median weekly earnings,NSW,Males,Relationship in household,   Dependent student,549.618,15.7,160.0,11.2,476.995,25.5,162.047,12.2,180.0,12.0,Dependent student,Family member
2019,Median weekly earnings,NSW,Males,Relationship in household,   Non-dependent child,982.328,4.2,515.432,6.5,1000.0,2.9,700.0,6.0,878.722,2.7,Non-dependent child,Family member
2019,Median weekly earnings,NSW,Males,Relationship in household,   Other related individual,1217.857,9.5,531.537,14.4,1066.794,10.1,702.149,17.1,1000.0,12.5,Other related individual,Family member
2019,Median weekly earnings,NSW,Males,Relationship in household,Non-family member,1380.0,4.7,543.542,7.5,1305.395,4.7,694.538,12.6,1200.0,4.1,,Non-family member
2019,Median weekly earnings,NSW,Males,Relationship in household,   Lone person,1557.178,5.3,584.797,17.4,1500.0,7.3,764.117,12.7,1318.744,5.8,Lone person,Non-family member
2019,Median weekly earnings,NSW,Males,Relationship in household,   Not living alone,1234.459,5.7,503.957,6.5,1200.0,6.4,662.501,19.3,1115.333,4.7,Not living alone,Non-family member
2019,Median weekly earnings,NSW,Males,Relationship in household,Relationship not determined,1212.333,26.5,548.13,9.1,1131.877,27.5,600.0,0.1,827.304,35.1,,Relationship not determined
2019,Median weekly earnings,NSW,Females,Relationship in household,Family member,1264.561,2.2,580.0,2.6,1150.0,1.7,450.0,5.4,992.883,1.3,,Family member
2019,Median weekly earnings,NSW,Females,Relationship in household,"   Husband, wife or partner",1350.0,3.3,700.0,3.5,1168.0,1.1,600.0,6.4,1067.214,2.5,"Husband, wife or partner",Family member
2019,Median weekly earnings,NSW,Females,Relationship in household,      With dependants,1531.777,4.1,760.713,4.1,1200.0,2.0,654.959,12.3,1137.794,3.3,With dependants,Family member
2019,Median weekly earnings,NSW,Females,Relationship in household,      Without dependants,1247.827,2.9,602.589,3.1,1149.054,3.2,583.965,5.1,1000.0,3.1,Without dependants,Family member
2019,Median weekly earnings,NSW,Females,Relationship in household,   Lone parent,1250.0,5.3,600.0,10.7,1150.0,4.9,518.935,18.9,1000.0,5.6,Lone parent,Family member
2019,Median weekly earnings,NSW,Females,Relationship in household,   Dependent student,687.484,0.1,194.664,6.3,318.86,31.5,170.478,8.1,200.0,7.0,Dependent student,Family member
2019,Median weekly earnings,NSW,Females,Relationship in household,   Non-dependent child,1140.202,4.5,479.649,4.8,1054.0,4.6,457.18,8.3,891.898,4.2,Non-dependent child,Family member
2019,Median weekly earnings,NSW,Females,Relationship in household,   Other related individual,1177.803,9.3,321.304,21.3,1053.54,12.5,325.005,22.6,769.379,17.3,Other related individual,Family member
2019,Median weekly earnings,NSW,Females,Relationship in household,Non-family member,1346.093,3.8,582.335,6.0,1219.359,5.0,500.561,10.8,1052.203,6.1,,Non-family member
2019,Median weekly earnings,NSW,Females,Relationship in household,   Lone person,1473.318,4.7,673.547,7.3,1322.881,4.4,601.517,14.7,1210.286,6.1,Lone person,Non-family member
2019,Median weekly earnings,NSW,Females,Relationship in household,   Not living alone,1189.0,7.5,464.571,13.2,1000.0,7.7,487.021,15.5,889.041,8.6,Not living alone,Non-family member
2019,Median weekly earnings,NSW,Females,Relationship in household,Relationship not determined,1510.046,12.0,570.707,0.1,1155.483,23.0,574.346,0.1,825.142,18.5,,Relationship not determined
2019,Median weekly earnings,VIC,Persons,Relationship in household,Family member,1350.0,1.6,505.13,3.2,1219.618,1.0,475.0,3.5,1052.0,1.9,,Family member
2019,Median weekly earnings,VIC,Persons,Relationship in household,"   Husband, wife or partner",1497.986,1.1,667.937,2.7,1331.599,1.4,700.0,4.4,1232.174,1.0,"Husband, wife or partner",Family member
2019,Median weekly earnings,VIC,Persons,Relationship in household,      With dependants,1600.0,2.5,713.883,4.2,1376.088,2.2,677.519,5.6,1250.0,2.1,With dependants,Family member
2019,Median weekly earnings,VIC,Persons,Relationship in household,      Without dependants,1391.967,2.3,600.0,5.1,1300.0,2.0,700.0,6.1,1200.0,2.1,Without dependants,Family member
2019,Median weekly earnings,VIC,Persons,Relationship in household,   Lone parent,1228.692,4.4,574.797,7.2,1150.0,3.6,539.228,10.6,972.905,6.7,Lone parent,Family member
2019,Median weekly earnings,VIC,Persons,Relationship in household,   Dependent student,495.165,0.1,166.602,7.1,275.686,17.6,162.712,7.2,177.254,5.8,Dependent student,Family member
2019,Median weekly earnings,VIC,Persons,Relationship in household,   Non-dependent child,1053.324,2.4,440.366,6.4,1000.0,3.8,511.998,10.2,911.936,2.7,Non-dependent child,Family member
2019,Median weekly earnings,VIC,Persons,Relationship in household,   Other related individual,1028.661,5.0,475.104,14.9,970.273,3.3,700.0,14.5,900.0,4.5,Other related individual,Family member
2019,Median weekly earnings,VIC,Persons,Relationship in household,Non-family member,1297.283,2.5,571.597,6.3,1200.0,2.2,640.172,10.6,1127.439,1.8,,Non-family member
2019,Median weekly earnings,VIC,Persons,Relationship in household,   Lone person,1400.0,1.8,650.228,8.5,1307.391,3.0,848.642,14.1,1211.347,2.5,Lone person,Non-family member
2019,Median weekly earnings,VIC,Persons,Relationship in household,   Not living alone,1089.0,3.6,499.764,10.8,1034.108,4.4,501.369,15.7,900.0,3.0,Not living alone,Non-family member
2019,Median weekly earnings,VIC,Persons,Relationship in household,Relationship not determined,1230.828,16.1,380.438,101.7,1064.588,21.6,495.064,0.1,987.57,266.5,,Relationship not determined
2019,Median weekly earnings,VIC,Males,Relationship in household,Family member,1446.776,1.7,440.574,5.8,1411.472,1.7,647.83,4.8,1250.0,2.0,,Family member
2019,Median weekly earnings,VIC,Males,Relationship in household,"   Husband, wife or partner",1596.563,1.8,768.228,6.7,1574.913,1.8,976.573,5.3,1500.0,1.5,"Husband, wife or partner",Family member
2019,Median weekly earnings,VIC,Males,Relationship in household,      With dependants,1718.902,2.1,940.96,6.4,1656.424,2.0,1076.667,8.5,1600.0,2.9,With dependants,Family member
2019,Median weekly earnings,VIC,Males,Relationship in household,      Without dependants,1500.0,1.8,674.437,11.5,1475.512,2.5,897.169,7.1,1379.054,2.8,Without dependants,Family member
2019,Median weekly earnings,VIC,Males,Relationship in household,   Lone parent,1361.976,16.9,343.555,56.0,1570.863,15.1,469.142,33.3,1202.635,14.6,Lone parent,Family member
2019,Median weekly earnings,VIC,Males,Relationship in household,   Dependent student,543.757,0.1,185.092,15.9,299.739,35.1,187.083,14.5,191.769,14.0,Dependent student,Family member
2019,Median weekly earnings,VIC,Males,Relationship in household,   Non-dependent child,1055.679,3.4,471.657,5.4,1026.19,4.4,667.735,10.9,943.815,4.1,Non-dependent child,Family member
2019,Median weekly earnings,VIC,Males,Relationship in household,   Other related individual,1000.0,9.0,626.268,13.5,965.629,3.6,736.469,16.8,904.34,4.8,Other related individual,Family member
2019,Median weekly earnings,VIC,Males,Relationship in household,Non-family member,1300.0,4.4,553.048,5.0,1222.454,4.0,741.337,17.9,1150.0,2.9,,Non-family member
2019,Median weekly earnings,VIC,Males,Relationship in household,   Lone person,1433.277,3.1,654.92,15.6,1401.832,3.7,1115.649,15.8,1351.096,3.6,Lone person,Non-family member
2019,Median weekly earnings,VIC,Males,Relationship in household,   Not living alone,1138.206,3.0,538.216,8.0,1040.055,5.6,533.816,17.5,916.557,5.0,Not living alone,Non-family member
2019,Median weekly earnings,VIC,Males,Relationship in household,Relationship not determined,1373.951,0.1,335.153,39.6,1006.63,0.1,700.424,0.1,979.7,22.8,,Relationship not determined
2019,Median weekly earnings,VIC,Females,Relationship in household,Family member,1250.0,1.9,538.359,2.8,1070.632,2.2,410.0,4.4,896.913,2.1,,Family member
2019,Median weekly earnings,VIC,Females,Relationship in household,"   Husband, wife or partner",1324.065,2.5,648.271,3.0,1130.0,1.6,567.01,6.1,1000.0,2.0,"Husband, wife or partner",Family member
2019,Median weekly earnings,VIC,Females,Relationship in household,      With dependants,1421.963,3.5,675.0,4.5,1069.367,3.6,543.291,7.3,970.173,3.1,With dependants,Family member
2019,Median weekly earnings,VIC,Females,Relationship in household,      Without dependants,1300.0,2.1,600.0,4.4,1152.217,3.2,600.0,8.2,1000.0,3.9,Without dependants,Family member
2019,Median weekly earnings,VIC,Females,Relationship in household,   Lone parent,1220.109,4.5,591.235,7.6,1097.926,6.6,542.434,12.2,847.241,7.6,Lone parent,Family member
2019,Median weekly earnings,VIC,Females,Relationship in household,   Dependent student,0.0,0.0,164.125,7.6,216.822,20.6,161.194,7.7,164.542,7.5,Dependent student,Family member
2019,Median weekly earnings,VIC,Females,Relationship in household,   Non-dependent child,1030.057,4.9,440.0,12.7,999.833,4.5,429.721,18.3,897.882,3.2,Non-dependent child,Family member
2019,Median weekly earnings,VIC,Females,Relationship in household,   Other related individual,1053.297,6.8,400.191,11.7,999.256,9.3,511.727,30.8,822.289,13.3,Other related individual,Family member
2019,Median weekly earnings,VIC,Females,Relationship in household,Non-family member,1243.694,3.3,591.566,10.8,1169.163,2.9,600.0,13.4,1056.884,3.6,,Non-family member
2019,Median weekly earnings,VIC,Females,Relationship in household,   Lone person,1348.882,4.4,654.237,10.2,1209.816,4.8,637.431,20.1,1150.0,2.4,Lone person,Non-family member
2019,Median weekly earnings,VIC,Females,Relationship in household,   Not living alone,1000.0,8.5,425.372,17.7,1022.531,6.0,500.0,20.4,876.561,6.0,Not living alone,Non-family member
2019,Median weekly earnings,VIC,Females,Relationship in household,Relationship not determined,1083.932,0.1,917.045,0.1,1220.416,19.3,0.0,0.0,1058.804,0.1,,Relationship not determined
2019,Median weekly earnings,QLD,Persons,Relationship in household,Family member,1304.0,2.1,550.0,3.7,1200.0,1.6,586.846,5.2,1050.0,1.6,,Family member
2019,Median weekly earnings,QLD,Persons,Relationship in household,"   Husband, wife or partner",1400.0,1.3,665.095,2.5,1274.516,1.4,751.283,3.4,1200.0,1.1,"Husband, wife or partner",Family member
2019,Median weekly earnings,QLD,Persons,Relationship in household,      With dependants,1499.429,1.5,699.338,4.3,1342.428,2.2,767.0,5.2,1250.0,2.0,With dependants,Family member
2019,Median weekly earnings,QLD,Persons,Relationship in household,      Without dependants,1342.686,2.9,634.0,5.8,1200.0,2.8,725.623,6.0,1112.0,2.2,Without dependants,Family member
2019,Median weekly earnings,QLD,Persons,Relationship in household,   Lone parent,1250.0,6.4,623.41,7.9,1051.74,7.3,749.602,26.3,1000.0,6.4,Lone parent,Family member
2019,Median weekly earnings,QLD,Persons,Relationship in household,   Dependent student,492.156,0.1,160.0,11.6,433.646,12.8,153.226,11.3,170.143,9.9,Dependent student,Family member
2019,Median weekly earnings,QLD,Persons,Relationship in household,   Non-dependent child,947.768,3.9,469.882,6.5,900.0,5.2,619.624,9.9,800.0,4.5,Non-dependent child,Family member
2019,Median weekly earnings,QLD,Persons,Relationship in household,   Other related individual,1150.092,8.3,491.316,17.9,1054.0,9.6,486.946,35.1,1000.0,8.7,Other related individual,Family member
2019,Median weekly earnings,QLD,Persons,Relationship in household,Non-family member,1300.0,2.1,559.288,7.9,1250.0,2.1,600.0,12.8,1106.057,3.0,,Non-family member
2019,Median weekly earnings,QLD,Persons,Relationship in household,   Lone person,1350.0,2.9,600.0,13.1,1300.0,3.8,625.55,22.4,1200.0,4.5,Lone person,Non-family member
2019,Median weekly earnings,QLD,Persons,Relationship in household,   Not living alone,1200.0,3.1,546.0,10.5,1177.006,3.3,564.029,15.1,1000.0,3.8,Not living alone,Non-family member
2019,Median weekly earnings,QLD,Persons,Relationship in household,Relationship not determined,1695.02,16.2,0.0,0.0,1654.766,0.1,0.0,0.0,1676.081,7.4,,Relationship not determined
2019,Median weekly earnings,QLD,Males,Relationship in household,Family member,1437.044,1.8,496.266,5.2,1403.391,2.2,750.0,4.4,1265.0,2.6,,Family member
2019,Median weekly earnings,QLD,Males,Relationship in household,"   Husband, wife or partner",1520.0,1.7,656.093,7.8,1500.0,1.3,1070.129,5.5,1490.078,1.3,"Husband, wife or partner",Family member
2019,Median weekly earnings,QLD,Males,Relationship in household,      With dependants,1540.801,2.5,802.161,13.1,1538.0,2.3,1200.0,11.1,1516.801,1.7,With dependants,Family member
2019,Median weekly earnings,QLD,Males,Relationship in household,      Without dependants,1500.0,2.9,601.468,12.5,1452.18,3.0,915.547,8.8,1399.377,3.2,Without dependants,Family member
2019,Median weekly earnings,QLD,Males,Relationship in household,   Lone parent,1297.769,12.5,534.71,0.1,1242.692,15.1,1256.68,0.1,1242.856,9.6,Lone parent,Family member
2019,Median weekly earnings,QLD,Males,Relationship in household,   Dependent student,783.656,0.1,150.0,17.2,544.267,45.2,141.649,12.6,152.122,17.8,Dependent student,Family member
2019,Median weekly earnings,QLD,Males,Relationship in household,   Non-dependent child,900.909,6.4,500.0,9.6,899.0,6.3,721.015,13.2,803.285,4.8,Non-dependent child,Family member
2019,Median weekly earnings,QLD,Males,Relationship in household,   Other related individual,1159.0,13.2,479.082,20.1,1046.286,11.6,507.819,64.1,994.127,11.3,Other related individual,Family member
2019,Median weekly earnings,QLD,Males,Relationship in household,Non-family member,1372.586,4.6,553.783,12.2,1300.0,4.0,700.0,16.7,1200.0,4.3,,Non-family member
2019,Median weekly earnings,QLD,Males,Relationship in household,   Lone person,1436.58,3.0,618.411,30.9,1396.774,5.9,997.465,24.2,1301.909,6.8,Lone person,Non-family member
2019,Median weekly earnings,QLD,Males,Relationship in household,   Not living alone,1250.0,4.5,549.339,11.2,1240.163,5.8,634.439,13.9,1087.723,6.0,Not living alone,Non-family member
2019,Median weekly earnings,QLD,Males,Relationship in household,Relationship not determined,1680.222,0.1,0.0,0.0,0.0,0.0,0.0,0.0,1680.222,0.1,,Relationship not determined
2019,Median weekly earnings,QLD,Females,Relationship in household,Family member,1195.447,2.1,600.0,3.0,1000.0,1.3,498.609,7.4,900.0,2.0,,Family member
2019,Median weekly earnings,QLD,Females,Relationship in household,"   Husband, wife or partner",1230.899,2.5,668.762,2.3,1050.0,2.4,600.0,6.2,960.0,2.4,"Husband, wife or partner",Family member
2019,Median weekly earnings,QLD,Females,Relationship in household,      With dependants,1273.752,4.0,680.721,3.1,1050.0,3.2,600.0,7.3,950.0,2.7,With dependants,Family member
2019,Median weekly earnings,QLD,Females,Relationship in household,      Without dependants,1200.0,3.5,646.716,7.1,1043.964,2.7,591.181,9.0,991.226,2.6,Without dependants,Family member
2019,Median weekly earnings,QLD,Females,Relationship in household,   Lone parent,1250.0,7.6,645.394,7.1,998.937,6.4,746.412,20.7,950.0,4.4,Lone parent,Family member
2019,Median weekly earnings,QLD,Females,Relationship in household,   Dependent student,468.086,0.1,177.001,12.1,364.29,20.4,162.349,15.8,190.4,11.5,Dependent student,Family member
2019,Median weekly earnings,QLD,Females,Relationship in household,   Non-dependent child,952.548,3.3,450.0,5.0,900.0,5.6,477.279,13.7,778.928,5.9,Non-dependent child,Family member
2019,Median weekly earnings,QLD,Females,Relationship in household,   Other related individual,1123.165,13.3,605.704,24.6,1099.898,10.8,319.495,51.6,1000.0,9.9,Other related individual,Family member
2019,Median weekly earnings,QLD,Females,Relationship in household,Non-family member,1250.0,4.5,568.897,10.0,1208.858,4.4,484.179,13.0,1051.744,4.5,,Non-family member
2019,Median weekly earnings,QLD,Females,Relationship in household,   Lone person,1307.603,6.6,600.0,8.9,1259.387,5.4,486.083,14.4,1075.447,5.9,Lone person,Non-family member
2019,Median weekly earnings,QLD,Females,Relationship in household,   Not living alone,1135.107,3.3,448.319,21.8,1125.484,2.8,496.98,24.7,962.538,6.7,Not living alone,Non-family member
2019,Median weekly earnings,QLD,Females,Relationship in household,Relationship not determined,1711.677,0.1,0.0,0.0,1410.852,0.1,0.0,0.0,1410.852,0.1,,Relationship not determined
2019,Median weekly earnings,SA,Persons,Relationship in household,Family member,1250.0,2.2,505.86,2.9,1150.0,1.6,489.523,7.5,1000.0,0.6,,Family member
2019,Median weekly earnings,SA,Persons,Relationship in household,"   Husband, wife or partner",1349.143,2.8,650.0,3.9,1210.167,1.5,676.552,7.2,1125.0,1.1,"Husband, wife or partner",Family member
2019,Median weekly earnings,SA,Persons,Relationship in household,      With dependants,1400.0,3.0,671.039,3.8,1250.0,3.4,700.0,8.8,1154.228,2.8,With dependants,Family member
2019,Median weekly earnings,SA,Persons,Relationship in household,      Without dependants,1250.0,3.0,600.0,6.7,1152.902,2.2,674.552,11.4,1100.0,2.1,Without dependants,Family member
2019,Median weekly earnings,SA,Persons,Relationship in household,   Lone parent,1510.364,9.1,549.393,10.3,1150.0,12.4,500.0,17.3,1000.0,7.7,Lone parent,Family member
2019,Median weekly earnings,SA,Persons,Relationship in household,   Dependent student,906.924,0.1,155.342,10.4,361.529,39.0,150.176,11.0,169.775,10.9,Dependent student,Family member
2019,Median weekly earnings,SA,Persons,Relationship in household,   Non-dependent child,1000.0,1.6,500.0,7.0,898.364,6.7,618.258,11.5,800.0,7.2,Non-dependent child,Family member
2019,Median weekly earnings,SA,Persons,Relationship in household,   Other related individual,1080.727,5.2,393.633,31.0,1081.501,7.0,555.099,35.3,926.967,13.3,Other related individual,Family member
2019,Median weekly earnings,SA,Persons,Relationship in household,Non-family member,1300.0,3.9,560.563,11.6,1247.86,3.7,600.0,11.8,1085.353,4.4,,Non-family member
2019,Median weekly earnings,SA,Persons,Relationship in household,   Lone person,1338.081,3.6,600.0,9.4,1304.0,3.6,600.0,10.0,1200.0,4.7,Lone person,Non-family member
2019,Median weekly earnings,SA,Persons,Relationship in household,   Not living alone,1081.18,8.3,465.054,16.0,1000.0,5.5,564.94,36.9,891.938,7.9,Not living alone,Non-family member
2019,Median weekly earnings,SA,Persons,Relationship in household,Relationship not determined,0.0,0.0,800.0,0.1,804.253,0.1,765.214,2.6,800.0,0.1,,Relationship not determined
2019,Median weekly earnings,SA,Males,Relationship in household,Family member,1363.063,2.9,400.0,6.8,1352.01,2.7,640.044,9.8,1205.689,1.5,,Family member
2019,Median weekly earnings,SA,Males,Relationship in household,"   Husband, wife or partner",1450.0,2.1,711.785,12.7,1450.0,2.1,999.593,5.5,1380.0,2.8,"Husband, wife or partner",Family member
2019,Median weekly earnings,SA,Males,Relationship in household,      With dependants,1500.0,3.5,816.149,15.8,1500.0,3.4,1000.736,5.5,1489.401,3.5,With dependants,Family member
2019,Median weekly earnings,SA,Males,Relationship in household,      Without dependants,1338.278,3.8,570.048,20.8,1304.622,3.7,852.705,9.0,1250.0,2.9,Without dependants,Family member
2019,Median weekly earnings,SA,Males,Relationship in household,   Lone parent,1764.421,14.1,250.0,86.1,1810.272,10.8,272.568,115.0,1692.003,14.2,Lone parent,Family member
2019,Median weekly earnings,SA,Males,Relationship in household,   Dependent student,906.924,0.1,145.093,14.1,391.468,142.5,120.139,16.5,165.805,12.9,Dependent student,Family member
2019,Median weekly earnings,SA,Males,Relationship in household,   Non-dependent child,965.906,5.1,543.101,12.3,800.0,7.9,713.075,15.9,799.752,7.3,Non-dependent child,Family member
2019,Median weekly earnings,SA,Males,Relationship in household,   Other related individual,1117.639,6.8,317.925,0.1,1129.705,10.3,609.389,44.6,1025.334,11.2,Other related individual,Family member
2019,Median weekly earnings,SA,Males,Relationship in household,Non-family member,1300.0,5.0,550.455,10.0,1300.0,4.9,700.0,17.8,1100.0,7.0,,Non-family member
2019,Median weekly earnings,SA,Males,Relationship in household,   Lone person,1320.592,4.9,557.231,10.4,1305.559,5.0,752.81,18.8,1238.081,5.3,Lone person,Non-family member
2019,Median weekly earnings,SA,Males,Relationship in household,   Not living alone,1064.611,13.1,441.599,33.5,1013.169,8.0,644.692,52.6,998.862,6.9,Not living alone,Non-family member
2019,Median weekly earnings,SA,Males,Relationship in household,Relationship not determined,0.0,0.0,800.0,0.1,800.0,0.1,0.0,0.0,800.0,0.1,,Relationship not determined
2019,Median weekly earnings,SA,Females,Relationship in household,Family member,1137.909,1.9,550.0,4.6,1000.0,1.4,406.532,8.9,873.05,2.1,,Family member
2019,Median weekly earnings,SA,Females,Relationship in household,"   Husband, wife or partner",1150.0,2.3,650.0,3.9,1000.0,1.9,498.129,10.9,933.15,1.6,"Husband, wife or partner",Family member
2019,Median weekly earnings,SA,Females,Relationship in household,      With dependants,1180.092,3.3,667.801,4.5,1000.0,2.4,491.252,12.3,903.571,2.8,With dependants,Family member
2019,Median weekly earnings,SA,Females,Relationship in household,      Without dependants,1132.006,3.4,600.0,6.6,1029.072,3.7,500.0,19.0,958.674,3.1,Without dependants,Family member
2019,Median weekly earnings,SA,Females,Relationship in household,   Lone parent,1269.35,11.6,567.893,11.9,1000.0,8.1,543.373,16.1,892.661,9.8,Lone parent,Family member
2019,Median weekly earnings,SA,Females,Relationship in household,   Dependent student,0.0,0.0,180.0,9.3,125.28,126.5,180.0,8.8,180.0,9.3,Dependent student,Family member
2019,Median weekly earnings,SA,Females,Relationship in household,   Non-dependent child,1000.0,2.5,500.0,7.4,957.533,4.8,545.12,13.2,816.943,8.6,Non-dependent child,Family member
2019,Median weekly earnings,SA,Females,Relationship in household,   Other related individual,1050.314,22.8,421.232,31.7,1033.946,29.4,490.358,33.9,577.603,38.7,Other related individual,Family member
2019,Median weekly earnings,SA,Females,Relationship in household,Non-family member,1299.772,4.9,600.0,13.6,1219.668,6.2,563.948,8.4,1053.857,4.5,,Non-family member
2019,Median weekly earnings,SA,Females,Relationship in household,   Lone person,1347.204,4.7,614.221,16.0,1288.988,5.6,600.0,15.9,1157.484,6.0,Lone person,Non-family member
2019,Median weekly earnings,SA,Females,Relationship in household,   Not living alone,1134.345,14.2,479.402,28.0,912.046,7.8,478.733,30.3,827.75,17.9,Not living alone,Non-family member
2019,Median weekly earnings,SA,Females,Relationship in household,Relationship not determined,0.0,0.0,775.17,0.1,858.897,0.1,765.214,2.6,775.17,0.1,,Relationship not determined
2019,Median weekly earnings,WA,Persons,Relationship in household,Family member,1535.932,1.7,560.0,3.4,1381.499,3.0,600.0,7.4,1200.0,2.2,,Family member
2019,Median weekly earnings,WA,Persons,Relationship in household,"   Husband, wife or partner",1630.627,2.8,674.0,2.9,1495.0,1.8,800.0,8.0,1380.0,2.7,"Husband, wife or partner",Family member
2019,Median weekly earnings,WA,Persons,Relationship in household,      With dependants,1758.564,3.8,719.45,5.1,1533.845,2.2,788.624,9.9,1475.0,2.5,With dependants,Family member
2019,Median weekly earnings,WA,Persons,Relationship in household,      Without dependants,1509.0,2.5,622.0,3.6,1384.0,3.5,850.247,9.6,1300.0,2.8,Without dependants,Family member
2019,Median weekly earnings,WA,Persons,Relationship in household,   Lone parent,1350.0,4.7,623.997,13.6,1191.049,7.0,823.664,11.1,1033.797,7.8,Lone parent,Family member
2019,Median weekly earnings,WA,Persons,Relationship in household,   Dependent student,881.677,24.4,180.0,10.6,399.55,20.6,160.0,10.4,191.217,11.9,Dependent student,Family member
2019,Median weekly earnings,WA,Persons,Relationship in household,   Non-dependent child,1000.0,4.6,526.507,14.4,954.695,3.7,681.314,15.0,852.85,6.0,Non-dependent child,Family member
2019,Median weekly earnings,WA,Persons,Relationship in household,   Other related individual,1407.545,16.8,489.184,19.8,1269.108,15.8,557.145,33.6,1002.993,14.3,Other related individual,Family member
2019,Median weekly earnings,WA,Persons,Relationship in household,Non-family member,1300.0,4.2,600.0,8.5,1250.0,2.8,886.306,8.1,1193.034,3.2,,Non-family member
2019,Median weekly earnings,WA,Persons,Relationship in household,   Lone person,1421.961,5.3,679.714,9.3,1300.0,5.8,968.39,11.8,1247.682,3.1,Lone person,Non-family member
2019,Median weekly earnings,WA,Persons,Relationship in household,   Not living alone,1168.999,5.7,438.726,26.2,1134.653,5.6,639.074,24.1,1000.0,5.2,Not living alone,Non-family member
2019,Median weekly earnings,WA,Persons,Relationship in household,Relationship not determined,2464.843,0.1,578.295,0.1,1378.625,0.1,0.0,0.0,1272.494,0.1,,Relationship not determined
2019,Median weekly earnings,WA,Males,Relationship in household,Family member,1725.0,2.9,469.458,8.9,1700.0,2.4,850.0,9.7,1519.716,1.7,,Family member
2019,Median weekly earnings,WA,Males,Relationship in household,"   Husband, wife or partner",1822.016,3.8,628.935,8.8,1800.0,2.8,1200.0,8.7,1726.0,2.6,"Husband, wife or partner",Family member
2019,Median weekly earnings,WA,Males,Relationship in household,      With dependants,2000.0,3.4,841.366,13.4,1956.698,2.9,1204.193,13.2,1891.454,3.5,With dependants,Family member
2019,Median weekly earnings,WA,Males,Relationship in household,      Without dependants,1702.478,4.0,528.837,14.7,1658.871,4.0,1128.18,9.2,1557.861,3.3,Without dependants,Family member
2019,Median weekly earnings,WA,Males,Relationship in household,   Lone parent,1616.68,21.7,396.599,0.1,1740.435,18.7,791.668,0.1,1576.829,21.2,Lone parent,Family member
2019,Median weekly earnings,WA,Males,Relationship in household,   Dependent student,881.677,53.3,160.718,19.9,464.854,41.1,150.646,19.3,172.874,21.7,Dependent student,Family member
2019,Median weekly earnings,WA,Males,Relationship in household,   Non-dependent child,1006.611,6.5,400.0,20.7,959.782,7.0,744.451,20.1,878.921,5.9,Non-dependent child,Family member
2019,Median weekly earnings,WA,Males,Relationship in household,   Other related individual,1353.481,35.8,203.954,56.3,1432.025,44.5,572.255,57.7,1177.479,12.2,Other related individual,Family member
2019,Median weekly earnings,WA,Males,Relationship in household,Non-family member,1440.345,7.9,582.413,28.9,1434.459,8.2,1000.64,6.6,1337.968,6.7,,Non-family member
2019,Median weekly earnings,WA,Males,Relationship in household,   Lone person,1557.39,6.8,819.421,17.7,1500.0,8.5,1236.065,17.6,1482.469,7.7,Lone person,Non-family member
2019,Median weekly earnings,WA,Males,Relationship in household,   Not living alone,1206.945,15.0,329.844,115.9,1272.696,16.8,850.232,26.3,1146.674,8.9,Not living alone,Non-family member
2019,Median weekly earnings,WA,Males,Relationship in household,Relationship not determined,1200.0,0.1,0.0,0.0,1200.872,0.1,0.0,0.0,1200.872,0.1,,Relationship not determined
2019,Median weekly earnings,WA,Females,Relationship in household,Family member,1318.179,2.6,600.0,4.2,1100.0,4.2,500.216,3.9,950.0,2.4,,Family member
2019,Median weekly earnings,WA,Females,Relationship in household,"   Husband, wife or partner",1347.846,3.5,674.0,2.8,1150.0,3.8,600.0,5.7,1000.0,2.4,"Husband, wife or partner",Family member
2019,Median weekly earnings,WA,Females,Relationship in household,      With dependants,1396.502,4.3,700.0,4.1,1072.548,3.8,645.127,6.5,1000.0,3.2,With dependants,Family member
2019,Median weekly earnings,WA,Females,Relationship in household,      Without dependants,1319.722,3.0,627.815,4.3,1186.205,4.2,600.0,10.0,1036.686,5.4,Without dependants,Family member
2019,Median weekly earnings,WA,Females,Relationship in household,   Lone parent,1306.773,6.1,687.89,10.8,1033.814,8.9,822.341,8.5,950.672,8.4,Lone parent,Family member
2019,Median weekly earnings,WA,Females,Relationship in household,   Dependent student,0.0,0.0,209.846,11.7,356.933,88.2,179.617,11.6,209.846,11.7,Dependent student,Family member
2019,Median weekly earnings,WA,Females,Relationship in household,   Non-dependent child,975.081,8.9,554.652,15.8,952.314,6.2,531.847,20.2,772.397,8.3,Non-dependent child,Family member
2019,Median weekly earnings,WA,Females,Relationship in household,   Other related individual,1645.452,20.9,499.86,36.2,1075.641,30.2,522.496,35.3,812.374,21.3,Other related individual,Family member
2019,Median weekly earnings,WA,Females,Relationship in household,Non-family member,1207.34,3.2,632.565,8.1,1160.759,4.4,657.077,12.4,1052.168,5.3,,Non-family member
2019,Median weekly earnings,WA,Females,Relationship in household,   Lone person,1269.532,4.1,672.788,12.9,1227.263,4.2,681.999,15.6,1140.805,5.7,Lone person,Non-family member
2019,Median weekly earnings,WA,Females,Relationship in household,   Not living alone,1100.834,8.1,500.0,19.3,1000.0,7.7,500.0,29.5,918.565,5.7,Not living alone,Non-family member
2019,Median weekly earnings,WA,Females,Relationship in household,Relationship not determined,4521.597,0.1,477.766,1.0,3128.733,0.1,0.0,0.0,1796.177,0.1,,Relationship not determined
2019,Median weekly earnings,TAS,Persons,Relationship in household,Family member,1286.313,1.7,548.602,3.6,1200.0,2.2,483.634,6.6,1000.0,2.3,,Family member
2019,Median weekly earnings,TAS,Persons,Relationship in household,"   Husband, wife or partner",1325.0,2.9,675.0,4.4,1229.0,1.5,675.175,7.4,1114.283,2.8,"Husband, wife or partner",Family member
2019,Median weekly earnings,TAS,Persons,Relationship in household,      With dependants,1334.709,2.4,699.763,4.3,1229.0,1.9,703.001,10.5,1151.408,2.3,With dependants,Family member
2019,Median weekly earnings,TAS,Persons,Relationship in household,      Without dependants,1323.747,3.5,611.267,7.4,1227.689,3.6,609.98,12.7,1100.0,4.1,Without dependants,Family member
2019,Median weekly earnings,TAS,Persons,Relationship in household,   Lone parent,1244.459,8.7,488.986,15.0,1009.732,7.6,504.386,26.9,960.0,7.8,Lone parent,Family member
2019,Median weekly earnings,TAS,Persons,Relationship in household,   Dependent student,1087.708,0.1,132.775,15.4,260.117,0.1,124.32,14.5,135.0,13.2,Dependent student,Family member
2019,Median weekly earnings,TAS,Persons,Relationship in household,   Non-dependent child,1000.0,5.1,450.0,5.8,979.807,5.6,482.383,10.6,750.0,8.2,Non-dependent child,Family member
2019,Median weekly earnings,TAS,Persons,Relationship in household,   Other related individual,1078.118,19.2,556.75,9.0,1069.73,18.9,590.189,11.9,777.554,14.7,Other related individual,Family member
2019,Median weekly earnings,TAS,Persons,Relationship in household,Non-family member,1167.563,6.3,550.0,13.2,1135.286,5.5,640.892,9.1,1000.0,3.6,,Non-family member
2019,Median weekly earnings,TAS,Persons,Relationship in household,   Lone person,1346.25,6.5,722.167,18.7,1228.161,6.2,750.0,11.9,1100.0,6.2,Lone person,Non-family member
2019,Median weekly earnings,TAS,Persons,Relationship in household,   Not living alone,1048.938,7.9,493.123,11.5,962.094,10.9,578.451,8.6,749.347,12.2,Not living alone,Non-family member
2019,Median weekly earnings,TAS,Persons,Relationship in household,Relationship not determined,0.0,0.0,0.0,0.0,0.0,0.0,0.0,0.0,1538.475,11.7,,Relationship not determined
2019,Median weekly earnings,TAS,Males,Relationship in household,Family member,1332.424,2.8,491.399,5.2,1300.0,2.5,600.0,9.2,1200.0,2.8,,Family member
2019,Median weekly earnings,TAS,Males,Relationship in household,"   Husband, wife or partner",1372.13,3.7,673.159,6.9,1362.227,2.8,750.0,9.4,1274.828,2.3,"Husband, wife or partner",Family member
2019,Median weekly earnings,TAS,Males,Relationship in household,      With dependants,1375.0,3.8,715.633,5.2,1375.0,3.7,815.481,11.1,1309.477,3.4,With dependants,Family member
2019,Median weekly earnings,TAS,Males,Relationship in household,      Without dependants,1351.62,5.4,546.391,13.3,1352.829,5.7,706.672,13.3,1200.0,4.2,Without dependants,Family member
2019,Median weekly earnings,TAS,Males,Relationship in household,   Lone parent,1421.149,20.8,457.983,0.1,1250.72,22.7,864.696,18.8,1205.646,20.1,Lone parent,Family member
2019,Median weekly earnings,TAS,Males,Relationship in household,   Dependent student,1141.373,0.1,120.869,13.5,251.794,0.1,104.332,16.8,124.323,15.2,Dependent student,Family member
2019,Median weekly earnings,TAS,Males,Relationship in household,   Non-dependent child,977.399,3.9,452.954,15.8,933.997,6.1,511.17,17.7,800.0,6.4,Non-dependent child,Family member
2019,Median weekly earnings,TAS,Males,Relationship in household,   Other related individual,1106.587,17.2,638.35,30.2,1172.557,16.1,655.205,70.7,776.293,28.1,Other related individual,Family member
2019,Median weekly earnings,TAS,Males,Relationship in household,Non-family member,1189.015,7.1,531.221,16.2,1142.188,8.2,704.993,10.0,1031.033,5.4,,Non-family member
2019,Median weekly earnings,TAS,Males,Relationship in household,   Lone person,1372.856,7.4,620.35,36.1,1264.129,8.0,831.324,36.7,1208.106,8.3,Lone person,Non-family member
2019,Median weekly earnings,TAS,Males,Relationship in household,   Not living alone,939.781,14.8,442.903,24.6,932.203,20.5,634.376,20.9,725.196,16.0,Not living alone,Non-family member
2019,Median weekly earnings,TAS,Females,Relationship in household,Family member,1208.664,4.1,562.513,4.7,1025.134,3.2,404.87,7.0,850.0,3.5,,Family member
2019,Median weekly earnings,TAS,Females,Relationship in household,"   Husband, wife or partner",1225.503,4.0,675.0,4.7,1050.0,3.1,550.0,12.0,936.326,3.2,"Husband, wife or partner",Family member
2019,Median weekly earnings,TAS,Females,Relationship in household,      With dependants,1150.504,3.3,675.112,5.5,950.0,5.5,477.931,19.6,892.234,5.8,With dependants,Family member
2019,Median weekly earnings,TAS,Females,Relationship in household,      Without dependants,1280.916,4.1,650.0,7.1,1100.934,5.1,601.104,16.9,999.697,5.0,Without dependants,Family member
2019,Median weekly earnings,TAS,Females,Relationship in household,   Lone parent,1181.683,9.1,492.222,16.6,1000.0,12.2,488.348,35.0,950.0,9.7,Lone parent,Family member
2019,Median weekly earnings,TAS,Females,Relationship in household,   Dependent student,0.0,0.0,150.0,19.7,272.373,0.1,134.43,21.2,150.0,20.3,Dependent student,Family member
2019,Median weekly earnings,TAS,Females,Relationship in household,   Non-dependent child,1099.322,10.7,430.649,12.5,1008.233,13.2,465.311,14.4,613.747,14.5,Non-dependent child,Family member
2019,Median weekly earnings,TAS,Females,Relationship in household,   Other related individual,1071.924,20.8,511.194,26.2,1048.016,20.5,473.812,0.1,763.355,25.3,Other related individual,Family member
2019,Median weekly earnings,TAS,Females,Relationship in household,Non-family member,1159.009,8.7,563.664,13.9,1128.059,6.2,534.552,13.9,965.201,4.8,,Non-family member
2019,Median weekly earnings,TAS,Females,Relationship in household,   Lone person,1273.296,9.3,751.402,20.1,1197.357,7.5,649.681,20.3,1050.0,7.4,Lone person,Non-family member
2019,Median weekly earnings,TAS,Females,Relationship in household,   Not living alone,1115.266,14.6,502.307,23.9,965.0,11.7,499.25,19.1,771.315,13.5,Not living alone,Non-family member
2019,Median weekly earnings,NT,Persons,Relationship in household,Family member,1356.0,4.0,600.0,7.8,1315.0,3.0,687.087,5.9,1150.0,3.3,,Family member
2019,Median weekly earnings,NT,Persons,Relationship in household,"   Husband, wife or partner",1450.024,2.7,700.0,7.2,1408.487,3.5,753.785,5.0,1258.761,5.1,"Husband, wife or partner",Family member
2019,Median weekly earnings,NT,Persons,Relationship in household,      With dependants,1500.0,5.4,730.969,8.7,1450.065,4.7,750.0,4.6,1274.983,6.0,With dependants,Family member
2019,Median weekly earnings,NT,Persons,Relationship in household,      Without dependants,1400.0,3.6,649.285,15.3,1353.75,4.5,818.088,8.3,1250.0,5.1,Without dependants,Family member
2019,Median weekly earnings,NT,Persons,Relationship in household,   Lone parent,1591.472,12.0,722.471,10.7,1366.806,17.6,649.695,21.0,1250.0,17.6,Lone parent,Family member
2019,Median weekly earnings,NT,Persons,Relationship in household,   Dependent student,0.0,0.0,156.257,23.3,279.425,0.1,148.956,26.7,163.105,22.6,Dependent student,Family member
2019,Median weekly earnings,NT,Persons,Relationship in household,   Non-dependent child,1000.0,5.9,500.0,16.7,976.0,6.2,600.0,51.2,881.49,9.7,Non-dependent child,Family member
2019,Median weekly earnings,NT,Persons,Relationship in household,   Other related individual,1045.543,14.1,590.631,0.1,1104.508,19.3,594.303,0.1,1003.561,11.7,Other related individual,Family member
2019,Median weekly earnings,NT,Persons,Relationship in household,Non-family member,1505.693,5.5,488.243,24.8,1511.0,5.2,721.307,19.4,1400.0,7.6,,Non-family member
2019,Median weekly earnings,NT,Persons,Relationship in household,   Lone person,1726.887,8.0,523.449,32.6,1733.548,7.7,599.735,47.0,1580.499,11.0,Lone person,Non-family member
2019,Median weekly earnings,NT,Persons,Relationship in household,   Not living alone,1351.801,7.6,381.368,0.1,1400.228,6.7,883.383,22.9,1209.663,8.7,Not living alone,Non-family member
2019,Median weekly earnings,NT,Persons,Relationship in household,Relationship not determined,1281.962,0.1,0.0,0.0,1071.236,0.1,0.0,0.0,1071.236,0.1,,Relationship not determined
2019,Median weekly earnings,NT,Males,Relationship in household,Family member,1498.793,2.7,587.365,12.5,1491.935,2.7,733.999,11.5,1340.179,5.6,,Family member
2019,Median weekly earnings,NT,Males,Relationship in household,"   Husband, wife or partner",1500.028,2.2,750.0,14.1,1500.0,1.8,938.557,17.7,1500.0,2.9,"Husband, wife or partner",Family member
2019,Median weekly earnings,NT,Males,Relationship in household,      With dependants,1575.312,6.1,798.624,26.1,1538.956,5.9,1000.0,17.8,1500.0,6.9,With dependants,Family member
2019,Median weekly earnings,NT,Males,Relationship in household,      Without dependants,1500.0,4.2,747.131,28.9,1500.0,4.3,912.843,30.5,1498.647,4.9,Without dependants,Family member
2019,Median weekly earnings,NT,Males,Relationship in household,   Lone parent,1978.612,0.1,0.0,0.0,1988.252,0.1,1208.833,0.1,1927.08,32.9,Lone parent,Family member
2019,Median weekly earnings,NT,Males,Relationship in household,   Dependent student,0.0,0.0,156.787,42.5,711.115,0.1,153.399,92.1,163.274,42.6,Dependent student,Family member
2019,Median weekly earnings,NT,Males,Relationship in household,   Non-dependent child,982.925,6.2,600.0,38.0,976.0,9.1,662.902,82.4,899.498,8.8,Non-dependent child,Family member
2019,Median weekly earnings,NT,Males,Relationship in household,   Other related individual,1181.418,17.9,475.563,0.1,1293.567,0.1,548.384,0.1,879.255,27.4,Other related individual,Family member
2019,Median weekly earnings,NT,Males,Relationship in household,Non-family member,1504.899,12.5,496.235,33.1,1509.413,10.5,900.0,39.2,1403.702,10.6,,Non-family member
2019,Median weekly earnings,NT,Males,Relationship in household,   Lone person,1631.27,10.2,707.741,0.1,1630.87,11.5,707.301,0.1,1502.474,12.8,Lone person,Non-family member
2019,Median weekly earnings,NT,Males,Relationship in household,   Not living alone,1369.51,13.8,350.0,0.1,1403.194,17.8,900.0,48.8,1338.251,20.4,Not living alone,Non-family member
2019,Median weekly earnings,NT,Females,Relationship in household,Family member,1276.525,4.9,600.0,9.3,1187.036,4.4,600.0,10.6,1050.0,4.2,,Family member
2019,Median weekly earnings,NT,Females,Relationship in household,"   Husband, wife or partner",1305.841,5.9,650.0,9.8,1203.767,5.3,700.0,10.2,1100.0,4.6,"Husband, wife or partner",Family member
2019,Median weekly earnings,NT,Females,Relationship in household,      With dependants,1311.831,8.4,704.877,9.4,1195.121,8.6,700.0,10.8,1020.693,6.6,With dependants,Family member
2019,Median weekly earnings,NT,Females,Relationship in household,      Without dependants,1304.012,6.1,621.156,16.4,1250.0,6.2,650.419,19.6,1149.639,6.7,Without dependants,Family member
2019,Median weekly earnings,NT,Females,Relationship in household,   Lone parent,1366.276,18.7,643.82,15.7,1274.604,20.8,602.849,0.1,1200.611,11.0,Lone parent,Family member
2019,Median weekly earnings,NT,Females,Relationship in household,   Dependent student,0.0,0.0,174.119,75.8,210.36,0.1,136.6,90.0,174.119,75.8,Dependent student,Family member
2019,Median weekly earnings,NT,Females,Relationship in household,   Non-dependent child,1081.809,15.4,480.834,37.3,994.894,14.3,482.962,0.1,720.0,19.5,Non-dependent child,Family member
2019,Median weekly earnings,NT,Females,Relationship in household,   Other related individual,1031.224,26.9,886.822,0.1,1059.906,44.8,847.174,0.1,1026.643,11.6,Other related individual,Family member
2019,Median weekly earnings,NT,Females,Relationship in household,Non-family member,1521.997,8.2,499.321,29.6,1573.392,7.4,598.606,38.8,1398.524,8.9,,Non-family member
2019,Median weekly earnings,NT,Females,Relationship in household,   Lone person,1860.345,10.8,403.923,44.7,1880.498,9.9,580.309,47.0,1628.888,13.7,Lone person,Non-family member
2019,Median weekly earnings,NT,Females,Relationship in household,   Not living alone,1324.944,7.1,649.361,0.1,1359.01,6.7,692.297,0.1,1177.665,10.8,Not living alone,Non-family member
2019,Median weekly earnings,NT,Females,Relationship in household,Relationship not determined,0.0,0.0,0.0,0.0,740.287,0.1,0.0,0.0,740.287,0.1,,Relationship not determined
2019,Median weekly earnings,ACT,Persons,Relationship in household,Family member,1572.0,3.1,600.0,10.6,1479.321,2.1,500.0,17.8,1303.202,2.9,,Family member
2019,Median weekly earnings,ACT,Persons,Relationship in household,"   Husband, wife or partner",1655.674,3.7,800.0,7.2,1520.0,2.4,937.714,16.6,1500.0,3.7,"Husband, wife or partner",Family member
2019,Median weekly earnings,ACT,Persons,Relationship in household,      With dependants,1800.0,4.3,855.655,6.4,1608.544,3.7,1004.064,31.9,1595.436,4.4,With dependants,Family member
2019,Median weekly earnings,ACT,Persons,Relationship in household,      Without dependants,1522.058,3.6,658.524,11.7,1458.008,3.7,753.356,16.7,1400.0,3.7,Without dependants,Family member
2019,Median weekly earnings,ACT,Persons,Relationship in household,   Lone parent,1769.042,13.3,915.184,25.9,1558.945,13.1,322.34,0.1,1500.637,12.9,Lone parent,Family member
2019,Median weekly earnings,ACT,Persons,Relationship in household,   Dependent student,0.0,0.0,193.579,26.3,597.532,0.1,180.855,28.5,193.579,26.3,Dependent student,Family member
2019,Median weekly earnings,ACT,Persons,Relationship in household,   Non-dependent child,1121.838,6.5,397.505,9.8,1079.184,7.4,475.435,35.1,1000.0,5.4,Non-dependent child,Family member
2019,Median weekly earnings,ACT,Persons,Relationship in household,   Other related individual,1414.164,16.6,683.971,0.1,1287.0,21.7,1255.368,0.1,1287.0,17.5,Other related individual,Family member
2019,Median weekly earnings,ACT,Persons,Relationship in household,Non-family member,1447.669,4.8,540.382,17.0,1374.965,6.9,541.08,15.8,1250.0,6.1,,Non-family member
2019,Median weekly earnings,ACT,Persons,Relationship in household,   Lone person,1601.416,4.9,756.067,17.9,1599.305,5.9,667.04,38.8,1545.19,6.8,Lone person,Non-family member
2019,Median weekly earnings,ACT,Persons,Relationship in household,   Not living alone,1284.428,8.4,364.474,30.1,1160.372,13.9,362.884,31.0,909.054,16.3,Not living alone,Non-family member
2019,Median weekly earnings,ACT,Persons,Relationship in household,Relationship not determined,912.514,0.1,0.0,0.0,1214.906,0.1,0.0,0.0,912.514,0.1,,Relationship not determined
2019,Median weekly earnings,ACT,Males,Relationship in household,Family member,1691.499,3.3,456.826,17.9,1647.347,3.3,800.0,19.2,1500.0,4.2,,Family member
2019,Median weekly earnings,ACT,Males,Relationship in household,"   Husband, wife or partner",1800.0,3.1,1024.665,16.2,1750.0,3.0,1208.263,48.3,1750.0,3.2,"Husband, wife or partner",Family member
2019,Median weekly earnings,ACT,Males,Relationship in household,      With dependants,1817.559,4.9,1164.486,24.2,1798.487,4.5,1845.763,46.4,1800.0,4.3,With dependants,Family member
2019,Median weekly earnings,ACT,Males,Relationship in household,      Without dependants,1728.339,5.9,821.911,20.8,1600.0,6.8,1049.017,55.2,1582.022,6.9,Without dependants,Family member
2019,Median weekly earnings,ACT,Males,Relationship in household,   Lone parent,2281.015,36.0,0.0,0.0,2236.471,22.0,3145.493,0.1,2258.773,25.0,Lone parent,Family member
2019,Median weekly earnings,ACT,Males,Relationship in household,   Dependent student,0.0,0.0,144.018,41.5,0.0,0.0,144.018,41.5,144.018,41.5,Dependent student,Family member
2019,Median weekly earnings,ACT,Males,Relationship in household,   Non-dependent child,1098.048,5.8,389.372,50.7,1094.617,7.7,829.312,30.2,1010.435,6.2,Non-dependent child,Family member
2019,Median weekly earnings,ACT,Males,Relationship in household,   Other related individual,1527.674,5.4,346.911,0.1,1567.882,13.1,746.894,0.1,1350.953,33.9,Other related individual,Family member
2019,Median weekly earnings,ACT,Males,Relationship in household,Non-family member,1591.705,8.7,528.638,39.5,1574.365,7.7,667.257,30.3,1383.615,6.8,,Non-family member
2019,Median weekly earnings,ACT,Males,Relationship in household,   Lone person,1828.51,9.6,1085.261,0.1,2003.382,9.5,1187.049,21.6,1825.872,9.8,Lone person,Non-family member
2019,Median weekly earnings,ACT,Males,Relationship in household,   Not living alone,1449.823,29.8,492.937,0.1,1282.931,17.0,554.256,64.6,979.546,19.7,Not living alone,Non-family member
2019,Median weekly earnings,ACT,Females,Relationship in household,Family member,1500.0,4.2,684.842,9.3,1300.0,3.9,361.745,15.1,1200.0,4.0,,Family member
2019,Median weekly earnings,ACT,Females,Relationship in household,"   Husband, wife or partner",1500.0,5.0,799.466,5.8,1305.843,4.5,496.056,23.2,1252.971,5.1,"Husband, wife or partner",Family member
2019,Median weekly earnings,ACT,Females,Relationship in household,      With dependants,1721.687,8.0,830.023,7.7,1324.944,7.8,428.256,41.3,1271.774,9.0,With dependants,Family member
2019,Median weekly earnings,ACT,Females,Relationship in household,      Without dependants,1456.234,5.0,632.186,13.0,1300.0,4.2,563.434,26.2,1250.0,3.1,Without dependants,Family member
2019,Median weekly earnings,ACT,Females,Relationship in household,   Lone parent,1663.267,14.7,934.42,25.5,1418.404,9.8,250.456,0.1,1335.729,10.5,Lone parent,Family member
2019,Median weekly earnings,ACT,Females,Relationship in household,   Dependent student,0.0,0.0,255.159,25.0,597.532,0.1,205.892,74.0,255.159,25.0,Dependent student,Family member
2019,Median weekly earnings,ACT,Females,Relationship in household,   Non-dependent child,1374.139,11.9,398.177,18.8,1063.084,25.3,379.902,53.0,857.727,29.7,Non-dependent child,Family member
2019,Median weekly earnings,ACT,Females,Relationship in household,   Other related individual,1295.51,30.6,1037.205,0.1,1215.331,39.9,0.0,0.0,1267.947,33.9,Other related individual,Family member
2019,Median weekly earnings,ACT,Females,Relationship in household,Non-family member,1328.596,8.3,545.174,21.3,1250.0,10.1,385.196,22.0,1107.985,12.1,,Non-family member
2019,Median weekly earnings,ACT,Females,Relationship in household,   Lone person,1539.531,8.5,759.253,16.0,1453.548,8.1,575.571,26.1,1335.163,12.4,Lone person,Non-family member
2019,Median weekly earnings,ACT,Females,Relationship in household,   Not living alone,1132.645,10.9,300.359,0.1,951.5,15.8,308.392,58.6,771.764,25.6,Not living alone,Non-family member
2019,Median weekly earnings,ACT,Females,Relationship in household,Relationship not determined,1214.906,0.1,0.0,0.0,1214.906,0.1,0.0,0.0,1214.906,0.1,,Relationship not determined
2020,Median weekly earnings,Australia,Persons,Relationship in household,Family member,1442.0,0.9,672.0,1.5,1300.0,0.6,600.0,2.2,1146.359,0.6,,Family member
2020,Median weekly earnings,Australia,Persons,Relationship in household,"   Husband, wife or partner",1532.338,0.9,750.0,0.1,1400.0,0.8,750.0,0.2,1298.0,0.7,"Husband, wife or partner",Family member
2020,Median weekly earnings,Australia,Persons,Relationship in household,      With dependants,1650.0,1.5,750.0,0.6,1499.0,0.9,750.0,1.1,1388.0,1.3,With dependants,Family member
2020,Median weekly earnings,Australia,Persons,Relationship in household,      Without dependants,1426.0,1.2,750.0,0.2,1304.0,1.3,750.0,1.0,1202.3,1.1,Without dependants,Family member
2020,Median weekly earnings,Australia,Persons,Relationship in household,   Lone parent,1478.032,2.4,750.0,0.9,1250.0,2.5,750.0,3.4,1150.0,3.3,Lone parent,Family member
2020,Median weekly earnings,Australia,Persons,Relationship in household,   Dependent student,771.85,11.3,213.38,5.0,574.084,8.4,200.0,3.2,240.0,4.8,Dependent student,Family member
2020,Median weekly earnings,Australia,Persons,Relationship in household,   Non-dependent child,1025.039,1.4,579.95,2.9,995.741,1.3,624.769,5.3,863.0,1.7,Non-dependent child,Family member
2020,Median weekly earnings,Australia,Persons,Relationship in household,   Other related individual,1226.324,5.5,510.561,3.5,1102.935,5.2,548.338,4.2,924.162,5.5,Other related individual,Family member
2020,Median weekly earnings,Australia,Persons,Relationship in household,Non-family member,1380.0,1.7,700.0,4.9,1300.0,2.0,720.0,4.8,1162.897,1.6,,Non-family member
2020,Median weekly earnings,Australia,Persons,Relationship in household,   Lone person,1500.0,1.1,750.0,0.7,1402.736,1.6,676.384,7.0,1299.813,1.8,Lone person,Non-family member
2020,Median weekly earnings,Australia,Persons,Relationship in household,   Not living alone,1175.361,2.7,575.155,5.8,1136.0,3.0,750.0,5.1,1000.0,2.6,Not living alone,Non-family member
2020,Median weekly earnings,Australia,Persons,Relationship in household,Relationship not determined,1417.222,13.0,630.144,14.8,1247.802,10.5,573.437,17.4,921.496,16.6,,Relationship not determined
2020,Median weekly earnings,Australia,Males,Relationship in household,Family member,1500.0,0.3,550.0,3.7,1500.0,0.2,719.739,3.3,1322.0,0.9,,Family member
2020,Median weekly earnings,Australia,Males,Relationship in household,"   Husband, wife or partner",1631.271,1.0,750.0,0.1,1607.79,0.8,962.926,2.6,1522.72,0.8,"Husband, wife or partner",Family member
2020,Median weekly earnings,Australia,Males,Relationship in household,      With dependants,1739.0,1.7,779.204,2.9,1726.0,1.4,1011.154,3.6,1650.0,1.6,With dependants,Family member
2020,Median weekly earnings,Australia,Males,Relationship in household,      Without dependants,1500.0,1.1,750.0,0.4,1499.0,1.1,893.531,5.7,1380.0,1.6,Without dependants,Family member
2020,Median weekly earnings,Australia,Males,Relationship in household,   Lone parent,1628.141,6.4,697.062,20.2,1610.173,4.9,919.47,14.6,1523.957,4.0,Lone parent,Family member
2020,Median weekly earnings,Australia,Males,Relationship in household,   Dependent student,747.672,8.4,200.0,8.9,650.0,8.9,189.643,8.5,246.438,10.4,Dependent student,Family member
2020,Median weekly earnings,Australia,Males,Relationship in household,   Non-dependent child,1000.0,1.4,512.269,7.7,990.0,1.6,707.599,5.4,899.626,2.5,Non-dependent child,Family member
2020,Median weekly earnings,Australia,Males,Relationship in household,   Other related individual,1109.409,5.2,500.0,5.1,1032.97,3.3,550.0,6.5,903.569,6.8,Other related individual,Family member
2020,Median weekly earnings,Australia,Males,Relationship in household,Non-family member,1387.872,2.9,600.0,6.8,1350.0,2.5,750.0,1.8,1200.0,2.1,,Non-family member
2020,Median weekly earnings,Australia,Males,Relationship in household,   Lone person,1500.0,1.9,735.554,3.5,1500.0,2.9,750.0,5.5,1350.0,4.1,Lone person,Non-family member
2020,Median weekly earnings,Australia,Males,Relationship in household,   Not living alone,1200.0,4.3,540.0,4.7,1161.654,4.7,750.0,9.4,1012.21,3.6,Not living alone,Non-family member
2020,Median weekly earnings,Australia,Males,Relationship in household,Relationship not determined,1424.858,14.2,599.488,0.1,1419.834,15.1,419.964,50.6,1322.289,14.9,,Relationship not determined
2020,Median weekly earnings,Australia,Females,Relationship in household,Family member,1330.0,1.1,700.0,1.4,1125.624,1.1,555.396,3.9,976.918,1.1,,Family member
2020,Median weekly earnings,Australia,Females,Relationship in household,"   Husband, wife or partner",1400.0,1.5,750.0,0.1,1153.0,1.3,728.0,2.3,1054.0,1.3,"Husband, wife or partner",Family member
2020,Median weekly earnings,Australia,Females,Relationship in household,      With dependants,1500.0,1.4,750.0,0.4,1150.0,2.0,684.918,5.5,1051.0,1.9,With dependants,Family member
2020,Median weekly earnings,Australia,Females,Relationship in household,      Without dependants,1342.0,1.5,750.0,0.8,1168.41,1.4,750.0,1.1,1054.0,2.0,Without dependants,Family member
2020,Median weekly earnings,Australia,Females,Relationship in household,   Lone parent,1395.241,3.6,750.0,0.6,1188.894,3.1,659.578,8.1,1044.077,2.4,Lone parent,Family member
2020,Median weekly earnings,Australia,Females,Relationship in household,   Dependent student,1064.414,14.8,220.0,6.2,500.0,10.1,200.0,9.6,240.0,7.4,Dependent student,Family member
2020,Median weekly earnings,Australia,Females,Relationship in household,   Non-dependent child,1050.0,2.4,600.0,4.7,1000.0,2.4,593.528,4.3,832.0,1.7,Non-dependent child,Family member
2020,Median weekly earnings,Australia,Females,Relationship in household,   Other related individual,1342.0,5.8,540.0,8.3,1200.0,8.5,540.0,6.8,950.0,9.4,Other related individual,Family member
2020,Median weekly earnings,Australia,Females,Relationship in household,Non-family member,1375.095,2.7,749.068,3.3,1250.0,2.6,651.668,7.8,1128.652,2.3,,Non-family member
2020,Median weekly earnings,Australia,Females,Relationship in household,   Lone person,1473.558,1.6,750.0,0.3,1350.0,2.0,600.0,8.4,1250.0,2.0,Lone person,Non-family member
2020,Median weekly earnings,Australia,Females,Relationship in household,   Not living alone,1150.0,2.4,614.068,9.4,1097.008,3.5,700.0,8.3,949.551,3.3,Not living alone,Non-family member
2020,Median weekly earnings,Australia,Females,Relationship in household,Relationship not determined,1162.881,35.7,639.165,18.5,1002.018,35.7,633.267,15.7,750.0,19.2,,Relationship not determined
2020,Median weekly earnings,NSW,Persons,Relationship in household,Family member,1438.0,1.5,674.68,1.9,1307.649,1.0,600.0,5.4,1150.0,1.6,,Family member
2020,Median weekly earnings,NSW,Persons,Relationship in household,"   Husband, wife or partner",1538.0,1.6,750.0,0.1,1435.143,1.5,750.0,1.7,1309.154,0.9,"Husband, wife or partner",Family member
2020,Median weekly earnings,NSW,Persons,Relationship in household,      With dependants,1669.569,2.0,750.0,1.6,1527.384,1.9,750.0,0.8,1420.99,2.8,With dependants,Family member
2020,Median weekly earnings,NSW,Persons,Relationship in household,      Without dependants,1409.406,2.1,750.0,1.6,1327.409,1.5,778.393,3.3,1246.0,1.9,Without dependants,Family member
2020,Median weekly earnings,NSW,Persons,Relationship in household,   Lone parent,1500.0,3.5,750.0,6.8,1287.659,5.4,750.0,9.0,1200.0,6.7,Lone parent,Family member
2020,Median weekly earnings,NSW,Persons,Relationship in household,   Dependent student,773.125,14.5,200.387,10.3,650.0,7.0,175.0,8.2,219.538,14.3,Dependent student,Family member
2020,Median weekly earnings,NSW,Persons,Relationship in household,   Non-dependent child,1019.982,3.4,581.932,9.0,998.446,2.9,600.0,11.9,879.797,2.6,Non-dependent child,Family member
2020,Median weekly earnings,NSW,Persons,Relationship in household,   Other related individual,1090.925,11.5,474.576,7.0,1021.504,11.7,524.543,8.8,863.711,12.5,Other related individual,Family member
2020,Median weekly earnings,NSW,Persons,Relationship in household,Non-family member,1386.931,3.8,700.0,5.5,1299.702,3.9,638.328,8.4,1150.673,2.9,,Non-family member
2020,Median weekly earnings,NSW,Persons,Relationship in household,   Lone person,1500.0,2.9,750.0,1.2,1460.489,2.8,578.14,14.9,1348.927,5.6,Lone person,Non-family member
2020,Median weekly earnings,NSW,Persons,Relationship in household,   Not living alone,1079.444,4.8,585.351,4.5,1000.0,5.9,700.0,10.2,950.0,5.4,Not living alone,Non-family member
2020,Median weekly earnings,NSW,Persons,Relationship in household,Relationship not determined,1252.497,30.1,523.245,38.4,997.852,28.6,443.272,0.1,760.394,13.0,,Relationship not determined
2020,Median weekly earnings,NSW,Males,Relationship in household,Family member,1500.0,1.2,550.0,8.1,1500.0,1.1,692.044,5.5,1310.143,1.8,,Family member
2020,Median weekly earnings,NSW,Males,Relationship in household,"   Husband, wife or partner",1615.644,1.4,750.0,0.3,1604.065,1.3,986.286,6.7,1526.043,1.4,"Husband, wife or partner",Family member
2020,Median weekly earnings,NSW,Males,Relationship in household,      With dependants,1724.0,2.1,750.0,4.0,1724.0,1.9,945.271,10.9,1633.745,1.8,With dependants,Family member
2020,Median weekly earnings,NSW,Males,Relationship in household,      Without dependants,1500.0,2.9,750.0,2.3,1494.767,2.3,1000.0,8.9,1361.399,3.6,Without dependants,Family member
2020,Median weekly earnings,NSW,Males,Relationship in household,   Lone parent,1654.092,13.5,681.564,22.0,1601.72,9.4,797.189,0.1,1510.634,9.3,Lone parent,Family member
2020,Median weekly earnings,NSW,Males,Relationship in household,   Dependent student,757.146,12.9,200.0,12.8,690.207,13.1,172.847,16.4,240.612,14.9,Dependent student,Family member
2020,Median weekly earnings,NSW,Males,Relationship in household,   Non-dependent child,1000.99,3.8,518.402,18.6,962.595,3.4,648.686,11.2,900.0,3.4,Non-dependent child,Family member
2020,Median weekly earnings,NSW,Males,Relationship in household,   Other related individual,986.481,15.9,475.834,7.7,980.804,13.1,506.8,11.3,750.0,20.9,Other related individual,Family member
2020,Median weekly earnings,NSW,Males,Relationship in household,Non-family member,1417.109,3.6,550.0,3.9,1400.0,4.1,605.42,8.8,1200.784,5.3,,Non-family member
2020,Median weekly earnings,NSW,Males,Relationship in household,   Lone person,1500.0,6.4,721.142,13.7,1506.213,7.1,521.336,27.4,1414.766,5.7,Lone person,Non-family member
2020,Median weekly earnings,NSW,Males,Relationship in household,   Not living alone,1162.382,7.7,540.0,4.6,1079.193,8.6,665.96,19.1,1000.0,7.4,Not living alone,Non-family member
2020,Median weekly earnings,NSW,Males,Relationship in household,Relationship not determined,1149.433,43.0,413.61,0.1,1149.433,43.0,413.61,0.1,882.089,27.5,,Relationship not determined
2020,Median weekly earnings,NSW,Females,Relationship in household,Family member,1344.495,1.7,702.699,2.8,1158.0,1.1,548.0,4.7,1000.0,1.6,,Family member
2020,Median weekly earnings,NSW,Females,Relationship in household,"   Husband, wife or partner",1426.0,2.7,750.0,0.1,1235.313,1.2,750.0,1.7,1100.0,1.8,"Husband, wife or partner",Family member
2020,Median weekly earnings,NSW,Females,Relationship in household,      With dependants,1600.0,4.0,750.0,1.7,1250.0,3.4,705.762,8.1,1102.033,3.1,With dependants,Family member
2020,Median weekly earnings,NSW,Females,Relationship in household,      Without dependants,1346.0,1.9,748.079,1.7,1200.0,1.5,750.0,2.2,1099.88,2.3,Without dependants,Family member
2020,Median weekly earnings,NSW,Females,Relationship in household,   Lone parent,1412.736,3.9,750.0,7.3,1200.0,8.3,750.0,8.4,1050.291,6.1,Lone parent,Family member
2020,Median weekly earnings,NSW,Females,Relationship in household,   Dependent student,939.745,0.1,203.284,16.9,649.823,13.7,175.0,16.7,205.945,17.0,Dependent student,Family member
2020,Median weekly earnings,NSW,Females,Relationship in household,   Non-dependent child,1039.742,4.3,600.0,9.4,1000.0,3.7,502.989,15.6,850.0,3.0,Non-dependent child,Family member
2020,Median weekly earnings,NSW,Females,Relationship in household,   Other related individual,1181.671,14.8,493.041,16.6,1084.962,12.2,540.0,10.5,900.0,16.2,Other related individual,Family member
2020,Median weekly earnings,NSW,Females,Relationship in household,Non-family member,1342.406,4.8,750.0,2.9,1216.182,3.1,700.0,9.1,1100.0,4.6,,Non-family member
2020,Median weekly earnings,NSW,Females,Relationship in household,   Lone person,1499.597,3.5,750.0,1.8,1406.379,4.6,678.816,11.0,1286.58,5.7,Lone person,Non-family member
2020,Median weekly earnings,NSW,Females,Relationship in household,   Not living alone,994.679,6.5,600.0,10.6,948.897,10.1,706.527,13.1,883.783,7.1,Not living alone,Non-family member
2020,Median weekly earnings,NSW,Females,Relationship in household,Relationship not determined,2098.255,0.1,635.322,11.7,1051.8,0.1,585.563,0.1,721.74,0.1,,Relationship not determined
2020,Median weekly earnings,VIC,Persons,Relationship in household,Family member,1442.0,1.8,675.0,2.3,1273.0,1.4,598.0,3.6,1150.0,2.2,,Family member
2020,Median weekly earnings,VIC,Persons,Relationship in household,"   Husband, wife or partner",1500.0,1.8,750.0,0.2,1361.012,1.9,750.0,1.7,1288.0,1.9,"Husband, wife or partner",Family member
2020,Median weekly earnings,VIC,Persons,Relationship in household,      With dependants,1618.947,2.6,750.0,1.2,1441.423,2.1,750.0,3.4,1384.0,2.8,With dependants,Family member
2020,Median weekly earnings,VIC,Persons,Relationship in household,      Without dependants,1400.0,2.7,750.0,2.7,1281.0,3.1,750.0,6.1,1200.0,3.1,Without dependants,Family member
2020,Median weekly earnings,VIC,Persons,Relationship in household,   Lone parent,1550.437,10.1,766.474,10.0,1285.016,7.0,750.0,13.6,1150.0,4.6,Lone parent,Family member
2020,Median weekly earnings,VIC,Persons,Relationship in household,   Dependent student,717.322,17.8,250.434,13.2,498.91,14.3,250.0,11.3,300.0,9.5,Dependent student,Family member
2020,Median weekly earnings,VIC,Persons,Relationship in household,   Non-dependent child,1077.939,3.6,591.215,7.9,1000.0,2.0,600.0,10.6,897.391,3.9,Non-dependent child,Family member
2020,Median weekly earnings,VIC,Persons,Relationship in household,   Other related individual,1527.297,8.9,548.525,10.2,1301.68,12.1,554.681,12.2,999.898,10.7,Other related individual,Family member
2020,Median weekly earnings,VIC,Persons,Relationship in household,Non-family member,1360.293,3.5,693.276,7.4,1307.011,2.3,561.486,12.2,1199.012,3.3,,Non-family member
2020,Median weekly earnings,VIC,Persons,Relationship in household,   Lone person,1390.0,3.4,750.0,7.7,1350.05,2.0,539.91,15.9,1262.76,2.9,Lone person,Non-family member
2020,Median weekly earnings,VIC,Persons,Relationship in household,   Not living alone,1201.836,6.4,605.619,12.6,1199.201,5.2,607.589,14.6,1000.0,6.3,Not living alone,Non-family member
2020,Median weekly earnings,VIC,Persons,Relationship in household,Relationship not determined,1420.913,122.7,702.5,0.1,1383.947,22.5,650.0,0.1,879.467,26.1,,Relationship not determined
2020,Median weekly earnings,VIC,Males,Relationship in household,Family member,1500.0,1.6,550.0,6.2,1458.104,1.7,600.0,8.2,1319.039,1.4,,Family member
2020,Median weekly earnings,VIC,Males,Relationship in household,"   Husband, wife or partner",1600.0,3.2,750.0,2.7,1560.563,2.1,820.256,5.7,1500.0,1.9,"Husband, wife or partner",Family member
2020,Median weekly earnings,VIC,Males,Relationship in household,      With dependants,1710.0,2.9,781.934,5.0,1687.251,2.3,844.608,10.2,1630.0,2.9,With dependants,Family member
2020,Median weekly earnings,VIC,Males,Relationship in household,      Without dependants,1458.559,2.7,750.0,4.6,1400.0,2.8,795.417,11.4,1338.782,3.0,Without dependants,Family member
2020,Median weekly earnings,VIC,Males,Relationship in household,   Lone parent,1738.813,15.9,1140.954,0.1,1882.258,13.5,1227.64,17.4,1700.0,14.4,Lone parent,Family member
2020,Median weekly earnings,VIC,Males,Relationship in household,   Dependent student,714.486,0.1,250.0,16.7,600.0,14.6,206.991,16.4,298.178,15.0,Dependent student,Family member
2020,Median weekly earnings,VIC,Males,Relationship in household,   Non-dependent child,1119.029,4.6,548.767,14.3,1000.0,5.2,691.464,11.1,911.289,4.2,Non-dependent child,Family member
2020,Median weekly earnings,VIC,Males,Relationship in household,   Other related individual,2042.007,12.9,547.858,12.9,1181.892,24.1,557.054,19.2,953.134,15.9,Other related individual,Family member
2020,Median weekly earnings,VIC,Males,Relationship in household,Non-family member,1323.04,4.4,590.298,13.0,1300.292,3.9,518.021,14.6,1200.0,4.5,,Non-family member
2020,Median weekly earnings,VIC,Males,Relationship in household,   Lone person,1348.927,4.7,751.666,16.5,1366.337,4.9,549.093,29.2,1265.0,3.9,Lone person,Non-family member
2020,Median weekly earnings,VIC,Males,Relationship in household,   Not living alone,1209.896,9.5,504.124,19.0,1200.0,7.7,487.845,18.6,998.99,6.9,Not living alone,Non-family member
2020,Median weekly earnings,VIC,Males,Relationship in household,Relationship not determined,1537.04,190.3,796.307,0.1,1420.851,0.1,1001.816,0.1,1391.489,38.1,,Relationship not determined
2020,Median weekly earnings,VIC,Females,Relationship in household,Family member,1330.0,2.9,719.0,2.4,1100.0,2.2,571.389,5.8,1000.0,2.2,,Family member
2020,Median weekly earnings,VIC,Females,Relationship in household,"   Husband, wife or partner",1400.0,2.5,750.0,0.7,1125.44,2.9,670.924,5.7,1058.706,2.4,"Husband, wife or partner",Family member
2020,Median weekly earnings,VIC,Females,Relationship in household,      With dependants,1477.408,3.4,750.0,1.8,1099.698,3.2,717.898,6.1,1050.0,3.4,With dependants,Family member
2020,Median weekly earnings,VIC,Females,Relationship in household,      Without dependants,1333.962,3.1,729.677,2.8,1150.0,3.3,629.148,9.6,1093.0,3.5,Without dependants,Family member
2020,Median weekly earnings,VIC,Females,Relationship in household,   Lone parent,1433.337,11.5,752.528,7.0,1198.17,6.1,714.703,16.9,1035.867,6.2,Lone parent,Family member
2020,Median weekly earnings,VIC,Females,Relationship in household,   Dependent student,893.467,0.1,300.0,17.2,427.943,26.9,250.0,25.8,309.176,19.1,Dependent student,Family member
2020,Median weekly earnings,VIC,Females,Relationship in household,   Non-dependent child,1059.702,3.7,600.0,9.7,993.272,3.6,586.169,12.2,865.718,4.9,Non-dependent child,Family member
2020,Median weekly earnings,VIC,Females,Relationship in household,   Other related individual,1483.732,8.2,543.463,29.0,1347.873,10.8,595.63,24.3,1101.711,17.4,Other related individual,Family member
2020,Median weekly earnings,VIC,Females,Relationship in household,Non-family member,1380.0,3.1,750.0,7.1,1325.0,3.7,638.299,14.3,1165.158,5.8,,Non-family member
2020,Median weekly earnings,VIC,Females,Relationship in household,   Lone person,1416.845,7.3,674.536,12.8,1350.0,3.2,529.222,22.5,1252.081,5.1,Lone person,Non-family member
2020,Median weekly earnings,VIC,Females,Relationship in household,   Not living alone,1200.822,6.1,750.0,8.8,1168.538,7.4,750.0,16.1,1065.739,7.7,Not living alone,Non-family member
2020,Median weekly earnings,VIC,Females,Relationship in household,Relationship not determined,829.857,0.1,533.862,24.1,801.022,0.1,650.0,0.1,664.14,0.1,,Relationship not determined
2020,Median weekly earnings,QLD,Persons,Relationship in household,Family member,1371.567,2.6,662.186,1.9,1250.0,2.0,619.162,3.7,1082.606,1.9,,Family member
2020,Median weekly earnings,QLD,Persons,Relationship in household,"   Husband, wife or partner",1500.0,2.2,750.0,0.6,1354.0,2.8,757.622,2.7,1242.55,1.7,"Husband, wife or partner",Family member
2020,Median weekly earnings,QLD,Persons,Relationship in household,      With dependants,1567.045,3.0,790.294,3.5,1450.0,2.9,777.968,4.7,1300.0,2.9,With dependants,Family member
2020,Median weekly earnings,QLD,Persons,Relationship in household,      Without dependants,1399.867,3.8,750.0,0.1,1281.0,4.0,751.317,3.5,1150.192,4.3,Without dependants,Family member
2020,Median weekly earnings,QLD,Persons,Relationship in household,   Lone parent,1288.957,6.8,702.575,5.6,1191.512,5.1,662.101,16.3,1050.949,4.5,Lone parent,Family member
2020,Median weekly earnings,QLD,Persons,Relationship in household,   Dependent student,1001.524,23.0,200.0,10.5,501.44,27.5,200.0,10.5,215.136,12.4,Dependent student,Family member
2020,Median weekly earnings,QLD,Persons,Relationship in household,   Non-dependent child,1000.0,2.8,555.516,5.9,999.896,3.8,601.672,6.8,811.02,5.3,Non-dependent child,Family member
2020,Median weekly earnings,QLD,Persons,Relationship in household,   Other related individual,1182.065,10.6,528.297,14.5,1014.29,8.2,539.491,36.1,984.349,6.2,Other related individual,Family member
2020,Median weekly earnings,QLD,Persons,Relationship in household,Non-family member,1322.48,4.6,667.64,9.6,1250.0,4.5,750.0,9.5,1150.0,3.5,,Non-family member
2020,Median weekly earnings,QLD,Persons,Relationship in household,   Lone person,1461.674,5.0,750.0,3.4,1329.11,5.7,720.0,11.0,1237.196,4.2,Lone person,Non-family member
2020,Median weekly earnings,QLD,Persons,Relationship in household,   Not living alone,1174.432,6.6,493.168,11.7,1149.656,7.1,799.618,17.9,1000.0,7.0,Not living alone,Non-family member
2020,Median weekly earnings,QLD,Persons,Relationship in household,Relationship not determined,0.0,0.0,0.0,0.0,1386.823,0.2,0.0,0.0,1386.823,0.2,,Relationship not determined
2020,Median weekly earnings,QLD,Males,Relationship in household,Family member,1450.0,2.5,550.0,8.3,1450.0,2.5,750.0,6.5,1250.0,2.0,,Family member
2020,Median weekly earnings,QLD,Males,Relationship in household,"   Husband, wife or partner",1545.33,2.5,750.0,3.1,1542.744,2.4,952.846,6.8,1500.0,2.3,"Husband, wife or partner",Family member
2020,Median weekly earnings,QLD,Males,Relationship in household,      With dependants,1635.481,4.7,835.028,13.0,1636.205,4.4,1004.421,9.9,1587.758,3.6,With dependants,Family member
2020,Median weekly earnings,QLD,Males,Relationship in household,      Without dependants,1450.0,3.4,750.0,4.4,1450.0,3.2,881.573,7.3,1305.112,4.8,Without dependants,Family member
2020,Median weekly earnings,QLD,Males,Relationship in household,   Lone parent,1392.994,20.0,659.618,22.6,1406.0,12.8,828.364,45.9,1227.08,14.2,Lone parent,Family member
2020,Median weekly earnings,QLD,Males,Relationship in household,   Dependent student,902.16,0.1,181.449,25.3,750.0,59.5,186.302,27.3,200.0,32.5,Dependent student,Family member
2020,Median weekly earnings,QLD,Males,Relationship in household,   Non-dependent child,1000.0,2.9,412.875,14.7,963.241,6.7,603.584,17.0,842.015,6.4,Non-dependent child,Family member
2020,Median weekly earnings,QLD,Males,Relationship in household,   Other related individual,1050.0,8.6,493.299,52.2,999.944,3.6,631.555,114.7,997.505,6.5,Other related individual,Family member
2020,Median weekly earnings,QLD,Males,Relationship in household,Non-family member,1262.392,6.5,670.591,9.6,1269.134,5.0,885.855,7.2,1182.399,4.1,,Non-family member
2020,Median weekly earnings,QLD,Males,Relationship in household,   Lone person,1505.79,8.3,742.646,7.8,1415.527,9.2,810.34,9.5,1224.94,9.4,Lone person,Non-family member
2020,Median weekly earnings,QLD,Males,Relationship in household,   Not living alone,1194.154,8.5,503.858,18.8,1202.845,6.8,918.034,19.3,1100.0,9.9,Not living alone,Non-family member
2020,Median weekly earnings,QLD,Males,Relationship in household,Relationship not determined,0.0,0.0,0.0,0.0,1386.823,0.2,0.0,0.0,1386.823,0.2,,Relationship not determined
2020,Median weekly earnings,QLD,Females,Relationship in household,Family member,1253.186,3.0,700.0,3.6,1110.163,2.3,555.049,8.0,960.741,2.4,,Family member
2020,Median weekly earnings,QLD,Females,Relationship in household,"   Husband, wife or partner",1346.47,3.9,750.0,0.7,1145.706,2.4,744.296,3.6,1027.819,2.2,"Husband, wife or partner",Family member
2020,Median weekly earnings,QLD,Females,Relationship in household,      With dependants,1448.65,5.4,769.0,3.5,1150.0,3.9,689.496,10.0,1033.136,3.0,With dependants,Family member
2020,Median weekly earnings,QLD,Females,Relationship in household,      Without dependants,1300.0,4.8,750.0,1.2,1136.721,4.3,750.0,4.3,1025.0,3.5,Without dependants,Family member
2020,Median weekly earnings,QLD,Females,Relationship in household,   Lone parent,1279.074,8.9,712.61,6.3,1128.039,6.3,642.415,16.4,1010.06,5.3,Lone parent,Family member
2020,Median weekly earnings,QLD,Females,Relationship in household,   Dependent student,1180.08,0.1,211.49,9.0,449.495,29.6,207.353,10.9,219.884,9.0,Dependent student,Family member
2020,Median weekly earnings,QLD,Females,Relationship in household,   Non-dependent child,1000.944,4.8,657.621,7.8,1023.036,6.0,600.0,9.0,800.0,6.1,Non-dependent child,Family member
2020,Median weekly earnings,QLD,Females,Relationship in household,   Other related individual,1281.662,24.1,716.089,24.7,1185.442,18.4,554.967,29.5,862.514,18.1,Other related individual,Family member
2020,Median weekly earnings,QLD,Females,Relationship in household,Non-family member,1325.821,6.3,668.693,10.2,1200.0,4.6,605.649,12.1,1114.468,6.3,,Non-family member
2020,Median weekly earnings,QLD,Females,Relationship in household,   Lone person,1442.0,6.3,749.769,6.3,1326.014,6.8,588.091,16.7,1256.837,4.9,Lone person,Non-family member
2020,Median weekly earnings,QLD,Females,Relationship in household,   Not living alone,1149.77,15.4,484.065,15.0,1062.45,9.4,639.329,26.8,877.842,10.7,Not living alone,Non-family member
2020,Median weekly earnings,SA,Persons,Relationship in household,Family member,1300.0,2.1,650.0,3.7,1200.0,1.6,638.202,7.1,1050.183,2.4,,Family member
2020,Median weekly earnings,SA,Persons,Relationship in household,"   Husband, wife or partner",1390.081,2.1,750.0,1.6,1250.0,2.0,750.0,2.1,1183.0,1.3,"Husband, wife or partner",Family member
2020,Median weekly earnings,SA,Persons,Relationship in household,      With dependants,1495.0,2.3,750.0,2.4,1300.0,2.6,750.0,4.6,1210.0,2.1,With dependants,Family member
2020,Median weekly earnings,SA,Persons,Relationship in household,      Without dependants,1300.0,3.1,740.189,3.4,1200.0,2.2,750.0,7.5,1150.0,2.2,Without dependants,Family member
2020,Median weekly earnings,SA,Persons,Relationship in household,   Lone parent,1400.0,6.7,749.177,4.5,1235.974,6.9,750.0,15.3,1060.081,8.9,Lone parent,Family member
2020,Median weekly earnings,SA,Persons,Relationship in household,   Dependent student,900.0,0.1,195.0,19.6,507.088,32.7,185.557,18.2,200.0,19.1,Dependent student,Family member
2020,Median weekly earnings,SA,Persons,Relationship in household,   Non-dependent child,956.069,4.9,596.184,6.8,913.719,6.3,662.785,9.6,800.0,3.6,Non-dependent child,Family member
2020,Median weekly earnings,SA,Persons,Relationship in household,   Other related individual,1188.877,17.9,363.94,21.2,1150.662,15.8,500.0,24.1,742.911,14.2,Other related individual,Family member
2020,Median weekly earnings,SA,Persons,Relationship in household,Non-family member,1248.194,4.4,750.0,3.2,1200.0,4.5,750.0,5.3,1075.065,4.2,,Non-family member
2020,Median weekly earnings,SA,Persons,Relationship in household,   Lone person,1299.894,4.7,757.175,3.4,1246.0,5.2,752.825,5.7,1130.639,5.1,Lone person,Non-family member
2020,Median weekly earnings,SA,Persons,Relationship in household,   Not living alone,1100.0,7.6,600.0,12.1,1083.59,7.3,683.891,5.6,1000.0,6.9,Not living alone,Non-family member
2020,Median weekly earnings,SA,Persons,Relationship in household,Relationship not determined,1335.068,0.1,0.0,0.0,1335.068,0.1,0.0,0.0,1335.068,0.1,,Relationship not determined
2020,Median weekly earnings,SA,Males,Relationship in household,Family member,1380.0,2.6,545.396,5.3,1383.0,2.4,690.0,5.5,1200.0,2.0,,Family member
2020,Median weekly earnings,SA,Males,Relationship in household,"   Husband, wife or partner",1477.376,2.2,750.0,8.1,1456.639,2.2,1000.0,9.4,1388.616,3.2,"Husband, wife or partner",Family member
2020,Median weekly earnings,SA,Males,Relationship in household,      With dependants,1547.341,4.9,803.165,17.3,1545.928,4.2,1000.0,10.6,1500.0,3.4,With dependants,Family member
2020,Median weekly earnings,SA,Males,Relationship in household,      Without dependants,1339.963,4.0,700.78,13.1,1326.0,3.8,995.931,10.1,1250.0,2.9,Without dependants,Family member
2020,Median weekly earnings,SA,Males,Relationship in household,   Lone parent,1400.619,9.4,656.02,0.1,1400.619,9.4,656.02,0.1,1400.0,10.9,Lone parent,Family member
2020,Median weekly earnings,SA,Males,Relationship in household,   Dependent student,869.754,0.1,169.361,27.2,600.212,76.0,165.013,31.8,210.174,24.3,Dependent student,Family member
2020,Median weekly earnings,SA,Males,Relationship in household,   Non-dependent child,963.438,5.2,500.0,13.6,926.412,5.5,659.223,19.2,792.505,4.7,Non-dependent child,Family member
2020,Median weekly earnings,SA,Males,Relationship in household,   Other related individual,1043.727,25.1,500.0,31.6,1067.42,25.3,639.356,26.7,740.669,14.9,Other related individual,Family member
2020,Median weekly earnings,SA,Males,Relationship in household,Non-family member,1280.015,4.3,734.441,5.7,1282.983,4.8,770.998,6.3,1184.062,5.3,,Non-family member
2020,Median weekly earnings,SA,Males,Relationship in household,   Lone person,1350.0,4.8,750.0,1.5,1361.372,5.3,800.0,9.3,1264.885,6.6,Lone person,Non-family member
2020,Median weekly earnings,SA,Males,Relationship in household,   Not living alone,1068.307,6.1,489.701,27.5,1036.167,9.1,726.353,25.5,1000.0,8.9,Not living alone,Non-family member
2020,Median weekly earnings,SA,Males,Relationship in household,Relationship not determined,1335.068,0.1,0.0,0.0,1335.068,0.1,0.0,0.0,1335.068,0.1,,Relationship not determined
2020,Median weekly earnings,SA,Females,Relationship in household,Family member,1232.0,1.8,690.0,4.2,1057.602,2.4,580.54,6.9,900.0,2.0,,Family member
2020,Median weekly earnings,SA,Females,Relationship in household,"   Husband, wife or partner",1250.0,2.9,750.0,1.7,1072.034,2.4,718.867,4.9,1000.0,2.5,"Husband, wife or partner",Family member
2020,Median weekly earnings,SA,Females,Relationship in household,      With dependants,1276.061,5.1,750.0,2.5,1050.0,2.5,695.067,7.2,970.323,2.6,With dependants,Family member
2020,Median weekly earnings,SA,Females,Relationship in household,      Without dependants,1237.33,3.9,750.0,3.4,1100.0,4.4,750.0,12.2,1000.0,4.1,Without dependants,Family member
2020,Median weekly earnings,SA,Females,Relationship in household,   Lone parent,1290.754,9.6,749.278,4.3,1093.209,8.5,750.0,18.3,983.627,7.9,Lone parent,Family member
2020,Median weekly earnings,SA,Females,Relationship in household,   Dependent student,0.0,0.0,197.851,19.3,483.184,33.1,188.081,20.2,199.2,18.9,Dependent student,Family member
2020,Median weekly earnings,SA,Females,Relationship in household,   Non-dependent child,918.06,11.1,652.963,9.4,912.402,12.4,671.288,9.5,800.0,4.8,Non-dependent child,Family member
2020,Median weekly earnings,SA,Females,Relationship in household,   Other related individual,1500.0,29.8,307.872,58.6,1333.247,22.3,300.962,63.6,702.619,33.8,Other related individual,Family member
2020,Median weekly earnings,SA,Females,Relationship in household,Non-family member,1183.754,5.6,750.0,6.3,1084.308,5.9,663.803,6.6,1011.306,4.0,,Non-family member
2020,Median weekly earnings,SA,Females,Relationship in household,   Lone person,1194.097,6.1,835.517,6.7,1060.43,5.6,640.311,19.7,1030.598,5.1,Lone person,Non-family member
2020,Median weekly earnings,SA,Females,Relationship in household,   Not living alone,1138.794,12.4,627.752,14.5,1096.512,12.5,666.571,10.2,986.687,9.6,Not living alone,Non-family member
2020,Median weekly earnings,WA,Persons,Relationship in household,Family member,1649.91,2.4,673.818,3.4,1439.27,2.0,691.187,5.5,1243.773,1.3,,Family member
2020,Median weekly earnings,WA,Persons,Relationship in household,"   Husband, wife or partner",1778.04,2.0,750.0,0.6,1534.0,1.8,756.64,5.1,1451.887,1.9,"Husband, wife or partner",Family member
2020,Median weekly earnings,WA,Persons,Relationship in household,      With dependants,1943.489,2.7,750.0,3.3,1634.0,4.3,877.838,11.1,1534.0,3.3,With dependants,Family member
2020,Median weekly earnings,WA,Persons,Relationship in household,      Without dependants,1628.494,3.1,750.0,1.7,1465.351,2.3,750.0,4.8,1352.0,3.4,Without dependants,Family member
2020,Median weekly earnings,WA,Persons,Relationship in household,   Lone parent,1589.869,6.9,736.555,12.4,1250.0,10.1,663.009,60.2,1154.817,7.5,Lone parent,Family member
2020,Median weekly earnings,WA,Persons,Relationship in household,   Dependent student,720.067,0.1,220.205,13.7,658.889,13.3,180.509,16.1,232.979,13.1,Dependent student,Family member
2020,Median weekly earnings,WA,Persons,Relationship in household,   Non-dependent child,1100.369,4.6,566.216,12.0,1000.0,7.2,750.0,12.1,915.158,5.9,Non-dependent child,Family member
2020,Median weekly earnings,WA,Persons,Relationship in household,   Other related individual,1137.218,17.5,518.103,17.8,1205.514,16.8,750.0,20.8,959.142,7.5,Other related individual,Family member
2020,Median weekly earnings,WA,Persons,Relationship in household,Non-family member,1561.855,4.5,677.74,7.1,1500.0,4.5,750.0,6.6,1250.0,5.8,,Non-family member
2020,Median weekly earnings,WA,Persons,Relationship in household,   Lone person,1616.163,4.0,736.487,9.4,1553.833,3.5,750.0,14.0,1489.225,6.1,Lone person,Non-family member
2020,Median weekly earnings,WA,Persons,Relationship in household,   Not living alone,1250.0,12.5,642.781,11.3,1198.64,9.1,752.498,11.3,1125.793,8.1,Not living alone,Non-family member
2020,Median weekly earnings,WA,Persons,Relationship in household,Relationship not determined,1293.084,0.1,0.0,0.0,1237.748,0.1,0.0,0.0,1237.748,0.1,,Relationship not determined
2020,Median weekly earnings,WA,Males,Relationship in household,Family member,1824.123,2.1,548.267,5.8,1800.0,2.3,927.292,5.9,1634.0,2.8,,Family member
2020,Median weekly earnings,WA,Males,Relationship in household,"   Husband, wife or partner",1956.0,2.5,781.13,8.1,1900.0,2.4,1463.721,6.9,1849.365,2.2,"Husband, wife or partner",Family member
2020,Median weekly earnings,WA,Males,Relationship in household,      With dependants,2109.594,2.9,1000.0,12.4,2067.0,1.8,1816.969,12.1,2037.097,1.4,With dependants,Family member
2020,Median weekly earnings,WA,Males,Relationship in household,      Without dependants,1734.634,2.9,750.0,10.4,1726.0,2.3,1149.229,15.9,1669.189,3.1,Without dependants,Family member
2020,Median weekly earnings,WA,Males,Relationship in household,   Lone parent,2010.924,21.0,505.433,0.1,1763.263,32.8,2063.485,0.1,1942.735,23.7,Lone parent,Family member
2020,Median weekly earnings,WA,Males,Relationship in household,   Dependent student,734.528,0.1,186.458,15.1,686.157,32.9,178.7,18.5,220.403,17.4,Dependent student,Family member
2020,Median weekly earnings,WA,Males,Relationship in household,   Non-dependent child,1084.565,4.7,611.315,13.4,1024.557,5.6,926.361,6.7,978.172,1.9,Non-dependent child,Family member
2020,Median weekly earnings,WA,Males,Relationship in household,   Other related individual,1032.572,23.2,472.983,35.4,1257.616,19.5,712.073,23.4,954.501,8.8,Other related individual,Family member
2020,Median weekly earnings,WA,Males,Relationship in household,Non-family member,1644.65,5.9,558.368,13.8,1514.318,6.9,956.918,13.1,1333.328,8.3,,Non-family member
2020,Median weekly earnings,WA,Males,Relationship in household,   Lone person,1728.434,6.9,454.314,25.4,1694.567,6.3,751.804,32.5,1572.275,9.1,Lone person,Non-family member
2020,Median weekly earnings,WA,Males,Relationship in household,   Not living alone,1255.75,17.5,639.243,15.5,1159.711,8.3,1108.908,26.7,1148.542,9.7,Not living alone,Non-family member
2020,Median weekly earnings,WA,Males,Relationship in household,Relationship not determined,1330.853,0.1,0.0,0.0,1330.853,0.1,0.0,0.0,1330.853,0.1,,Relationship not determined
2020,Median weekly earnings,WA,Females,Relationship in household,Family member,1405.046,3.6,701.829,3.6,1108.105,4.1,550.0,11.0,916.0,3.2,,Family member
2020,Median weekly earnings,WA,Females,Relationship in household,"   Husband, wife or partner",1473.102,2.0,750.0,1.6,1125.0,3.3,652.264,4.6,1000.0,2.7,"Husband, wife or partner",Family member
2020,Median weekly earnings,WA,Females,Relationship in household,      With dependants,1500.0,2.1,750.0,3.4,1120.319,4.7,574.986,13.0,1000.0,4.8,With dependants,Family member
2020,Median weekly earnings,WA,Females,Relationship in household,      Without dependants,1400.0,3.9,750.0,1.7,1131.518,4.8,744.0,4.9,1000.0,5.1,Without dependants,Family member
2020,Median weekly earnings,WA,Females,Relationship in household,   Lone parent,1383.842,8.8,750.0,12.5,1179.669,9.7,550.0,24.4,999.071,10.0,Lone parent,Family member
2020,Median weekly earnings,WA,Females,Relationship in household,   Dependent student,0.0,0.0,257.962,18.1,538.221,20.6,188.192,20.3,263.31,18.1,Dependent student,Family member
2020,Median weekly earnings,WA,Females,Relationship in household,   Non-dependent child,1186.648,12.9,554.258,18.0,918.873,17.4,553.738,17.9,750.0,12.9,Non-dependent child,Family member
2020,Median weekly earnings,WA,Females,Relationship in household,   Other related individual,1439.643,26.9,750.0,14.0,1168.414,30.0,750.0,74.8,1054.147,20.8,Other related individual,Family member
2020,Median weekly earnings,WA,Females,Relationship in household,Non-family member,1511.197,7.5,735.587,7.6,1500.0,6.4,650.855,10.2,1211.46,9.2,,Non-family member
2020,Median weekly earnings,WA,Females,Relationship in household,   Lone person,1533.378,4.9,763.787,6.2,1500.0,6.3,711.331,12.4,1354.873,9.9,Lone person,Non-family member
2020,Median weekly earnings,WA,Females,Relationship in household,   Not living alone,1250.0,21.4,636.735,15.6,1252.054,22.4,641.215,16.0,1102.196,10.8,Not living alone,Non-family member
2020,Median weekly earnings,WA,Females,Relationship in household,Relationship not determined,1483.568,0.1,0.0,0.0,1160.022,0.1,0.0,0.0,1160.022,0.1,,Relationship not determined
2020,Median weekly earnings,TAS,Persons,Relationship in household,Family member,1340.986,2.5,699.683,3.4,1184.436,2.4,587.98,9.0,998.659,1.0,,Family member
2020,Median weekly earnings,TAS,Persons,Relationship in household,"   Husband, wife or partner",1442.0,2.8,750.0,0.1,1268.785,2.9,750.0,2.4,1123.78,3.3,"Husband, wife or partner",Family member
2020,Median weekly earnings,TAS,Persons,Relationship in household,      With dependants,1500.0,2.6,750.0,1.1,1280.021,4.1,750.0,8.0,1163.354,3.3,With dependants,Family member
2020,Median weekly earnings,TAS,Persons,Relationship in household,      Without dependants,1387.979,4.2,750.0,1.2,1250.0,3.7,729.534,5.2,1089.266,3.5,Without dependants,Family member
2020,Median weekly earnings,TAS,Persons,Relationship in household,   Lone parent,1179.306,6.9,662.191,7.7,1000.0,8.5,602.258,28.4,883.412,10.1,Lone parent,Family member
2020,Median weekly earnings,TAS,Persons,Relationship in household,   Dependent student,733.843,0.1,151.537,11.3,417.974,0.1,152.133,12.7,154.577,16.5,Dependent student,Family member
2020,Median weekly earnings,TAS,Persons,Relationship in household,   Non-dependent child,925.45,5.1,540.2,9.2,874.0,6.2,602.279,11.5,789.0,3.1,Non-dependent child,Family member
2020,Median weekly earnings,TAS,Persons,Relationship in household,   Other related individual,1137.662,14.1,680.596,21.5,947.822,11.6,682.196,23.8,877.137,8.1,Other related individual,Family member
2020,Median weekly earnings,TAS,Persons,Relationship in household,Non-family member,1187.172,6.5,647.035,7.1,1149.354,5.3,596.924,10.3,1010.209,4.1,,Non-family member
2020,Median weekly earnings,TAS,Persons,Relationship in household,   Lone person,1246.976,8.1,650.0,6.8,1150.0,8.1,445.275,23.2,1089.689,3.7,Lone person,Non-family member
2020,Median weekly earnings,TAS,Persons,Relationship in household,   Not living alone,1149.029,7.7,599.936,9.9,1106.46,7.4,600.938,10.1,812.94,6.5,Not living alone,Non-family member
2020,Median weekly earnings,TAS,Males,Relationship in household,Family member,1383.741,3.2,650.0,10.8,1340.695,2.5,740.199,8.4,1175.0,3.2,,Family member
2020,Median weekly earnings,TAS,Males,Relationship in household,"   Husband, wife or partner",1500.0,2.3,750.0,0.3,1495.924,2.3,753.339,4.7,1372.172,3.2,"Husband, wife or partner",Family member
2020,Median weekly earnings,TAS,Males,Relationship in household,      With dependants,1514.795,3.2,750.0,0.9,1500.0,3.0,874.822,13.2,1407.971,3.9,With dependants,Family member
2020,Median weekly earnings,TAS,Males,Relationship in household,      Without dependants,1442.0,4.3,750.0,5.1,1434.757,4.0,750.0,11.7,1293.698,4.8,Without dependants,Family member
2020,Median weekly earnings,TAS,Males,Relationship in household,   Lone parent,1163.498,14.3,659.062,0.1,1055.082,18.5,1014.602,10.4,1035.375,14.2,Lone parent,Family member
2020,Median weekly earnings,TAS,Males,Relationship in household,   Dependent student,736.327,10.7,150.0,34.1,477.38,0.1,148.039,12.1,150.0,29.4,Dependent student,Family member
2020,Median weekly earnings,TAS,Males,Relationship in household,   Non-dependent child,874.254,7.8,500.0,19.5,851.762,6.6,691.272,12.2,800.0,4.4,Non-dependent child,Family member
2020,Median weekly earnings,TAS,Males,Relationship in household,   Other related individual,952.802,23.7,463.158,44.8,909.992,22.0,794.712,21.7,868.409,21.2,Other related individual,Family member
2020,Median weekly earnings,TAS,Males,Relationship in household,Non-family member,1210.405,10.0,584.482,7.9,1188.771,10.2,571.108,8.0,1002.459,8.1,,Non-family member
2020,Median weekly earnings,TAS,Males,Relationship in household,   Lone person,1309.01,11.9,635.226,14.9,1208.17,13.3,534.142,19.4,1100.0,12.5,Lone person,Non-family member
2020,Median weekly earnings,TAS,Males,Relationship in household,   Not living alone,1090.697,11.9,566.062,17.8,1162.125,14.0,575.305,13.7,755.793,10.2,Not living alone,Non-family member
2020,Median weekly earnings,TAS,Females,Relationship in household,Family member,1249.766,4.5,705.173,3.0,1000.0,3.6,530.756,9.6,847.575,3.0,,Family member
2020,Median weekly earnings,TAS,Females,Relationship in household,"   Husband, wife or partner",1342.0,4.9,750.0,1.0,1004.808,3.6,714.179,5.9,901.465,2.4,"Husband, wife or partner",Family member
2020,Median weekly earnings,TAS,Females,Relationship in household,      With dependants,1430.0,8.2,755.832,1.8,1000.0,4.9,745.798,9.9,905.0,4.4,With dependants,Family member
2020,Median weekly earnings,TAS,Females,Relationship in household,      Without dependants,1290.311,6.5,744.486,1.7,1050.73,4.7,703.158,6.6,900.0,3.0,Without dependants,Family member
2020,Median weekly earnings,TAS,Females,Relationship in household,   Lone parent,1188.89,8.0,668.301,14.9,999.258,14.5,324.088,55.4,800.0,8.3,Lone parent,Family member
2020,Median weekly earnings,TAS,Females,Relationship in household,   Dependent student,0.0,0.0,156.019,15.1,229.275,0.1,162.612,16.5,159.208,15.3,Dependent student,Family member
2020,Median weekly earnings,TAS,Females,Relationship in household,   Non-dependent child,969.773,17.6,550.0,9.5,993.732,17.1,569.362,14.2,750.0,11.7,Non-dependent child,Family member
2020,Median weekly earnings,TAS,Females,Relationship in household,   Other related individual,1370.098,0.1,696.636,23.6,1044.585,32.1,401.25,42.1,873.506,16.4,Other related individual,Family member
2020,Median weekly earnings,TAS,Females,Relationship in household,Non-family member,1170.128,7.1,700.962,6.4,1104.664,4.7,607.736,21.7,1013.73,3.6,,Non-family member
2020,Median weekly earnings,TAS,Females,Relationship in household,   Lone person,1223.673,8.3,672.086,10.6,1104.422,6.2,407.61,38.3,1068.612,3.0,Lone person,Non-family member
2020,Median weekly earnings,TAS,Females,Relationship in household,   Not living alone,1150.0,16.7,708.387,23.9,1105.177,11.4,686.61,24.2,919.697,8.6,Not living alone,Non-family member
2020,Median weekly earnings,NT,Persons,Relationship in household,Family member,1500.0,3.1,600.0,10.6,1368.328,3.9,584.46,10.9,1224.113,2.5,,Family member
2020,Median weekly earnings,NT,Persons,Relationship in household,"   Husband, wife or partner",1534.0,2.7,760.384,5.3,1437.182,4.3,800.0,9.5,1300.0,3.7,"Husband, wife or partner",Family member
2020,Median weekly earnings,NT,Persons,Relationship in household,      With dependants,1550.0,4.5,762.159,7.4,1482.718,6.6,762.467,10.5,1300.0,5.9,With dependants,Family member
2020,Median weekly earnings,NT,Persons,Relationship in household,      Without dependants,1500.0,4.9,762.547,10.1,1426.364,5.0,800.0,16.2,1300.0,3.7,Without dependants,Family member
2020,Median weekly earnings,NT,Persons,Relationship in household,   Lone parent,1661.75,16.7,971.496,0.1,1785.992,18.5,1313.962,0.1,1589.2,15.5,Lone parent,Family member
2020,Median weekly earnings,NT,Persons,Relationship in household,   Dependent student,463.212,0.1,161.81,19.3,463.212,0.1,161.81,19.3,172.295,14.8,Dependent student,Family member
2020,Median weekly earnings,NT,Persons,Relationship in household,   Non-dependent child,1000.0,9.1,454.553,15.9,771.439,12.0,604.211,24.1,754.978,10.5,Non-dependent child,Family member
2020,Median weekly earnings,NT,Persons,Relationship in household,   Other related individual,1029.671,22.0,609.329,19.8,906.553,66.1,491.795,45.6,893.68,21.2,Other related individual,Family member
2020,Median weekly earnings,NT,Persons,Relationship in household,Non-family member,1503.848,7.7,605.195,13.2,1361.595,8.3,623.641,18.9,1250.0,8.5,,Non-family member
2020,Median weekly earnings,NT,Persons,Relationship in household,   Lone person,1750.0,7.1,558.314,16.2,1600.0,11.2,687.217,58.8,1578.092,10.0,Lone person,Non-family member
2020,Median weekly earnings,NT,Persons,Relationship in household,   Not living alone,1200.0,10.1,604.268,28.4,1137.832,9.2,611.52,30.9,1074.57,7.8,Not living alone,Non-family member
2020,Median weekly earnings,NT,Persons,Relationship in household,Relationship not determined,1142.351,26.7,333.131,0.1,1116.529,17.7,0.0,0.0,1072.794,45.4,,Relationship not determined
2020,Median weekly earnings,NT,Males,Relationship in household,Family member,1557.957,3.9,561.134,12.0,1534.0,4.1,788.018,16.0,1396.088,3.8,,Family member
2020,Median weekly earnings,NT,Males,Relationship in household,"   Husband, wife or partner",1710.857,4.0,750.0,10.3,1634.607,4.5,1158.308,15.2,1550.0,4.1,"Husband, wife or partner",Family member
2020,Median weekly earnings,NT,Males,Relationship in household,      With dependants,1750.0,4.5,747.332,17.8,1750.0,4.6,1254.107,17.8,1656.905,5.1,With dependants,Family member
2020,Median weekly earnings,NT,Males,Relationship in household,      Without dependants,1608.473,5.5,748.073,12.8,1550.806,7.3,1119.258,22.3,1500.0,6.1,Without dependants,Family member
2020,Median weekly earnings,NT,Males,Relationship in household,   Lone parent,2149.717,17.9,0.0,0.0,2149.717,17.9,0.0,0.0,2149.717,17.9,Lone parent,Family member
2020,Median weekly earnings,NT,Males,Relationship in household,   Dependent student,463.212,0.1,150.0,72.8,463.212,0.1,150.0,72.8,150.0,71.0,Dependent student,Family member
2020,Median weekly earnings,NT,Males,Relationship in household,   Non-dependent child,954.044,10.8,471.655,27.7,840.391,11.4,557.418,29.5,785.168,11.0,Non-dependent child,Family member
2020,Median weekly earnings,NT,Males,Relationship in household,   Other related individual,907.995,27.4,591.813,0.1,805.151,66.6,496.578,0.1,758.686,17.4,Other related individual,Family member
2020,Median weekly earnings,NT,Males,Relationship in household,Non-family member,1405.64,11.8,575.401,17.7,1200.0,12.4,695.561,46.0,1101.255,8.9,,Non-family member
2020,Median weekly earnings,NT,Males,Relationship in household,   Lone person,1755.06,7.2,584.883,19.0,1600.0,16.8,700.008,56.0,1542.881,13.2,Lone person,Non-family member
2020,Median weekly earnings,NT,Males,Relationship in household,   Not living alone,1098.939,9.6,546.053,0.1,1074.67,10.8,789.56,0.1,1054.254,10.9,Not living alone,Non-family member
2020,Median weekly earnings,NT,Males,Relationship in household,Relationship not determined,1011.409,0.1,0.0,0.0,919.453,31.6,0.0,0.0,919.453,29.3,,Relationship not determined
2020,Median weekly earnings,NT,Females,Relationship in household,Family member,1305.046,3.6,650.0,11.4,1250.0,3.5,505.52,13.9,1100.0,3.2,,Family member
2020,Median weekly earnings,NT,Females,Relationship in household,"   Husband, wife or partner",1295.57,5.3,789.654,8.1,1250.0,4.1,600.929,12.9,1145.295,2.9,"Husband, wife or partner",Family member
2020,Median weekly earnings,NT,Females,Relationship in household,      With dependants,1250.0,10.1,766.785,8.3,1160.969,6.5,599.47,14.4,1028.915,4.3,With dependants,Family member
2020,Median weekly earnings,NT,Females,Relationship in household,      Without dependants,1300.0,5.0,799.177,18.2,1268.492,3.8,601.363,22.4,1225.577,3.6,Without dependants,Family member
2020,Median weekly earnings,NT,Females,Relationship in household,   Lone parent,1443.456,17.3,971.496,0.1,1523.435,18.2,1313.962,0.1,1425.247,18.6,Lone parent,Family member
2020,Median weekly earnings,NT,Females,Relationship in household,   Dependent student,0.0,0.0,175.772,20.1,0.0,0.0,175.772,20.1,175.772,20.1,Dependent student,Family member
2020,Median weekly earnings,NT,Females,Relationship in household,   Non-dependent child,1114.387,19.0,449.207,23.0,750.0,42.2,625.162,38.5,750.0,18.8,Non-dependent child,Family member
2020,Median weekly earnings,NT,Females,Relationship in household,   Other related individual,1200.0,0.1,661.623,0.1,1200.0,17.6,467.039,0.1,1047.826,22.1,Other related individual,Family member
2020,Median weekly earnings,NT,Females,Relationship in household,Non-family member,1512.582,11.7,610.096,19.5,1500.41,9.2,495.175,62.1,1396.757,9.8,,Non-family member
2020,Median weekly earnings,NT,Females,Relationship in household,   Lone person,1685.13,12.5,568.198,60.7,1599.024,13.2,778.955,0.1,1594.283,12.1,Lone person,Non-family member
2020,Median weekly earnings,NT,Females,Relationship in household,   Not living alone,1307.708,30.4,622.598,56.6,1268.0,20.7,509.216,0.1,1246.228,17.2,Not living alone,Non-family member
2020,Median weekly earnings,NT,Females,Relationship in household,Relationship not determined,1365.056,0.1,0.0,0.0,1365.056,0.1,0.0,0.0,1134.115,0.1,,Relationship not determined
2020,Median weekly earnings,ACT,Persons,Relationship in household,Family member,1664.49,2.5,673.563,7.4,1550.0,1.7,537.495,12.6,1418.164,2.7,,Family member
2020,Median weekly earnings,ACT,Persons,Relationship in household,"   Husband, wife or partner",1790.0,3.3,750.0,8.5,1630.0,3.3,781.072,9.9,1550.0,2.5,"Husband, wife or partner",Family member
2020,Median weekly earnings,ACT,Persons,Relationship in household,      With dependants,1884.727,4.3,886.917,7.8,1676.865,3.0,920.017,25.8,1615.999,3.6,With dependants,Family member
2020,Median weekly earnings,ACT,Persons,Relationship in household,      Without dependants,1655.666,4.2,697.501,15.7,1555.969,3.7,688.846,21.5,1504.038,2.7,Without dependants,Family member
2020,Median weekly earnings,ACT,Persons,Relationship in household,   Lone parent,1744.071,6.0,745.183,13.4,1591.329,5.6,524.434,38.0,1536.405,10.1,Lone parent,Family member
2020,Median weekly earnings,ACT,Persons,Relationship in household,   Dependent student,0.0,0.0,197.164,31.7,531.493,0.1,179.992,37.1,198.82,33.0,Dependent student,Family member
2020,Median weekly earnings,ACT,Persons,Relationship in household,   Non-dependent child,1102.53,7.9,694.9,14.2,950.0,8.5,635.016,19.3,924.241,3.7,Non-dependent child,Family member
2020,Median weekly earnings,ACT,Persons,Relationship in household,   Other related individual,1503.698,12.0,401.537,59.7,1392.845,10.2,400.0,115.0,1148.895,17.8,Other related individual,Family member
2020,Median weekly earnings,ACT,Persons,Relationship in household,Non-family member,1608.665,3.9,750.0,5.0,1560.769,5.6,750.0,14.2,1500.0,6.8,,Non-family member
2020,Median weekly earnings,ACT,Persons,Relationship in household,   Lone person,1888.943,5.7,828.844,17.8,1748.43,6.6,4388.13,0.1,1762.54,5.1,Lone person,Non-family member
2020,Median weekly earnings,ACT,Persons,Relationship in household,   Not living alone,1485.463,10.1,750.0,8.5,1332.913,12.6,750.0,18.6,1109.438,17.0,Not living alone,Non-family member
2020,Median weekly earnings,ACT,Persons,Relationship in household,Relationship not determined,2190.37,0.1,0.0,0.0,2136.654,0.1,0.0,0.0,2190.37,0.1,,Relationship not determined
2020,Median weekly earnings,ACT,Males,Relationship in household,Family member,1760.62,5.2,600.0,15.9,1697.096,5.6,694.338,23.1,1598.818,4.0,,Family member
2020,Median weekly earnings,ACT,Males,Relationship in household,"   Husband, wife or partner",1918.791,4.8,783.801,26.0,1880.362,6.1,1108.997,40.5,1827.36,5.3,"Husband, wife or partner",Family member
2020,Median weekly earnings,ACT,Males,Relationship in household,      With dependants,2057.898,3.8,1159.404,39.4,2056.068,4.0,1576.198,32.2,2022.725,4.1,With dependants,Family member
2020,Median weekly earnings,ACT,Males,Relationship in household,      Without dependants,1740.482,6.9,658.168,46.4,1664.017,7.7,630.605,94.6,1595.815,6.3,Without dependants,Family member
2020,Median weekly earnings,ACT,Males,Relationship in household,   Lone parent,1780.505,19.8,0.0,0.0,1780.505,19.8,0.0,0.0,1780.505,19.8,Lone parent,Family member
2020,Median weekly earnings,ACT,Males,Relationship in household,   Dependent student,0.0,0.0,256.209,44.2,593.0,0.1,178.079,44.5,256.209,44.2,Dependent student,Family member
2020,Median weekly earnings,ACT,Males,Relationship in household,   Non-dependent child,1151.237,11.1,750.0,18.6,947.998,10.6,846.432,12.1,947.766,9.1,Non-dependent child,Family member
2020,Median weekly earnings,ACT,Males,Relationship in household,   Other related individual,750.0,63.2,354.871,0.1,750.0,58.1,147.781,0.1,750.0,48.8,Other related individual,Family member
2020,Median weekly earnings,ACT,Males,Relationship in household,Non-family member,1685.452,3.9,701.732,0.1,1647.304,4.7,770.588,70.4,1632.004,4.9,,Non-family member
2020,Median weekly earnings,ACT,Males,Relationship in household,   Lone person,1956.653,7.4,0.0,0.0,1898.569,8.4,3742.737,0.1,1939.111,8.7,Lone person,Non-family member
2020,Median weekly earnings,ACT,Males,Relationship in household,   Not living alone,1557.74,16.6,670.385,18.9,1541.839,18.2,750.0,0.1,1206.146,24.0,Not living alone,Non-family member
2020,Median weekly earnings,ACT,Males,Relationship in household,Relationship not determined,2423.057,0.1,0.0,0.0,2423.057,0.1,0.0,0.0,2423.057,0.1,,Relationship not determined
2020,Median weekly earnings,ACT,Females,Relationship in household,Family member,1574.673,2.3,716.99,7.0,1450.0,3.2,500.0,11.5,1227.618,4.4,,Family member
2020,Median weekly earnings,ACT,Females,Relationship in household,"   Husband, wife or partner",1665.455,3.3,750.0,9.4,1464.845,3.9,710.851,15.7,1355.901,5.3,"Husband, wife or partner",Family member
2020,Median weekly earnings,ACT,Females,Relationship in household,      With dependants,1726.102,5.6,815.171,7.8,1401.84,5.4,729.488,12.7,1313.543,6.7,With dependants,Family member
2020,Median weekly earnings,ACT,Females,Relationship in household,      Without dependants,1557.56,5.1,724.797,18.7,1516.1,5.6,708.396,39.7,1450.0,6.2,Without dependants,Family member
2020,Median weekly earnings,ACT,Females,Relationship in household,   Lone parent,1702.24,6.1,745.183,13.4,1558.29,5.3,524.434,59.6,1468.22,11.4,Lone parent,Family member
2020,Median weekly earnings,ACT,Females,Relationship in household,   Dependent student,0.0,0.0,183.246,52.8,227.187,0.1,187.849,55.3,196.139,49.8,Dependent student,Family member
2020,Median weekly earnings,ACT,Females,Relationship in household,   Non-dependent child,1047.118,10.0,489.785,0.1,1057.689,12.0,500.95,24.7,902.194,15.4,Non-dependent child,Family member
2020,Median weekly earnings,ACT,Females,Relationship in household,   Other related individual,1551.009,6.9,436.24,0.1,1542.3,6.6,585.946,29.3,1476.97,16.1,Other related individual,Family member
2020,Median weekly earnings,ACT,Females,Relationship in household,Non-family member,1511.87,3.3,750.0,5.5,1470.702,7.8,750.0,13.6,1400.763,8.4,,Non-family member
2020,Median weekly earnings,ACT,Females,Relationship in household,   Lone person,1772.688,7.0,761.531,20.8,1526.324,6.8,0.0,0.0,1550.732,6.4,Lone person,Non-family member
2020,Median weekly earnings,ACT,Females,Relationship in household,   Not living alone,1361.941,9.8,750.0,10.4,1217.095,11.5,750.0,17.7,1053.662,14.2,Not living alone,Non-family member
2020,Median weekly earnings,ACT,Females,Relationship in household,Relationship not determined,1866.115,0.1,0.0,0.0,1460.497,0.1,0.0,0.0,1866.115,0.1,,Relationship not determined
2021,Median weekly earnings,Australia,Persons,Relationship in household,Family member,1500.0,0.4,600.0,0.8,1344.0,0.8,550.0,2.7,1200.0,0.5,,Family member
2021,Median weekly earnings,Australia,Persons,Relationship in household,"   Husband, wife or partner",1583.0,0.8,729.873,1.6,1442.0,1.0,750.0,2.7,1342.0,0.9,"Husband, wife or partner",Family member
2021,Median weekly earnings,Australia,Persons,Relationship in household,      With dependants,1700.0,1.2,750.0,1.7,1500.0,0.3,800.0,3.9,1400.0,0.9,With dependants,Family member
2021,Median weekly earnings,Australia,Persons,Relationship in household,      Without dependants,1500.0,0.8,689.895,2.0,1378.051,1.0,720.0,2.4,1261.0,1.0,Without dependants,Family member
2021,Median weekly earnings,Australia,Persons,Relationship in household,   Lone parent,1500.0,4.0,705.406,4.0,1250.0,3.0,740.176,5.3,1150.0,3.8,Lone parent,Family member
2021,Median weekly earnings,Australia,Persons,Relationship in household,   Dependent student,750.0,8.1,200.0,4.6,500.0,4.0,179.401,3.7,215.372,5.3,Dependent student,Family member
2021,Median weekly earnings,Australia,Persons,Relationship in household,   Non-dependent child,1100.0,2.1,492.024,2.6,1000.0,1.4,600.0,4.9,950.0,1.8,Non-dependent child,Family member
2021,Median weekly earnings,Australia,Persons,Relationship in household,   Other related individual,1200.0,3.9,550.0,7.3,1200.0,5.7,664.137,10.4,998.525,3.2,Other related individual,Family member
2021,Median weekly earnings,Australia,Persons,Relationship in household,Non-family member,1402.882,1.5,600.0,1.8,1343.99,1.9,698.816,4.9,1200.0,1.8,,Non-family member
2021,Median weekly earnings,Australia,Persons,Relationship in household,   Lone person,1500.0,1.4,670.895,3.4,1456.446,1.8,795.149,8.8,1341.369,2.0,Lone person,Non-family member
2021,Median weekly earnings,Australia,Persons,Relationship in household,   Not living alone,1200.0,2.4,548.083,4.3,1128.388,2.3,601.274,5.6,988.35,3.0,Not living alone,Non-family member
2021,Median weekly earnings,Australia,Persons,Relationship in household,Relationship not determined,1382.755,29.5,226.378,110.8,1303.504,22.5,93.084,0.1,1010.286,44.5,,Relationship not determined
2021,Median weekly earnings,Australia,Males,Relationship in household,Family member,1563.0,1.1,500.0,3.7,1538.0,1.2,690.0,3.2,1400.0,0.7,,Family member
2021,Median weekly earnings,Australia,Males,Relationship in household,"   Husband, wife or partner",1706.0,1.2,750.0,3.4,1700.0,1.2,1000.0,1.9,1600.0,1.1,"Husband, wife or partner",Family member
2021,Median weekly earnings,Australia,Males,Relationship in household,      With dependants,1822.09,2.1,850.0,4.2,1822.803,2.0,1100.0,4.1,1750.0,1.5,With dependants,Family member
2021,Median weekly earnings,Australia,Males,Relationship in household,      Without dependants,1550.0,1.6,697.869,3.4,1534.0,1.4,900.0,5.5,1450.0,1.7,Without dependants,Family member
2021,Median weekly earnings,Australia,Males,Relationship in household,   Lone parent,1748.783,7.1,720.0,9.3,1740.406,8.3,860.271,9.2,1583.38,7.7,Lone parent,Family member
2021,Median weekly earnings,Australia,Males,Relationship in household,   Dependent student,692.576,12.6,200.0,7.6,500.0,5.7,180.0,7.1,235.349,6.4,Dependent student,Family member
2021,Median weekly earnings,Australia,Males,Relationship in household,   Non-dependent child,1080.0,3.1,497.535,6.4,1000.0,2.2,672.955,6.0,950.0,2.7,Non-dependent child,Family member
2021,Median weekly earnings,Australia,Males,Relationship in household,   Other related individual,1200.0,4.4,442.429,10.8,1200.0,6.4,786.662,12.5,1000.0,5.0,Other related individual,Family member
2021,Median weekly earnings,Australia,Males,Relationship in household,Non-family member,1442.0,1.8,599.389,4.9,1405.0,2.0,850.0,7.1,1300.0,1.6,,Non-family member
2021,Median weekly earnings,Australia,Males,Relationship in household,   Lone person,1599.631,2.5,626.436,9.5,1537.554,3.1,1042.98,9.9,1450.0,3.0,Lone person,Non-family member
2021,Median weekly earnings,Australia,Males,Relationship in household,   Not living alone,1247.0,2.8,560.0,5.3,1200.0,4.3,700.0,8.2,1054.0,3.3,Not living alone,Non-family member
2021,Median weekly earnings,Australia,Males,Relationship in household,Relationship not determined,1504.249,0.1,309.554,64.9,1501.508,31.7,306.684,85.4,1149.42,45.5,,Relationship not determined
2021,Median weekly earnings,Australia,Females,Relationship in household,Family member,1373.192,1.1,616.0,1.9,1173.0,1.1,480.0,2.7,1000.522,1.0,,Family member
2021,Median weekly earnings,Australia,Females,Relationship in household,"   Husband, wife or partner",1423.135,1.6,725.0,1.8,1200.0,1.1,623.18,3.9,1100.0,0.9,"Husband, wife or partner",Family member
2021,Median weekly earnings,Australia,Females,Relationship in household,      With dependants,1500.0,1.1,750.0,1.4,1200.0,1.6,624.015,6.8,1094.0,1.7,With dependants,Family member
2021,Median weekly earnings,Australia,Females,Relationship in household,      Without dependants,1380.0,1.1,685.0,2.1,1224.0,1.0,620.46,3.6,1121.322,1.1,Without dependants,Family member
2021,Median weekly earnings,Australia,Females,Relationship in household,   Lone parent,1440.554,4.0,700.253,4.3,1200.0,2.7,650.0,9.8,1065.702,3.7,Lone parent,Family member
2021,Median weekly earnings,Australia,Females,Relationship in household,   Dependent student,750.0,8.5,192.18,6.0,478.503,9.7,175.0,6.0,200.0,8.7,Dependent student,Family member
2021,Median weekly earnings,Australia,Females,Relationship in household,   Non-dependent child,1150.0,2.8,486.224,3.9,1014.369,3.0,504.152,7.2,936.492,1.9,Non-dependent child,Family member
2021,Median weekly earnings,Australia,Females,Relationship in household,   Other related individual,1222.65,4.7,600.0,10.1,1187.809,6.5,550.0,16.1,956.824,5.2,Other related individual,Family member
2021,Median weekly earnings,Australia,Females,Relationship in household,Non-family member,1375.0,2.5,600.0,2.8,1252.239,2.7,595.116,5.7,1100.0,2.4,,Non-family member
2021,Median weekly earnings,Australia,Females,Relationship in household,   Lone person,1488.573,2.0,674.0,3.2,1375.722,3.1,669.807,10.0,1248.632,2.5,Lone person,Non-family member
2021,Median weekly earnings,Australia,Females,Relationship in household,   Not living alone,1149.415,3.3,542.831,4.4,1097.499,3.5,559.397,3.9,850.0,6.1,Not living alone,Non-family member
2021,Median weekly earnings,Australia,Females,Relationship in household,Relationship not determined,961.391,0.1,261.918,56.4,983.882,0.1,37.502,0.1,749.244,32.0,,Relationship not determined
2021,Median weekly earnings,NSW,Persons,Relationship in household,Family member,1500.0,0.9,600.0,2.8,1400.0,1.4,578.511,4.5,1246.0,1.3,,Family member
2021,Median weekly earnings,NSW,Persons,Relationship in household,"   Husband, wife or partner",1620.152,2.3,750.0,3.4,1500.0,1.3,780.0,4.5,1400.0,1.5,"Husband, wife or partner",Family member
2021,Median weekly earnings,NSW,Persons,Relationship in household,      With dependants,1750.0,2.2,800.0,2.9,1600.0,3.0,809.579,5.5,1500.0,2.4,With dependants,Family member
2021,Median weekly earnings,NSW,Persons,Relationship in household,      Without dependants,1500.0,1.6,672.203,5.6,1419.108,1.8,708.271,7.5,1320.031,2.6,Without dependants,Family member
2021,Median weekly earnings,NSW,Persons,Relationship in household,   Lone parent,1451.214,7.3,633.618,7.8,1200.0,5.1,811.658,11.0,1108.452,5.3,Lone parent,Family member
2021,Median weekly earnings,NSW,Persons,Relationship in household,   Dependent student,750.0,14.9,239.034,11.3,517.188,11.4,201.058,7.8,270.0,11.8,Dependent student,Family member
2021,Median weekly earnings,NSW,Persons,Relationship in household,   Non-dependent child,1178.62,2.1,500.0,9.1,1094.502,3.6,530.573,6.6,984.442,2.5,Non-dependent child,Family member
2021,Median weekly earnings,NSW,Persons,Relationship in household,   Other related individual,1226.423,5.9,563.545,20.0,1222.1,8.7,768.164,16.3,1039.806,5.7,Other related individual,Family member
2021,Median weekly earnings,NSW,Persons,Relationship in household,Non-family member,1478.787,3.7,578.252,7.8,1437.859,3.3,750.0,8.1,1259.179,3.2,,Non-family member
2021,Median weekly earnings,NSW,Persons,Relationship in household,   Lone person,1600.0,5.0,673.659,15.4,1527.274,4.6,901.003,10.6,1406.0,4.3,Lone person,Non-family member
2021,Median weekly earnings,NSW,Persons,Relationship in household,   Not living alone,1300.0,5.8,550.0,8.6,1210.467,7.1,647.807,10.9,1050.281,7.9,Not living alone,Non-family member
2021,Median weekly earnings,NSW,Persons,Relationship in household,Relationship not determined,1334.84,0.1,378.229,0.1,1319.832,0.1,275.501,12.4,913.909,0.1,,Relationship not determined
2021,Median weekly earnings,NSW,Males,Relationship in household,Family member,1577.266,2.1,525.263,5.6,1550.0,1.8,636.713,7.3,1400.0,1.6,,Family member
2021,Median weekly earnings,NSW,Males,Relationship in household,"   Husband, wife or partner",1737.808,2.2,750.0,9.8,1750.0,2.1,945.19,6.3,1649.0,2.3,"Husband, wife or partner",Family member
2021,Median weekly earnings,NSW,Males,Relationship in household,      With dependants,1900.0,3.0,899.154,10.5,1914.847,2.7,1033.331,6.1,1828.71,3.0,With dependants,Family member
2021,Median weekly earnings,NSW,Males,Relationship in household,      Without dependants,1550.0,2.5,644.986,13.1,1541.931,2.5,800.0,11.8,1442.0,1.9,Without dependants,Family member
2021,Median weekly earnings,NSW,Males,Relationship in household,   Lone parent,1744.97,16.5,670.082,102.5,1726.54,19.2,733.127,132.4,1224.963,24.5,Lone parent,Family member
2021,Median weekly earnings,NSW,Males,Relationship in household,   Dependent student,740.132,49.3,250.0,14.0,509.187,12.0,211.385,17.0,270.0,12.1,Dependent student,Family member
2021,Median weekly earnings,NSW,Males,Relationship in household,   Non-dependent child,1150.415,4.2,524.858,12.0,1073.466,4.7,641.023,9.1,986.979,3.4,Non-dependent child,Family member
2021,Median weekly earnings,NSW,Males,Relationship in household,   Other related individual,1250.349,5.9,375.0,29.2,1344.966,7.2,727.934,25.2,1097.985,10.5,Other related individual,Family member
2021,Median weekly earnings,NSW,Males,Relationship in household,Non-family member,1506.688,4.2,607.669,11.7,1500.0,4.0,900.0,10.4,1391.158,4.6,,Non-family member
2021,Median weekly earnings,NSW,Males,Relationship in household,   Lone person,1623.991,6.3,826.816,15.7,1600.304,6.2,1097.453,10.1,1476.427,6.0,Lone person,Non-family member
2021,Median weekly earnings,NSW,Males,Relationship in household,   Not living alone,1438.0,7.8,515.383,10.9,1434.496,7.3,700.0,20.6,1200.0,8.7,Not living alone,Non-family member
2021,Median weekly earnings,NSW,Males,Relationship in household,Relationship not determined,1712.675,0.1,378.229,0.1,1509.363,0.1,275.501,12.4,1195.32,0.1,,Relationship not determined
2021,Median weekly earnings,NSW,Females,Relationship in household,Family member,1407.872,1.9,650.0,3.9,1250.0,2.0,500.0,7.7,1100.0,2.1,,Family member
2021,Median weekly earnings,NSW,Females,Relationship in household,"   Husband, wife or partner",1500.0,1.6,750.0,3.4,1308.406,2.5,691.564,6.9,1200.0,2.3,"Husband, wife or partner",Family member
2021,Median weekly earnings,NSW,Females,Relationship in household,      With dependants,1545.26,2.1,800.0,1.9,1300.0,2.6,736.358,6.1,1224.471,2.7,With dependants,Family member
2021,Median weekly earnings,NSW,Females,Relationship in household,      Without dependants,1425.0,2.2,673.118,5.7,1319.417,2.6,641.656,8.6,1197.11,3.5,Without dependants,Family member
2021,Median weekly earnings,NSW,Females,Relationship in household,   Lone parent,1450.0,6.5,631.922,9.9,1150.0,6.8,900.0,12.9,1097.064,5.3,Lone parent,Family member
2021,Median weekly earnings,NSW,Females,Relationship in household,   Dependent student,750.0,19.0,216.0,14.3,675.057,13.6,196.921,15.0,258.115,16.7,Dependent student,Family member
2021,Median weekly earnings,NSW,Females,Relationship in household,   Non-dependent child,1225.819,2.1,436.997,15.5,1123.775,5.1,468.815,15.8,962.03,5.0,Non-dependent child,Family member
2021,Median weekly earnings,NSW,Females,Relationship in household,   Other related individual,1189.846,8.2,800.202,19.2,1186.082,8.8,785.188,21.0,998.074,8.8,Other related individual,Family member
2021,Median weekly earnings,NSW,Females,Relationship in household,Non-family member,1391.271,5.3,548.961,11.3,1349.49,4.7,644.767,11.7,1172.003,3.4,,Non-family member
2021,Median weekly earnings,NSW,Females,Relationship in household,   Lone person,1542.092,5.7,545.856,16.1,1500.0,5.0,748.661,24.1,1380.0,5.6,Lone person,Non-family member
2021,Median weekly earnings,NSW,Females,Relationship in household,   Not living alone,1100.0,5.9,552.327,13.1,1071.478,5.5,620.579,13.8,878.26,8.7,Not living alone,Non-family member
2021,Median weekly earnings,VIC,Persons,Relationship in household,Family member,1499.656,1.0,585.0,2.2,1327.77,1.2,484.558,6.6,1170.899,1.1,,Family member
2021,Median weekly earnings,VIC,Persons,Relationship in household,"   Husband, wife or partner",1565.947,2.0,713.358,2.5,1409.0,1.4,727.306,5.0,1300.0,1.7,"Husband, wife or partner",Family member
2021,Median weekly earnings,VIC,Persons,Relationship in household,      With dependants,1659.061,2.3,740.0,2.5,1455.0,1.8,750.0,7.1,1350.0,2.2,With dependants,Family member
2021,Median weekly earnings,VIC,Persons,Relationship in household,      Without dependants,1500.0,2.0,694.985,3.8,1374.275,2.5,679.172,7.5,1250.0,2.1,Without dependants,Family member
2021,Median weekly earnings,VIC,Persons,Relationship in household,   Lone parent,1592.057,8.9,774.27,6.7,1343.884,6.7,649.581,12.8,1217.41,5.2,Lone parent,Family member
2021,Median weekly earnings,VIC,Persons,Relationship in household,   Dependent student,870.295,11.6,193.599,9.3,478.17,11.4,167.728,7.6,200.0,8.7,Dependent student,Family member
2021,Median weekly earnings,VIC,Persons,Relationship in household,   Non-dependent child,1175.287,2.8,480.0,10.0,1060.242,4.8,661.18,12.6,1000.0,2.6,Non-dependent child,Family member
2021,Median weekly earnings,VIC,Persons,Relationship in household,   Other related individual,1087.661,9.8,429.962,13.0,1025.48,9.9,532.198,22.2,923.536,8.6,Other related individual,Family member
2021,Median weekly earnings,VIC,Persons,Relationship in household,Non-family member,1400.0,3.5,600.0,6.4,1338.379,3.4,614.484,11.7,1200.0,2.7,,Non-family member
2021,Median weekly earnings,VIC,Persons,Relationship in household,   Lone person,1518.334,3.6,712.615,8.5,1451.887,2.9,775.105,22.9,1354.04,3.8,Lone person,Non-family member
2021,Median weekly earnings,VIC,Persons,Relationship in household,   Not living alone,1102.72,4.7,449.688,15.5,1102.972,4.9,553.953,14.1,950.0,4.8,Not living alone,Non-family member
2021,Median weekly earnings,VIC,Persons,Relationship in household,Relationship not determined,0.0,0.0,43.055,151.1,0.0,0.0,23.626,1.4,43.055,151.1,,Relationship not determined
2021,Median weekly earnings,VIC,Males,Relationship in household,Family member,1534.0,1.7,480.0,7.0,1501.714,1.5,600.0,10.6,1368.547,1.6,,Family member
2021,Median weekly earnings,VIC,Males,Relationship in household,"   Husband, wife or partner",1700.0,1.9,729.564,8.0,1700.0,2.0,1000.0,6.8,1587.725,2.2,"Husband, wife or partner",Family member
2021,Median weekly earnings,VIC,Males,Relationship in household,      With dependants,1805.456,3.9,800.0,10.6,1806.096,3.5,1102.98,4.9,1706.125,3.6,With dependants,Family member
2021,Median weekly earnings,VIC,Males,Relationship in household,      Without dependants,1555.477,2.4,683.174,7.5,1538.0,2.4,894.625,11.5,1473.144,2.8,Without dependants,Family member
2021,Median weekly earnings,VIC,Males,Relationship in household,   Lone parent,2052.667,15.7,810.975,88.8,1595.387,17.7,0.0,0.0,1553.141,18.2,Lone parent,Family member
2021,Median weekly earnings,VIC,Males,Relationship in household,   Dependent student,877.855,14.8,200.0,13.5,543.989,10.4,150.0,16.4,234.426,11.3,Dependent student,Family member
2021,Median weekly earnings,VIC,Males,Relationship in household,   Non-dependent child,1132.68,4.5,480.0,13.3,1072.692,4.8,752.201,15.3,1000.0,3.2,Non-dependent child,Family member
2021,Median weekly earnings,VIC,Males,Relationship in household,   Other related individual,1001.625,14.0,415.879,31.3,993.667,14.5,627.822,33.9,961.524,10.8,Other related individual,Family member
2021,Median weekly earnings,VIC,Males,Relationship in household,Non-family member,1400.0,3.6,500.878,12.3,1380.0,4.8,834.69,13.1,1248.065,3.3,,Non-family member
2021,Median weekly earnings,VIC,Males,Relationship in household,   Lone person,1553.254,5.4,571.28,30.2,1500.0,5.5,1141.121,24.7,1449.074,4.9,Lone person,Non-family member
2021,Median weekly earnings,VIC,Males,Relationship in household,   Not living alone,1082.174,6.9,497.946,15.8,1074.599,5.3,718.516,11.0,999.997,3.8,Not living alone,Non-family member
2021,Median weekly earnings,VIC,Females,Relationship in household,Family member,1380.0,2.7,613.0,2.7,1147.076,2.3,400.0,7.9,993.127,1.3,,Family member
2021,Median weekly earnings,VIC,Females,Relationship in household,"   Husband, wife or partner",1400.466,3.0,708.073,2.8,1150.0,2.2,522.179,9.8,1050.0,2.4,"Husband, wife or partner",Family member
2021,Median weekly earnings,VIC,Females,Relationship in household,      With dependants,1434.224,3.0,736.498,3.4,1125.0,3.4,504.401,13.5,1000.0,3.7,With dependants,Family member
2021,Median weekly earnings,VIC,Females,Relationship in household,      Without dependants,1400.0,3.6,698.193,3.7,1195.762,3.8,615.367,12.0,1081.051,3.5,Without dependants,Family member
2021,Median weekly earnings,VIC,Females,Relationship in household,   Lone parent,1533.983,7.4,773.071,7.4,1331.244,7.3,645.768,15.7,1150.0,6.5,Lone parent,Family member
2021,Median weekly earnings,VIC,Females,Relationship in household,   Dependent student,747.256,0.1,183.446,11.0,381.373,25.3,175.0,7.3,188.032,11.1,Dependent student,Family member
2021,Median weekly earnings,VIC,Females,Relationship in household,   Non-dependent child,1200.0,5.0,506.841,10.1,1052.944,6.6,525.19,17.0,1000.0,5.2,Non-dependent child,Family member
2021,Median weekly earnings,VIC,Females,Relationship in household,   Other related individual,1250.943,11.4,483.15,23.2,1141.912,11.3,422.4,36.7,879.98,15.7,Other related individual,Family member
2021,Median weekly earnings,VIC,Females,Relationship in household,Non-family member,1412.91,3.8,601.624,8.5,1299.598,4.9,495.629,16.8,1121.009,5.4,,Non-family member
2021,Median weekly earnings,VIC,Females,Relationship in household,   Lone person,1500.0,3.3,750.0,9.1,1350.0,5.0,643.953,16.8,1255.546,4.8,Lone person,Non-family member
2021,Median weekly earnings,VIC,Females,Relationship in household,   Not living alone,1179.042,10.2,365.667,21.5,1198.91,9.4,364.248,17.6,785.444,18.0,Not living alone,Non-family member
2021,Median weekly earnings,VIC,Females,Relationship in household,Relationship not determined,0.0,0.0,553.551,19.6,0.0,0.0,0.0,0.0,553.551,19.6,,Relationship not determined
2021,Median weekly earnings,QLD,Persons,Relationship in household,Family member,1400.0,2.2,600.0,3.2,1300.0,1.6,613.295,5.7,1150.0,2.0,,Family member
2021,Median weekly earnings,QLD,Persons,Relationship in household,"   Husband, wife or partner",1500.0,0.9,720.0,1.8,1377.0,2.1,821.679,7.0,1265.842,1.2,"Husband, wife or partner",Family member
2021,Median weekly earnings,QLD,Persons,Relationship in household,      With dependants,1581.84,2.4,750.0,2.4,1450.906,2.1,879.932,7.6,1322.086,2.6,With dependants,Family member
2021,Median weekly earnings,QLD,Persons,Relationship in household,      Without dependants,1410.634,2.8,699.401,2.3,1300.0,2.5,750.0,7.0,1224.468,1.3,Without dependants,Family member
2021,Median weekly earnings,QLD,Persons,Relationship in household,   Lone parent,1388.4,7.9,708.301,9.2,1243.157,8.9,699.946,11.2,1034.595,8.3,Lone parent,Family member
2021,Median weekly earnings,QLD,Persons,Relationship in household,   Dependent student,647.573,8.7,169.555,7.5,488.355,18.9,157.13,6.6,180.0,14.2,Dependent student,Family member
2021,Median weekly earnings,QLD,Persons,Relationship in household,   Non-dependent child,1020.584,2.8,462.085,5.1,950.0,3.2,602.706,10.9,826.362,3.7,Non-dependent child,Family member
2021,Median weekly earnings,QLD,Persons,Relationship in household,   Other related individual,1156.886,6.6,600.0,19.7,1181.498,8.9,844.662,6.8,1000.0,5.9,Other related individual,Family member
2021,Median weekly earnings,QLD,Persons,Relationship in household,Non-family member,1300.0,4.8,600.0,6.3,1236.482,3.3,651.941,6.3,1057.0,2.8,,Non-family member
2021,Median weekly earnings,QLD,Persons,Relationship in household,   Lone person,1449.784,4.2,649.907,8.4,1442.252,5.6,699.983,12.4,1206.526,6.1,Lone person,Non-family member
2021,Median weekly earnings,QLD,Persons,Relationship in household,   Not living alone,1141.639,5.3,577.074,8.3,1058.123,2.4,630.207,9.6,867.192,5.5,Not living alone,Non-family member
2021,Median weekly earnings,QLD,Persons,Relationship in household,Relationship not determined,1375.071,0.1,0.0,0.0,0.0,0.0,589.075,0.1,1119.235,0.1,,Relationship not determined
2021,Median weekly earnings,QLD,Males,Relationship in household,Family member,1500.0,1.3,500.0,8.6,1501.642,1.8,732.556,6.2,1319.551,2.2,,Family member
2021,Median weekly earnings,QLD,Males,Relationship in household,"   Husband, wife or partner",1609.475,2.6,745.63,6.2,1630.0,2.7,1021.812,3.5,1500.0,1.8,"Husband, wife or partner",Family member
2021,Median weekly earnings,QLD,Males,Relationship in household,      With dependants,1745.837,3.2,907.781,9.0,1750.0,3.4,1049.626,5.8,1656.378,2.9,With dependants,Family member
2021,Median weekly earnings,QLD,Males,Relationship in household,      Without dependants,1500.0,3.2,700.0,5.1,1500.0,3.5,1000.0,7.0,1400.0,3.6,Without dependants,Family member
2021,Median weekly earnings,QLD,Males,Relationship in household,   Lone parent,1652.472,7.8,991.657,47.4,1751.928,10.2,1017.594,0.1,1627.648,8.0,Lone parent,Family member
2021,Median weekly earnings,QLD,Males,Relationship in household,   Dependent student,604.883,12.7,175.416,19.0,495.633,23.6,176.147,18.9,180.0,18.4,Dependent student,Family member
2021,Median weekly earnings,QLD,Males,Relationship in household,   Non-dependent child,1038.502,3.7,431.241,6.1,1000.0,5.2,600.89,13.1,900.0,5.7,Non-dependent child,Family member
2021,Median weekly earnings,QLD,Males,Relationship in household,   Other related individual,1100.0,8.3,755.962,27.3,1092.559,26.2,972.891,11.9,1033.859,7.4,Other related individual,Family member
2021,Median weekly earnings,QLD,Males,Relationship in household,Non-family member,1361.369,4.7,600.0,5.8,1300.0,5.6,743.16,10.2,1200.0,4.3,,Non-family member
2021,Median weekly earnings,QLD,Males,Relationship in household,   Lone person,1552.224,7.9,601.295,11.7,1552.011,8.6,933.817,19.7,1389.047,7.5,Lone person,Non-family member
2021,Median weekly earnings,QLD,Males,Relationship in household,   Not living alone,1210.849,5.1,600.0,6.9,1100.0,8.3,650.0,12.4,1031.769,8.8,Not living alone,Non-family member
2021,Median weekly earnings,QLD,Males,Relationship in household,Relationship not determined,1375.071,0.1,0.0,0.0,0.0,0.0,0.0,0.0,1375.071,0.1,,Relationship not determined
2021,Median weekly earnings,QLD,Females,Relationship in household,Family member,1250.0,2.4,600.0,3.9,1139.467,1.6,516.561,6.0,1000.0,1.9,,Family member
2021,Median weekly earnings,QLD,Females,Relationship in household,"   Husband, wife or partner",1320.0,2.2,716.564,2.4,1165.0,1.2,649.818,7.2,1090.0,1.8,"Husband, wife or partner",Family member
2021,Median weekly earnings,QLD,Females,Relationship in household,      With dependants,1345.643,3.7,750.0,3.4,1161.254,3.1,627.47,14.8,1074.43,2.3,With dependants,Family member
2021,Median weekly earnings,QLD,Females,Relationship in household,      Without dependants,1273.471,3.4,691.897,5.4,1184.571,2.2,674.0,6.8,1100.0,2.9,Without dependants,Family member
2021,Median weekly earnings,QLD,Females,Relationship in household,   Lone parent,1250.0,7.4,701.949,9.1,1124.419,7.7,655.769,11.8,943.969,5.6,Lone parent,Family member
2021,Median weekly earnings,QLD,Females,Relationship in household,   Dependent student,693.671,0.1,167.161,15.4,486.097,30.3,151.562,6.2,172.326,17.6,Dependent student,Family member
2021,Median weekly earnings,QLD,Females,Relationship in household,   Non-dependent child,966.166,4.4,494.942,11.3,872.264,6.2,671.59,11.6,800.0,5.4,Non-dependent child,Family member
2021,Median weekly earnings,QLD,Females,Relationship in household,   Other related individual,1296.368,11.8,600.0,26.2,1274.664,14.1,599.159,28.0,911.436,19.8,Other related individual,Family member
2021,Median weekly earnings,QLD,Females,Relationship in household,Non-family member,1248.101,7.1,600.0,8.1,1193.844,3.6,596.752,12.1,987.421,4.3,,Non-family member
2021,Median weekly earnings,QLD,Females,Relationship in household,   Lone person,1368.524,6.5,662.657,15.5,1326.21,5.8,634.052,13.9,1155.659,5.5,Lone person,Non-family member
2021,Median weekly earnings,QLD,Females,Relationship in household,   Not living alone,1100.0,6.1,509.232,9.2,999.694,5.3,589.05,15.2,850.0,10.3,Not living alone,Non-family member
2021,Median weekly earnings,SA,Persons,Relationship in household,Family member,1423.335,2.5,600.0,3.1,1265.0,1.5,529.48,3.3,1100.224,1.9,,Family member
2021,Median weekly earnings,SA,Persons,Relationship in household,"   Husband, wife or partner",1500.0,1.8,728.513,3.8,1351.273,2.1,716.757,6.0,1250.0,2.0,"Husband, wife or partner",Family member
2021,Median weekly earnings,SA,Persons,Relationship in household,      With dependants,1600.0,2.6,750.0,2.6,1400.0,2.9,750.0,9.6,1300.0,2.5,With dependants,Family member
2021,Median weekly earnings,SA,Persons,Relationship in household,      Without dependants,1405.092,3.6,650.0,6.9,1321.949,2.9,616.992,8.7,1200.0,2.1,Without dependants,Family member
2021,Median weekly earnings,SA,Persons,Relationship in household,   Lone parent,1352.897,5.3,749.043,11.8,1195.595,5.0,404.763,25.0,1073.116,6.6,Lone parent,Family member
2021,Median weekly earnings,SA,Persons,Relationship in household,   Dependent student,992.519,71.2,200.0,10.2,405.347,22.4,200.0,11.6,217.316,9.3,Dependent student,Family member
2021,Median weekly earnings,SA,Persons,Relationship in household,   Non-dependent child,997.219,3.1,526.366,9.1,952.92,3.5,674.063,11.0,857.829,4.1,Non-dependent child,Family member
2021,Median weekly earnings,SA,Persons,Relationship in household,   Other related individual,1258.494,13.8,523.603,15.2,1174.241,8.4,607.914,23.9,968.738,8.8,Other related individual,Family member
2021,Median weekly earnings,SA,Persons,Relationship in household,Non-family member,1225.127,3.1,619.873,4.1,1150.0,3.2,623.867,8.4,1055.912,2.4,,Non-family member
2021,Median weekly earnings,SA,Persons,Relationship in household,   Lone person,1291.633,3.3,673.967,9.3,1200.0,3.4,735.0,15.4,1137.5,3.1,Lone person,Non-family member
2021,Median weekly earnings,SA,Persons,Relationship in household,   Not living alone,1052.255,5.5,547.379,6.0,1012.323,5.1,600.0,13.4,865.0,4.6,Not living alone,Non-family member
2021,Median weekly earnings,SA,Persons,Relationship in household,Relationship not determined,1244.567,0.1,0.0,0.0,1056.149,0.1,0.0,0.0,1056.149,0.1,,Relationship not determined
2021,Median weekly earnings,SA,Males,Relationship in household,Family member,1484.151,2.0,518.574,7.3,1477.0,1.5,673.116,8.5,1300.0,2.1,,Family member
2021,Median weekly earnings,SA,Males,Relationship in household,"   Husband, wife or partner",1545.321,1.7,769.048,7.6,1544.301,1.7,900.0,7.1,1477.907,1.9,"Husband, wife or partner",Family member
2021,Median weekly earnings,SA,Males,Relationship in household,      With dependants,1613.424,3.2,822.54,9.9,1606.449,3.6,1045.356,13.8,1530.577,3.4,With dependants,Family member
2021,Median weekly earnings,SA,Males,Relationship in household,      Without dependants,1500.0,2.9,713.741,10.5,1500.0,2.4,778.428,13.4,1398.732,4.4,Without dependants,Family member
2021,Median weekly earnings,SA,Males,Relationship in household,   Lone parent,1356.562,12.5,591.066,0.1,1411.523,11.7,855.623,21.7,1288.44,11.3,Lone parent,Family member
2021,Median weekly earnings,SA,Males,Relationship in household,   Dependent student,872.144,0.1,200.0,14.3,491.719,45.1,173.091,22.0,200.0,16.7,Dependent student,Family member
2021,Median weekly earnings,SA,Males,Relationship in household,   Non-dependent child,1000.0,3.4,512.586,13.6,1000.0,4.1,700.19,15.1,863.989,6.9,Non-dependent child,Family member
2021,Median weekly earnings,SA,Males,Relationship in household,   Other related individual,1478.378,15.6,604.141,24.9,1291.873,14.6,886.93,14.4,1234.465,17.3,Other related individual,Family member
2021,Median weekly earnings,SA,Males,Relationship in household,Non-family member,1240.768,3.7,600.0,11.9,1200.0,3.9,667.991,18.4,1100.0,4.6,,Non-family member
2021,Median weekly earnings,SA,Males,Relationship in household,   Lone person,1256.144,5.0,617.762,16.2,1203.274,5.2,795.135,21.1,1151.03,4.4,Lone person,Non-family member
2021,Median weekly earnings,SA,Males,Relationship in household,   Not living alone,1155.775,8.3,475.746,13.0,1092.748,7.5,553.063,22.4,923.637,10.5,Not living alone,Non-family member
2021,Median weekly earnings,SA,Females,Relationship in household,Family member,1326.1,2.9,610.123,3.2,1100.0,2.4,485.651,6.8,945.645,2.2,,Family member
2021,Median weekly earnings,SA,Females,Relationship in household,"   Husband, wife or partner",1379.925,4.1,719.95,4.7,1142.149,2.9,560.868,6.6,1025.674,2.9,"Husband, wife or partner",Family member
2021,Median weekly earnings,SA,Females,Relationship in household,      With dependants,1549.418,4.4,750.0,3.1,1100.0,4.6,606.509,10.4,1000.0,4.5,With dependants,Family member
2021,Median weekly earnings,SA,Females,Relationship in household,      Without dependants,1273.82,3.5,621.818,8.5,1196.069,3.3,542.924,8.6,1051.529,3.8,Without dependants,Family member
2021,Median weekly earnings,SA,Females,Relationship in household,   Lone parent,1313.94,7.0,756.651,13.4,1103.936,6.5,391.601,9.4,989.757,5.8,Lone parent,Family member
2021,Median weekly earnings,SA,Females,Relationship in household,   Dependent student,998.7,20.2,217.089,10.2,392.304,31.1,205.614,11.6,247.075,13.0,Dependent student,Family member
2021,Median weekly earnings,SA,Females,Relationship in household,   Non-dependent child,982.948,5.8,568.023,12.9,899.918,4.0,563.586,16.7,849.64,6.3,Non-dependent child,Family member
2021,Median weekly earnings,SA,Females,Relationship in household,   Other related individual,1182.291,17.8,500.891,24.5,1010.088,13.2,532.466,38.2,878.1,10.6,Other related individual,Family member
2021,Median weekly earnings,SA,Females,Relationship in household,Non-family member,1203.86,4.0,665.054,9.1,1137.561,4.3,613.867,14.1,1028.234,5.0,,Non-family member
2021,Median weekly earnings,SA,Females,Relationship in household,   Lone person,1300.0,6.1,736.235,10.3,1196.372,4.3,648.034,23.5,1101.072,4.4,Lone person,Non-family member
2021,Median weekly earnings,SA,Females,Relationship in household,   Not living alone,1013.976,6.2,600.0,8.1,960.494,6.8,600.0,8.6,799.324,6.3,Not living alone,Non-family member
2021,Median weekly earnings,SA,Females,Relationship in household,Relationship not determined,0.0,0.0,0.0,0.0,1256.938,0.1,0.0,0.0,1256.938,0.1,,Relationship not determined
2021,Median weekly earnings,WA,Persons,Relationship in household,Family member,1600.0,1.8,600.0,2.6,1380.0,2.0,510.148,7.4,1230.584,1.5,,Family member
2021,Median weekly earnings,WA,Persons,Relationship in household,"   Husband, wife or partner",1726.0,2.2,705.353,2.1,1500.0,2.0,830.968,8.4,1400.0,1.9,"Husband, wife or partner",Family member
2021,Median weekly earnings,WA,Persons,Relationship in household,      With dependants,1841.395,3.7,747.0,3.4,1547.762,3.4,802.429,11.7,1495.0,2.8,With dependants,Family member
2021,Median weekly earnings,WA,Persons,Relationship in household,      Without dependants,1588.765,2.2,700.0,5.6,1394.228,2.5,839.138,15.4,1346.0,2.3,Without dependants,Family member
2021,Median weekly earnings,WA,Persons,Relationship in household,   Lone parent,1544.815,8.8,612.912,10.8,1322.649,6.1,851.977,20.3,1230.174,7.7,Lone parent,Family member
2021,Median weekly earnings,WA,Persons,Relationship in household,   Dependent student,900.0,0.1,200.0,9.4,478.489,19.7,181.016,10.7,200.0,8.9,Dependent student,Family member
2021,Median weekly earnings,WA,Persons,Relationship in household,   Non-dependent child,1003.503,4.5,481.316,8.1,996.441,4.8,549.752,11.2,884.167,4.8,Non-dependent child,Family member
2021,Median weekly earnings,WA,Persons,Relationship in household,   Other related individual,1242.823,5.2,429.131,27.6,1246.352,9.5,462.696,38.6,1001.133,13.5,Other related individual,Family member
2021,Median weekly earnings,WA,Persons,Relationship in household,Non-family member,1476.967,2.5,597.333,8.6,1386.983,3.9,726.237,15.8,1250.0,5.9,,Non-family member
2021,Median weekly earnings,WA,Persons,Relationship in household,   Lone person,1534.226,2.7,625.991,12.1,1446.277,5.0,841.76,19.7,1398.653,5.9,Lone person,Non-family member
2021,Median weekly earnings,WA,Persons,Relationship in household,   Not living alone,1346.034,3.8,582.825,12.7,1253.648,5.2,600.0,26.3,1100.0,11.5,Not living alone,Non-family member
2021,Median weekly earnings,WA,Males,Relationship in household,Family member,1800.0,2.3,500.0,7.9,1700.0,3.0,763.591,10.7,1562.582,2.4,,Family member
2021,Median weekly earnings,WA,Males,Relationship in household,"   Husband, wife or partner",1902.452,2.5,759.438,5.6,1841.0,3.4,1400.504,10.1,1800.0,2.5,"Husband, wife or partner",Family member
2021,Median weekly earnings,WA,Males,Relationship in household,      With dependants,2000.0,3.9,927.993,8.2,1900.0,4.3,2016.696,10.1,1909.765,4.0,With dependants,Family member
2021,Median weekly earnings,WA,Males,Relationship in household,      Without dependants,1838.2,3.1,696.632,8.2,1753.734,3.8,1146.766,13.0,1650.0,3.5,Without dependants,Family member
2021,Median weekly earnings,WA,Males,Relationship in household,   Lone parent,1958.326,17.7,564.366,0.1,1991.013,12.8,1036.267,95.9,1887.543,16.6,Lone parent,Family member
2021,Median weekly earnings,WA,Males,Relationship in household,   Dependent student,670.268,0.1,244.703,21.6,547.023,7.8,199.541,13.9,250.0,23.5,Dependent student,Family member
2021,Median weekly earnings,WA,Males,Relationship in household,   Non-dependent child,1000.0,5.8,504.064,15.4,926.487,5.4,722.207,18.2,900.0,5.6,Non-dependent child,Family member
2021,Median weekly earnings,WA,Males,Relationship in household,   Other related individual,1295.708,23.2,434.948,36.7,1272.795,23.9,427.569,43.4,925.263,22.7,Other related individual,Family member
2021,Median weekly earnings,WA,Males,Relationship in household,Non-family member,1557.688,5.7,517.415,22.8,1500.0,3.9,1144.848,20.9,1453.0,3.8,,Non-family member
2021,Median weekly earnings,WA,Males,Relationship in household,   Lone person,1694.328,6.7,433.111,34.1,1583.706,6.1,1273.805,41.8,1553.106,5.3,Lone person,Non-family member
2021,Median weekly earnings,WA,Males,Relationship in household,   Not living alone,1332.255,6.2,755.278,34.4,1246.659,6.4,1021.08,33.2,1222.89,6.1,Not living alone,Non-family member
2021,Median weekly earnings,WA,Females,Relationship in household,Family member,1380.0,2.2,600.0,2.3,1144.176,2.3,420.0,7.0,988.926,1.3,,Family member
2021,Median weekly earnings,WA,Females,Relationship in household,"   Husband, wife or partner",1400.474,2.8,700.136,2.7,1150.0,2.5,610.792,8.7,1050.0,2.4,"Husband, wife or partner",Family member
2021,Median weekly earnings,WA,Females,Relationship in household,      With dependants,1500.0,5.9,701.796,4.1,1079.009,3.6,613.668,7.2,976.197,3.9,With dependants,Family member
2021,Median weekly earnings,WA,Females,Relationship in household,      Without dependants,1384.539,1.9,700.0,7.3,1200.0,2.1,600.0,23.2,1150.0,3.2,Without dependants,Family member
2021,Median weekly earnings,WA,Females,Relationship in household,   Lone parent,1473.364,6.0,716.384,9.4,1246.688,5.2,806.423,21.7,1100.0,7.7,Lone parent,Family member
2021,Median weekly earnings,WA,Females,Relationship in household,   Dependent student,1010.31,0.1,193.803,12.3,339.372,72.1,176.548,11.3,196.872,13.2,Dependent student,Family member
2021,Median weekly earnings,WA,Females,Relationship in household,   Non-dependent child,1123.766,7.8,400.0,8.6,1002.389,6.5,400.0,10.5,858.041,8.7,Non-dependent child,Family member
2021,Median weekly earnings,WA,Females,Relationship in household,   Other related individual,1230.718,4.6,429.064,44.3,1227.682,9.1,999.954,12.0,1054.681,18.6,Other related individual,Family member
2021,Median weekly earnings,WA,Females,Relationship in household,Non-family member,1400.0,4.1,600.0,4.6,1223.785,6.2,584.95,8.9,1028.412,9.3,,Non-family member
2021,Median weekly earnings,WA,Females,Relationship in household,   Lone person,1404.219,7.0,650.0,9.3,1197.407,7.8,585.003,24.2,1063.682,9.9,Lone person,Non-family member
2021,Median weekly earnings,WA,Females,Relationship in household,   Not living alone,1342.405,5.5,550.0,18.1,1253.972,8.6,583.043,16.9,777.983,22.3,Not living alone,Non-family member
2021,Median weekly earnings,TAS,Persons,Relationship in household,Family member,1297.917,2.1,580.0,2.2,1164.205,1.7,500.0,8.0,1000.0,1.0,,Family member
2021,Median weekly earnings,TAS,Persons,Relationship in household,"   Husband, wife or partner",1380.069,2.8,650.0,5.0,1219.049,1.7,600.0,4.1,1109.122,3.0,"Husband, wife or partner",Family member
2021,Median weekly earnings,TAS,Persons,Relationship in household,      With dependants,1450.0,2.8,665.0,7.8,1300.0,3.0,533.722,6.7,1237.246,2.3,With dependants,Family member
2021,Median weekly earnings,TAS,Persons,Relationship in household,      Without dependants,1300.0,3.7,650.0,5.1,1103.357,3.6,649.785,8.4,1005.473,2.5,Without dependants,Family member
2021,Median weekly earnings,TAS,Persons,Relationship in household,   Lone parent,1101.942,7.2,655.998,6.3,1050.0,5.3,590.306,18.3,1000.0,4.7,Lone parent,Family member
2021,Median weekly earnings,TAS,Persons,Relationship in household,   Dependent student,789.91,0.1,180.0,8.3,612.558,32.5,178.393,8.8,193.313,10.0,Dependent student,Family member
2021,Median weekly earnings,TAS,Persons,Relationship in household,   Non-dependent child,1000.0,5.0,445.37,9.3,932.357,4.6,500.0,22.3,850.0,5.4,Non-dependent child,Family member
2021,Median weekly earnings,TAS,Persons,Relationship in household,   Other related individual,968.774,4.9,298.731,50.3,985.599,6.7,390.135,52.4,814.041,22.8,Other related individual,Family member
2021,Median weekly earnings,TAS,Persons,Relationship in household,Non-family member,1287.092,3.8,620.533,8.8,1200.0,3.0,691.935,12.4,1100.0,4.6,,Non-family member
2021,Median weekly earnings,TAS,Persons,Relationship in household,   Lone person,1347.409,5.0,603.113,9.9,1277.333,3.7,580.569,14.4,1171.205,3.1,Lone person,Non-family member
2021,Median weekly earnings,TAS,Persons,Relationship in household,   Not living alone,1100.0,11.0,628.762,12.9,1018.502,12.3,850.115,15.5,975.52,9.6,Not living alone,Non-family member
2021,Median weekly earnings,TAS,Males,Relationship in household,Family member,1300.0,2.1,505.129,11.1,1271.976,2.4,619.876,11.9,1150.0,2.2,,Family member
2021,Median weekly earnings,TAS,Males,Relationship in household,"   Husband, wife or partner",1379.526,2.6,650.0,7.8,1337.379,2.2,800.0,9.2,1261.417,2.6,"Husband, wife or partner",Family member
2021,Median weekly earnings,TAS,Males,Relationship in household,      With dependants,1436.993,4.2,648.443,13.3,1400.0,4.0,832.556,21.7,1375.263,3.8,With dependants,Family member
2021,Median weekly earnings,TAS,Males,Relationship in household,      Without dependants,1320.312,4.0,716.794,9.8,1250.0,4.0,800.0,6.4,1121.659,4.3,Without dependants,Family member
2021,Median weekly earnings,TAS,Males,Relationship in household,   Lone parent,1631.465,15.2,736.624,0.1,1588.43,24.6,711.517,0.1,1454.102,22.0,Lone parent,Family member
2021,Median weekly earnings,TAS,Males,Relationship in household,   Dependent student,889.166,0.1,175.055,15.6,663.867,93.0,178.502,20.2,200.0,19.6,Dependent student,Family member
2021,Median weekly earnings,TAS,Males,Relationship in household,   Non-dependent child,929.268,4.5,400.0,24.9,894.371,6.0,483.62,30.7,825.405,6.2,Non-dependent child,Family member
2021,Median weekly earnings,TAS,Males,Relationship in household,   Other related individual,945.503,28.6,279.755,0.1,896.936,0.1,918.043,0.1,916.526,35.2,Other related individual,Family member
2021,Median weekly earnings,TAS,Males,Relationship in household,Non-family member,1200.0,4.6,585.542,10.9,1200.0,3.6,600.0,22.6,1100.0,4.6,,Non-family member
2021,Median weekly earnings,TAS,Males,Relationship in household,   Lone person,1300.0,7.7,507.531,11.9,1335.262,7.7,554.536,18.2,1200.0,4.0,Lone person,Non-family member
2021,Median weekly earnings,TAS,Males,Relationship in household,   Not living alone,1011.083,7.9,640.17,30.5,1005.903,10.4,854.559,20.6,900.0,8.5,Not living alone,Non-family member
2021,Median weekly earnings,TAS,Females,Relationship in household,Family member,1250.0,2.8,600.0,2.8,1028.315,1.6,456.824,8.7,900.0,2.5,,Family member
2021,Median weekly earnings,TAS,Females,Relationship in household,"   Husband, wife or partner",1385.563,4.7,650.0,4.7,1040.0,3.7,505.708,6.7,951.547,2.7,"Husband, wife or partner",Family member
2021,Median weekly earnings,TAS,Females,Relationship in household,      With dependants,1500.0,4.3,705.859,8.0,1198.427,5.8,460.337,12.3,1000.0,3.7,With dependants,Family member
2021,Median weekly earnings,TAS,Females,Relationship in household,      Without dependants,1257.885,5.7,628.056,5.3,1003.913,4.3,562.478,7.8,900.0,5.0,Without dependants,Family member
2021,Median weekly earnings,TAS,Females,Relationship in household,   Lone parent,1050.0,4.9,650.0,7.5,1021.77,3.9,581.144,23.1,991.221,5.1,Lone parent,Family member
2021,Median weekly earnings,TAS,Females,Relationship in household,   Dependent student,0.0,0.0,184.689,10.5,477.498,0.1,169.932,11.4,187.806,11.8,Dependent student,Family member
2021,Median weekly earnings,TAS,Females,Relationship in household,   Non-dependent child,1047.567,8.5,472.276,15.4,1014.391,10.3,547.005,24.7,888.445,7.6,Non-dependent child,Family member
2021,Median weekly earnings,TAS,Females,Relationship in household,   Other related individual,1026.457,12.2,370.96,33.6,1043.427,9.0,371.105,51.2,640.669,32.9,Other related individual,Family member
2021,Median weekly earnings,TAS,Females,Relationship in household,Non-family member,1362.682,5.5,705.293,8.2,1200.0,8.2,805.482,17.8,1110.209,6.3,,Non-family member
2021,Median weekly earnings,TAS,Females,Relationship in household,   Lone person,1354.179,5.6,742.469,8.4,1197.216,7.3,807.545,23.6,1108.525,6.3,Lone person,Non-family member
2021,Median weekly earnings,TAS,Females,Relationship in household,   Not living alone,1500.0,17.9,636.469,18.8,1206.02,14.3,874.076,41.6,1131.252,15.9,Not living alone,Non-family member
2021,Median weekly earnings,NT,Persons,Relationship in household,Family member,1550.0,2.8,618.675,5.3,1500.0,2.7,633.024,6.6,1300.0,3.9,,Family member
2021,Median weekly earnings,NT,Persons,Relationship in household,"   Husband, wife or partner",1600.0,4.0,750.0,6.7,1502.676,2.8,750.0,9.0,1450.0,3.3,"Husband, wife or partner",Family member
2021,Median weekly earnings,NT,Persons,Relationship in household,      With dependants,1800.0,5.1,751.607,8.1,1600.0,5.8,723.244,22.9,1500.0,5.1,With dependants,Family member
2021,Median weekly earnings,NT,Persons,Relationship in household,      Without dependants,1500.0,5.4,704.117,11.8,1400.0,5.0,753.975,13.5,1327.913,5.8,Without dependants,Family member
2021,Median weekly earnings,NT,Persons,Relationship in household,   Lone parent,1747.517,7.7,602.878,31.2,1678.795,10.3,520.0,18.4,1500.0,10.9,Lone parent,Family member
2021,Median weekly earnings,NT,Persons,Relationship in household,   Dependent student,916.648,0.1,121.957,37.2,369.181,0.1,120.0,26.3,141.33,35.7,Dependent student,Family member
2021,Median weekly earnings,NT,Persons,Relationship in household,   Non-dependent child,1010.826,7.0,654.558,11.9,1026.786,12.7,756.898,8.7,900.0,5.7,Non-dependent child,Family member
2021,Median weekly earnings,NT,Persons,Relationship in household,   Other related individual,1253.527,12.6,649.758,16.3,1238.213,13.5,865.462,19.9,1000.0,10.7,Other related individual,Family member
2021,Median weekly earnings,NT,Persons,Relationship in household,Non-family member,1602.104,4.9,503.753,27.8,1562.86,5.3,714.727,32.8,1447.847,5.3,,Non-family member
2021,Median weekly earnings,NT,Persons,Relationship in household,   Lone person,1800.0,7.0,379.813,54.0,1750.0,7.2,417.279,84.3,1597.793,7.5,Lone person,Non-family member
2021,Median weekly earnings,NT,Persons,Relationship in household,   Not living alone,1280.0,8.7,520.0,15.6,1280.0,9.3,793.186,25.2,1200.0,4.9,Not living alone,Non-family member
2021,Median weekly earnings,NT,Males,Relationship in household,Family member,1617.85,6.2,546.485,10.0,1638.119,5.3,767.739,11.3,1420.553,5.4,,Family member
2021,Median weekly earnings,NT,Males,Relationship in household,"   Husband, wife or partner",1750.0,5.2,683.324,22.2,1750.0,5.6,1072.526,19.6,1630.0,6.2,"Husband, wife or partner",Family member
2021,Median weekly earnings,NT,Males,Relationship in household,      With dependants,1917.0,5.3,731.345,22.3,1908.935,6.6,1150.0,29.2,1865.43,5.8,With dependants,Family member
2021,Median weekly earnings,NT,Males,Relationship in household,      Without dependants,1598.588,6.8,491.617,35.5,1555.342,7.6,973.24,26.6,1500.289,7.5,Without dependants,Family member
2021,Median weekly earnings,NT,Males,Relationship in household,   Lone parent,2008.681,23.3,263.011,0.1,1896.085,15.1,529.542,0.1,1798.912,34.5,Lone parent,Family member
2021,Median weekly earnings,NT,Males,Relationship in household,   Dependent student,0.0,0.0,133.146,75.5,543.247,0.1,110.956,91.3,149.753,86.4,Dependent student,Family member
2021,Median weekly earnings,NT,Males,Relationship in household,   Non-dependent child,1024.967,11.4,664.502,10.1,1092.337,29.0,748.033,12.3,935.1,9.3,Non-dependent child,Family member
2021,Median weekly earnings,NT,Males,Relationship in household,   Other related individual,1214.889,11.2,646.074,11.8,1189.893,11.7,969.318,17.6,1000.0,12.2,Other related individual,Family member
2021,Median weekly earnings,NT,Males,Relationship in household,Non-family member,1616.719,8.0,291.556,121.5,1622.112,8.7,800.0,45.6,1500.0,8.0,,Non-family member
2021,Median weekly earnings,NT,Males,Relationship in household,   Lone person,1919.072,9.9,250.955,0.1,1924.896,10.2,293.941,0.1,1654.783,8.6,Lone person,Non-family member
2021,Median weekly earnings,NT,Males,Relationship in household,   Not living alone,1327.409,5.8,722.477,0.1,1272.768,4.9,1141.498,36.2,1247.967,6.1,Not living alone,Non-family member
2021,Median weekly earnings,NT,Females,Relationship in household,Family member,1500.0,3.5,650.0,5.9,1350.0,4.7,505.374,9.0,1200.0,2.3,,Family member
2021,Median weekly earnings,NT,Females,Relationship in household,"   Husband, wife or partner",1503.725,5.1,760.629,7.1,1399.977,4.6,600.0,12.6,1256.091,4.7,"Husband, wife or partner",Family member
2021,Median weekly earnings,NT,Females,Relationship in household,      With dependants,1650.0,7.0,777.859,6.6,1437.693,7.0,541.689,19.8,1341.237,5.8,With dependants,Family member
2021,Median weekly earnings,NT,Females,Relationship in household,      Without dependants,1489.698,6.8,725.83,12.9,1342.0,6.5,609.241,20.9,1239.944,5.9,Without dependants,Family member
2021,Median weekly earnings,NT,Females,Relationship in household,   Lone parent,1562.345,9.2,665.734,28.2,1500.0,12.3,520.0,16.7,1334.05,12.1,Lone parent,Family member
2021,Median weekly earnings,NT,Females,Relationship in household,   Dependent student,872.885,0.1,122.241,55.9,405.906,0.1,120.0,54.5,132.251,52.6,Dependent student,Family member
2021,Median weekly earnings,NT,Females,Relationship in household,   Non-dependent child,994.855,13.0,648.786,25.8,917.709,13.3,826.908,0.1,900.0,8.3,Non-dependent child,Family member
2021,Median weekly earnings,NT,Females,Relationship in household,   Other related individual,1525.672,24.1,690.608,0.1,1446.462,15.1,543.377,0.1,1255.549,21.1,Other related individual,Family member
2021,Median weekly earnings,NT,Females,Relationship in household,Non-family member,1545.4,5.9,520.0,30.6,1509.768,8.2,520.0,59.4,1400.927,8.1,,Non-family member
2021,Median weekly earnings,NT,Females,Relationship in household,   Lone person,1733.185,10.1,802.825,30.0,1552.27,10.7,706.359,0.1,1516.183,12.7,Lone person,Non-family member
2021,Median weekly earnings,NT,Females,Relationship in household,   Not living alone,1277.908,11.7,510.176,0.1,1312.228,14.7,520.0,125.8,1156.151,11.2,Not living alone,Non-family member
2021,Median weekly earnings,ACT,Persons,Relationship in household,Family member,1751.305,3.1,750.0,5.8,1600.0,2.7,648.617,10.2,1464.741,2.7,,Family member
2021,Median weekly earnings,ACT,Persons,Relationship in household,"   Husband, wife or partner",1876.865,2.6,922.906,6.9,1695.105,2.6,1100.0,20.1,1636.0,2.4,"Husband, wife or partner",Family member
2021,Median weekly earnings,ACT,Persons,Relationship in household,      With dependants,2030.959,2.9,990.299,7.1,1842.745,4.1,2072.797,23.7,1845.659,3.8,With dependants,Family member
2021,Median weekly earnings,ACT,Persons,Relationship in household,      Without dependants,1627.417,5.8,821.997,17.6,1553.458,5.3,940.112,23.5,1461.167,6.3,Without dependants,Family member
2021,Median weekly earnings,ACT,Persons,Relationship in household,   Lone parent,1993.02,9.6,885.104,28.6,1910.72,10.6,1154.487,0.1,1847.458,11.6,Lone parent,Family member
2021,Median weekly earnings,ACT,Persons,Relationship in household,   Dependent student,890.966,0.1,208.851,17.9,676.602,45.0,194.202,20.7,250.0,16.6,Dependent student,Family member
2021,Median weekly earnings,ACT,Persons,Relationship in household,   Non-dependent child,1165.51,10.0,757.995,20.1,1152.348,12.4,824.433,17.7,1042.296,7.2,Non-dependent child,Family member
2021,Median weekly earnings,ACT,Persons,Relationship in household,   Other related individual,1049.393,29.5,523.296,100.8,1419.403,44.6,524.191,44.2,918.221,11.2,Other related individual,Family member
2021,Median weekly earnings,ACT,Persons,Relationship in household,Non-family member,1670.501,5.2,664.162,13.7,1673.412,5.5,1078.277,14.6,1563.426,5.8,,Non-family member
2021,Median weekly earnings,ACT,Persons,Relationship in household,   Lone person,1881.445,5.3,929.973,28.7,1867.998,4.3,1466.648,23.0,1800.979,5.0,Lone person,Non-family member
2021,Median weekly earnings,ACT,Persons,Relationship in household,   Not living alone,1268.888,9.1,534.059,24.6,1299.06,12.3,649.367,22.4,1093.79,11.8,Not living alone,Non-family member
2021,Median weekly earnings,ACT,Persons,Relationship in household,Relationship not determined,0.0,0.0,0.0,0.0,1662.037,22.6,0.0,0.0,1662.037,22.6,,Relationship not determined
2021,Median weekly earnings,ACT,Males,Relationship in household,Family member,1900.0,3.5,649.827,18.0,1760.186,3.9,843.805,15.2,1634.979,3.6,,Family member
2021,Median weekly earnings,ACT,Males,Relationship in household,"   Husband, wife or partner",1999.393,3.0,941.46,23.7,1903.968,4.1,1609.406,29.9,1900.0,3.8,"Husband, wife or partner",Family member
2021,Median weekly earnings,ACT,Males,Relationship in household,      With dependants,2200.0,3.9,941.028,41.0,2071.0,4.6,2369.058,27.7,2100.871,4.4,With dependants,Family member
2021,Median weekly earnings,ACT,Males,Relationship in household,      Without dependants,1666.367,5.7,956.777,24.5,1617.925,7.1,1145.505,76.1,1602.346,6.5,Without dependants,Family member
2021,Median weekly earnings,ACT,Males,Relationship in household,   Lone parent,2802.346,0.1,0.0,0.0,2240.322,0.1,0.0,0.0,2802.346,0.1,Lone parent,Family member
2021,Median weekly earnings,ACT,Males,Relationship in household,   Dependent student,654.598,0.1,124.965,51.7,255.778,0.1,125.085,78.1,138.37,72.6,Dependent student,Family member
2021,Median weekly earnings,ACT,Males,Relationship in household,   Non-dependent child,1062.773,15.1,900.0,13.7,1053.926,15.5,905.639,15.7,914.9,8.8,Non-dependent child,Family member
2021,Median weekly earnings,ACT,Males,Relationship in household,   Other related individual,2240.61,0.1,437.704,0.1,2057.387,0.1,385.372,0.1,525.422,0.1,Other related individual,Family member
2021,Median weekly earnings,ACT,Males,Relationship in household,Non-family member,1671.872,5.6,466.434,40.4,1683.543,6.1,964.942,29.2,1574.947,8.5,,Non-family member
2021,Median weekly earnings,ACT,Males,Relationship in household,   Lone person,1854.623,7.0,1056.861,0.1,1907.6,5.7,1492.064,33.2,1798.641,7.3,Lone person,Non-family member
2021,Median weekly earnings,ACT,Males,Relationship in household,   Not living alone,1301.871,11.7,458.249,18.9,1322.185,17.5,462.014,151.0,975.468,28.9,Not living alone,Non-family member
2021,Median weekly earnings,ACT,Males,Relationship in household,Relationship not determined,0.0,0.0,0.0,0.0,1662.037,22.6,0.0,0.0,1662.037,22.6,,Relationship not determined
2021,Median weekly earnings,ACT,Females,Relationship in household,Family member,1600.0,3.7,763.21,7.8,1439.826,3.0,545.918,16.7,1300.0,3.3,,Family member
2021,Median weekly earnings,ACT,Females,Relationship in household,"   Husband, wife or partner",1722.851,4.1,900.0,8.3,1449.986,2.7,800.0,25.5,1406.475,3.7,"Husband, wife or partner",Family member
2021,Median weekly earnings,ACT,Females,Relationship in household,      With dependants,1919.971,5.3,999.302,7.9,1457.269,5.9,839.799,58.0,1452.425,6.4,With dependants,Family member
2021,Median weekly earnings,ACT,Females,Relationship in household,      Without dependants,1560.332,7.3,750.0,26.4,1418.131,7.3,585.929,41.6,1399.862,5.9,Without dependants,Family member
2021,Median weekly earnings,ACT,Females,Relationship in household,   Lone parent,1919.207,11.5,885.104,31.0,1760.526,12.8,868.129,0.1,1711.785,11.5,Lone parent,Family member
2021,Median weekly earnings,ACT,Females,Relationship in household,   Dependent student,1318.505,0.1,250.0,23.8,1001.986,0.1,245.015,25.6,255.504,30.2,Dependent student,Family member
2021,Median weekly earnings,ACT,Females,Relationship in household,   Non-dependent child,1336.125,7.9,328.594,56.4,1321.197,11.7,556.304,15.2,1155.967,14.0,Non-dependent child,Family member
2021,Median weekly earnings,ACT,Females,Relationship in household,   Other related individual,945.672,31.2,833.619,90.8,1247.855,35.2,640.928,0.1,939.946,14.9,Other related individual,Family member
2021,Median weekly earnings,ACT,Females,Relationship in household,Non-family member,1622.946,7.6,785.301,98.1,1602.299,8.4,1153.63,17.4,1529.096,9.3,,Non-family member
2021,Median weekly earnings,ACT,Females,Relationship in household,   Lone person,1900.458,6.5,780.954,0.1,1863.168,6.5,1376.458,23.8,1834.956,6.4,Lone person,Non-family member
2021,Median weekly earnings,ACT,Females,Relationship in household,   Not living alone,1252.944,18.4,779.234,0.1,1263.335,21.5,848.6,20.0,1152.328,9.3,Not living alone,Non-family member
2022,Median weekly earnings,Australia,Persons,Relationship in household,Family member,1520.083,0.6,607.0,1.3,1404.347,0.5,600.0,1.5,1230.0,1.0,,Family member
2022,Median weekly earnings,Australia,Persons,Relationship in household,"   Husband, wife or partner",1643.334,1.0,750.0,0.9,1500.0,0.4,803.703,1.6,1400.0,0.5,"Husband, wife or partner",Family member
2022,Median weekly earnings,Australia,Persons,Relationship in household,      With dependants,1750.0,0.9,782.074,1.6,1572.0,1.0,800.0,2.8,1499.0,0.9,With dependants,Family member
2022,Median weekly earnings,Australia,Persons,Relationship in household,      Without dependants,1534.0,1.3,732.039,1.7,1442.0,1.2,849.339,2.4,1342.0,1.0,Without dependants,Family member
2022,Median weekly earnings,Australia,Persons,Relationship in household,   Lone parent,1500.0,2.2,689.982,3.1,1330.0,2.9,663.186,5.7,1184.828,2.0,Lone parent,Family member
2022,Median weekly earnings,Australia,Persons,Relationship in household,   Dependent student,950.0,8.4,210.0,3.6,481.363,6.4,200.0,5.1,225.0,5.0,Dependent student,Family member
2022,Median weekly earnings,Australia,Persons,Relationship in household,   Non-dependent child,1106.646,1.3,592.421,2.9,1075.0,1.6,721.141,2.2,984.53,1.5,Non-dependent child,Family member
2022,Median weekly earnings,Australia,Persons,Relationship in household,   Other related individual,1201.7,2.2,500.0,8.1,1200.0,2.6,693.411,14.0,1034.736,2.5,Other related individual,Family member
2022,Median weekly earnings,Australia,Persons,Relationship in household,Non-family member,1500.0,0.7,690.0,4.0,1450.0,1.3,800.0,3.5,1300.028,1.4,,Non-family member
2022,Median weekly earnings,Australia,Persons,Relationship in household,   Lone person,1600.0,1.3,733.0,4.4,1500.0,1.0,845.265,6.3,1438.0,1.3,Lone person,Non-family member
2022,Median weekly earnings,Australia,Persons,Relationship in household,   Not living alone,1275.139,2.5,600.0,6.1,1265.0,3.0,781.476,4.1,1116.0,2.4,Not living alone,Non-family member
2022,Median weekly earnings,Australia,Persons,Relationship in household,Relationship not determined,1265.249,12.1,742.956,11.8,1132.464,13.8,767.058,19.1,1000.0,12.0,,Relationship not determined
2022,Median weekly earnings,Australia,Males,Relationship in household,Family member,1614.772,0.8,501.377,3.0,1600.0,0.8,750.0,3.4,1438.0,0.9,,Family member
2022,Median weekly earnings,Australia,Males,Relationship in household,"   Husband, wife or partner",1777.0,0.9,784.977,3.1,1750.0,1.0,1018.372,2.3,1681.932,1.1,"Husband, wife or partner",Family member
2022,Median weekly earnings,Australia,Males,Relationship in household,      With dependants,1904.793,1.7,805.0,5.5,1900.0,1.5,1101.125,3.1,1815.358,1.5,With dependants,Family member
2022,Median weekly earnings,Australia,Males,Relationship in household,      Without dependants,1625.648,1.9,755.3,4.7,1600.0,1.5,980.0,2.6,1500.0,1.0,Without dependants,Family member
2022,Median weekly earnings,Australia,Males,Relationship in household,   Lone parent,1683.804,7.1,849.049,18.6,1649.778,6.2,1150.67,14.9,1611.266,5.0,Lone parent,Family member
2022,Median weekly earnings,Australia,Males,Relationship in household,   Dependent student,978.092,11.7,218.464,4.9,450.0,5.7,200.0,5.4,231.472,6.6,Dependent student,Family member
2022,Median weekly earnings,Australia,Males,Relationship in household,   Non-dependent child,1098.233,2.0,600.0,6.2,1050.0,2.1,784.822,4.2,1000.0,0.5,Non-dependent child,Family member
2022,Median weekly earnings,Australia,Males,Relationship in household,   Other related individual,1200.0,2.9,468.545,10.0,1200.0,4.1,883.136,11.5,1100.0,3.9,Other related individual,Family member
2022,Median weekly earnings,Australia,Males,Relationship in household,Non-family member,1500.0,1.2,664.428,6.0,1500.0,1.4,896.523,3.9,1333.842,1.6,,Non-family member
2022,Median weekly earnings,Australia,Males,Relationship in household,   Lone person,1630.073,2.0,700.0,7.4,1600.0,2.0,928.55,5.5,1500.0,1.6,Lone person,Non-family member
2022,Median weekly earnings,Australia,Males,Relationship in household,   Not living alone,1251.378,2.9,600.0,8.1,1300.0,2.9,823.321,4.9,1150.0,2.2,Not living alone,Non-family member
2022,Median weekly earnings,Australia,Males,Relationship in household,Relationship not determined,1282.141,11.8,919.306,0.1,1338.209,12.0,1147.856,0.1,1269.791,9.9,,Relationship not determined
2022,Median weekly earnings,Australia,Females,Relationship in household,Family member,1401.571,0.8,650.0,1.6,1230.0,1.0,523.0,3.3,1050.0,1.1,,Family member
2022,Median weekly earnings,Australia,Females,Relationship in household,"   Husband, wife or partner",1500.0,0.7,750.0,1.0,1250.0,1.1,686.325,3.2,1150.0,1.1,"Husband, wife or partner",Family member
2022,Median weekly earnings,Australia,Females,Relationship in household,      With dependants,1500.0,1.1,776.0,1.7,1250.0,0.9,630.155,3.9,1150.0,0.9,With dependants,Family member
2022,Median weekly earnings,Australia,Females,Relationship in household,      Without dependants,1450.0,1.8,720.0,1.9,1269.162,1.6,748.838,2.4,1157.732,1.2,Without dependants,Family member
2022,Median weekly earnings,Australia,Females,Relationship in household,   Lone parent,1482.796,2.9,687.0,2.9,1218.194,2.9,630.276,5.9,1100.0,2.3,Lone parent,Family member
2022,Median weekly earnings,Australia,Females,Relationship in household,   Dependent student,839.663,13.8,209.168,6.5,531.196,5.5,200.0,6.3,225.0,5.7,Dependent student,Family member
2022,Median weekly earnings,Australia,Females,Relationship in household,   Non-dependent child,1150.0,2.0,588.504,2.8,1098.931,3.1,650.0,3.9,944.035,2.4,Non-dependent child,Family member
2022,Median weekly earnings,Australia,Females,Relationship in household,   Other related individual,1239.823,3.8,547.574,9.3,1170.531,4.5,600.0,16.1,986.001,5.4,Other related individual,Family member
2022,Median weekly earnings,Australia,Females,Relationship in household,Non-family member,1500.0,1.3,700.0,4.6,1412.064,1.3,702.897,6.4,1279.969,1.8,,Non-family member
2022,Median weekly earnings,Australia,Females,Relationship in household,   Lone person,1584.087,2.0,750.0,5.3,1475.134,1.1,719.762,8.9,1400.0,1.6,Lone person,Non-family member
2022,Median weekly earnings,Australia,Females,Relationship in household,   Not living alone,1300.0,3.0,614.046,7.2,1250.0,4.1,700.0,7.9,1099.025,3.8,Not living alone,Non-family member
2022,Median weekly earnings,Australia,Females,Relationship in household,Relationship not determined,946.046,21.4,706.051,12.6,845.955,13.2,512.653,26.5,812.439,12.2,,Relationship not determined
2022,Median weekly earnings,NSW,Persons,Relationship in household,Family member,1500.0,1.0,611.0,1.7,1414.171,0.9,600.0,3.6,1225.209,1.0,,Family member
2022,Median weekly earnings,NSW,Persons,Relationship in household,"   Husband, wife or partner",1670.596,1.6,757.857,2.1,1534.0,1.6,800.0,3.0,1414.201,1.9,"Husband, wife or partner",Family member
2022,Median weekly earnings,NSW,Persons,Relationship in household,      With dependants,1789.933,1.8,800.0,4.1,1622.122,2.1,750.0,4.4,1500.0,2.4,With dependants,Family member
2022,Median weekly earnings,NSW,Persons,Relationship in household,      Without dependants,1523.777,2.2,713.037,3.5,1440.0,1.8,809.237,1.8,1300.0,2.9,Without dependants,Family member
2022,Median weekly earnings,NSW,Persons,Relationship in household,   Lone parent,1548.7,3.8,696.325,3.6,1322.005,6.5,762.899,10.6,1159.678,6.1,Lone parent,Family member
2022,Median weekly earnings,NSW,Persons,Relationship in household,   Dependent student,955.056,16.0,240.0,8.5,547.601,11.2,200.0,8.9,261.366,8.1,Dependent student,Family member
2022,Median weekly earnings,NSW,Persons,Relationship in household,   Non-dependent child,1104.302,2.5,574.072,4.5,1085.052,3.1,750.0,6.9,1000.0,1.4,Non-dependent child,Family member
2022,Median weekly earnings,NSW,Persons,Relationship in household,   Other related individual,1118.079,4.2,470.874,11.6,1157.97,3.5,541.282,21.6,1000.0,4.9,Other related individual,Family member
2022,Median weekly earnings,NSW,Persons,Relationship in household,Non-family member,1500.0,2.3,673.211,5.7,1495.0,2.0,747.709,7.9,1309.679,2.9,,Non-family member
2022,Median weekly earnings,NSW,Persons,Relationship in household,   Lone person,1600.0,3.8,750.0,7.7,1500.0,3.0,777.158,9.2,1406.144,2.5,Lone person,Non-family member
2022,Median weekly earnings,NSW,Persons,Relationship in household,   Not living alone,1358.779,4.7,594.251,9.3,1380.0,5.2,700.0,10.1,1150.0,3.5,Not living alone,Non-family member
2022,Median weekly earnings,NSW,Persons,Relationship in household,Relationship not determined,948.245,0.1,800.998,8.6,901.855,0.1,526.571,1.2,866.274,0.1,,Relationship not determined
2022,Median weekly earnings,NSW,Males,Relationship in household,Family member,1600.0,1.7,540.0,4.1,1600.0,1.9,750.0,6.2,1418.0,1.5,,Family member
2022,Median weekly earnings,NSW,Males,Relationship in household,"   Husband, wife or partner",1797.807,2.5,723.603,8.0,1800.0,2.5,926.434,4.1,1687.981,2.3,"Husband, wife or partner",Family member
2022,Median weekly earnings,NSW,Males,Relationship in household,      With dependants,1917.0,2.2,604.92,15.6,1920.809,1.9,1000.0,9.2,1851.763,2.4,With dependants,Family member
2022,Median weekly earnings,NSW,Males,Relationship in household,      Without dependants,1615.0,3.2,800.1,6.9,1610.0,3.1,900.0,4.9,1495.389,2.2,Without dependants,Family member
2022,Median weekly earnings,NSW,Males,Relationship in household,   Lone parent,1751.005,15.2,663.979,30.4,1656.826,16.2,1135.46,0.1,1632.766,15.1,Lone parent,Family member
2022,Median weekly earnings,NSW,Males,Relationship in household,   Dependent student,976.969,0.1,279.962,9.5,463.264,10.7,225.508,11.2,298.521,8.1,Dependent student,Family member
2022,Median weekly earnings,NSW,Males,Relationship in household,   Non-dependent child,1053.409,3.6,576.865,5.5,1025.484,3.7,800.0,10.0,1000.0,1.7,Non-dependent child,Family member
2022,Median weekly earnings,NSW,Males,Relationship in household,   Other related individual,1111.037,8.7,450.0,23.1,1132.862,6.9,603.545,26.2,1000.0,6.6,Other related individual,Family member
2022,Median weekly earnings,NSW,Males,Relationship in household,Non-family member,1534.0,3.3,672.138,10.5,1534.0,3.1,860.223,8.3,1342.0,4.9,,Non-family member
2022,Median weekly earnings,NSW,Males,Relationship in household,   Lone person,1704.056,4.4,806.692,8.5,1617.678,4.0,865.616,8.4,1483.613,4.5,Lone person,Non-family member
2022,Median weekly earnings,NSW,Males,Relationship in household,   Not living alone,1300.0,5.9,550.0,13.3,1380.0,5.9,847.336,12.8,1150.169,5.5,Not living alone,Non-family member
2022,Median weekly earnings,NSW,Males,Relationship in household,Relationship not determined,1107.031,0.1,0.0,0.0,999.88,0.1,0.0,0.0,999.88,0.1,,Relationship not determined
2022,Median weekly earnings,NSW,Females,Relationship in household,Family member,1400.0,2.3,656.635,2.2,1235.276,1.0,515.06,6.2,1054.0,1.7,,Family member
2022,Median weekly earnings,NSW,Females,Relationship in household,"   Husband, wife or partner",1500.0,2.8,761.139,1.8,1250.0,1.7,670.347,5.5,1150.0,2.2,"Husband, wife or partner",Family member
2022,Median weekly earnings,NSW,Females,Relationship in household,      With dependants,1600.0,2.7,808.765,4.6,1300.0,1.9,627.048,6.9,1160.923,3.2,With dependants,Family member
2022,Median weekly earnings,NSW,Females,Relationship in household,      Without dependants,1400.0,3.3,699.631,3.8,1217.24,3.0,697.622,5.0,1122.788,3.0,Without dependants,Family member
2022,Median weekly earnings,NSW,Females,Relationship in household,   Lone parent,1504.026,3.1,697.461,3.5,1300.0,7.1,717.157,13.7,1133.037,6.6,Lone parent,Family member
2022,Median weekly earnings,NSW,Females,Relationship in household,   Dependent student,920.467,18.7,211.002,8.5,588.626,22.8,200.0,11.2,250.0,8.2,Dependent student,Family member
2022,Median weekly earnings,NSW,Females,Relationship in household,   Non-dependent child,1200.0,2.7,557.678,7.5,1150.0,3.6,692.074,9.2,1007.273,4.4,Non-dependent child,Family member
2022,Median weekly earnings,NSW,Females,Relationship in household,   Other related individual,1157.425,6.8,493.026,28.4,1168.286,6.1,491.26,32.2,984.561,8.4,Other related individual,Family member
2022,Median weekly earnings,NSW,Females,Relationship in household,Non-family member,1500.0,3.1,683.385,7.3,1437.807,2.3,678.104,11.2,1281.59,4.3,,Non-family member
2022,Median weekly earnings,NSW,Females,Relationship in household,   Lone person,1550.0,4.8,735.992,8.7,1451.592,3.1,671.012,22.9,1398.488,5.1,Lone person,Non-family member
2022,Median weekly earnings,NSW,Females,Relationship in household,   Not living alone,1390.15,5.7,635.944,11.6,1371.911,6.3,680.948,10.3,1110.695,9.8,Not living alone,Non-family member
2022,Median weekly earnings,NSW,Females,Relationship in household,Relationship not determined,807.005,0.1,754.923,15.2,832.138,13.1,526.571,1.2,750.0,11.8,,Relationship not determined
2022,Median weekly earnings,VIC,Persons,Relationship in household,Family member,1550.0,1.0,600.0,2.1,1425.0,0.9,575.0,3.4,1248.657,0.5,,Family member
2022,Median weekly earnings,VIC,Persons,Relationship in household,"   Husband, wife or partner",1652.086,1.5,750.0,2.5,1516.0,0.9,799.174,5.2,1442.0,1.3,"Husband, wife or partner",Family member
2022,Median weekly earnings,VIC,Persons,Relationship in household,      With dependants,1749.377,2.1,769.026,3.8,1552.054,1.8,749.481,8.9,1495.0,1.4,With dependants,Family member
2022,Median weekly earnings,VIC,Persons,Relationship in household,      Without dependants,1570.234,2.1,747.727,5.5,1500.0,1.6,850.0,5.8,1394.516,1.8,Without dependants,Family member
2022,Median weekly earnings,VIC,Persons,Relationship in household,   Lone parent,1500.0,5.0,800.0,8.4,1307.901,5.1,600.0,18.9,1211.102,4.1,Lone parent,Family member
2022,Median weekly earnings,VIC,Persons,Relationship in household,   Dependent student,1166.342,16.6,238.708,5.0,500.0,15.2,220.0,6.6,250.0,7.6,Dependent student,Family member
2022,Median weekly earnings,VIC,Persons,Relationship in household,   Non-dependent child,1150.0,2.2,600.0,7.6,1092.45,2.7,671.002,8.3,1000.0,2.7,Non-dependent child,Family member
2022,Median weekly earnings,VIC,Persons,Relationship in household,   Other related individual,1182.339,6.4,600.0,18.9,1122.765,9.3,662.075,22.8,1000.0,8.2,Other related individual,Family member
2022,Median weekly earnings,VIC,Persons,Relationship in household,Non-family member,1479.031,1.9,700.12,5.6,1450.0,2.5,769.26,5.2,1300.0,2.3,,Non-family member
2022,Median weekly earnings,VIC,Persons,Relationship in household,   Lone person,1572.0,2.6,738.809,7.1,1500.0,2.2,729.641,6.6,1401.553,2.7,Lone person,Non-family member
2022,Median weekly earnings,VIC,Persons,Relationship in household,   Not living alone,1242.536,4.8,611.973,10.9,1248.739,4.8,800.0,12.2,1070.125,4.8,Not living alone,Non-family member
2022,Median weekly earnings,VIC,Persons,Relationship in household,Relationship not determined,1480.43,5.7,1014.309,0.1,1500.0,11.5,1268.411,0.1,1481.814,4.4,,Relationship not determined
2022,Median weekly earnings,VIC,Males,Relationship in household,Family member,1610.545,1.3,500.0,7.2,1596.549,1.3,666.076,5.9,1438.0,1.3,,Family member
2022,Median weekly earnings,VIC,Males,Relationship in household,"   Husband, wife or partner",1750.0,1.7,800.0,7.9,1730.319,1.5,1050.825,7.3,1667.026,1.6,"Husband, wife or partner",Family member
2022,Median weekly earnings,VIC,Males,Relationship in household,      With dependants,1880.008,2.7,802.424,10.2,1852.688,2.4,1117.72,8.2,1800.0,2.3,With dependants,Family member
2022,Median weekly earnings,VIC,Males,Relationship in household,      Without dependants,1626.136,2.8,800.0,11.8,1600.0,2.9,995.985,7.3,1500.0,2.5,Without dependants,Family member
2022,Median weekly earnings,VIC,Males,Relationship in household,   Lone parent,1589.205,11.4,889.33,0.1,1574.087,11.8,888.025,0.1,1549.001,9.7,Lone parent,Family member
2022,Median weekly earnings,VIC,Males,Relationship in household,   Dependent student,1211.721,42.4,220.0,10.8,470.541,39.7,220.0,15.6,240.373,12.6,Dependent student,Family member
2022,Median weekly earnings,VIC,Males,Relationship in household,   Non-dependent child,1197.173,3.3,600.0,14.8,1100.0,3.9,803.625,9.5,1031.0,2.6,Non-dependent child,Family member
2022,Median weekly earnings,VIC,Males,Relationship in household,   Other related individual,1172.906,4.8,521.574,28.4,1098.527,7.0,687.755,34.9,1056.217,7.9,Other related individual,Family member
2022,Median weekly earnings,VIC,Males,Relationship in household,Non-family member,1438.0,3.5,621.114,10.7,1466.599,4.0,800.0,8.8,1273.313,3.6,,Non-family member
2022,Median weekly earnings,VIC,Males,Relationship in household,   Lone person,1534.301,3.9,650.0,17.5,1514.48,4.0,715.531,20.8,1417.224,3.3,Lone person,Non-family member
2022,Median weekly earnings,VIC,Males,Relationship in household,   Not living alone,1209.135,7.5,594.831,14.8,1250.0,7.0,829.158,14.2,1094.491,5.3,Not living alone,Non-family member
2022,Median weekly earnings,VIC,Males,Relationship in household,Relationship not determined,1465.572,17.2,0.0,0.0,1498.599,14.8,1271.728,0.1,1465.572,17.2,,Relationship not determined
2022,Median weekly earnings,VIC,Females,Relationship in household,Family member,1476.162,1.5,650.0,3.7,1246.0,1.6,524.455,8.6,1076.874,2.3,,Family member
2022,Median weekly earnings,VIC,Females,Relationship in household,"   Husband, wife or partner",1516.505,1.3,750.0,3.1,1300.0,2.2,646.105,7.9,1200.0,2.1,"Husband, wife or partner",Family member
2022,Median weekly earnings,VIC,Females,Relationship in household,      With dependants,1533.73,2.1,758.493,3.9,1250.022,3.3,600.0,7.9,1154.308,3.3,With dependants,Family member
2022,Median weekly earnings,VIC,Females,Relationship in household,      Without dependants,1515.547,2.1,726.17,6.0,1332.417,3.8,739.76,9.5,1232.898,2.4,Without dependants,Family member
2022,Median weekly earnings,VIC,Females,Relationship in household,   Lone parent,1493.094,6.7,788.831,8.5,1218.649,7.4,600.0,23.3,1111.853,5.2,Lone parent,Family member
2022,Median weekly earnings,VIC,Females,Relationship in household,   Dependent student,729.586,60.4,255.0,9.2,500.0,11.9,226.085,8.9,267.122,8.9,Dependent student,Family member
2022,Median weekly earnings,VIC,Females,Relationship in household,   Non-dependent child,1127.718,2.4,600.0,6.3,1076.15,4.3,600.0,8.7,951.9,5.2,Non-dependent child,Family member
2022,Median weekly earnings,VIC,Females,Relationship in household,   Other related individual,1259.934,10.8,608.315,19.1,1212.781,13.2,640.611,28.7,928.262,14.9,Other related individual,Family member
2022,Median weekly earnings,VIC,Females,Relationship in household,Non-family member,1500.0,3.0,750.0,8.5,1450.0,2.5,720.274,11.2,1324.679,2.9,,Non-family member
2022,Median weekly earnings,VIC,Females,Relationship in household,   Lone person,1599.575,4.5,800.0,10.9,1477.62,2.4,747.069,11.3,1402.931,2.7,Lone person,Non-family member
2022,Median weekly earnings,VIC,Females,Relationship in household,   Not living alone,1249.165,7.3,646.083,14.1,1224.04,8.2,718.36,21.4,1061.448,7.3,Not living alone,Non-family member
2022,Median weekly earnings,VIC,Females,Relationship in household,Relationship not determined,1402.364,0.1,1014.309,0.1,1500.0,0.1,0.0,0.0,1446.412,0.1,,Relationship not determined
2022,Median weekly earnings,QLD,Persons,Relationship in household,Family member,1500.0,1.4,609.0,2.5,1400.0,1.2,650.0,6.9,1200.0,2.0,,Family member
2022,Median weekly earnings,QLD,Persons,Relationship in household,"   Husband, wife or partner",1600.0,2.1,752.879,2.7,1500.0,1.6,850.0,3.8,1382.889,1.8,"Husband, wife or partner",Family member
2022,Median weekly earnings,QLD,Persons,Relationship in household,      With dependants,1681.427,3.0,797.78,3.8,1525.431,2.3,892.458,5.2,1442.779,2.3,With dependants,Family member
2022,Median weekly earnings,QLD,Persons,Relationship in household,      Without dependants,1519.174,2.6,722.78,4.5,1425.0,2.3,800.0,6.6,1321.428,2.9,Without dependants,Family member
2022,Median weekly earnings,QLD,Persons,Relationship in household,   Lone parent,1500.0,6.9,650.0,8.6,1212.687,9.0,779.255,16.3,1135.153,6.7,Lone parent,Family member
2022,Median weekly earnings,QLD,Persons,Relationship in household,   Dependent student,779.051,54.7,180.337,9.0,400.0,21.0,180.711,11.1,200.0,8.4,Dependent student,Family member
2022,Median weekly earnings,QLD,Persons,Relationship in household,   Non-dependent child,1050.0,2.8,600.0,9.1,1033.834,4.7,750.0,5.3,900.0,4.0,Non-dependent child,Family member
2022,Median weekly earnings,QLD,Persons,Relationship in household,   Other related individual,1258.315,4.6,451.527,23.9,1218.889,5.4,947.155,18.5,1155.224,5.0,Other related individual,Family member
2022,Median weekly earnings,QLD,Persons,Relationship in household,Non-family member,1500.0,3.4,651.239,7.1,1438.0,2.7,800.55,10.7,1315.15,4.4,,Non-family member
2022,Median weekly earnings,QLD,Persons,Relationship in household,   Lone person,1640.155,3.4,674.203,9.1,1605.194,4.9,996.833,12.6,1500.0,3.6,Lone person,Non-family member
2022,Median weekly earnings,QLD,Persons,Relationship in household,   Not living alone,1279.501,4.0,650.0,12.1,1250.0,5.1,793.613,9.4,1150.0,5.0,Not living alone,Non-family member
2022,Median weekly earnings,QLD,Persons,Relationship in household,Relationship not determined,1095.883,1.3,0.0,0.0,0.0,0.0,0.0,0.0,1095.883,1.3,,Relationship not determined
2022,Median weekly earnings,QLD,Males,Relationship in household,Family member,1600.0,3.2,500.0,7.7,1600.0,3.2,800.0,6.3,1399.0,3.0,,Family member
2022,Median weekly earnings,QLD,Males,Relationship in household,"   Husband, wife or partner",1726.0,2.6,750.142,8.0,1726.0,3.0,1004.55,2.9,1600.0,3.2,"Husband, wife or partner",Family member
2022,Median weekly earnings,QLD,Males,Relationship in household,      With dependants,1768.483,3.4,817.0,7.4,1800.0,3.2,1080.465,6.7,1723.115,3.4,With dependants,Family member
2022,Median weekly earnings,QLD,Males,Relationship in household,      Without dependants,1600.0,4.0,700.0,12.4,1599.4,3.7,991.707,11.3,1485.962,3.6,Without dependants,Family member
2022,Median weekly earnings,QLD,Males,Relationship in household,   Lone parent,1713.755,12.5,867.794,0.1,1759.884,9.6,1204.827,0.1,1682.943,10.9,Lone parent,Family member
2022,Median weekly earnings,QLD,Males,Relationship in household,   Dependent student,702.833,0.1,180.777,9.5,400.0,22.7,172.441,9.3,189.692,8.7,Dependent student,Family member
2022,Median weekly earnings,QLD,Males,Relationship in household,   Non-dependent child,1035.0,4.1,660.0,11.0,1010.676,6.4,800.0,8.1,931.0,3.8,Non-dependent child,Family member
2022,Median weekly earnings,QLD,Males,Relationship in household,   Other related individual,1257.594,10.6,248.26,0.1,1350.0,11.8,1029.524,15.8,1217.652,9.4,Other related individual,Family member
2022,Median weekly earnings,QLD,Males,Relationship in household,Non-family member,1500.0,4.0,764.038,16.8,1500.0,4.2,958.634,6.8,1400.0,4.6,,Non-family member
2022,Median weekly earnings,QLD,Males,Relationship in household,   Lone person,1750.0,9.5,799.567,19.2,1723.375,9.3,1131.523,11.5,1556.784,8.0,Lone person,Non-family member
2022,Median weekly earnings,QLD,Males,Relationship in household,   Not living alone,1250.0,5.3,769.037,25.7,1310.255,5.8,803.855,9.1,1200.0,5.7,Not living alone,Non-family member
2022,Median weekly earnings,QLD,Females,Relationship in household,Family member,1400.0,1.6,649.101,3.9,1248.0,2.0,562.334,9.1,1053.688,2.4,,Family member
2022,Median weekly earnings,QLD,Females,Relationship in household,"   Husband, wife or partner",1459.457,1.7,757.613,2.8,1296.722,2.4,750.0,5.3,1152.47,2.5,"Husband, wife or partner",Family member
2022,Median weekly earnings,QLD,Females,Relationship in household,      With dependants,1482.322,2.8,780.0,4.1,1250.0,4.6,755.2,7.4,1150.0,3.4,With dependants,Family member
2022,Median weekly earnings,QLD,Females,Relationship in household,      Without dependants,1441.049,3.3,724.921,4.9,1320.959,3.5,750.0,7.6,1200.0,3.2,Without dependants,Family member
2022,Median weekly earnings,QLD,Females,Relationship in household,   Lone parent,1388.273,9.1,635.191,8.1,1116.617,7.6,748.14,17.4,1071.5,4.1,Lone parent,Family member
2022,Median weekly earnings,QLD,Females,Relationship in household,   Dependent student,784.791,0.1,180.483,17.1,401.865,78.6,199.457,18.0,200.0,17.3,Dependent student,Family member
2022,Median weekly earnings,QLD,Females,Relationship in household,   Non-dependent child,1082.598,6.0,591.066,7.3,1085.746,9.4,630.959,8.0,812.519,6.0,Non-dependent child,Family member
2022,Median weekly earnings,QLD,Females,Relationship in household,   Other related individual,1265.128,6.0,475.75,22.4,1167.368,7.3,731.896,30.7,1084.043,6.6,Other related individual,Family member
2022,Median weekly earnings,QLD,Females,Relationship in household,Non-family member,1500.0,3.8,600.0,10.6,1400.0,4.2,644.496,21.1,1269.0,5.0,,Non-family member
2022,Median weekly earnings,QLD,Females,Relationship in household,   Lone person,1613.758,3.7,599.136,9.6,1500.0,5.3,672.461,31.1,1403.019,6.7,Lone person,Non-family member
2022,Median weekly earnings,QLD,Females,Relationship in household,   Not living alone,1354.748,5.1,600.0,16.5,1160.982,8.8,610.142,27.8,1125.449,7.5,Not living alone,Non-family member
2022,Median weekly earnings,SA,Persons,Relationship in household,Family member,1400.0,1.7,600.0,2.9,1263.0,1.2,580.143,6.4,1107.928,1.7,,Family member
2022,Median weekly earnings,SA,Persons,Relationship in household,"   Husband, wife or partner",1482.263,1.7,750.0,2.8,1342.0,2.0,850.0,7.5,1249.655,1.7,"Husband, wife or partner",Family member
2022,Median weekly earnings,SA,Persons,Relationship in household,      With dependants,1579.098,4.4,785.0,3.4,1400.0,3.2,790.168,11.7,1260.644,2.9,With dependants,Family member
2022,Median weekly earnings,SA,Persons,Relationship in household,      Without dependants,1400.0,2.4,720.0,4.7,1300.0,2.6,860.757,9.2,1216.0,2.3,Without dependants,Family member
2022,Median weekly earnings,SA,Persons,Relationship in household,   Lone parent,1408.853,6.2,599.84,15.2,1314.237,7.2,486.663,27.8,1120.978,5.4,Lone parent,Family member
2022,Median weekly earnings,SA,Persons,Relationship in household,   Dependent student,803.021,41.7,189.752,10.2,504.747,26.1,175.034,12.5,200.0,9.2,Dependent student,Family member
2022,Median weekly earnings,SA,Persons,Relationship in household,   Non-dependent child,1088.614,4.7,533.854,5.3,995.77,5.3,704.957,7.1,900.0,4.7,Non-dependent child,Family member
2022,Median weekly earnings,SA,Persons,Relationship in household,   Other related individual,1193.409,3.8,438.871,18.4,1229.248,9.5,646.601,26.2,946.788,7.7,Other related individual,Family member
2022,Median weekly earnings,SA,Persons,Relationship in household,Non-family member,1356.621,3.3,721.147,7.8,1295.797,3.8,749.262,12.6,1166.681,3.3,,Non-family member
2022,Median weekly earnings,SA,Persons,Relationship in household,   Lone person,1481.491,3.7,820.777,6.0,1350.0,3.5,845.332,9.2,1267.277,3.0,Lone person,Non-family member
2022,Median weekly earnings,SA,Persons,Relationship in household,   Not living alone,1115.35,4.8,536.596,16.9,1071.245,4.4,696.435,21.7,1000.0,6.0,Not living alone,Non-family member
2022,Median weekly earnings,SA,Persons,Relationship in household,Relationship not determined,0.0,0.0,321.159,0.1,0.0,0.0,321.159,0.1,321.159,0.1,,Relationship not determined
2022,Median weekly earnings,SA,Males,Relationship in household,Family member,1439.517,1.7,500.0,6.5,1428.719,2.2,802.602,5.9,1300.0,2.0,,Family member
2022,Median weekly earnings,SA,Males,Relationship in household,"   Husband, wife or partner",1553.0,2.4,750.0,5.9,1542.0,2.3,1095.802,4.7,1471.0,2.4,"Husband, wife or partner",Family member
2022,Median weekly earnings,SA,Males,Relationship in household,      With dependants,1703.306,5.2,851.788,14.2,1717.404,4.8,1189.42,7.1,1599.518,4.7,With dependants,Family member
2022,Median weekly earnings,SA,Males,Relationship in household,      Without dependants,1439.849,2.4,697.998,11.6,1400.681,3.0,1030.0,9.0,1350.812,3.3,Without dependants,Family member
2022,Median weekly earnings,SA,Males,Relationship in household,   Lone parent,1504.013,11.6,741.602,0.1,1686.066,12.4,1015.768,0.1,1497.313,9.6,Lone parent,Family member
2022,Median weekly earnings,SA,Males,Relationship in household,   Dependent student,617.626,0.1,211.179,15.6,483.885,22.6,195.133,20.5,234.914,13.2,Dependent student,Family member
2022,Median weekly earnings,SA,Males,Relationship in household,   Non-dependent child,1043.926,7.5,521.222,10.4,1000.0,8.8,750.0,11.4,935.89,4.9,Non-dependent child,Family member
2022,Median weekly earnings,SA,Males,Relationship in household,   Other related individual,1146.802,13.1,396.536,22.2,1253.281,12.3,615.587,33.0,915.078,19.1,Other related individual,Family member
2022,Median weekly earnings,SA,Males,Relationship in household,Non-family member,1305.027,3.9,562.623,11.5,1299.646,5.0,815.33,16.0,1202.333,4.2,,Non-family member
2022,Median weekly earnings,SA,Males,Relationship in household,   Lone person,1430.39,4.6,587.458,36.0,1384.496,5.7,1072.213,21.6,1303.73,4.3,Lone person,Non-family member
2022,Median weekly earnings,SA,Males,Relationship in household,   Not living alone,1092.994,6.5,549.943,13.1,1054.978,5.9,673.905,25.2,999.451,6.2,Not living alone,Non-family member
2022,Median weekly earnings,SA,Females,Relationship in household,Family member,1300.0,2.9,650.0,3.9,1134.0,1.9,500.0,6.3,985.645,1.3,,Family member
2022,Median weekly earnings,SA,Females,Relationship in household,"   Husband, wife or partner",1366.331,3.4,750.0,3.0,1150.0,2.4,629.735,9.2,1050.0,2.4,"Husband, wife or partner",Family member
2022,Median weekly earnings,SA,Females,Relationship in household,      With dependants,1391.757,4.6,762.799,4.0,1132.341,3.0,600.0,8.1,1000.199,3.8,With dependants,Family member
2022,Median weekly earnings,SA,Females,Relationship in household,      Without dependants,1358.707,4.4,721.833,4.7,1199.251,3.3,687.363,16.0,1079.13,3.2,Without dependants,Family member
2022,Median weekly earnings,SA,Females,Relationship in household,   Lone parent,1300.0,7.8,599.974,15.8,1171.606,9.9,412.89,21.6,1045.908,4.7,Lone parent,Family member
2022,Median weekly earnings,SA,Females,Relationship in household,   Dependent student,1039.745,0.1,160.179,15.4,783.941,51.3,150.217,17.2,180.0,13.2,Dependent student,Family member
2022,Median weekly earnings,SA,Females,Relationship in household,   Non-dependent child,1112.578,5.2,550.0,10.4,920.526,8.8,666.064,12.2,805.924,8.1,Non-dependent child,Family member
2022,Median weekly earnings,SA,Females,Relationship in household,   Other related individual,1231.888,8.7,528.16,36.8,1200.0,10.3,644.797,30.1,985.673,15.5,Other related individual,Family member
2022,Median weekly earnings,SA,Females,Relationship in household,Non-family member,1436.431,5.2,800.22,7.2,1265.232,6.7,718.934,21.1,1134.756,5.4,,Non-family member
2022,Median weekly earnings,SA,Females,Relationship in household,   Lone person,1550.0,3.7,900.0,7.5,1329.38,6.7,720.853,22.3,1165.712,7.4,Lone person,Non-family member
2022,Median weekly earnings,SA,Females,Relationship in household,   Not living alone,1151.307,9.5,488.825,30.6,1110.279,10.8,716.524,32.7,989.5,10.4,Not living alone,Non-family member
2022,Median weekly earnings,SA,Females,Relationship in household,Relationship not determined,0.0,0.0,287.238,0.1,0.0,0.0,287.238,0.1,287.238,0.1,,Relationship not determined
2022,Median weekly earnings,WA,Persons,Relationship in household,Family member,1649.0,1.8,600.0,3.1,1483.832,2.4,613.875,7.0,1276.0,1.9,,Family member
2022,Median weekly earnings,WA,Persons,Relationship in household,"   Husband, wife or partner",1750.0,1.9,738.0,3.0,1572.0,2.1,880.029,7.0,1473.0,2.5,"Husband, wife or partner",Family member
2022,Median weekly earnings,WA,Persons,Relationship in household,      With dependants,1939.131,3.9,738.0,4.3,1630.0,3.3,750.0,10.7,1545.732,3.2,With dependants,Family member
2022,Median weekly earnings,WA,Persons,Relationship in household,      Without dependants,1631.194,2.4,741.519,4.7,1500.0,3.4,979.653,7.5,1400.0,2.9,Without dependants,Family member
2022,Median weekly earnings,WA,Persons,Relationship in household,   Lone parent,1534.94,10.6,630.476,5.2,1400.0,3.2,609.2,12.7,1264.879,6.1,Lone parent,Family member
2022,Median weekly earnings,WA,Persons,Relationship in household,   Dependent student,927.745,0.1,175.0,8.7,426.522,17.7,166.047,7.7,181.999,9.6,Dependent student,Family member
2022,Median weekly earnings,WA,Persons,Relationship in household,   Non-dependent child,1142.96,4.4,597.563,6.8,1100.0,4.0,657.033,8.7,960.696,4.9,Non-dependent child,Family member
2022,Median weekly earnings,WA,Persons,Relationship in household,   Other related individual,1315.816,15.1,526.257,30.2,1249.56,16.9,824.11,20.2,1110.394,11.0,Other related individual,Family member
2022,Median weekly earnings,WA,Persons,Relationship in household,Non-family member,1650.0,4.3,700.0,12.7,1549.632,4.0,1039.22,8.6,1461.885,3.0,,Non-family member
2022,Median weekly earnings,WA,Persons,Relationship in household,   Lone person,1730.727,4.7,700.0,18.4,1600.746,3.8,1240.935,17.9,1505.545,2.9,Lone person,Non-family member
2022,Median weekly earnings,WA,Persons,Relationship in household,   Not living alone,1381.389,6.5,723.745,12.6,1362.251,6.8,999.165,8.2,1217.262,5.3,Not living alone,Non-family member
2022,Median weekly earnings,WA,Persons,Relationship in household,Relationship not determined,860.962,0.1,762.378,27.2,762.378,51.1,860.962,0.1,805.188,20.7,,Relationship not determined
2022,Median weekly earnings,WA,Males,Relationship in household,Family member,1923.0,2.8,476.781,7.8,1841.0,3.3,806.005,9.6,1680.628,2.3,,Family member
2022,Median weekly earnings,WA,Males,Relationship in household,"   Husband, wife or partner",2011.0,2.4,832.281,8.4,2000.0,2.1,1600.0,11.8,1957.252,2.5,"Husband, wife or partner",Family member
2022,Median weekly earnings,WA,Males,Relationship in household,      With dependants,2185.941,4.1,1084.545,22.3,2109.0,3.6,2254.165,9.6,2109.223,3.6,With dependants,Family member
2022,Median weekly earnings,WA,Males,Relationship in household,      Without dependants,1886.558,4.1,775.443,14.8,1847.222,4.0,1211.801,15.9,1714.8,4.4,Without dependants,Family member
2022,Median weekly earnings,WA,Males,Relationship in household,   Lone parent,2301.549,23.0,1834.751,0.1,1929.062,19.5,3681.916,0.1,2283.347,18.8,Lone parent,Family member
2022,Median weekly earnings,WA,Males,Relationship in household,   Dependent student,878.363,0.1,194.406,15.3,427.685,17.5,176.963,14.8,198.669,14.9,Dependent student,Family member
2022,Median weekly earnings,WA,Males,Relationship in household,   Non-dependent child,1199.625,8.1,599.199,7.5,1131.94,8.8,694.88,19.1,1000.695,5.8,Non-dependent child,Family member
2022,Median weekly earnings,WA,Males,Relationship in household,   Other related individual,1322.168,26.7,688.55,36.0,1321.278,30.2,1147.423,16.7,1242.436,15.7,Other related individual,Family member
2022,Median weekly earnings,WA,Males,Relationship in household,Non-family member,1760.312,8.5,600.0,10.9,1703.759,7.6,1171.443,10.5,1600.0,6.0,,Non-family member
2022,Median weekly earnings,WA,Males,Relationship in household,   Lone person,1917.0,7.6,516.192,37.6,1828.372,6.6,1439.939,19.2,1731.203,6.8,Lone person,Non-family member
2022,Median weekly earnings,WA,Males,Relationship in household,   Not living alone,1410.096,13.0,723.852,17.1,1496.833,15.4,1000.0,12.7,1250.0,7.4,Not living alone,Non-family member
2022,Median weekly earnings,WA,Males,Relationship in household,Relationship not determined,860.962,0.1,0.0,0.0,0.0,0.0,860.962,0.1,941.533,0.1,,Relationship not determined
2022,Median weekly earnings,WA,Females,Relationship in household,Family member,1380.0,2.3,614.588,3.7,1200.0,2.2,500.0,7.7,1000.0,2.7,,Family member
2022,Median weekly earnings,WA,Females,Relationship in household,"   Husband, wife or partner",1408.49,2.5,705.389,2.9,1246.012,3.3,693.598,6.7,1120.0,2.4,"Husband, wife or partner",Family member
2022,Median weekly earnings,WA,Females,Relationship in household,      With dependants,1384.913,3.6,700.0,3.4,1160.909,4.4,600.347,6.8,1007.299,4.5,With dependants,Family member
2022,Median weekly earnings,WA,Females,Relationship in household,      Without dependants,1438.0,2.9,735.775,5.2,1286.066,4.1,807.117,10.1,1200.0,3.5,Without dependants,Family member
2022,Median weekly earnings,WA,Females,Relationship in household,   Lone parent,1387.467,9.3,627.835,5.5,1324.017,5.3,517.086,11.2,1050.0,10.8,Lone parent,Family member
2022,Median weekly earnings,WA,Females,Relationship in household,   Dependent student,898.517,0.1,164.581,9.0,432.31,40.6,160.0,11.7,173.104,10.0,Dependent student,Family member
2022,Median weekly earnings,WA,Females,Relationship in household,   Non-dependent child,1101.125,4.5,553.241,15.9,1094.0,4.2,626.342,10.4,893.18,6.9,Non-dependent child,Family member
2022,Median weekly earnings,WA,Females,Relationship in household,   Other related individual,1315.644,20.8,340.43,42.8,1097.54,31.5,612.624,28.2,817.676,36.6,Other related individual,Family member
2022,Median weekly earnings,WA,Females,Relationship in household,Non-family member,1538.501,5.2,800.863,10.2,1428.827,6.0,900.0,26.7,1326.094,5.4,,Non-family member
2022,Median weekly earnings,WA,Females,Relationship in household,   Lone person,1552.956,5.9,876.91,17.6,1479.781,4.8,901.142,36.0,1439.402,4.4,Lone person,Non-family member
2022,Median weekly earnings,WA,Females,Relationship in household,   Not living alone,1348.985,11.4,713.799,18.5,1213.397,18.1,920.732,43.7,1071.97,14.2,Not living alone,Non-family member
2022,Median weekly earnings,WA,Females,Relationship in household,Relationship not determined,0.0,0.0,698.184,0.1,698.184,0.1,0.0,0.0,698.184,0.1,,Relationship not determined
2022,Median weekly earnings,TAS,Persons,Relationship in household,Family member,1366.192,1.9,600.0,3.4,1229.149,1.4,500.0,8.3,1085.009,1.5,,Family member
2022,Median weekly earnings,TAS,Persons,Relationship in household,"   Husband, wife or partner",1442.99,2.4,700.0,3.2,1250.0,1.8,736.602,8.7,1185.116,1.4,"Husband, wife or partner",Family member
2022,Median weekly earnings,TAS,Persons,Relationship in household,      With dependants,1567.344,3.7,680.0,3.2,1348.811,3.5,614.772,14.5,1250.0,2.9,With dependants,Family member
2022,Median weekly earnings,TAS,Persons,Relationship in household,      Without dependants,1306.784,2.8,717.084,5.3,1229.391,3.3,807.858,8.7,1100.0,3.2,Without dependants,Family member
2022,Median weekly earnings,TAS,Persons,Relationship in household,   Lone parent,1418.653,6.5,738.575,9.5,1156.035,8.4,572.625,15.1,1050.0,7.4,Lone parent,Family member
2022,Median weekly earnings,TAS,Persons,Relationship in household,   Dependent student,775.866,26.8,200.0,12.7,535.09,25.3,200.0,12.4,218.614,15.5,Dependent student,Family member
2022,Median weekly earnings,TAS,Persons,Relationship in household,   Non-dependent child,929.379,4.3,426.188,18.0,900.0,5.7,459.089,18.9,800.0,8.3,Non-dependent child,Family member
2022,Median weekly earnings,TAS,Persons,Relationship in household,   Other related individual,1366.74,20.6,841.84,38.2,1137.053,13.1,919.443,16.6,1107.35,13.4,Other related individual,Family member
2022,Median weekly earnings,TAS,Persons,Relationship in household,Non-family member,1293.18,6.1,662.823,10.0,1144.078,5.3,798.066,12.3,1072.305,3.6,,Non-family member
2022,Median weekly earnings,TAS,Persons,Relationship in household,   Lone person,1418.103,5.5,681.92,12.4,1266.499,4.3,756.501,15.3,1152.172,3.4,Lone person,Non-family member
2022,Median weekly earnings,TAS,Persons,Relationship in household,   Not living alone,1089.819,5.9,588.871,20.1,966.798,6.7,800.0,14.0,915.86,6.5,Not living alone,Non-family member
2022,Median weekly earnings,TAS,Persons,Relationship in household,Relationship not determined,1401.545,0.1,0.0,0.0,1401.545,0.1,0.0,0.0,1401.545,0.1,,Relationship not determined
2022,Median weekly earnings,TAS,Males,Relationship in household,Family member,1440.99,2.7,497.526,9.4,1359.238,3.6,691.622,15.4,1250.0,2.1,,Family member
2022,Median weekly earnings,TAS,Males,Relationship in household,"   Husband, wife or partner",1500.0,2.4,701.096,7.5,1471.127,3.4,927.896,4.8,1357.662,4.0,"Husband, wife or partner",Family member
2022,Median weekly earnings,TAS,Males,Relationship in household,      With dependants,1682.473,4.1,748.379,10.9,1596.43,4.4,1073.785,19.7,1541.741,4.8,With dependants,Family member
2022,Median weekly earnings,TAS,Males,Relationship in household,      Without dependants,1373.551,3.8,688.77,9.7,1321.605,4.3,881.692,6.2,1234.308,4.5,Without dependants,Family member
2022,Median weekly earnings,TAS,Males,Relationship in household,   Lone parent,1721.095,11.1,463.456,0.1,1721.095,11.1,463.456,0.1,1500.0,16.1,Lone parent,Family member
2022,Median weekly earnings,TAS,Males,Relationship in household,   Dependent student,801.81,0.1,216.319,20.8,576.481,84.7,219.016,20.4,244.966,22.2,Dependent student,Family member
2022,Median weekly earnings,TAS,Males,Relationship in household,   Non-dependent child,858.809,6.8,387.996,31.6,854.878,7.9,457.842,39.2,821.474,10.3,Non-dependent child,Family member
2022,Median weekly earnings,TAS,Males,Relationship in household,   Other related individual,1342.962,38.0,1035.185,0.1,1309.81,59.3,1167.205,21.1,1301.806,16.2,Other related individual,Family member
2022,Median weekly earnings,TAS,Males,Relationship in household,Non-family member,1243.816,8.2,702.245,14.5,1173.384,8.6,803.515,14.3,1096.666,4.7,,Non-family member
2022,Median weekly earnings,TAS,Males,Relationship in household,   Lone person,1500.0,7.3,720.36,32.0,1500.0,7.1,691.331,28.6,1327.783,8.4,Lone person,Non-family member
2022,Median weekly earnings,TAS,Males,Relationship in household,   Not living alone,1083.555,8.7,627.581,20.8,967.515,6.5,801.909,18.6,921.607,7.3,Not living alone,Non-family member
2022,Median weekly earnings,TAS,Males,Relationship in household,Relationship not determined,1438.245,7.3,0.0,0.0,1438.245,7.3,0.0,0.0,1438.245,7.3,,Relationship not determined
2022,Median weekly earnings,TAS,Females,Relationship in household,Family member,1306.061,2.5,625.15,3.3,1056.263,2.9,460.995,9.7,931.0,2.9,,Family member
2022,Median weekly earnings,TAS,Females,Relationship in household,"   Husband, wife or partner",1347.259,3.7,693.081,3.5,1090.417,3.3,608.308,8.5,1000.0,2.8,"Husband, wife or partner",Family member
2022,Median weekly earnings,TAS,Females,Relationship in household,      With dependants,1462.041,4.7,675.784,3.4,1098.193,5.8,505.526,16.0,997.241,4.8,With dependants,Family member
2022,Median weekly earnings,TAS,Females,Relationship in household,      Without dependants,1250.0,4.4,750.0,7.0,1070.758,3.9,630.803,12.0,1000.0,4.6,Without dependants,Family member
2022,Median weekly earnings,TAS,Females,Relationship in household,   Lone parent,1335.093,6.6,740.416,8.6,1056.593,8.9,582.668,14.4,989.985,7.8,Lone parent,Family member
2022,Median weekly earnings,TAS,Females,Relationship in household,   Dependent student,749.222,0.1,192.0,17.5,583.056,0.1,169.82,23.0,198.12,17.9,Dependent student,Family member
2022,Median weekly earnings,TAS,Females,Relationship in household,   Non-dependent child,1007.353,6.3,442.446,20.9,1000.83,8.2,460.129,19.4,705.48,12.1,Non-dependent child,Family member
2022,Median weekly earnings,TAS,Females,Relationship in household,   Other related individual,1447.725,0.1,792.459,21.9,949.424,21.8,475.947,0.1,887.987,20.9,Other related individual,Family member
2022,Median weekly earnings,TAS,Females,Relationship in household,Non-family member,1305.964,6.9,661.138,9.6,1100.0,6.6,755.275,12.5,1036.744,5.0,,Non-family member
2022,Median weekly earnings,TAS,Females,Relationship in household,   Lone person,1366.282,7.8,662.396,9.7,1137.443,6.3,755.708,15.0,1083.137,4.3,Lone person,Non-family member
2022,Median weekly earnings,TAS,Females,Relationship in household,   Not living alone,1211.639,13.6,498.637,0.1,919.635,19.8,817.07,64.1,867.66,14.7,Not living alone,Non-family member
2022,Median weekly earnings,NT,Persons,Relationship in household,Family member,1600.0,3.0,650.963,6.9,1519.579,1.7,710.191,12.4,1397.808,2.7,,Family member
2022,Median weekly earnings,NT,Persons,Relationship in household,"   Husband, wife or partner",1685.418,2.3,854.385,9.0,1615.0,3.7,900.0,13.0,1500.0,1.4,"Husband, wife or partner",Family member
2022,Median weekly earnings,NT,Persons,Relationship in household,      With dependants,1752.125,4.4,908.73,11.9,1706.0,4.4,962.522,16.5,1650.297,3.9,With dependants,Family member
2022,Median weekly earnings,NT,Persons,Relationship in household,      Without dependants,1574.24,5.7,779.809,12.1,1552.18,6.2,900.0,15.2,1400.0,3.9,Without dependants,Family member
2022,Median weekly earnings,NT,Persons,Relationship in household,   Lone parent,1409.976,12.4,853.058,21.8,1341.586,9.1,482.534,0.1,1335.146,7.9,Lone parent,Family member
2022,Median weekly earnings,NT,Persons,Relationship in household,   Dependent student,1053.902,0.1,180.0,9.4,226.54,0.1,180.0,15.5,180.0,15.1,Dependent student,Family member
2022,Median weekly earnings,NT,Persons,Relationship in household,   Non-dependent child,1053.651,13.0,600.0,24.9,1000.0,13.8,843.053,28.9,905.512,21.6,Non-dependent child,Family member
2022,Median weekly earnings,NT,Persons,Relationship in household,   Other related individual,1250.522,39.2,647.54,0.1,1115.889,26.8,862.722,0.1,1089.568,34.5,Other related individual,Family member
2022,Median weekly earnings,NT,Persons,Relationship in household,Non-family member,1500.0,7.4,900.0,25.6,1500.0,5.5,928.885,23.7,1358.496,5.9,,Non-family member
2022,Median weekly earnings,NT,Persons,Relationship in household,   Lone person,1550.0,9.7,900.0,24.5,1539.186,7.5,923.829,48.2,1384.405,6.8,Lone person,Non-family member
2022,Median weekly earnings,NT,Persons,Relationship in household,   Not living alone,1402.231,9.5,810.495,40.0,1478.919,9.8,968.629,0.1,1303.768,8.2,Not living alone,Non-family member
2022,Median weekly earnings,NT,Males,Relationship in household,Family member,1750.0,2.9,569.702,19.0,1729.802,2.8,683.806,24.2,1515.348,3.4,,Family member
2022,Median weekly earnings,NT,Males,Relationship in household,"   Husband, wife or partner",1845.852,2.9,1051.751,15.5,1770.105,2.6,1077.164,13.3,1747.244,2.0,"Husband, wife or partner",Family member
2022,Median weekly earnings,NT,Males,Relationship in household,      With dependants,1981.782,6.3,1333.528,17.9,1900.0,4.5,1086.196,142.5,1898.314,4.2,With dependants,Family member
2022,Median weekly earnings,NT,Males,Relationship in household,      Without dependants,1700.0,8.4,930.791,16.1,1644.989,8.6,1087.319,14.1,1500.0,6.3,Without dependants,Family member
2022,Median weekly earnings,NT,Males,Relationship in household,   Lone parent,1496.725,38.5,411.812,0.1,1434.023,18.3,450.217,0.1,1406.018,35.1,Lone parent,Family member
2022,Median weekly earnings,NT,Males,Relationship in household,   Dependent student,0.0,0.0,185.551,35.9,0.0,0.0,186.036,50.2,185.551,35.9,Dependent student,Family member
2022,Median weekly earnings,NT,Males,Relationship in household,   Non-dependent child,1070.004,15.2,547.636,44.0,1047.36,18.2,920.65,0.1,978.683,15.0,Non-dependent child,Family member
2022,Median weekly earnings,NT,Males,Relationship in household,   Other related individual,1189.815,26.6,575.611,0.1,1120.647,0.1,862.722,0.1,1094.326,31.5,Other related individual,Family member
2022,Median weekly earnings,NT,Males,Relationship in household,Non-family member,1483.672,9.5,331.422,0.1,1509.848,9.1,1152.619,67.5,1404.06,8.8,,Non-family member
2022,Median weekly earnings,NT,Males,Relationship in household,   Lone person,1550.0,13.1,211.198,0.1,1532.674,13.3,1099.616,105.6,1383.857,14.7,Lone person,Non-family member
2022,Median weekly earnings,NT,Males,Relationship in household,   Not living alone,1477.49,10.8,0.0,0.0,1499.335,11.4,1165.041,0.1,1417.991,11.5,Not living alone,Non-family member
2022,Median weekly earnings,NT,Females,Relationship in household,Family member,1500.0,2.6,700.0,10.8,1400.0,4.6,720.172,15.7,1200.0,3.2,,Family member
2022,Median weekly earnings,NT,Females,Relationship in household,"   Husband, wife or partner",1500.0,3.4,802.997,8.4,1499.39,5.1,888.156,10.7,1322.122,3.9,"Husband, wife or partner",Family member
2022,Median weekly earnings,NT,Females,Relationship in household,      With dependants,1530.006,4.4,863.433,12.9,1400.608,7.1,975.297,18.5,1338.755,5.8,With dependants,Family member
2022,Median weekly earnings,NT,Females,Relationship in household,      Without dependants,1500.0,5.3,756.022,15.5,1500.0,9.0,819.218,17.3,1300.0,5.9,Without dependants,Family member
2022,Median weekly earnings,NT,Females,Relationship in household,   Lone parent,1336.723,14.8,1045.653,16.4,1327.27,7.5,676.659,0.1,1300.481,7.3,Lone parent,Family member
2022,Median weekly earnings,NT,Females,Relationship in household,   Dependent student,1053.902,0.1,162.939,28.5,356.642,0.1,168.0,37.6,168.0,39.4,Dependent student,Family member
2022,Median weekly earnings,NT,Females,Relationship in household,   Non-dependent child,1030.91,29.4,644.011,27.4,968.141,32.8,733.239,33.9,897.003,22.6,Non-dependent child,Family member
2022,Median weekly earnings,NT,Females,Relationship in household,   Other related individual,1609.096,0.1,0.0,0.0,1420.724,0.1,0.0,0.0,1420.724,0.1,Other related individual,Family member
2022,Median weekly earnings,NT,Females,Relationship in household,Non-family member,1524.999,11.6,1028.813,19.1,1476.994,6.3,667.334,0.1,1351.921,8.5,,Non-family member
2022,Median weekly earnings,NT,Females,Relationship in household,   Lone person,1568.286,13.1,1163.047,13.5,1530.906,10.6,818.538,0.1,1376.892,8.1,Lone person,Non-family member
2022,Median weekly earnings,NT,Females,Relationship in household,   Not living alone,1338.283,21.1,741.219,0.1,1348.58,17.6,538.587,0.1,1207.285,13.6,Not living alone,Non-family member
2022,Median weekly earnings,ACT,Persons,Relationship in household,Family member,1840.54,2.7,712.527,6.3,1650.0,2.3,800.0,8.9,1538.0,2.6,,Family member
2022,Median weekly earnings,ACT,Persons,Relationship in household,"   Husband, wife or partner",1905.196,2.1,983.043,6.3,1750.0,2.2,1149.219,12.1,1699.596,2.4,"Husband, wife or partner",Family member
2022,Median weekly earnings,ACT,Persons,Relationship in household,      With dependants,2035.061,2.2,990.524,11.8,1900.85,3.5,1822.155,33.3,1892.276,3.6,With dependants,Family member
2022,Median weekly earnings,ACT,Persons,Relationship in household,      Without dependants,1693.103,4.2,970.998,6.4,1630.0,4.8,963.009,9.4,1503.419,5.1,Without dependants,Family member
2022,Median weekly earnings,ACT,Persons,Relationship in household,   Lone parent,2037.759,17.2,883.713,26.3,1709.115,10.5,751.876,35.0,1650.778,12.7,Lone parent,Family member
2022,Median weekly earnings,ACT,Persons,Relationship in household,   Dependent student,1131.199,0.1,265.677,18.2,382.696,0.1,250.0,27.3,302.928,16.5,Dependent student,Family member
2022,Median weekly earnings,ACT,Persons,Relationship in household,   Non-dependent child,1316.059,7.6,419.854,32.6,1235.857,8.7,700.0,30.5,993.344,14.1,Non-dependent child,Family member
2022,Median weekly earnings,ACT,Persons,Relationship in household,   Other related individual,1800.643,12.1,520.729,24.8,1200.0,28.5,614.129,42.5,949.449,37.8,Other related individual,Family member
2022,Median weekly earnings,ACT,Persons,Relationship in household,Non-family member,1560.438,6.4,558.943,16.7,1541.0,5.8,800.0,14.9,1403.184,7.6,,Non-family member
2022,Median weekly earnings,ACT,Persons,Relationship in household,   Lone person,1863.054,6.4,344.431,45.0,1650.0,8.2,1073.97,58.0,1600.0,9.8,Lone person,Non-family member
2022,Median weekly earnings,ACT,Persons,Relationship in household,   Not living alone,1346.014,6.6,629.0,31.4,1423.762,8.8,765.461,23.9,1145.673,8.1,Not living alone,Non-family member
2022,Median weekly earnings,ACT,Males,Relationship in household,Family member,1950.998,2.6,552.774,25.2,1879.485,3.7,958.514,18.9,1754.589,4.3,,Family member
2022,Median weekly earnings,ACT,Males,Relationship in household,"   Husband, wife or partner",2000.0,2.7,1307.577,11.4,2000.0,2.7,1601.542,38.0,2000.0,2.6,"Husband, wife or partner",Family member
2022,Median weekly earnings,ACT,Males,Relationship in household,      With dependants,2143.372,4.9,1400.0,22.5,2078.498,3.1,3495.687,31.1,2092.739,3.2,With dependants,Family member
2022,Median weekly earnings,ACT,Males,Relationship in household,      Without dependants,1766.215,6.2,987.91,19.6,1754.432,6.2,1201.133,40.2,1722.342,6.5,Without dependants,Family member
2022,Median weekly earnings,ACT,Males,Relationship in household,   Lone parent,2050.587,0.1,692.178,0.1,2038.448,22.5,0.0,0.0,1835.185,25.3,Lone parent,Family member
2022,Median weekly earnings,ACT,Males,Relationship in household,   Dependent student,0.0,0.0,226.916,26.7,334.25,29.5,211.62,45.4,241.844,24.5,Dependent student,Family member
2022,Median weekly earnings,ACT,Males,Relationship in household,   Non-dependent child,1268.471,14.0,322.532,51.7,1247.476,13.6,327.124,119.4,961.0,19.3,Non-dependent child,Family member
2022,Median weekly earnings,ACT,Males,Relationship in household,   Other related individual,1197.986,0.1,368.485,0.1,993.589,0.1,436.65,0.1,790.234,47.1,Other related individual,Family member
2022,Median weekly earnings,ACT,Males,Relationship in household,Non-family member,1602.824,6.5,570.746,15.9,1632.601,6.2,875.655,19.8,1480.83,6.8,,Non-family member
2022,Median weekly earnings,ACT,Males,Relationship in household,   Lone person,1899.636,13.0,381.583,61.7,1847.566,13.3,1332.931,22.7,1752.99,13.9,Lone person,Non-family member
2022,Median weekly earnings,ACT,Males,Relationship in household,   Not living alone,1417.973,8.6,607.616,10.7,1599.011,6.9,755.296,23.4,1195.464,13.3,Not living alone,Non-family member
2022,Median weekly earnings,ACT,Females,Relationship in household,Family member,1693.254,2.9,750.0,5.5,1523.158,3.8,754.188,13.4,1380.429,3.0,,Family member
2022,Median weekly earnings,ACT,Females,Relationship in household,"   Husband, wife or partner",1721.165,2.9,900.0,7.1,1537.266,3.0,977.369,13.1,1457.37,2.9,"Husband, wife or partner",Family member
2022,Median weekly earnings,ACT,Females,Relationship in household,      With dependants,1980.498,6.1,881.432,11.4,1595.259,4.8,1514.596,23.6,1594.744,5.0,With dependants,Family member
2022,Median weekly earnings,ACT,Females,Relationship in household,      Without dependants,1590.533,6.3,901.201,7.4,1500.0,5.6,799.731,15.3,1342.0,5.7,Without dependants,Family member
2022,Median weekly earnings,ACT,Females,Relationship in household,   Lone parent,1946.381,18.2,905.094,66.7,1659.087,16.3,1207.328,0.1,1630.996,20.5,Lone parent,Family member
2022,Median weekly earnings,ACT,Females,Relationship in household,   Dependent student,0.0,0.0,350.039,22.5,859.176,0.1,346.809,25.6,366.325,21.9,Dependent student,Family member
2022,Median weekly earnings,ACT,Females,Relationship in household,   Non-dependent child,1397.99,12.7,653.114,22.3,1214.608,12.5,800.19,39.2,1004.823,20.7,Non-dependent child,Family member
2022,Median weekly earnings,ACT,Females,Relationship in household,   Other related individual,1874.831,27.1,682.483,0.1,1309.818,37.0,684.664,0.1,1045.456,34.7,Other related individual,Family member
2022,Median weekly earnings,ACT,Females,Relationship in household,Non-family member,1492.837,12.4,522.84,31.9,1433.539,11.6,708.498,32.8,1300.0,8.6,,Non-family member
2022,Median weekly earnings,ACT,Females,Relationship in household,   Lone person,1648.989,9.8,360.068,57.9,1597.94,12.0,674.133,95.5,1509.094,15.7,Lone person,Non-family member
2022,Median weekly earnings,ACT,Females,Relationship in household,   Not living alone,1238.637,8.9,715.519,38.3,1137.059,10.2,656.317,105.0,1099.93,7.2,Not living alone,Non-family member
2023,Median weekly earnings,Australia,Persons,Relationship in household,Family member,1600.0,0.5,650.0,1.2,1500.0,0.5,600.0,1.0,1300.0,0.5,,Family member
2023,Median weekly earnings,Australia,Persons,Relationship in household,"   Husband, wife or partner",1731.471,0.7,806.552,1.4,1583.0,0.8,867.804,2.5,1500.0,0.5,"Husband, wife or partner",Family member
2023,Median weekly earnings,Australia,Persons,Relationship in household,      With dependants,1846.0,1.4,863.0,2.2,1634.0,1.4,857.193,3.0,1538.0,1.4,With dependants,Family member
2023,Median weekly earnings,Australia,Persons,Relationship in household,      Without dependants,1610.0,0.9,769.332,1.7,1500.0,0.6,871.132,3.4,1424.0,0.7,Without dependants,Family member
2023,Median weekly earnings,Australia,Persons,Relationship in household,   Lone parent,1534.0,1.7,750.0,3.7,1400.0,2.4,750.0,6.4,1271.684,2.0,Lone parent,Family member
2023,Median weekly earnings,Australia,Persons,Relationship in household,   Dependent student,872.197,7.5,210.0,3.6,503.744,9.2,196.0,2.6,233.043,4.3,Dependent student,Family member
2023,Median weekly earnings,Australia,Persons,Relationship in household,   Non-dependent child,1200.0,1.7,600.0,3.1,1150.0,2.2,700.0,4.3,1000.0,1.3,Non-dependent child,Family member
2023,Median weekly earnings,Australia,Persons,Relationship in household,   Other related individual,1358.969,3.4,600.0,6.7,1250.0,3.7,683.526,6.8,1000.0,3.3,Other related individual,Family member
2023,Median weekly earnings,Australia,Persons,Relationship in household,Non-family member,1599.321,1.4,716.698,2.0,1513.958,1.1,752.396,1.8,1361.988,1.6,,Non-family member
2023,Median weekly earnings,Australia,Persons,Relationship in household,   Lone person,1700.0,1.8,742.738,2.7,1610.0,1.8,776.708,6.2,1500.0,1.4,Lone person,Non-family member
2023,Median weekly earnings,Australia,Persons,Relationship in household,   Not living alone,1376.042,2.6,691.177,3.2,1279.33,2.1,750.0,3.1,1115.74,2.7,Not living alone,Non-family member
2023,Median weekly earnings,Australia,Persons,Relationship in household,Relationship not determined,1590.128,17.8,567.915,21.1,1595.27,17.7,655.144,24.8,1159.661,18.9,,Relationship not determined
2023,Median weekly earnings,Australia,Males,Relationship in household,Family member,1711.0,1.0,553.461,4.6,1687.748,1.1,750.0,3.4,1500.0,0.6,,Family member
2023,Median weekly earnings,Australia,Males,Relationship in household,"   Husband, wife or partner",1874.0,1.2,824.445,3.5,1850.0,1.3,1121.483,3.4,1750.771,1.1,"Husband, wife or partner",Family member
2023,Median weekly earnings,Australia,Males,Relationship in household,      With dependants,2000.0,1.1,907.907,4.9,1999.339,1.1,1306.15,5.2,1917.0,2.0,With dependants,Family member
2023,Median weekly earnings,Australia,Males,Relationship in household,      Without dependants,1726.0,1.3,790.954,2.7,1703.0,1.5,1000.073,2.0,1600.0,1.3,Without dependants,Family member
2023,Median weekly earnings,Australia,Males,Relationship in household,   Lone parent,1662.79,4.6,850.303,19.0,1670.363,4.7,1200.0,10.6,1534.789,5.7,Lone parent,Family member
2023,Median weekly earnings,Australia,Males,Relationship in household,   Dependent student,803.491,6.3,208.811,3.7,456.913,14.1,200.0,5.1,235.799,3.2,Dependent student,Family member
2023,Median weekly earnings,Australia,Males,Relationship in household,   Non-dependent child,1200.0,1.7,598.765,6.9,1147.535,2.2,760.806,4.1,1040.0,2.5,Non-dependent child,Family member
2023,Median weekly earnings,Australia,Males,Relationship in household,   Other related individual,1314.816,3.8,657.592,7.5,1250.0,4.0,793.362,11.1,1142.012,5.3,Other related individual,Family member
2023,Median weekly earnings,Australia,Males,Relationship in household,Non-family member,1600.0,1.4,695.691,3.7,1600.0,1.3,890.016,6.2,1400.0,2.7,,Non-family member
2023,Median weekly earnings,Australia,Males,Relationship in household,   Lone person,1742.346,2.0,701.902,5.8,1726.024,1.9,1000.0,8.5,1610.0,1.8,Lone person,Non-family member
2023,Median weekly earnings,Australia,Males,Relationship in household,   Not living alone,1342.203,2.6,673.659,5.7,1297.779,2.2,796.384,5.3,1122.21,3.4,Not living alone,Non-family member
2023,Median weekly earnings,Australia,Males,Relationship in household,Relationship not determined,1538.494,29.8,505.19,0.1,1644.761,26.8,557.903,29.9,1017.675,32.6,,Relationship not determined
2023,Median weekly earnings,Australia,Females,Relationship in household,Family member,1499.0,0.7,692.181,1.3,1300.0,0.7,545.0,2.2,1130.0,1.1,,Family member
2023,Median weekly earnings,Australia,Females,Relationship in household,"   Husband, wife or partner",1536.0,1.2,805.0,1.4,1342.0,1.2,700.0,1.8,1234.0,1.0,"Husband, wife or partner",Family member
2023,Median weekly earnings,Australia,Females,Relationship in household,      With dependants,1600.0,1.6,852.091,2.7,1314.564,1.6,671.625,2.6,1200.0,1.2,With dependants,Family member
2023,Median weekly earnings,Australia,Females,Relationship in household,      Without dependants,1500.0,1.1,767.0,2.8,1357.0,1.3,750.0,4.4,1250.0,1.3,Without dependants,Family member
2023,Median weekly earnings,Australia,Females,Relationship in household,   Lone parent,1500.0,2.1,750.0,4.2,1342.264,2.6,657.731,7.9,1200.0,1.1,Lone parent,Family member
2023,Median weekly earnings,Australia,Females,Relationship in household,   Dependent student,957.551,11.2,214.608,7.1,522.103,8.1,180.0,7.1,230.0,5.5,Dependent student,Family member
2023,Median weekly earnings,Australia,Females,Relationship in household,   Non-dependent child,1200.0,2.5,600.0,4.3,1150.0,3.5,600.0,6.7,996.429,1.9,Non-dependent child,Family member
2023,Median weekly earnings,Australia,Females,Relationship in household,   Other related individual,1405.036,4.9,600.0,9.1,1250.0,6.3,600.0,9.4,917.451,4.2,Other related individual,Family member
2023,Median weekly earnings,Australia,Females,Relationship in household,Non-family member,1579.0,1.9,720.0,1.8,1485.825,1.6,654.943,4.7,1300.0,2.5,,Non-family member
2023,Median weekly earnings,Australia,Females,Relationship in household,   Lone person,1634.0,2.9,750.0,3.2,1504.877,2.0,600.0,7.7,1430.513,2.1,Lone person,Non-family member
2023,Median weekly earnings,Australia,Females,Relationship in household,   Not living alone,1453.628,4.1,699.401,3.6,1250.139,3.7,699.777,5.1,1100.431,4.6,Not living alone,Non-family member
2023,Median weekly earnings,Australia,Females,Relationship in household,Relationship not determined,1620.986,20.4,754.136,22.0,1415.982,18.0,803.968,0.1,1289.738,19.3,,Relationship not determined
2023,Median weekly earnings,NSW,Persons,Relationship in household,Family member,1624.0,1.3,650.0,3.0,1500.996,1.3,600.0,3.6,1342.0,1.2,,Family member
2023,Median weekly earnings,NSW,Persons,Relationship in household,"   Husband, wife or partner",1758.355,1.7,800.0,2.9,1630.0,1.6,820.732,4.7,1500.0,1.5,"Husband, wife or partner",Family member
2023,Median weekly earnings,NSW,Persons,Relationship in household,      With dependants,1917.0,2.4,835.171,4.1,1726.0,3.0,743.382,7.7,1600.0,2.6,With dependants,Family member
2023,Median weekly earnings,NSW,Persons,Relationship in household,      Without dependants,1644.645,1.7,769.82,4.4,1553.0,1.8,863.0,5.3,1438.0,2.0,Without dependants,Family member
2023,Median weekly earnings,NSW,Persons,Relationship in household,   Lone parent,1533.417,5.8,671.314,10.0,1462.133,5.2,704.768,12.3,1344.91,5.6,Lone parent,Family member
2023,Median weekly earnings,NSW,Persons,Relationship in household,   Dependent student,953.644,16.5,225.0,10.2,650.0,9.0,196.796,8.5,250.0,10.4,Dependent student,Family member
2023,Median weekly earnings,NSW,Persons,Relationship in household,   Non-dependent child,1257.898,2.3,600.0,5.0,1200.0,3.4,700.0,8.9,1100.0,3.1,Non-dependent child,Family member
2023,Median weekly earnings,NSW,Persons,Relationship in household,   Other related individual,1341.164,4.6,700.0,7.1,1243.04,6.0,721.892,13.6,1089.566,5.6,Other related individual,Family member
2023,Median weekly earnings,NSW,Persons,Relationship in household,Non-family member,1610.0,2.6,661.735,4.0,1539.672,2.6,707.903,5.6,1380.0,3.7,,Non-family member
2023,Median weekly earnings,NSW,Persons,Relationship in household,   Lone person,1668.0,3.3,610.491,6.1,1600.0,3.6,743.821,17.8,1500.0,3.8,Lone person,Non-family member
2023,Median weekly earnings,NSW,Persons,Relationship in household,   Not living alone,1500.0,4.8,684.257,4.3,1379.116,6.2,693.059,5.4,1111.184,5.8,Not living alone,Non-family member
2023,Median weekly earnings,NSW,Persons,Relationship in household,Relationship not determined,2589.549,0.1,801.428,0.1,2040.263,27.2,0.0,0.0,1917.516,25.6,,Relationship not determined
2023,Median weekly earnings,NSW,Males,Relationship in household,Family member,1706.0,1.9,600.0,5.7,1699.486,1.6,735.162,9.6,1519.564,1.6,,Family member
2023,Median weekly earnings,NSW,Males,Relationship in household,"   Husband, wife or partner",1898.493,1.9,828.782,5.0,1882.79,1.9,1081.378,5.4,1780.0,2.0,"Husband, wife or partner",Family member
2023,Median weekly earnings,NSW,Males,Relationship in household,      With dependants,2011.7,2.9,759.975,11.4,2001.585,2.6,1200.0,10.3,1950.0,2.5,With dependants,Family member
2023,Median weekly earnings,NSW,Males,Relationship in household,      Without dependants,1701.219,2.4,830.764,4.2,1691.443,2.7,1012.515,4.7,1584.054,2.4,Without dependants,Family member
2023,Median weekly earnings,NSW,Males,Relationship in household,   Lone parent,1719.911,18.0,1240.531,0.1,1880.079,18.1,1424.603,0.1,1729.859,16.1,Lone parent,Family member
2023,Median weekly earnings,NSW,Males,Relationship in household,   Dependent student,872.051,19.6,236.684,10.8,625.99,20.0,224.497,11.6,281.839,8.2,Dependent student,Family member
2023,Median weekly earnings,NSW,Males,Relationship in household,   Non-dependent child,1255.551,2.5,600.0,6.4,1200.0,4.4,836.271,12.4,1150.264,3.3,Non-dependent child,Family member
2023,Median weekly earnings,NSW,Males,Relationship in household,   Other related individual,1218.789,6.3,716.68,25.9,1158.356,7.7,966.77,17.4,1102.205,5.8,Other related individual,Family member
2023,Median weekly earnings,NSW,Males,Relationship in household,Non-family member,1600.0,3.2,689.897,5.3,1568.009,2.7,801.429,11.1,1385.0,4.9,,Non-family member
2023,Median weekly earnings,NSW,Males,Relationship in household,   Lone person,1701.273,3.0,689.421,12.5,1650.655,3.4,1079.098,8.4,1600.0,3.7,Lone person,Non-family member
2023,Median weekly earnings,NSW,Males,Relationship in household,   Not living alone,1377.3,7.1,693.55,6.5,1338.501,5.7,719.947,8.4,1129.458,6.9,Not living alone,Non-family member
2023,Median weekly earnings,NSW,Males,Relationship in household,Relationship not determined,2587.662,0.1,0.0,0.0,2587.662,0.1,0.0,0.0,2164.781,0.1,,Relationship not determined
2023,Median weekly earnings,NSW,Females,Relationship in household,Family member,1509.357,1.7,666.91,2.3,1356.428,1.8,551.335,4.6,1157.752,1.5,,Family member
2023,Median weekly earnings,NSW,Females,Relationship in household,"   Husband, wife or partner",1600.0,2.2,800.0,1.9,1400.57,2.3,667.295,3.7,1267.897,2.0,"Husband, wife or partner",Family member
2023,Median weekly earnings,NSW,Females,Relationship in household,      With dependants,1700.0,3.5,838.84,3.1,1400.0,3.5,622.366,4.0,1250.0,2.8,With dependants,Family member
2023,Median weekly earnings,NSW,Females,Relationship in household,      Without dependants,1545.757,2.5,734.981,4.8,1426.561,2.7,751.942,6.9,1289.337,2.1,Without dependants,Family member
2023,Median weekly earnings,NSW,Females,Relationship in household,   Lone parent,1514.935,6.7,669.744,10.4,1400.939,5.4,580.349,17.1,1250.739,6.9,Lone parent,Family member
2023,Median weekly earnings,NSW,Females,Relationship in household,   Dependent student,1002.495,36.0,200.0,13.1,684.571,15.3,176.432,10.1,232.747,15.2,Dependent student,Family member
2023,Median weekly earnings,NSW,Females,Relationship in household,   Non-dependent child,1268.053,3.2,556.378,9.9,1207.898,4.3,560.633,13.0,1050.473,4.4,Non-dependent child,Family member
2023,Median weekly earnings,NSW,Females,Relationship in household,   Other related individual,1497.685,9.1,615.091,7.8,1312.967,10.5,600.0,11.4,995.115,8.5,Other related individual,Family member
2023,Median weekly earnings,NSW,Females,Relationship in household,Non-family member,1630.0,3.9,628.391,5.0,1500.0,2.8,611.963,9.0,1353.996,4.3,,Non-family member
2023,Median weekly earnings,NSW,Females,Relationship in household,   Lone person,1630.0,5.4,600.0,13.2,1500.0,4.2,494.836,15.5,1400.0,4.6,Lone person,Non-family member
2023,Median weekly earnings,NSW,Females,Relationship in household,   Not living alone,1624.349,5.5,673.943,5.6,1471.548,7.8,691.282,5.7,1100.0,10.7,Not living alone,Non-family member
2023,Median weekly earnings,NSW,Females,Relationship in household,Relationship not determined,2365.626,0.1,740.173,0.1,1914.283,27.7,0.0,0.0,1914.283,27.7,,Relationship not determined
2023,Median weekly earnings,VIC,Persons,Relationship in household,Family member,1600.0,1.8,634.172,2.4,1450.0,1.3,550.0,4.6,1261.0,1.1,,Family member
2023,Median weekly earnings,VIC,Persons,Relationship in household,"   Husband, wife or partner",1726.0,1.9,817.094,2.0,1534.0,1.7,811.737,4.7,1475.642,1.2,"Husband, wife or partner",Family member
2023,Median weekly earnings,VIC,Persons,Relationship in household,      With dependants,1826.328,2.3,891.021,2.7,1600.0,2.3,800.0,6.4,1511.653,1.8,With dependants,Family member
2023,Median weekly earnings,VIC,Persons,Relationship in household,      Without dependants,1600.0,3.3,750.0,4.6,1500.0,1.7,862.922,6.9,1400.0,2.1,Without dependants,Family member
2023,Median weekly earnings,VIC,Persons,Relationship in household,   Lone parent,1442.399,5.0,809.403,9.1,1262.559,4.1,758.403,17.4,1200.0,3.1,Lone parent,Family member
2023,Median weekly earnings,VIC,Persons,Relationship in household,   Dependent student,803.93,27.2,235.9,6.0,400.0,10.8,200.0,10.2,240.0,7.5,Dependent student,Family member
2023,Median weekly earnings,VIC,Persons,Relationship in household,   Non-dependent child,1161.121,4.7,631.797,7.7,1100.0,4.6,715.388,7.7,999.626,3.5,Non-dependent child,Family member
2023,Median weekly earnings,VIC,Persons,Relationship in household,   Other related individual,1509.477,8.6,559.879,8.5,1474.721,6.8,580.705,8.5,1054.004,10.7,Other related individual,Family member
2023,Median weekly earnings,VIC,Persons,Relationship in household,Non-family member,1609.531,3.6,750.0,3.8,1523.727,2.6,750.0,4.8,1400.0,2.4,,Non-family member
2023,Median weekly earnings,VIC,Persons,Relationship in household,   Lone person,1749.052,4.0,756.386,10.6,1626.092,4.4,697.707,9.5,1532.051,2.6,Lone person,Non-family member
2023,Median weekly earnings,VIC,Persons,Relationship in household,   Not living alone,1400.0,5.0,750.0,4.5,1296.569,3.9,750.0,8.7,1100.0,5.7,Not living alone,Non-family member
2023,Median weekly earnings,VIC,Persons,Relationship in household,Relationship not determined,1019.825,43.5,819.744,0.1,1254.775,16.5,758.753,0.1,1006.947,40.8,,Relationship not determined
2023,Median weekly earnings,VIC,Males,Relationship in household,Family member,1700.0,3.0,550.0,7.7,1650.0,2.3,748.482,5.5,1500.0,1.9,,Family member
2023,Median weekly earnings,VIC,Males,Relationship in household,"   Husband, wife or partner",1841.0,2.9,750.0,6.5,1807.853,2.5,1000.0,6.2,1739.865,2.4,"Husband, wife or partner",Family member
2023,Median weekly earnings,VIC,Males,Relationship in household,      With dependants,2000.0,3.3,918.495,7.1,1956.03,3.6,1310.726,15.5,1900.0,3.1,With dependants,Family member
2023,Median weekly earnings,VIC,Males,Relationship in household,      Without dependants,1698.657,3.9,687.622,5.6,1690.531,4.0,957.234,7.4,1537.382,2.7,Without dependants,Family member
2023,Median weekly earnings,VIC,Males,Relationship in household,   Lone parent,1302.794,12.2,872.28,0.1,1300.0,13.1,1066.352,19.5,1284.527,5.4,Lone parent,Family member
2023,Median weekly earnings,VIC,Males,Relationship in household,   Dependent student,801.708,40.5,231.537,6.0,394.226,19.8,210.0,10.1,241.369,10.2,Dependent student,Family member
2023,Median weekly earnings,VIC,Males,Relationship in household,   Non-dependent child,1150.0,4.4,694.991,6.8,1100.0,4.6,807.714,7.1,1000.0,4.3,Non-dependent child,Family member
2023,Median weekly earnings,VIC,Males,Relationship in household,   Other related individual,1601.51,8.4,666.033,14.1,1590.633,7.9,724.939,14.4,1204.481,10.8,Other related individual,Family member
2023,Median weekly earnings,VIC,Males,Relationship in household,Non-family member,1629.559,4.5,702.921,7.7,1629.944,4.5,858.737,12.7,1415.516,3.4,,Non-family member
2023,Median weekly earnings,VIC,Males,Relationship in household,   Lone person,1821.786,4.6,646.682,26.0,1795.694,4.8,948.96,22.6,1694.168,4.9,Lone person,Non-family member
2023,Median weekly earnings,VIC,Males,Relationship in household,   Not living alone,1400.0,4.2,740.935,7.8,1399.894,6.2,830.269,13.5,1100.834,6.9,Not living alone,Non-family member
2023,Median weekly earnings,VIC,Males,Relationship in household,Relationship not determined,992.364,31.1,0.0,0.0,1039.812,0.1,595.501,0.1,967.975,28.5,,Relationship not determined
2023,Median weekly earnings,VIC,Females,Relationship in household,Family member,1500.0,1.4,676.503,2.3,1250.0,1.7,466.865,6.0,1114.139,1.3,,Family member
2023,Median weekly earnings,VIC,Females,Relationship in household,"   Husband, wife or partner",1534.0,1.7,850.0,3.0,1304.597,2.1,700.0,6.5,1221.233,1.4,"Husband, wife or partner",Family member
2023,Median weekly earnings,VIC,Females,Relationship in household,      With dependants,1559.955,3.0,889.188,3.0,1261.0,3.3,665.679,9.9,1200.0,2.1,With dependants,Family member
2023,Median weekly earnings,VIC,Females,Relationship in household,      Without dependants,1500.0,3.9,800.0,6.3,1346.0,3.6,800.0,11.5,1250.0,3.6,Without dependants,Family member
2023,Median weekly earnings,VIC,Females,Relationship in household,   Lone parent,1504.628,7.2,792.616,10.7,1250.0,4.8,608.66,26.4,1200.0,3.0,Lone parent,Family member
2023,Median weekly earnings,VIC,Females,Relationship in household,   Dependent student,1004.823,0.1,240.0,11.1,430.809,12.1,180.0,12.1,240.0,10.4,Dependent student,Family member
2023,Median weekly earnings,VIC,Females,Relationship in household,   Non-dependent child,1165.947,7.7,593.844,10.9,1097.331,6.4,601.614,20.6,950.0,5.6,Non-dependent child,Family member
2023,Median weekly earnings,VIC,Females,Relationship in household,   Other related individual,1429.343,18.4,465.387,15.8,1200.873,15.7,464.756,14.0,859.141,17.7,Other related individual,Family member
2023,Median weekly earnings,VIC,Females,Relationship in household,Non-family member,1600.0,3.7,750.0,3.5,1478.581,2.7,690.702,7.2,1380.0,3.6,,Non-family member
2023,Median weekly earnings,VIC,Females,Relationship in household,   Lone person,1659.826,5.9,776.0,9.0,1531.382,3.3,600.0,12.1,1488.559,2.3,Lone person,Non-family member
2023,Median weekly earnings,VIC,Females,Relationship in household,   Not living alone,1398.868,8.4,750.0,4.2,1236.283,8.0,750.0,9.8,1054.498,8.9,Not living alone,Non-family member
2023,Median weekly earnings,VIC,Females,Relationship in household,Relationship not determined,1335.947,0.1,0.0,0.0,1514.222,0.1,1052.741,0.1,1327.108,0.1,,Relationship not determined
2023,Median weekly earnings,QLD,Persons,Relationship in household,Family member,1553.0,1.6,660.0,2.3,1477.0,1.5,650.0,3.9,1288.995,1.3,,Family member
2023,Median weekly earnings,QLD,Persons,Relationship in household,"   Husband, wife or partner",1682.038,2.3,880.193,2.7,1549.356,1.8,976.583,5.1,1499.0,1.1,"Husband, wife or partner",Family member
2023,Median weekly earnings,QLD,Persons,Relationship in household,      With dependants,1776.888,2.5,942.117,4.0,1600.0,2.6,1023.235,5.5,1537.241,1.8,With dependants,Family member
2023,Median weekly earnings,QLD,Persons,Relationship in household,      Without dependants,1587.522,3.2,823.626,4.7,1500.0,2.5,908.53,7.4,1400.0,2.6,Without dependants,Family member
2023,Median weekly earnings,QLD,Persons,Relationship in household,   Lone parent,1500.0,4.7,751.323,6.8,1344.697,4.7,853.897,10.4,1250.0,3.0,Lone parent,Family member
2023,Median weekly earnings,QLD,Persons,Relationship in household,   Dependent student,905.061,0.1,194.498,9.2,379.927,24.3,177.201,8.4,200.0,10.4,Dependent student,Family member
2023,Median weekly earnings,QLD,Persons,Relationship in household,   Non-dependent child,1161.301,4.2,569.416,6.7,1099.0,4.6,694.534,8.5,960.075,3.4,Non-dependent child,Family member
2023,Median weekly earnings,QLD,Persons,Relationship in household,   Other related individual,1300.0,10.8,639.134,9.3,1234.262,8.3,702.038,14.6,1000.0,9.7,Other related individual,Family member
2023,Median weekly earnings,QLD,Persons,Relationship in household,Non-family member,1534.0,3.0,767.0,7.9,1500.0,4.3,902.581,7.9,1321.147,4.1,,Non-family member
2023,Median weekly earnings,QLD,Persons,Relationship in household,   Lone person,1694.233,3.8,843.734,9.1,1627.479,3.6,995.858,6.8,1534.0,3.5,Lone person,Non-family member
2023,Median weekly earnings,QLD,Persons,Relationship in household,   Not living alone,1250.728,3.5,699.188,8.9,1199.271,3.6,800.0,16.0,1123.374,3.4,Not living alone,Non-family member
2023,Median weekly earnings,QLD,Persons,Relationship in household,Relationship not determined,2092.657,0.1,0.0,0.0,2092.657,0.1,0.0,0.0,1128.545,0.1,,Relationship not determined
2023,Median weekly earnings,QLD,Males,Relationship in household,Family member,1692.586,2.2,529.124,7.4,1676.381,2.1,758.465,8.7,1500.0,1.4,,Family member
2023,Median weekly earnings,QLD,Males,Relationship in household,"   Husband, wife or partner",1868.584,2.5,989.916,10.8,1857.046,2.5,1267.848,5.4,1771.602,2.9,"Husband, wife or partner",Family member
2023,Median weekly earnings,QLD,Males,Relationship in household,      With dependants,1900.0,2.8,1306.238,15.4,1900.0,2.7,1467.644,12.8,1891.387,3.4,With dependants,Family member
2023,Median weekly earnings,QLD,Males,Relationship in household,      Without dependants,1800.0,3.4,910.345,12.3,1794.843,3.6,1235.494,7.1,1650.0,2.7,Without dependants,Family member
2023,Median weekly earnings,QLD,Males,Relationship in household,   Lone parent,1725.903,5.9,855.689,24.9,1643.527,12.1,1212.607,35.7,1535.398,11.6,Lone parent,Family member
2023,Median weekly earnings,QLD,Males,Relationship in household,   Dependent student,949.197,0.1,200.0,14.4,440.506,47.2,200.0,14.0,200.0,12.8,Dependent student,Family member
2023,Median weekly earnings,QLD,Males,Relationship in household,   Non-dependent child,1193.48,4.9,569.465,11.8,1100.0,4.7,739.191,11.0,1000.0,4.7,Non-dependent child,Family member
2023,Median weekly earnings,QLD,Males,Relationship in household,   Other related individual,1302.149,14.0,674.018,27.5,1291.46,13.9,788.437,12.4,1050.0,10.6,Other related individual,Family member
2023,Median weekly earnings,QLD,Males,Relationship in household,Non-family member,1578.981,5.9,773.03,10.3,1600.0,6.0,1000.0,8.7,1459.283,6.0,,Non-family member
2023,Median weekly earnings,QLD,Males,Relationship in household,   Lone person,1749.791,5.0,854.087,12.7,1750.0,4.6,1000.0,17.4,1645.102,5.6,Lone person,Non-family member
2023,Median weekly earnings,QLD,Males,Relationship in household,   Not living alone,1208.087,5.0,651.917,16.4,1194.905,5.6,1000.279,15.0,1115.884,6.2,Not living alone,Non-family member
2023,Median weekly earnings,QLD,Males,Relationship in household,Relationship not determined,0.0,0.0,0.0,0.0,0.0,0.0,0.0,0.0,2189.765,0.1,,Relationship not determined
2023,Median weekly earnings,QLD,Females,Relationship in household,Family member,1400.0,2.9,714.39,2.6,1250.0,1.8,600.0,5.8,1120.896,1.8,,Family member
2023,Median weekly earnings,QLD,Females,Relationship in household,"   Husband, wife or partner",1500.0,2.7,866.0,3.3,1300.0,3.0,779.088,7.4,1211.821,1.8,"Husband, wife or partner",Family member
2023,Median weekly earnings,QLD,Females,Relationship in household,      With dependants,1587.82,5.2,923.391,5.5,1312.875,4.7,776.312,11.0,1220.606,3.2,With dependants,Family member
2023,Median weekly earnings,QLD,Females,Relationship in household,      Without dependants,1438.858,2.4,799.589,4.9,1300.0,3.0,779.363,9.9,1207.126,1.9,Without dependants,Family member
2023,Median weekly earnings,QLD,Females,Relationship in household,   Lone parent,1337.676,4.9,750.0,8.4,1269.562,5.5,717.471,14.8,1199.668,3.6,Lone parent,Family member
2023,Median weekly earnings,QLD,Females,Relationship in household,   Dependent student,887.458,0.1,179.3,13.3,352.783,25.6,161.676,12.1,211.291,13.9,Dependent student,Family member
2023,Median weekly earnings,QLD,Females,Relationship in household,   Non-dependent child,1132.118,6.8,562.511,9.3,1080.421,5.6,528.397,9.5,901.022,4.5,Non-dependent child,Family member
2023,Median weekly earnings,QLD,Females,Relationship in household,   Other related individual,1312.807,18.1,612.519,15.0,1015.349,16.4,631.462,34.1,843.894,13.1,Other related individual,Family member
2023,Median weekly earnings,QLD,Females,Relationship in household,Non-family member,1500.0,4.9,741.313,11.6,1411.075,4.9,671.893,14.0,1254.227,4.6,,Non-family member
2023,Median weekly earnings,QLD,Females,Relationship in household,   Lone person,1584.079,5.6,804.51,13.4,1500.0,6.1,657.875,25.2,1384.099,5.6,Lone person,Non-family member
2023,Median weekly earnings,QLD,Females,Relationship in household,   Not living alone,1267.214,7.1,702.632,22.8,1248.388,5.8,703.482,26.8,1131.101,7.1,Not living alone,Non-family member
2023,Median weekly earnings,QLD,Females,Relationship in household,Relationship not determined,1162.961,0.1,0.0,0.0,1162.961,0.1,0.0,0.0,1162.961,0.1,,Relationship not determined
2023,Median weekly earnings,SA,Persons,Relationship in household,Family member,1500.0,0.5,668.642,3.2,1400.0,1.6,655.348,4.4,1200.0,2.0,,Family member
2023,Median weekly earnings,SA,Persons,Relationship in household,"   Husband, wife or partner",1563.084,1.6,841.816,3.0,1500.0,1.0,892.697,4.6,1346.108,1.9,"Husband, wife or partner",Family member
2023,Median weekly earnings,SA,Persons,Relationship in household,      With dependants,1690.839,2.5,900.926,4.2,1500.0,2.5,950.0,8.0,1400.0,3.5,With dependants,Family member
2023,Median weekly earnings,SA,Persons,Relationship in household,      Without dependants,1500.0,1.5,750.0,4.9,1477.0,2.2,840.058,5.6,1287.872,2.8,Without dependants,Family member
2023,Median weekly earnings,SA,Persons,Relationship in household,   Lone parent,1426.712,7.4,681.23,11.9,1300.0,5.4,576.711,31.3,1200.0,7.9,Lone parent,Family member
2023,Median weekly earnings,SA,Persons,Relationship in household,   Dependent student,710.113,20.8,201.962,9.6,501.199,18.5,200.0,10.2,210.202,9.5,Dependent student,Family member
2023,Median weekly earnings,SA,Persons,Relationship in household,   Non-dependent child,1249.172,2.5,600.0,9.0,1152.276,4.8,800.0,6.5,1026.0,3.3,Non-dependent child,Family member
2023,Median weekly earnings,SA,Persons,Relationship in household,   Other related individual,1000.0,13.4,550.274,16.2,1000.0,4.8,586.532,23.2,888.307,10.1,Other related individual,Family member
2023,Median weekly earnings,SA,Persons,Relationship in household,Non-family member,1444.0,5.9,750.0,6.2,1444.038,4.6,789.971,7.9,1200.0,2.6,,Non-family member
2023,Median weekly earnings,SA,Persons,Relationship in household,   Lone person,1608.955,3.7,768.961,8.2,1585.004,4.2,800.0,11.4,1250.0,5.3,Lone person,Non-family member
2023,Median weekly earnings,SA,Persons,Relationship in household,   Not living alone,1200.0,7.1,700.0,18.3,1223.675,6.9,779.5,22.2,1053.78,5.7,Not living alone,Non-family member
2023,Median weekly earnings,SA,Persons,Relationship in household,Relationship not determined,0.0,0.0,552.013,0.1,604.121,0.1,0.0,0.0,673.376,0.1,,Relationship not determined
2023,Median weekly earnings,SA,Males,Relationship in household,Family member,1553.034,1.7,600.0,6.0,1549.089,1.6,800.0,9.1,1401.0,1.9,,Family member
2023,Median weekly earnings,SA,Males,Relationship in household,"   Husband, wife or partner",1634.0,2.6,899.528,7.2,1650.0,2.3,1000.0,4.5,1521.317,1.7,"Husband, wife or partner",Family member
2023,Median weekly earnings,SA,Males,Relationship in household,      With dependants,1798.882,4.0,921.891,4.1,1807.137,3.6,1050.443,8.4,1631.631,4.4,With dependants,Family member
2023,Median weekly earnings,SA,Males,Relationship in household,      Without dependants,1549.581,1.9,801.783,11.7,1542.67,2.3,895.419,9.5,1469.336,2.2,Without dependants,Family member
2023,Median weekly earnings,SA,Males,Relationship in household,   Lone parent,1637.31,10.9,477.759,0.1,1547.468,11.5,1172.503,20.8,1423.322,14.1,Lone parent,Family member
2023,Median weekly earnings,SA,Males,Relationship in household,   Dependent student,733.223,0.1,169.372,12.5,527.702,37.5,166.512,16.0,200.0,24.4,Dependent student,Family member
2023,Median weekly earnings,SA,Males,Relationship in household,   Non-dependent child,1176.313,5.6,522.569,12.4,1100.0,6.0,879.549,14.9,1032.0,5.0,Non-dependent child,Family member
2023,Median weekly earnings,SA,Males,Relationship in household,   Other related individual,1000.0,18.3,581.591,19.5,925.563,11.6,679.558,25.7,858.452,11.6,Other related individual,Family member
2023,Median weekly earnings,SA,Males,Relationship in household,Non-family member,1347.799,7.7,741.401,5.6,1442.885,7.7,779.606,16.7,1191.811,5.1,,Non-family member
2023,Median weekly earnings,SA,Males,Relationship in household,   Lone person,1608.157,9.2,750.0,16.1,1702.232,5.8,778.581,26.7,1228.906,7.5,Lone person,Non-family member
2023,Median weekly earnings,SA,Males,Relationship in household,   Not living alone,1122.346,8.4,695.209,33.0,1217.534,7.9,778.918,25.8,1024.591,7.4,Not living alone,Non-family member
2023,Median weekly earnings,SA,Females,Relationship in household,Family member,1400.0,2.7,700.0,3.3,1236.924,1.2,578.933,6.9,1050.0,2.4,,Family member
2023,Median weekly earnings,SA,Females,Relationship in household,"   Husband, wife or partner",1493.773,2.7,823.37,3.0,1250.0,2.1,755.876,5.1,1150.0,2.2,"Husband, wife or partner",Family member
2023,Median weekly earnings,SA,Females,Relationship in household,      With dependants,1495.814,5.2,900.0,5.6,1200.0,3.2,750.0,8.4,1149.555,3.0,With dependants,Family member
2023,Median weekly earnings,SA,Females,Relationship in household,      Without dependants,1451.84,4.5,750.0,5.9,1300.0,4.7,800.0,7.2,1196.969,3.6,Without dependants,Family member
2023,Median weekly earnings,SA,Females,Relationship in household,   Lone parent,1409.127,7.8,703.695,12.2,1275.636,8.0,543.312,25.9,1064.456,9.7,Lone parent,Family member
2023,Median weekly earnings,SA,Females,Relationship in household,   Dependent student,699.683,0.1,227.586,9.0,498.033,21.6,216.724,9.5,230.0,9.5,Dependent student,Family member
2023,Median weekly earnings,SA,Females,Relationship in household,   Non-dependent child,1265.811,4.7,636.132,11.1,1200.0,5.6,743.131,9.4,1005.711,9.7,Non-dependent child,Family member
2023,Median weekly earnings,SA,Females,Relationship in household,   Other related individual,1406.525,22.4,525.454,31.7,1013.099,24.8,501.072,0.1,924.369,13.5,Other related individual,Family member
2023,Median weekly earnings,SA,Females,Relationship in household,Non-family member,1500.0,4.9,792.73,8.0,1446.745,5.8,800.0,8.1,1250.0,4.8,,Non-family member
2023,Median weekly earnings,SA,Females,Relationship in household,   Lone person,1604.705,3.9,792.665,10.1,1499.731,6.8,800.385,9.9,1255.569,6.9,Lone person,Non-family member
2023,Median weekly earnings,SA,Females,Relationship in household,   Not living alone,1306.691,17.5,759.088,32.6,1300.461,10.1,714.662,42.7,1122.572,13.6,Not living alone,Non-family member
2023,Median weekly earnings,SA,Females,Relationship in household,Relationship not determined,0.0,0.0,552.013,0.1,386.026,5.8,0.0,0.0,552.013,0.1,,Relationship not determined
2023,Median weekly earnings,WA,Persons,Relationship in household,Family member,1724.0,2.3,649.831,3.4,1500.087,2.3,623.402,5.9,1305.011,2.5,,Family member
2023,Median weekly earnings,WA,Persons,Relationship in household,"   Husband, wife or partner",1841.0,2.9,750.0,2.5,1620.0,3.0,856.868,7.4,1500.0,2.4,"Husband, wife or partner",Family member
2023,Median weekly earnings,WA,Persons,Relationship in household,      With dependants,1957.31,3.8,776.08,2.8,1682.808,2.9,888.52,6.4,1542.603,2.4,With dependants,Family member
2023,Median weekly earnings,WA,Persons,Relationship in household,      Without dependants,1750.0,3.4,730.11,4.5,1578.34,4.2,799.439,10.9,1500.0,2.9,Without dependants,Family member
2023,Median weekly earnings,WA,Persons,Relationship in household,   Lone parent,1837.398,6.0,750.0,12.8,1615.367,8.6,689.963,40.3,1500.0,6.2,Lone parent,Family member
2023,Median weekly earnings,WA,Persons,Relationship in household,   Dependent student,678.206,0.1,208.351,11.4,600.0,27.1,200.0,10.9,217.046,11.2,Dependent student,Family member
2023,Median weekly earnings,WA,Persons,Relationship in household,   Non-dependent child,1196.207,4.6,544.377,11.6,1127.123,5.2,650.355,12.6,1000.0,3.9,Non-dependent child,Family member
2023,Median weekly earnings,WA,Persons,Relationship in household,   Other related individual,1250.0,8.7,498.874,20.5,1250.0,8.3,640.597,32.1,1106.676,10.4,Other related individual,Family member
2023,Median weekly earnings,WA,Persons,Relationship in household,Non-family member,1626.989,3.3,673.023,4.4,1518.017,2.4,742.776,6.9,1385.835,4.3,,Non-family member
2023,Median weekly earnings,WA,Persons,Relationship in household,   Lone person,1700.0,3.4,700.0,6.4,1600.0,3.5,731.169,9.7,1500.0,3.6,Lone person,Non-family member
2023,Median weekly earnings,WA,Persons,Relationship in household,   Not living alone,1449.835,7.8,631.953,11.5,1300.0,5.9,783.399,18.3,1200.0,5.8,Not living alone,Non-family member
2023,Median weekly earnings,WA,Persons,Relationship in household,Relationship not determined,1885.513,19.4,366.564,0.1,1885.513,16.8,366.564,0.1,1155.555,0.1,,Relationship not determined
2023,Median weekly earnings,WA,Males,Relationship in household,Family member,1875.802,2.7,550.0,6.3,1841.0,3.0,856.198,8.8,1688.198,2.9,,Family member
2023,Median weekly earnings,WA,Males,Relationship in household,"   Husband, wife or partner",2077.923,3.3,765.135,8.1,2032.642,3.7,1334.847,13.3,2000.0,3.4,"Husband, wife or partner",Family member
2023,Median weekly earnings,WA,Males,Relationship in household,      With dependants,2191.378,4.4,928.92,30.2,2200.0,4.3,1510.948,17.3,2112.271,3.7,With dependants,Family member
2023,Median weekly earnings,WA,Males,Relationship in household,      Without dependants,1999.387,5.5,732.466,7.5,1876.663,5.3,1143.59,16.8,1750.0,4.9,Without dependants,Family member
2023,Median weekly earnings,WA,Males,Relationship in household,   Lone parent,1831.986,12.4,577.223,0.1,1742.6,14.4,1510.047,0.1,1727.742,12.4,Lone parent,Family member
2023,Median weekly earnings,WA,Males,Relationship in household,   Dependent student,378.793,0.1,194.398,9.6,340.716,42.5,192.0,9.3,200.0,9.7,Dependent student,Family member
2023,Median weekly earnings,WA,Males,Relationship in household,   Non-dependent child,1172.21,6.6,452.182,18.1,1114.093,8.1,700.0,16.2,1000.0,7.4,Non-dependent child,Family member
2023,Median weekly earnings,WA,Males,Relationship in household,   Other related individual,1310.356,9.9,515.007,0.1,1250.0,13.0,913.343,219.4,1228.387,15.5,Other related individual,Family member
2023,Median weekly earnings,WA,Males,Relationship in household,Non-family member,1670.15,6.4,654.326,10.8,1605.393,5.3,994.787,21.4,1511.334,4.5,,Non-family member
2023,Median weekly earnings,WA,Males,Relationship in household,   Lone person,1736.975,6.2,693.842,22.6,1700.0,7.5,1095.652,21.3,1607.101,5.7,Lone person,Non-family member
2023,Median weekly earnings,WA,Males,Relationship in household,   Not living alone,1498.399,12.8,551.761,13.3,1277.051,6.9,866.099,34.5,1230.137,12.4,Not living alone,Non-family member
2023,Median weekly earnings,WA,Males,Relationship in household,Relationship not determined,3063.345,0.1,0.0,0.0,3063.345,0.1,0.0,0.0,1880.597,0.1,,Relationship not determined
2023,Median weekly earnings,WA,Females,Relationship in household,Family member,1500.0,3.0,676.065,2.1,1250.0,2.0,547.0,4.7,1091.216,2.8,,Family member
2023,Median weekly earnings,WA,Females,Relationship in household,"   Husband, wife or partner",1500.0,2.7,750.0,3.1,1265.587,2.3,628.711,4.5,1193.954,3.1,"Husband, wife or partner",Family member
2023,Median weekly earnings,WA,Females,Relationship in household,      With dependants,1476.937,4.1,765.244,2.2,1231.997,2.5,658.02,11.6,1100.0,4.6,With dependants,Family member
2023,Median weekly earnings,WA,Females,Relationship in household,      Without dependants,1551.16,3.6,724.49,5.5,1353.126,4.6,618.454,9.8,1243.645,3.6,Without dependants,Family member
2023,Median weekly earnings,WA,Females,Relationship in household,   Lone parent,1853.929,7.2,750.0,11.8,1500.0,11.1,668.777,32.9,1397.207,8.7,Lone parent,Family member
2023,Median weekly earnings,WA,Females,Relationship in household,   Dependent student,1135.789,0.1,238.765,23.3,673.701,0.1,210.404,22.7,266.848,20.2,Dependent student,Family member
2023,Median weekly earnings,WA,Females,Relationship in household,   Non-dependent child,1200.0,7.0,599.763,15.5,1175.87,7.3,591.579,16.9,1000.0,5.8,Non-dependent child,Family member
2023,Median weekly earnings,WA,Females,Relationship in household,   Other related individual,1250.0,13.3,494.892,24.9,1250.0,13.4,500.0,26.3,1000.0,15.2,Other related individual,Family member
2023,Median weekly earnings,WA,Females,Relationship in household,Non-family member,1537.499,4.6,700.0,6.7,1450.0,5.7,698.525,10.7,1191.229,7.4,,Non-family member
2023,Median weekly earnings,WA,Females,Relationship in household,   Lone person,1623.724,4.8,726.22,8.7,1500.0,8.0,577.994,14.3,1175.126,8.8,Lone person,Non-family member
2023,Median weekly earnings,WA,Females,Relationship in household,   Not living alone,1405.494,9.0,659.6,15.6,1300.566,12.9,782.116,22.3,1198.511,14.5,Not living alone,Non-family member
2023,Median weekly earnings,WA,Females,Relationship in household,Relationship not determined,1283.333,0.1,0.0,0.0,1283.333,0.1,0.0,0.0,805.691,0.1,,Relationship not determined
2023,Median weekly earnings,TAS,Persons,Relationship in household,Family member,1500.0,2.8,688.952,5.1,1350.0,2.7,600.0,3.9,1200.0,1.3,,Family member
2023,Median weekly earnings,TAS,Persons,Relationship in household,"   Husband, wife or partner",1600.0,2.5,828.939,4.6,1400.0,2.7,755.38,8.9,1333.999,2.9,"Husband, wife or partner",Family member
2023,Median weekly earnings,TAS,Persons,Relationship in household,      With dependants,1698.189,2.6,864.133,3.8,1500.0,3.2,713.784,16.7,1400.0,2.9,With dependants,Family member
2023,Median weekly earnings,TAS,Persons,Relationship in household,      Without dependants,1504.402,5.1,789.938,6.5,1334.989,4.9,812.567,15.2,1230.788,3.1,Without dependants,Family member
2023,Median weekly earnings,TAS,Persons,Relationship in household,   Lone parent,1500.0,7.3,596.198,10.0,1355.229,8.6,550.0,17.4,1140.329,5.3,Lone parent,Family member
2023,Median weekly earnings,TAS,Persons,Relationship in household,   Dependent student,960.176,34.8,144.075,17.8,750.651,25.4,135.038,22.2,164.853,17.9,Dependent student,Family member
2023,Median weekly earnings,TAS,Persons,Relationship in household,   Non-dependent child,1203.996,4.1,529.805,10.7,1100.0,5.7,681.447,10.7,1000.0,6.3,Non-dependent child,Family member
2023,Median weekly earnings,TAS,Persons,Relationship in household,   Other related individual,1017.245,8.2,424.696,38.3,792.44,17.2,728.612,24.6,800.0,17.0,Other related individual,Family member
2023,Median weekly earnings,TAS,Persons,Relationship in household,Non-family member,1426.636,5.0,746.082,9.9,1291.89,3.8,619.818,17.8,1225.948,3.1,,Non-family member
2023,Median weekly earnings,TAS,Persons,Relationship in household,   Lone person,1499.901,6.5,898.515,9.1,1300.0,5.0,749.044,23.8,1265.46,2.8,Lone person,Non-family member
2023,Median weekly earnings,TAS,Persons,Relationship in household,   Not living alone,1377.698,8.1,600.905,24.3,1149.945,10.8,619.302,17.7,1018.196,12.0,Not living alone,Non-family member
2023,Median weekly earnings,TAS,Males,Relationship in household,Family member,1500.0,3.1,594.66,7.6,1494.609,2.6,698.016,7.4,1341.144,2.6,,Family member
2023,Median weekly earnings,TAS,Males,Relationship in household,"   Husband, wife or partner",1600.0,3.0,800.514,11.5,1585.474,2.4,1085.881,9.4,1500.0,3.4,"Husband, wife or partner",Family member
2023,Median weekly earnings,TAS,Males,Relationship in household,      With dependants,1660.579,3.6,1005.037,15.6,1613.398,3.4,1155.169,13.8,1600.0,3.3,With dependants,Family member
2023,Median weekly earnings,TAS,Males,Relationship in household,      Without dependants,1549.277,6.5,742.119,14.6,1400.0,6.3,1057.515,12.8,1300.0,4.4,Without dependants,Family member
2023,Median weekly earnings,TAS,Males,Relationship in household,   Lone parent,1652.944,12.6,591.001,0.1,1681.423,15.0,702.874,27.7,1463.741,22.0,Lone parent,Family member
2023,Median weekly earnings,TAS,Males,Relationship in household,   Dependent student,1083.213,0.1,151.502,28.3,744.668,70.6,150.0,26.1,201.082,51.5,Dependent student,Family member
2023,Median weekly earnings,TAS,Males,Relationship in household,   Non-dependent child,1236.383,6.8,405.139,14.1,1195.965,10.4,679.124,16.1,1000.0,11.6,Non-dependent child,Family member
2023,Median weekly earnings,TAS,Males,Relationship in household,   Other related individual,962.647,27.7,181.425,0.1,800.0,0.1,493.151,0.1,800.0,29.0,Other related individual,Family member
2023,Median weekly earnings,TAS,Males,Relationship in household,Non-family member,1415.43,5.3,599.863,19.9,1370.404,4.8,598.48,32.5,1287.232,4.7,,Non-family member
2023,Median weekly earnings,TAS,Males,Relationship in household,   Lone person,1447.044,7.6,510.91,56.2,1446.88,7.2,505.971,50.2,1345.138,7.1,Lone person,Non-family member
2023,Median weekly earnings,TAS,Males,Relationship in household,   Not living alone,1400.0,10.9,626.811,35.1,1101.997,13.0,796.103,54.5,1060.65,18.6,Not living alone,Non-family member
2023,Median weekly earnings,TAS,Females,Relationship in household,Family member,1473.0,3.5,748.32,3.7,1208.294,3.3,550.0,3.8,1050.0,2.7,,Family member
2023,Median weekly earnings,TAS,Females,Relationship in household,"   Husband, wife or partner",1554.909,3.8,839.187,4.5,1269.025,4.0,638.192,7.1,1164.576,4.1,"Husband, wife or partner",Family member
2023,Median weekly earnings,TAS,Females,Relationship in household,      With dependants,1743.0,4.6,858.614,4.5,1286.0,5.5,633.649,10.2,1130.661,5.5,With dependants,Family member
2023,Median weekly earnings,TAS,Females,Relationship in household,      Without dependants,1474.881,5.9,802.988,4.8,1259.176,6.8,691.395,16.1,1200.0,6.6,Without dependants,Family member
2023,Median weekly earnings,TAS,Females,Relationship in household,   Lone parent,1423.595,10.4,600.841,11.7,1312.65,7.8,547.132,22.9,1094.08,5.5,Lone parent,Family member
2023,Median weekly earnings,TAS,Females,Relationship in household,   Dependent student,0.0,0.0,128.846,21.2,585.184,0.1,127.233,26.2,136.587,20.0,Dependent student,Family member
2023,Median weekly earnings,TAS,Females,Relationship in household,   Non-dependent child,1187.156,8.2,637.051,13.0,1015.359,6.3,699.848,12.5,913.465,8.4,Non-dependent child,Family member
2023,Median weekly earnings,TAS,Females,Relationship in household,   Other related individual,1025.988,0.1,726.913,24.0,744.663,22.4,851.635,0.1,774.353,16.3,Other related individual,Family member
2023,Median weekly earnings,TAS,Females,Relationship in household,Non-family member,1526.22,7.4,791.307,12.2,1252.179,6.2,641.944,19.0,1190.827,5.2,,Non-family member
2023,Median weekly earnings,TAS,Females,Relationship in household,   Lone person,1583.721,7.6,940.052,9.1,1251.641,9.0,970.545,31.2,1222.873,4.6,Lone person,Non-family member
2023,Median weekly earnings,TAS,Females,Relationship in household,   Not living alone,1318.696,17.4,500.0,37.8,1280.888,28.5,578.348,25.1,870.865,23.5,Not living alone,Non-family member
2023,Median weekly earnings,NT,Persons,Relationship in household,Family member,1600.0,3.6,691.038,4.6,1535.581,1.7,671.81,5.8,1416.005,3.5,,Family member
2023,Median weekly earnings,NT,Persons,Relationship in household,"   Husband, wife or partner",1702.788,3.2,811.807,9.2,1584.37,3.3,928.229,6.9,1533.401,3.2,"Husband, wife or partner",Family member
2023,Median weekly earnings,NT,Persons,Relationship in household,      With dependants,1750.0,5.4,831.135,13.3,1580.595,5.5,758.684,31.3,1504.527,5.4,With dependants,Family member
2023,Median weekly earnings,NT,Persons,Relationship in household,      Without dependants,1600.0,4.0,806.706,10.1,1589.945,3.6,995.497,18.6,1540.383,5.0,Without dependants,Family member
2023,Median weekly earnings,NT,Persons,Relationship in household,   Lone parent,1696.905,8.7,646.755,22.2,1740.642,8.2,645.766,28.6,1475.203,9.2,Lone parent,Family member
2023,Median weekly earnings,NT,Persons,Relationship in household,   Dependent student,593.163,0.1,126.532,39.1,0.0,0.0,134.161,36.1,140.995,35.1,Dependent student,Family member
2023,Median weekly earnings,NT,Persons,Relationship in household,   Non-dependent child,1189.722,8.4,712.477,13.8,1197.358,8.2,740.43,23.3,1023.327,11.2,Non-dependent child,Family member
2023,Median weekly earnings,NT,Persons,Relationship in household,   Other related individual,1519.349,18.3,700.857,13.8,1448.52,14.6,691.988,26.0,1213.362,13.7,Other related individual,Family member
2023,Median weekly earnings,NT,Persons,Relationship in household,Non-family member,1500.0,8.2,806.683,10.1,1445.793,10.8,990.052,19.6,1400.0,8.7,,Non-family member
2023,Median weekly earnings,NT,Persons,Relationship in household,   Lone person,1784.911,8.0,965.833,20.5,1590.983,8.6,1371.704,32.5,1531.847,9.8,Lone person,Non-family member
2023,Median weekly earnings,NT,Persons,Relationship in household,   Not living alone,1292.343,14.0,746.595,45.5,1200.0,18.6,809.465,44.1,1094.0,13.7,Not living alone,Non-family member
2023,Median weekly earnings,NT,Persons,Relationship in household,Relationship not determined,1697.894,0.1,0.0,0.0,1945.083,0.1,808.237,0.1,1517.968,22.9,,Relationship not determined
2023,Median weekly earnings,NT,Males,Relationship in household,Family member,1800.0,3.6,671.01,21.8,1750.0,3.9,787.676,12.8,1654.931,4.2,,Family member
2023,Median weekly earnings,NT,Males,Relationship in household,"   Husband, wife or partner",1810.864,3.7,869.352,16.9,1800.0,3.5,1369.713,20.0,1800.0,3.4,"Husband, wife or partner",Family member
2023,Median weekly earnings,NT,Males,Relationship in household,      With dependants,1914.601,5.5,1053.018,0.1,1917.679,5.5,1180.568,45.0,1827.522,5.8,With dependants,Family member
2023,Median weekly earnings,NT,Males,Relationship in household,      Without dependants,1776.635,5.6,868.033,23.8,1727.992,4.6,1432.616,38.5,1726.0,4.2,Without dependants,Family member
2023,Median weekly earnings,NT,Males,Relationship in household,   Lone parent,1947.952,0.1,0.0,0.0,1986.498,0.1,1710.984,0.1,1929.619,24.2,Lone parent,Family member
2023,Median weekly earnings,NT,Males,Relationship in household,   Dependent student,0.0,0.0,101.551,57.9,0.0,0.0,101.551,57.9,113.618,51.8,Dependent student,Family member
2023,Median weekly earnings,NT,Males,Relationship in household,   Non-dependent child,1199.301,18.5,724.704,38.5,1199.796,17.6,635.228,27.8,1035.575,21.2,Non-dependent child,Family member
2023,Median weekly earnings,NT,Males,Relationship in household,   Other related individual,2216.036,17.4,668.387,0.1,1659.377,20.8,631.788,0.1,1379.14,27.6,Other related individual,Family member
2023,Median weekly earnings,NT,Males,Relationship in household,Non-family member,1489.309,11.3,798.593,24.9,1463.226,14.3,959.921,34.5,1364.533,13.2,,Non-family member
2023,Median weekly earnings,NT,Males,Relationship in household,   Lone person,1785.546,12.6,1214.53,0.1,1632.962,12.1,1191.111,0.1,1523.67,10.4,Lone person,Non-family member
2023,Median weekly earnings,NT,Males,Relationship in household,   Not living alone,1200.0,24.4,677.925,0.1,1134.076,43.6,834.732,69.7,1094.0,21.7,Not living alone,Non-family member
2023,Median weekly earnings,NT,Males,Relationship in household,Relationship not determined,1945.083,0.1,0.0,0.0,1945.083,0.1,0.0,0.0,1773.208,0.1,,Relationship not determined
2023,Median weekly earnings,NT,Females,Relationship in household,Family member,1440.454,4.2,700.0,3.6,1350.0,3.7,650.0,8.8,1240.15,2.3,,Family member
2023,Median weekly earnings,NT,Females,Relationship in household,"   Husband, wife or partner",1472.878,5.1,785.475,8.0,1349.414,3.7,753.577,10.9,1300.0,3.9,"Husband, wife or partner",Family member
2023,Median weekly earnings,NT,Females,Relationship in household,      With dependants,1451.11,7.9,802.413,11.1,1299.307,3.9,608.758,43.8,1249.533,4.3,With dependants,Family member
2023,Median weekly earnings,NT,Females,Relationship in household,      Without dependants,1481.155,5.2,715.394,11.3,1445.574,4.4,849.385,17.0,1350.0,5.3,Without dependants,Family member
2023,Median weekly earnings,NT,Females,Relationship in household,   Lone parent,1588.05,11.4,634.646,14.9,1618.524,10.3,624.734,15.0,1267.195,10.3,Lone parent,Family member
2023,Median weekly earnings,NT,Females,Relationship in household,   Dependent student,0.0,0.0,165.802,47.8,0.0,0.0,209.653,27.3,209.653,27.3,Dependent student,Family member
2023,Median weekly earnings,NT,Females,Relationship in household,   Non-dependent child,1181.58,11.9,676.088,57.2,1182.527,14.4,758.38,0.1,1027.141,13.3,Non-dependent child,Family member
2023,Median weekly earnings,NT,Females,Relationship in household,   Other related individual,1445.958,31.4,754.731,7.2,1398.339,24.5,727.658,0.1,1156.502,15.4,Other related individual,Family member
2023,Median weekly earnings,NT,Females,Relationship in household,Non-family member,1506.787,7.5,826.195,16.5,1401.122,10.3,1467.448,24.9,1435.449,8.7,,Non-family member
2023,Median weekly earnings,NT,Females,Relationship in household,   Lone person,1753.439,10.9,922.18,35.8,1572.047,14.7,1482.288,0.1,1531.18,12.9,Lone person,Non-family member
2023,Median weekly earnings,NT,Females,Relationship in household,   Not living alone,1406.994,18.1,800.115,0.1,1348.042,21.1,852.18,0.1,1307.091,13.4,Not living alone,Non-family member
2023,Median weekly earnings,ACT,Persons,Relationship in household,Family member,1750.0,3.5,646.411,6.6,1653.886,2.2,544.449,17.8,1566.381,2.3,,Family member
2023,Median weekly earnings,ACT,Persons,Relationship in household,"   Husband, wife or partner",1844.718,3.9,877.413,8.7,1726.0,4.0,1199.948,17.3,1703.0,3.2,"Husband, wife or partner",Family member
2023,Median weekly earnings,ACT,Persons,Relationship in household,      With dependants,2000.0,4.5,906.977,16.1,1887.602,4.4,1392.639,30.8,1841.0,4.1,With dependants,Family member
2023,Median weekly earnings,ACT,Persons,Relationship in household,      Without dependants,1716.38,4.7,861.979,11.7,1632.122,3.9,1058.447,25.0,1609.144,3.3,Without dependants,Family member
2023,Median weekly earnings,ACT,Persons,Relationship in household,   Lone parent,1922.634,8.2,933.241,31.6,1780.1,8.4,2387.718,0.1,1782.884,9.3,Lone parent,Family member
2023,Median weekly earnings,ACT,Persons,Relationship in household,   Dependent student,0.0,0.0,196.561,17.8,342.833,33.8,146.995,21.7,200.0,18.0,Dependent student,Family member
2023,Median weekly earnings,ACT,Persons,Relationship in household,   Non-dependent child,1372.65,9.3,501.209,32.0,1257.796,14.2,448.886,37.2,949.613,17.4,Non-dependent child,Family member
2023,Median weekly earnings,ACT,Persons,Relationship in household,   Other related individual,1451.755,17.5,700.0,28.6,1358.963,18.9,785.963,24.5,1180.808,13.9,Other related individual,Family member
2023,Median weekly earnings,ACT,Persons,Relationship in household,Non-family member,1711.182,2.5,515.878,22.0,1683.699,3.0,470.852,27.9,1599.532,3.7,,Non-family member
2023,Median weekly earnings,ACT,Persons,Relationship in household,   Lone person,1800.0,4.5,1071.929,30.2,1792.544,3.9,1055.187,29.1,1756.308,2.9,Lone person,Non-family member
2023,Median weekly earnings,ACT,Persons,Relationship in household,   Not living alone,1461.848,9.6,368.628,31.3,1445.917,11.8,312.987,30.5,1028.637,18.8,Not living alone,Non-family member
2023,Median weekly earnings,ACT,Persons,Relationship in household,Relationship not determined,1472.357,0.1,0.0,0.0,1425.983,0.1,0.0,0.0,1425.983,0.1,,Relationship not determined
2023,Median weekly earnings,ACT,Males,Relationship in household,Family member,1814.898,4.1,400.0,23.2,1726.0,3.7,655.734,31.2,1641.43,2.9,,Family member
2023,Median weekly earnings,ACT,Males,Relationship in household,"   Husband, wife or partner",1926.197,4.8,732.312,23.4,1888.558,3.7,1635.039,18.8,1821.0,4.1,"Husband, wife or partner",Family member
2023,Median weekly earnings,ACT,Males,Relationship in household,      With dependants,2000.829,6.1,740.818,53.6,2000.0,6.4,2089.452,30.6,2000.0,6.4,With dependants,Family member
2023,Median weekly earnings,ACT,Males,Relationship in household,      Without dependants,1782.843,5.1,697.065,41.3,1750.0,4.6,1339.67,25.9,1705.931,5.6,Without dependants,Family member
2023,Median weekly earnings,ACT,Males,Relationship in household,   Lone parent,2271.855,21.9,0.0,0.0,2300.986,21.5,0.0,0.0,2094.391,23.9,Lone parent,Family member
2023,Median weekly earnings,ACT,Males,Relationship in household,   Dependent student,0.0,0.0,187.806,32.2,341.102,47.2,148.569,40.4,187.806,32.2,Dependent student,Family member
2023,Median weekly earnings,ACT,Males,Relationship in household,   Non-dependent child,1157.31,10.3,439.001,49.1,1034.586,13.8,274.924,58.2,826.112,13.1,Non-dependent child,Family member
2023,Median weekly earnings,ACT,Males,Relationship in household,   Other related individual,1237.636,23.3,660.757,0.1,1217.587,23.0,571.664,0.1,1111.37,20.9,Other related individual,Family member
2023,Median weekly earnings,ACT,Males,Relationship in household,Non-family member,1640.686,4.3,508.262,30.8,1627.416,4.5,508.487,112.2,1534.0,7.9,,Non-family member
2023,Median weekly earnings,ACT,Males,Relationship in household,   Lone person,1799.413,6.7,492.653,0.1,1795.142,5.0,740.857,187.7,1684.786,5.8,Lone person,Non-family member
2023,Median weekly earnings,ACT,Males,Relationship in household,   Not living alone,1391.731,14.9,536.659,43.1,1363.292,15.4,346.516,0.1,1205.061,16.0,Not living alone,Non-family member
2023,Median weekly earnings,ACT,Males,Relationship in household,Relationship not determined,1298.465,0.1,0.0,0.0,1298.465,0.1,0.0,0.0,1298.465,0.1,,Relationship not determined
2023,Median weekly earnings,ACT,Females,Relationship in household,Family member,1723.864,3.1,706.174,7.5,1600.0,2.6,523.696,11.9,1500.0,3.3,,Family member
2023,Median weekly earnings,ACT,Females,Relationship in household,"   Husband, wife or partner",1749.562,4.7,898.67,9.5,1627.315,3.6,772.912,20.5,1582.977,3.9,"Husband, wife or partner",Family member
2023,Median weekly earnings,ACT,Females,Relationship in household,      With dependants,1950.433,4.2,964.465,19.6,1774.733,6.6,609.649,52.2,1685.175,6.0,With dependants,Family member
2023,Median weekly earnings,ACT,Females,Relationship in household,      Without dependants,1630.0,5.8,876.994,14.4,1500.0,4.4,801.428,34.2,1480.632,5.0,Without dependants,Family member
2023,Median weekly earnings,ACT,Females,Relationship in household,   Lone parent,1783.121,9.9,891.913,26.9,1714.99,13.5,3000.747,0.1,1726.0,13.3,Lone parent,Family member
2023,Median weekly earnings,ACT,Females,Relationship in household,   Dependent student,0.0,0.0,200.0,17.5,441.473,0.1,146.589,25.3,200.0,17.1,Dependent student,Family member
2023,Median weekly earnings,ACT,Females,Relationship in household,   Non-dependent child,1592.308,9.6,527.641,38.0,1578.143,14.4,819.046,0.1,1460.821,14.7,Non-dependent child,Family member
2023,Median weekly earnings,ACT,Females,Relationship in household,   Other related individual,1531.884,9.7,700.0,0.1,1517.864,21.8,894.37,0.1,1481.866,15.6,Other related individual,Family member
2023,Median weekly earnings,ACT,Females,Relationship in household,Non-family member,1776.283,4.6,532.197,48.6,1762.336,4.4,407.82,52.6,1649.661,3.5,,Non-family member
2023,Median weekly earnings,ACT,Females,Relationship in household,   Lone person,1796.148,4.5,1306.543,21.6,1792.0,4.3,1167.182,0.1,1761.939,2.4,Lone person,Non-family member
2023,Median weekly earnings,ACT,Females,Relationship in household,   Not living alone,1534.593,26.1,283.214,159.1,1519.195,20.3,282.866,70.8,851.806,31.7,Not living alone,Non-family member
2023,Median weekly earnings,ACT,Females,Relationship in household,Relationship not determined,1464.225,0.1,0.0,0.0,1331.953,0.1,0.0,0.0,1331.953,0.1,,Relationship not determined
2024,Median weekly earnings,Australia,Persons,Relationship in household,Family member,1726.0,0.8,690.0,1.3,1550.0,1.0,610.0,2.1,1380.0,0.9,,Family member
2024,Median weekly earnings,Australia,Persons,Relationship in household,"   Husband, wife or partner",1825.0,0.8,853.0,1.7,1659.462,1.2,940.0,2.1,1570.0,1.1,"Husband, wife or partner",Family member
2024,Median weekly earnings,Australia,Persons,Relationship in household,      With dependants,1993.109,0.8,906.0,1.2,1750.0,1.0,961.072,2.1,1666.561,1.2,With dependants,Family member
2024,Median weekly earnings,Australia,Persons,Relationship in household,      Without dependants,1700.0,1.3,800.0,2.5,1569.911,1.4,900.0,4.1,1499.0,1.1,Without dependants,Family member
2024,Median weekly earnings,Australia,Persons,Relationship in household,   Lone parent,1623.0,2.4,790.662,3.5,1425.0,2.4,753.154,7.9,1300.0,2.6,Lone parent,Family member
2024,Median weekly earnings,Australia,Persons,Relationship in household,   Dependent student,900.0,6.2,215.217,4.7,500.0,6.1,200.0,5.6,240.0,5.8,Dependent student,Family member
2024,Median weekly earnings,Australia,Persons,Relationship in household,   Non-dependent child,1330.0,2.2,600.0,2.1,1250.0,2.0,697.0,5.7,1100.0,1.5,Non-dependent child,Family member
2024,Median weekly earnings,Australia,Persons,Relationship in household,   Other related individual,1500.0,3.9,674.96,3.4,1299.085,3.9,750.0,4.2,1136.44,4.4,Other related individual,Family member
2024,Median weekly earnings,Australia,Persons,Relationship in household,Non-family member,1614.893,1.2,699.196,2.4,1538.709,1.4,840.0,4.1,1416.0,1.1,,Non-family member
2024,Median weekly earnings,Australia,Persons,Relationship in household,   Lone person,1733.854,1.3,796.421,4.8,1619.0,1.8,850.0,6.3,1536.009,1.3,Lone person,Non-family member
2024,Median weekly earnings,Australia,Persons,Relationship in household,   Not living alone,1500.0,1.7,624.144,2.2,1400.0,3.0,826.179,4.8,1202.591,3.4,Not living alone,Non-family member
2024,Median weekly earnings,Australia,Persons,Relationship in household,Relationship not determined,1714.221,8.8,761.707,12.3,1593.44,8.2,776.883,34.8,1438.394,5.6,,Relationship not determined
2024,Median weekly earnings,Australia,Males,Relationship in household,Family member,1807.962,1.2,600.436,1.9,1750.0,0.8,800.0,4.3,1600.0,0.8,,Family member
2024,Median weekly earnings,Australia,Males,Relationship in household,"   Husband, wife or partner",1986.276,1.0,900.0,2.0,1913.47,1.3,1200.0,3.1,1841.0,1.3,"Husband, wife or partner",Family member
2024,Median weekly earnings,Australia,Males,Relationship in household,      With dependants,2054.0,1.3,960.0,3.3,2009.003,1.3,1347.577,3.7,2000.0,0.6,With dependants,Family member
2024,Median weekly earnings,Australia,Males,Relationship in household,      Without dependants,1800.0,1.6,850.0,3.2,1746.755,1.4,1103.384,4.0,1668.0,1.5,Without dependants,Family member
2024,Median weekly earnings,Australia,Males,Relationship in household,   Lone parent,1879.498,7.7,709.432,13.5,1852.408,7.0,1088.362,15.6,1683.887,6.5,Lone parent,Family member
2024,Median weekly earnings,Australia,Males,Relationship in household,   Dependent student,996.641,11.3,240.0,6.5,550.0,9.3,214.0,5.7,258.955,6.7,Dependent student,Family member
2024,Median weekly earnings,Australia,Males,Relationship in household,   Non-dependent child,1342.996,1.9,650.0,4.5,1263.446,2.2,800.0,6.4,1150.0,2.2,Non-dependent child,Family member
2024,Median weekly earnings,Australia,Males,Relationship in household,   Other related individual,1449.27,4.3,642.578,7.5,1318.316,5.8,838.783,7.4,1197.026,7.2,Other related individual,Family member
2024,Median weekly earnings,Australia,Males,Relationship in household,Non-family member,1650.0,1.9,650.0,3.9,1600.0,2.4,940.374,4.1,1500.0,1.6,,Non-family member
2024,Median weekly earnings,Australia,Males,Relationship in household,   Lone person,1800.0,2.8,700.0,6.6,1750.0,2.4,1000.0,11.5,1650.0,2.4,Lone person,Non-family member
2024,Median weekly earnings,Australia,Males,Relationship in household,   Not living alone,1500.0,2.9,625.0,4.1,1403.0,3.1,900.0,7.1,1252.206,2.7,Not living alone,Non-family member
2024,Median weekly earnings,Australia,Males,Relationship in household,Relationship not determined,1842.664,13.0,794.007,21.3,1828.207,12.4,860.901,34.5,1561.995,9.8,,Relationship not determined
2024,Median weekly earnings,Australia,Females,Relationship in household,Family member,1599.855,0.9,703.989,1.5,1375.0,1.1,513.0,2.9,1200.0,0.6,,Family member
2024,Median weekly earnings,Australia,Females,Relationship in household,"   Husband, wife or partner",1648.0,1.5,850.0,1.6,1423.85,1.5,750.0,3.0,1305.848,1.4,"Husband, wife or partner",Family member
2024,Median weekly earnings,Australia,Females,Relationship in household,      With dependants,1750.0,1.3,900.0,1.1,1449.0,1.8,750.0,3.9,1316.621,1.8,With dependants,Family member
2024,Median weekly earnings,Australia,Females,Relationship in household,      Without dependants,1566.683,1.7,780.0,1.6,1400.0,2.3,750.0,4.3,1300.0,1.8,Without dependants,Family member
2024,Median weekly earnings,Australia,Females,Relationship in household,   Lone parent,1577.4,2.2,793.493,3.8,1350.0,2.5,718.935,6.7,1232.824,2.4,Lone parent,Family member
2024,Median weekly earnings,Australia,Females,Relationship in household,   Dependent student,858.829,7.7,200.0,7.4,472.654,12.5,185.436,7.6,211.544,7.5,Dependent student,Family member
2024,Median weekly earnings,Australia,Females,Relationship in household,   Non-dependent child,1309.94,3.3,600.0,3.1,1225.291,2.8,596.731,7.2,1027.418,3.0,Non-dependent child,Family member
2024,Median weekly earnings,Australia,Females,Relationship in household,   Other related individual,1500.0,6.7,700.0,3.5,1256.147,5.4,700.0,4.9,1050.0,4.9,Other related individual,Family member
2024,Median weekly earnings,Australia,Females,Relationship in household,Non-family member,1599.0,1.8,703.0,5.4,1500.0,1.7,722.799,5.3,1350.0,2.3,,Non-family member
2024,Median weekly earnings,Australia,Females,Relationship in household,   Lone person,1700.0,2.3,836.966,5.5,1532.399,2.2,644.104,9.3,1444.205,1.8,Lone person,Non-family member
2024,Median weekly earnings,Australia,Females,Relationship in household,   Not living alone,1500.0,1.7,624.0,5.2,1351.625,4.6,800.0,8.7,1149.489,5.5,Not living alone,Non-family member
2024,Median weekly earnings,Australia,Females,Relationship in household,Relationship not determined,1475.727,10.2,727.558,19.1,1460.506,13.4,751.101,21.7,1312.63,11.0,,Relationship not determined
2024,Median weekly earnings,NSW,Persons,Relationship in household,Family member,1711.128,1.2,670.0,2.7,1578.0,1.0,600.0,3.2,1389.0,1.0,,Family member
2024,Median weekly earnings,NSW,Persons,Relationship in household,"   Husband, wife or partner",1841.0,1.4,820.167,2.4,1700.0,1.0,856.819,3.5,1598.262,1.0,"Husband, wife or partner",Family member
2024,Median weekly earnings,NSW,Persons,Relationship in household,      With dependants,2000.0,1.9,850.0,3.0,1800.0,2.1,899.354,3.9,1700.0,1.9,With dependants,Family member
2024,Median weekly earnings,NSW,Persons,Relationship in household,      Without dependants,1700.0,1.8,800.0,3.3,1600.0,2.1,841.217,6.3,1500.0,2.1,Without dependants,Family member
2024,Median weekly earnings,NSW,Persons,Relationship in household,   Lone parent,1661.882,4.9,765.132,8.6,1546.17,3.7,753.924,11.3,1380.0,5.5,Lone parent,Family member
2024,Median weekly earnings,NSW,Persons,Relationship in household,   Dependent student,999.183,10.4,240.0,11.3,621.32,16.7,200.0,12.2,250.641,11.3,Dependent student,Family member
2024,Median weekly earnings,NSW,Persons,Relationship in household,   Non-dependent child,1256.249,2.3,633.982,6.8,1200.0,2.4,623.705,12.2,1100.0,3.1,Non-dependent child,Family member
2024,Median weekly earnings,NSW,Persons,Relationship in household,   Other related individual,1411.147,6.5,700.0,10.0,1250.0,7.5,703.598,10.7,1050.385,7.3,Other related individual,Family member
2024,Median weekly earnings,NSW,Persons,Relationship in household,Non-family member,1600.947,3.5,700.0,5.5,1509.411,3.3,800.0,6.1,1368.86,3.8,,Non-family member
2024,Median weekly earnings,NSW,Persons,Relationship in household,   Lone person,1750.0,3.0,775.421,6.9,1643.856,4.2,718.969,12.4,1496.503,3.3,Lone person,Non-family member
2024,Median weekly earnings,NSW,Persons,Relationship in household,   Not living alone,1474.165,5.0,650.0,5.9,1410.71,5.5,899.222,6.2,1189.047,6.0,Not living alone,Non-family member
2024,Median weekly earnings,NSW,Persons,Relationship in household,Relationship not determined,1828.795,9.4,877.4,9.0,1553.152,14.1,1080.708,71.2,1538.012,11.4,,Relationship not determined
2024,Median weekly earnings,NSW,Males,Relationship in household,Family member,1750.0,1.8,644.0,5.0,1711.391,1.3,744.01,7.8,1537.332,1.7,,Family member
2024,Median weekly earnings,NSW,Males,Relationship in household,"   Husband, wife or partner",1941.642,1.4,899.29,4.9,1908.774,2.1,1093.076,4.3,1777.419,1.6,"Husband, wife or partner",Family member
2024,Median weekly earnings,NSW,Males,Relationship in household,      With dependants,2071.0,2.4,912.684,8.4,2071.0,1.6,1139.56,9.1,2000.0,2.0,With dependants,Family member
2024,Median weekly earnings,NSW,Males,Relationship in household,      Without dependants,1730.0,2.6,863.526,6.9,1690.298,1.9,1079.731,6.7,1605.684,1.9,Without dependants,Family member
2024,Median weekly earnings,NSW,Males,Relationship in household,   Lone parent,1726.404,12.9,964.785,23.1,1729.88,14.2,1080.008,40.3,1580.668,13.8,Lone parent,Family member
2024,Median weekly earnings,NSW,Males,Relationship in household,   Dependent student,991.767,18.8,240.0,17.2,669.539,17.1,238.111,11.5,271.668,15.4,Dependent student,Family member
2024,Median weekly earnings,NSW,Males,Relationship in household,   Non-dependent child,1250.0,3.0,718.664,8.6,1200.0,3.4,699.58,13.2,1100.0,3.7,Non-dependent child,Family member
2024,Median weekly earnings,NSW,Males,Relationship in household,   Other related individual,1305.044,6.9,628.202,15.9,1195.805,10.9,688.991,15.8,951.099,13.9,Other related individual,Family member
2024,Median weekly earnings,NSW,Males,Relationship in household,Non-family member,1578.0,2.9,750.0,8.3,1582.621,3.4,946.163,6.2,1440.15,3.0,,Non-family member
2024,Median weekly earnings,NSW,Males,Relationship in household,   Lone person,1700.372,3.8,780.794,15.6,1700.0,4.5,974.06,16.5,1554.193,3.3,Lone person,Non-family member
2024,Median weekly earnings,NSW,Males,Relationship in household,   Not living alone,1455.306,4.5,739.815,12.3,1494.029,5.1,937.239,9.6,1250.0,5.7,Not living alone,Non-family member
2024,Median weekly earnings,NSW,Males,Relationship in household,Relationship not determined,1830.259,9.2,814.593,27.0,1535.575,20.6,914.227,29.2,1421.087,16.9,,Relationship not determined
2024,Median weekly earnings,NSW,Females,Relationship in household,Family member,1625.671,1.6,675.029,4.1,1439.935,1.8,512.44,6.1,1216.0,1.1,,Family member
2024,Median weekly earnings,NSW,Females,Relationship in household,"   Husband, wife or partner",1726.178,2.2,800.0,2.5,1500.0,1.7,670.023,6.8,1371.0,2.0,"Husband, wife or partner",Family member
2024,Median weekly earnings,NSW,Females,Relationship in household,      With dependants,1794.164,3.1,839.381,3.0,1513.686,2.6,647.812,6.6,1400.0,3.5,With dependants,Family member
2024,Median weekly earnings,NSW,Females,Relationship in household,      Without dependants,1633.497,3.6,786.897,3.3,1494.46,2.4,718.216,7.1,1350.0,3.6,Without dependants,Family member
2024,Median weekly earnings,NSW,Females,Relationship in household,   Lone parent,1615.229,5.0,755.935,8.4,1514.873,3.8,750.0,12.2,1276.121,6.9,Lone parent,Family member
2024,Median weekly earnings,NSW,Females,Relationship in household,   Dependent student,994.434,0.1,232.506,13.4,541.233,23.5,198.096,17.7,242.105,13.6,Dependent student,Family member
2024,Median weekly earnings,NSW,Females,Relationship in household,   Non-dependent child,1262.0,4.9,585.877,8.4,1242.034,3.4,590.635,16.7,1052.757,4.9,Non-dependent child,Family member
2024,Median weekly earnings,NSW,Females,Relationship in household,   Other related individual,1532.412,11.2,750.0,8.5,1337.169,7.7,700.0,14.0,1194.862,9.6,Other related individual,Family member
2024,Median weekly earnings,NSW,Females,Relationship in household,Non-family member,1685.491,4.9,661.897,8.5,1445.764,6.8,600.0,14.5,1250.641,6.0,,Non-family member
2024,Median weekly earnings,NSW,Females,Relationship in household,   Lone person,1777.805,5.0,753.185,9.6,1592.906,6.7,516.647,21.3,1400.0,4.9,Lone person,Non-family member
2024,Median weekly earnings,NSW,Females,Relationship in household,   Not living alone,1497.614,8.7,600.0,8.3,1265.973,9.9,761.607,12.5,1033.165,8.0,Not living alone,Non-family member
2024,Median weekly earnings,NSW,Females,Relationship in household,Relationship not determined,1788.605,14.0,1000.0,0.1,1600.512,17.7,1901.817,0.1,1593.165,16.0,,Relationship not determined
2024,Median weekly earnings,VIC,Persons,Relationship in household,Family member,1748.0,1.5,697.0,2.8,1569.826,1.8,553.0,5.0,1400.0,1.9,,Family member
2024,Median weekly earnings,VIC,Persons,Relationship in household,"   Husband, wife or partner",1826.0,2.1,885.1,1.9,1650.0,1.9,950.535,6.3,1591.732,1.8,"Husband, wife or partner",Family member
2024,Median weekly earnings,VIC,Persons,Relationship in household,      With dependants,2000.0,1.9,938.8,2.7,1750.0,2.8,1000.0,5.7,1684.9,2.3,With dependants,Family member
2024,Median weekly earnings,VIC,Persons,Relationship in household,      Without dependants,1703.743,2.0,798.0,3.9,1578.0,2.4,805.234,8.9,1500.0,2.3,Without dependants,Family member
2024,Median weekly earnings,VIC,Persons,Relationship in household,   Lone parent,1600.0,8.6,799.25,10.7,1300.0,4.4,623.773,10.2,1204.612,3.3,Lone parent,Family member
2024,Median weekly earnings,VIC,Persons,Relationship in household,   Dependent student,996.151,22.5,237.525,5.4,499.093,9.0,200.0,9.3,245.419,8.3,Dependent student,Family member
2024,Median weekly earnings,VIC,Persons,Relationship in household,   Non-dependent child,1392.795,4.6,539.834,7.5,1250.0,3.6,557.117,9.4,1100.0,3.5,Non-dependent child,Family member
2024,Median weekly earnings,VIC,Persons,Relationship in household,   Other related individual,1700.0,7.0,650.0,9.5,1500.0,9.8,760.74,16.5,1241.842,12.1,Other related individual,Family member
2024,Median weekly earnings,VIC,Persons,Relationship in household,Non-family member,1649.148,2.2,650.0,6.8,1539.397,1.6,700.0,11.1,1400.0,3.1,,Non-family member
2024,Median weekly earnings,VIC,Persons,Relationship in household,   Lone person,1748.0,4.1,803.118,7.6,1615.406,2.9,811.502,14.0,1551.75,2.2,Lone person,Non-family member
2024,Median weekly earnings,VIC,Persons,Relationship in household,   Not living alone,1535.969,3.4,562.535,6.1,1364.64,4.7,648.76,10.5,1100.0,7.4,Not living alone,Non-family member
2024,Median weekly earnings,VIC,Persons,Relationship in household,Relationship not determined,1357.957,36.0,678.079,0.1,1429.249,41.8,951.5,0.1,1300.0,38.7,,Relationship not determined
2024,Median weekly earnings,VIC,Males,Relationship in household,Family member,1847.769,1.4,600.0,4.1,1784.617,1.5,774.577,7.0,1650.0,1.8,,Family member
2024,Median weekly earnings,VIC,Males,Relationship in household,"   Husband, wife or partner",1970.96,1.3,950.0,7.9,1911.697,2.0,1258.992,7.3,1890.164,1.9,"Husband, wife or partner",Family member
2024,Median weekly earnings,VIC,Males,Relationship in household,      With dependants,2051.553,2.0,1094.416,14.4,2004.853,2.4,1395.945,10.6,2000.0,2.3,With dependants,Family member
2024,Median weekly earnings,VIC,Males,Relationship in household,      Without dependants,1840.976,2.1,816.367,11.0,1750.0,2.1,1144.732,14.2,1728.843,2.3,Without dependants,Family member
2024,Median weekly earnings,VIC,Males,Relationship in household,   Lone parent,1914.061,15.3,632.526,43.3,1748.58,13.2,530.551,0.1,1648.877,10.5,Lone parent,Family member
2024,Median weekly earnings,VIC,Males,Relationship in household,   Dependent student,995.204,57.3,267.81,14.4,500.0,26.9,250.0,12.2,300.0,11.0,Dependent student,Family member
2024,Median weekly earnings,VIC,Males,Relationship in household,   Non-dependent child,1383.674,5.3,576.693,11.9,1254.721,5.6,800.0,13.2,1190.597,4.9,Non-dependent child,Family member
2024,Median weekly earnings,VIC,Males,Relationship in household,   Other related individual,1700.0,7.1,641.412,13.1,1500.0,10.5,955.31,24.9,1377.205,13.6,Other related individual,Family member
2024,Median weekly earnings,VIC,Males,Relationship in household,Non-family member,1634.0,3.2,600.0,6.6,1543.67,2.0,769.862,11.7,1450.689,2.9,,Non-family member
2024,Median weekly earnings,VIC,Males,Relationship in household,   Lone person,1846.197,5.7,674.617,9.4,1747.269,4.4,684.542,14.0,1600.0,4.8,Lone person,Non-family member
2024,Median weekly earnings,VIC,Males,Relationship in household,   Not living alone,1511.343,4.3,565.263,11.0,1341.569,6.4,833.309,13.8,1240.533,6.1,Not living alone,Non-family member
2024,Median weekly earnings,VIC,Males,Relationship in household,Relationship not determined,1883.381,34.8,592.811,0.1,1899.897,41.2,1153.167,0.1,1668.997,32.8,,Relationship not determined
2024,Median weekly earnings,VIC,Females,Relationship in household,Family member,1600.0,2.5,719.229,2.2,1334.314,2.1,422.774,3.6,1199.0,1.1,,Family member
2024,Median weekly earnings,VIC,Females,Relationship in household,"   Husband, wife or partner",1634.0,2.8,864.076,2.3,1390.369,3.1,700.0,8.0,1300.0,1.9,"Husband, wife or partner",Family member
2024,Median weekly earnings,VIC,Females,Relationship in household,      With dependants,1750.0,4.2,920.0,3.8,1380.727,3.9,669.33,9.4,1265.879,3.1,With dependants,Family member
2024,Median weekly earnings,VIC,Females,Relationship in household,      Without dependants,1535.877,1.7,755.531,4.7,1400.0,3.5,719.948,11.3,1303.9,2.4,Without dependants,Family member
2024,Median weekly earnings,VIC,Females,Relationship in household,   Lone parent,1500.0,6.9,849.161,10.1,1200.0,3.6,635.676,12.2,1149.626,4.5,Lone parent,Family member
2024,Median weekly earnings,VIC,Females,Relationship in household,   Dependent student,1224.019,0.1,193.388,12.3,488.451,21.0,160.0,17.5,198.723,11.6,Dependent student,Family member
2024,Median weekly earnings,VIC,Females,Relationship in household,   Non-dependent child,1394.134,7.1,472.888,12.3,1249.544,5.5,400.0,9.5,1060.979,4.6,Non-dependent child,Family member
2024,Median weekly earnings,VIC,Females,Relationship in household,   Other related individual,1639.205,13.4,650.686,15.5,1327.713,18.2,600.883,38.5,1046.494,18.4,Other related individual,Family member
2024,Median weekly earnings,VIC,Females,Relationship in household,Non-family member,1654.225,2.6,700.0,7.9,1537.714,2.2,620.752,16.6,1378.494,5.6,,Non-family member
2024,Median weekly earnings,VIC,Females,Relationship in household,   Lone person,1684.0,3.5,916.499,7.0,1580.494,2.9,937.997,21.3,1500.0,3.7,Lone person,Non-family member
2024,Median weekly earnings,VIC,Females,Relationship in household,   Not living alone,1576.72,6.3,566.05,12.4,1409.293,9.2,524.288,15.6,967.123,18.5,Not living alone,Non-family member
2024,Median weekly earnings,VIC,Females,Relationship in household,Relationship not determined,1071.73,17.0,683.602,0.1,1045.892,38.1,684.599,0.1,952.656,38.5,,Relationship not determined
2024,Median weekly earnings,QLD,Persons,Relationship in household,Family member,1679.9,2.3,689.052,2.6,1500.671,1.6,700.0,6.6,1349.0,1.9,,Family member
2024,Median weekly earnings,QLD,Persons,Relationship in household,"   Husband, wife or partner",1766.954,2.0,864.131,2.3,1610.0,2.3,999.0,3.8,1505.718,1.8,"Husband, wife or partner",Family member
2024,Median weekly earnings,QLD,Persons,Relationship in household,      With dependants,1922.369,2.6,904.135,3.5,1750.0,2.8,954.357,5.8,1634.883,3.1,With dependants,Family member
2024,Median weekly earnings,QLD,Persons,Relationship in household,      Without dependants,1650.342,3.1,807.369,4.0,1500.0,3.2,1000.0,5.1,1450.793,2.3,Without dependants,Family member
2024,Median weekly earnings,QLD,Persons,Relationship in household,   Lone parent,1619.758,5.2,804.95,8.0,1446.064,6.3,998.498,13.1,1301.78,7.1,Lone parent,Family member
2024,Median weekly earnings,QLD,Persons,Relationship in household,   Dependent student,796.596,15.6,200.0,11.5,451.921,21.4,200.0,10.6,231.971,12.1,Dependent student,Family member
2024,Median weekly earnings,QLD,Persons,Relationship in household,   Non-dependent child,1330.0,4.8,608.973,9.1,1267.282,4.4,798.524,10.2,1029.028,5.4,Non-dependent child,Family member
2024,Median weekly earnings,QLD,Persons,Relationship in household,   Other related individual,1400.0,10.3,661.723,9.0,1200.0,12.8,747.568,21.0,1097.525,7.9,Other related individual,Family member
2024,Median weekly earnings,QLD,Persons,Relationship in household,Non-family member,1550.0,2.4,692.178,9.4,1533.602,2.1,925.45,12.1,1400.0,3.3,,Non-family member
2024,Median weekly earnings,QLD,Persons,Relationship in household,   Lone person,1692.55,3.0,867.369,13.3,1600.0,2.6,1089.944,15.1,1527.59,2.1,Lone person,Non-family member
2024,Median weekly earnings,QLD,Persons,Relationship in household,   Not living alone,1459.364,3.7,618.633,12.0,1361.554,5.4,885.243,13.0,1206.93,5.4,Not living alone,Non-family member
2024,Median weekly earnings,QLD,Persons,Relationship in household,Relationship not determined,2269.984,37.2,480.955,0.1,2618.011,36.9,512.193,50.0,1735.822,51.0,,Relationship not determined
2024,Median weekly earnings,QLD,Males,Relationship in household,Family member,1777.0,2.4,578.725,2.6,1725.0,2.4,799.914,7.2,1500.857,2.4,,Family member
2024,Median weekly earnings,QLD,Males,Relationship in household,"   Husband, wife or partner",1900.0,2.7,850.0,6.3,1842.476,2.8,1236.457,6.2,1750.0,2.1,"Husband, wife or partner",Family member
2024,Median weekly earnings,QLD,Males,Relationship in household,      With dependants,2000.0,1.9,900.193,10.9,1992.053,1.8,1300.0,12.8,1923.812,2.7,With dependants,Family member
2024,Median weekly earnings,QLD,Males,Relationship in household,      Without dependants,1750.0,2.8,846.931,11.5,1700.0,4.1,1207.829,8.0,1604.268,4.0,Without dependants,Family member
2024,Median weekly earnings,QLD,Males,Relationship in household,   Lone parent,2000.249,16.0,903.994,0.1,2001.426,17.0,1188.232,27.1,1897.686,15.2,Lone parent,Family member
2024,Median weekly earnings,QLD,Males,Relationship in household,   Dependent student,1008.034,44.5,183.675,11.1,536.508,30.7,180.425,15.1,213.691,12.6,Dependent student,Family member
2024,Median weekly earnings,QLD,Males,Relationship in household,   Non-dependent child,1330.0,5.7,604.235,9.4,1303.146,5.3,883.847,8.9,1100.0,6.4,Non-dependent child,Family member
2024,Median weekly earnings,QLD,Males,Relationship in household,   Other related individual,1392.496,13.8,567.175,28.0,1242.841,17.6,599.574,57.1,1199.252,13.7,Other related individual,Family member
2024,Median weekly earnings,QLD,Males,Relationship in household,Non-family member,1668.031,4.3,510.974,14.9,1647.824,4.9,1069.138,20.9,1540.106,5.9,,Non-family member
2024,Median weekly earnings,QLD,Males,Relationship in household,   Lone person,1769.263,5.3,1073.095,15.1,1768.957,5.1,1392.42,16.7,1750.0,5.8,Lone person,Non-family member
2024,Median weekly earnings,QLD,Males,Relationship in household,   Not living alone,1463.169,7.0,500.0,20.8,1329.271,9.3,678.378,30.4,1214.975,9.5,Not living alone,Non-family member
2024,Median weekly earnings,QLD,Males,Relationship in household,Relationship not determined,2592.577,32.2,0.0,0.0,2692.873,28.1,489.613,0.1,2564.87,38.7,,Relationship not determined
2024,Median weekly earnings,QLD,Females,Relationship in household,Family member,1552.02,2.2,720.0,4.5,1377.006,2.7,624.239,5.4,1199.0,2.1,,Family member
2024,Median weekly earnings,QLD,Females,Relationship in household,"   Husband, wife or partner",1600.0,3.1,865.0,2.0,1449.217,2.5,863.911,4.0,1337.261,2.7,"Husband, wife or partner",Family member
2024,Median weekly earnings,QLD,Females,Relationship in household,      With dependants,1750.0,4.3,933.85,3.1,1500.0,4.6,840.0,9.1,1350.0,4.7,With dependants,Family member
2024,Median weekly earnings,QLD,Females,Relationship in household,      Without dependants,1555.955,2.9,800.0,4.6,1400.0,4.0,900.0,5.2,1293.067,3.6,Without dependants,Family member
2024,Median weekly earnings,QLD,Females,Relationship in household,   Lone parent,1526.809,3.9,787.954,9.8,1316.152,8.1,889.419,14.3,1181.09,8.0,Lone parent,Family member
2024,Median weekly earnings,QLD,Females,Relationship in household,   Dependent student,746.257,57.1,224.475,14.6,362.905,35.6,226.184,15.1,249.465,14.5,Dependent student,Family member
2024,Median weekly earnings,QLD,Females,Relationship in household,   Non-dependent child,1323.671,6.6,661.224,12.1,1206.056,6.6,735.721,12.7,987.141,6.4,Non-dependent child,Family member
2024,Median weekly earnings,QLD,Females,Relationship in household,   Other related individual,1413.081,18.5,700.0,9.4,1090.487,13.2,778.788,18.3,1014.212,9.6,Other related individual,Family member
2024,Median weekly earnings,QLD,Females,Relationship in household,Non-family member,1500.0,1.9,816.804,10.6,1467.575,3.2,867.085,11.2,1315.904,3.6,,Non-family member
2024,Median weekly earnings,QLD,Females,Relationship in household,   Lone person,1535.537,5.1,858.392,11.8,1484.471,3.2,600.0,20.6,1361.216,4.2,Lone person,Non-family member
2024,Median weekly earnings,QLD,Females,Relationship in household,   Not living alone,1465.147,5.3,802.218,13.6,1444.583,7.6,999.096,9.9,1206.531,7.5,Not living alone,Non-family member
2024,Median weekly earnings,QLD,Females,Relationship in household,Relationship not determined,1686.705,0.1,547.256,4.4,2541.75,0.1,698.896,0.1,1143.478,0.1,,Relationship not determined
2024,Median weekly earnings,SA,Persons,Relationship in household,Family member,1541.447,2.0,700.0,2.9,1397.0,1.7,700.0,7.3,1248.0,1.4,,Family member
2024,Median weekly earnings,SA,Persons,Relationship in household,"   Husband, wife or partner",1665.0,2.3,850.0,2.8,1497.195,2.4,1000.0,4.9,1400.0,2.7,"Husband, wife or partner",Family member
2024,Median weekly earnings,SA,Persons,Relationship in household,      With dependants,1700.0,2.8,900.0,2.6,1500.0,2.7,1201.534,6.2,1482.057,2.5,With dependants,Family member
2024,Median weekly earnings,SA,Persons,Relationship in household,      Without dependants,1600.0,4.0,782.363,4.4,1424.478,3.4,829.692,8.1,1350.0,3.5,Without dependants,Family member
2024,Median weekly earnings,SA,Persons,Relationship in household,   Lone parent,1525.218,6.4,861.248,13.0,1347.269,4.7,1032.138,17.2,1250.0,2.9,Lone parent,Family member
2024,Median weekly earnings,SA,Persons,Relationship in household,   Dependent student,555.021,0.1,201.459,7.9,500.0,20.6,186.081,9.6,221.436,6.2,Dependent student,Family member
2024,Median weekly earnings,SA,Persons,Relationship in household,   Non-dependent child,1250.411,3.6,650.0,6.3,1177.937,3.6,797.292,8.7,1006.593,3.0,Non-dependent child,Family member
2024,Median weekly earnings,SA,Persons,Relationship in household,   Other related individual,1399.958,8.0,551.438,10.8,1271.481,9.3,661.295,33.7,1073.248,11.1,Other related individual,Family member
2024,Median weekly earnings,SA,Persons,Relationship in household,Non-family member,1499.0,2.2,736.665,6.8,1400.0,3.3,831.573,9.8,1300.0,2.9,,Non-family member
2024,Median weekly earnings,SA,Persons,Relationship in household,   Lone person,1502.136,4.8,703.779,8.1,1450.643,2.6,841.658,11.8,1400.0,3.3,Lone person,Non-family member
2024,Median weekly earnings,SA,Persons,Relationship in household,   Not living alone,1293.639,8.5,778.037,10.2,1211.731,8.6,820.976,15.1,1072.117,8.7,Not living alone,Non-family member
2024,Median weekly earnings,SA,Persons,Relationship in household,Relationship not determined,1473.893,5.6,624.455,28.8,1213.666,24.3,1421.592,0.1,1320.8,28.1,,Relationship not determined
2024,Median weekly earnings,SA,Males,Relationship in household,Family member,1600.0,2.4,650.0,6.9,1515.704,1.7,900.0,8.2,1400.0,1.4,,Family member
2024,Median weekly earnings,SA,Males,Relationship in household,"   Husband, wife or partner",1756.538,2.7,900.0,4.9,1732.704,2.6,1305.597,5.9,1674.907,2.4,"Husband, wife or partner",Family member
2024,Median weekly earnings,SA,Males,Relationship in household,      With dependants,1772.287,4.2,945.176,12.3,1745.664,4.5,1463.768,11.2,1700.0,4.4,With dependants,Family member
2024,Median weekly earnings,SA,Males,Relationship in household,      Without dependants,1749.396,4.6,894.382,9.0,1727.56,4.8,1245.59,6.9,1600.0,4.4,Without dependants,Family member
2024,Median weekly earnings,SA,Males,Relationship in household,   Lone parent,1499.873,9.8,435.105,59.0,1500.0,12.7,916.142,27.7,1371.413,6.3,Lone parent,Family member
2024,Median weekly earnings,SA,Males,Relationship in household,   Dependent student,567.908,0.1,250.0,13.6,500.317,45.0,250.536,13.4,272.881,15.0,Dependent student,Family member
2024,Median weekly earnings,SA,Males,Relationship in household,   Non-dependent child,1250.0,4.3,729.348,9.0,1167.483,3.9,900.0,10.6,1035.811,4.3,Non-dependent child,Family member
2024,Median weekly earnings,SA,Males,Relationship in household,   Other related individual,1356.337,6.2,709.891,14.4,1174.569,8.2,941.621,21.4,1088.966,8.0,Other related individual,Family member
2024,Median weekly earnings,SA,Males,Relationship in household,Non-family member,1517.929,3.9,645.195,13.4,1500.0,5.9,851.968,15.2,1365.154,4.1,,Non-family member
2024,Median weekly earnings,SA,Males,Relationship in household,   Lone person,1687.866,4.8,589.311,18.3,1658.343,5.7,900.0,25.9,1518.267,6.0,Lone person,Non-family member
2024,Median weekly earnings,SA,Males,Relationship in household,   Not living alone,1250.0,6.6,756.11,14.0,1224.652,7.3,829.051,22.4,1067.03,8.4,Not living alone,Non-family member
2024,Median weekly earnings,SA,Males,Relationship in household,Relationship not determined,1544.345,25.9,0.0,0.0,1330.371,0.1,1600.656,0.1,1514.213,23.5,,Relationship not determined
2024,Median weekly earnings,SA,Females,Relationship in household,Family member,1500.0,3.5,702.071,2.8,1240.089,2.6,550.0,6.5,1064.739,3.1,,Family member
2024,Median weekly earnings,SA,Females,Relationship in household,"   Husband, wife or partner",1524.353,3.4,831.046,4.0,1250.0,2.3,700.0,6.3,1199.0,2.9,"Husband, wife or partner",Family member
2024,Median weekly earnings,SA,Females,Relationship in household,      With dependants,1593.155,2.9,900.0,3.4,1250.784,4.1,960.061,10.8,1207.261,3.1,With dependants,Family member
2024,Median weekly earnings,SA,Females,Relationship in household,      Without dependants,1500.0,4.8,733.3,5.1,1250.0,4.0,600.0,8.6,1131.537,4.2,Without dependants,Family member
2024,Median weekly earnings,SA,Females,Relationship in household,   Lone parent,1599.749,8.4,887.154,12.6,1284.787,7.0,1022.535,18.9,1232.328,4.9,Lone parent,Family member
2024,Median weekly earnings,SA,Females,Relationship in household,   Dependent student,500.0,0.1,180.0,8.0,500.0,26.9,150.0,10.4,184.526,10.0,Dependent student,Family member
2024,Median weekly earnings,SA,Females,Relationship in household,   Non-dependent child,1299.947,5.7,599.55,9.7,1177.485,8.7,599.754,16.1,939.778,8.8,Non-dependent child,Family member
2024,Median weekly earnings,SA,Females,Relationship in household,   Other related individual,1711.55,14.2,379.248,29.3,1492.965,26.7,311.23,51.0,707.62,47.3,Other related individual,Family member
2024,Median weekly earnings,SA,Females,Relationship in household,Non-family member,1446.788,1.8,798.536,7.6,1361.685,4.5,808.854,14.8,1250.0,4.5,,Non-family member
2024,Median weekly earnings,SA,Females,Relationship in household,   Lone person,1411.061,2.4,806.802,13.0,1395.128,4.1,806.028,15.6,1288.272,4.0,Lone person,Non-family member
2024,Median weekly earnings,SA,Females,Relationship in household,   Not living alone,1531.29,5.6,793.653,18.6,1193.173,14.7,807.371,54.3,1094.155,14.9,Not living alone,Non-family member
2024,Median weekly earnings,SA,Females,Relationship in household,Relationship not determined,1354.85,13.7,527.141,0.1,1037.944,0.1,1053.461,0.1,1042.264,30.4,,Relationship not determined
2024,Median weekly earnings,WA,Persons,Relationship in household,Family member,1878.472,1.9,700.0,4.0,1620.0,1.2,675.0,5.7,1474.92,1.2,,Family member
2024,Median weekly earnings,WA,Persons,Relationship in household,"   Husband, wife or partner",2000.0,1.7,888.0,4.3,1739.793,1.8,1000.0,9.2,1639.46,2.2,"Husband, wife or partner",Family member
2024,Median weekly earnings,WA,Persons,Relationship in household,      With dependants,2114.406,3.6,951.853,5.8,1802.301,2.6,1089.706,9.4,1749.871,2.5,With dependants,Family member
2024,Median weekly earnings,WA,Persons,Relationship in household,      Without dependants,1900.0,3.1,800.0,6.2,1637.028,2.9,955.068,12.2,1504.0,1.9,Without dependants,Family member
2024,Median weekly earnings,WA,Persons,Relationship in household,   Lone parent,1681.125,4.7,732.336,10.9,1400.0,3.2,650.245,29.6,1348.559,5.7,Lone parent,Family member
2024,Median weekly earnings,WA,Persons,Relationship in household,   Dependent student,891.115,0.1,183.653,10.4,527.385,23.4,179.925,11.6,200.0,11.2,Dependent student,Family member
2024,Median weekly earnings,WA,Persons,Relationship in household,   Non-dependent child,1569.693,1.9,640.0,7.1,1499.0,2.6,750.748,15.1,1343.472,3.5,Non-dependent child,Family member
2024,Median weekly earnings,WA,Persons,Relationship in household,   Other related individual,1628.089,16.3,744.692,27.2,1316.519,15.0,877.139,17.8,1146.146,11.3,Other related individual,Family member
2024,Median weekly earnings,WA,Persons,Relationship in household,Non-family member,1774.796,2.5,700.0,10.8,1694.439,3.1,1251.802,9.5,1583.834,3.1,,Non-family member
2024,Median weekly earnings,WA,Persons,Relationship in household,   Lone person,1842.0,3.5,700.0,17.2,1750.0,3.0,1372.177,17.8,1702.776,2.9,Lone person,Non-family member
2024,Median weekly earnings,WA,Persons,Relationship in household,   Not living alone,1530.527,6.9,700.035,11.7,1500.0,5.2,1148.954,15.2,1400.0,4.9,Not living alone,Non-family member
2024,Median weekly earnings,WA,Persons,Relationship in household,Relationship not determined,1460.79,143.6,0.0,0.0,1546.163,164.0,838.828,0.1,1394.427,22.6,,Relationship not determined
2024,Median weekly earnings,WA,Males,Relationship in household,Family member,2071.0,1.7,615.579,7.5,2000.0,1.6,1000.0,7.8,1889.979,1.8,,Family member
2024,Median weekly earnings,WA,Males,Relationship in household,"   Husband, wife or partner",2232.41,2.5,840.0,7.6,2128.997,2.5,1656.145,13.2,2075.391,1.9,"Husband, wife or partner",Family member
2024,Median weekly earnings,WA,Males,Relationship in household,      With dependants,2358.3,3.8,964.242,25.7,2300.853,4.2,1849.183,13.0,2275.961,4.4,With dependants,Family member
2024,Median weekly earnings,WA,Males,Relationship in household,      Without dependants,2073.438,2.2,840.0,10.9,2000.0,2.8,1205.706,21.2,1940.743,2.4,Without dependants,Family member
2024,Median weekly earnings,WA,Males,Relationship in household,   Lone parent,1961.482,16.4,945.494,0.1,1961.062,14.8,1132.349,0.1,1856.44,10.5,Lone parent,Family member
2024,Median weekly earnings,WA,Males,Relationship in household,   Dependent student,873.011,0.1,200.61,16.5,595.016,38.8,180.0,22.5,230.525,25.6,Dependent student,Family member
2024,Median weekly earnings,WA,Males,Relationship in household,   Non-dependent child,1616.794,2.1,500.375,16.6,1592.64,2.5,783.557,21.3,1503.068,3.8,Non-dependent child,Family member
2024,Median weekly earnings,WA,Males,Relationship in household,   Other related individual,1890.029,18.9,761.01,17.3,1758.43,23.3,1023.123,12.8,1339.485,16.3,Other related individual,Family member
2024,Median weekly earnings,WA,Males,Relationship in household,Non-family member,2000.0,4.5,600.0,6.4,1900.0,4.6,1368.304,21.0,1768.437,4.4,,Non-family member
2024,Median weekly earnings,WA,Males,Relationship in household,   Lone person,2071.697,6.8,600.0,18.3,2000.0,5.6,1475.414,22.9,1900.0,3.6,Lone person,Non-family member
2024,Median weekly earnings,WA,Males,Relationship in household,   Not living alone,1841.609,8.2,710.849,15.1,1808.241,10.5,1117.372,26.3,1500.0,11.1,Not living alone,Non-family member
2024,Median weekly earnings,WA,Males,Relationship in household,Relationship not determined,1547.005,161.0,0.0,0.0,1835.919,18.0,838.828,0.1,1382.753,35.4,,Relationship not determined
2024,Median weekly earnings,WA,Females,Relationship in household,Family member,1538.81,3.1,721.957,3.7,1315.0,2.5,499.184,10.3,1150.0,2.3,,Family member
2024,Median weekly earnings,WA,Females,Relationship in household,"   Husband, wife or partner",1600.413,4.0,890.326,5.0,1359.0,3.6,700.0,10.7,1250.0,3.0,"Husband, wife or partner",Family member
2024,Median weekly earnings,WA,Females,Relationship in household,      With dependants,1726.689,5.1,955.027,5.6,1250.0,5.0,776.098,12.6,1200.0,3.8,With dependants,Family member
2024,Median weekly earnings,WA,Females,Relationship in household,      Without dependants,1502.614,4.6,793.794,7.2,1394.591,2.9,678.588,15.6,1308.928,3.2,Without dependants,Family member
2024,Median weekly earnings,WA,Females,Relationship in household,   Lone parent,1590.963,4.5,709.907,9.9,1350.0,4.4,537.239,38.8,1250.0,4.6,Lone parent,Family member
2024,Median weekly earnings,WA,Females,Relationship in household,   Dependent student,893.491,0.1,159.724,13.7,289.434,66.9,158.819,15.3,180.0,14.2,Dependent student,Family member
2024,Median weekly earnings,WA,Females,Relationship in household,   Non-dependent child,1349.912,6.5,680.752,8.3,1221.901,11.7,701.901,28.0,1049.526,13.0,Non-dependent child,Family member
2024,Median weekly earnings,WA,Females,Relationship in household,   Other related individual,1446.947,29.5,622.358,23.1,997.552,26.0,461.655,73.9,973.692,15.8,Other related individual,Family member
2024,Median weekly earnings,WA,Females,Relationship in household,Non-family member,1601.78,4.0,861.734,19.1,1546.037,4.6,1199.464,13.6,1500.0,3.7,,Non-family member
2024,Median weekly earnings,WA,Females,Relationship in household,   Lone person,1737.352,3.6,961.713,17.8,1620.287,3.9,1186.694,21.1,1586.062,3.7,Lone person,Non-family member
2024,Median weekly earnings,WA,Females,Relationship in household,   Not living alone,1387.196,3.7,624.107,52.1,1400.0,3.7,1203.843,34.2,1327.177,4.7,Not living alone,Non-family member
2024,Median weekly earnings,TAS,Persons,Relationship in household,Family member,1500.0,2.8,700.0,3.3,1335.0,2.1,529.808,7.7,1200.0,2.1,,Family member
2024,Median weekly earnings,TAS,Persons,Relationship in household,"   Husband, wife or partner",1564.923,2.1,800.0,4.8,1400.0,2.7,800.0,10.2,1315.694,2.9,"Husband, wife or partner",Family member
2024,Median weekly earnings,TAS,Persons,Relationship in household,      With dependants,1750.0,4.2,931.712,5.7,1523.329,3.0,854.183,15.2,1433.413,2.5,With dependants,Family member
2024,Median weekly earnings,TAS,Persons,Relationship in household,      Without dependants,1463.02,3.3,714.395,4.1,1300.0,3.2,748.582,10.2,1238.0,3.1,Without dependants,Family member
2024,Median weekly earnings,TAS,Persons,Relationship in household,   Lone parent,1536.368,6.8,750.0,6.6,1369.583,4.9,449.158,21.9,1263.866,6.4,Lone parent,Family member
2024,Median weekly earnings,TAS,Persons,Relationship in household,   Dependent student,705.713,0.1,197.391,16.2,320.0,29.6,162.985,19.7,200.0,21.9,Dependent student,Family member
2024,Median weekly earnings,TAS,Persons,Relationship in household,   Non-dependent child,1150.0,8.5,737.283,8.3,1050.0,5.0,535.127,18.5,953.506,4.0,Non-dependent child,Family member
2024,Median weekly earnings,TAS,Persons,Relationship in household,   Other related individual,1194.992,21.9,561.411,23.9,1151.722,11.5,619.139,52.2,1029.803,13.5,Other related individual,Family member
2024,Median weekly earnings,TAS,Persons,Relationship in household,Non-family member,1401.388,3.8,750.0,10.9,1319.598,3.9,696.998,21.2,1240.398,4.2,,Non-family member
2024,Median weekly earnings,TAS,Persons,Relationship in household,   Lone person,1419.339,3.7,944.581,16.8,1400.0,3.5,600.0,39.5,1300.0,3.9,Lone person,Non-family member
2024,Median weekly earnings,TAS,Persons,Relationship in household,   Not living alone,1274.472,11.3,750.0,13.5,1117.065,16.6,774.661,25.3,1000.0,10.9,Not living alone,Non-family member
2024,Median weekly earnings,TAS,Persons,Relationship in household,Relationship not determined,1295.064,9.7,1187.129,16.6,1303.167,12.9,0.0,0.0,1291.414,9.3,,Relationship not determined
2024,Median weekly earnings,TAS,Males,Relationship in household,Family member,1525.338,3.1,700.0,10.1,1433.312,2.3,642.628,13.1,1350.0,1.9,,Family member
2024,Median weekly earnings,TAS,Males,Relationship in household,"   Husband, wife or partner",1610.626,3.1,802.896,9.2,1570.496,2.4,952.381,13.9,1500.0,2.7,"Husband, wife or partner",Family member
2024,Median weekly earnings,TAS,Males,Relationship in household,      With dependants,1833.568,4.7,830.53,19.8,1785.99,4.3,985.979,29.9,1707.843,4.4,With dependants,Family member
2024,Median weekly earnings,TAS,Males,Relationship in household,      Without dependants,1500.0,3.0,800.0,9.4,1400.0,3.0,932.724,16.7,1387.241,4.6,Without dependants,Family member
2024,Median weekly earnings,TAS,Males,Relationship in household,   Lone parent,1790.34,20.8,980.538,18.9,1754.674,17.8,398.803,0.1,1747.058,15.9,Lone parent,Family member
2024,Median weekly earnings,TAS,Males,Relationship in household,   Dependent student,705.713,0.1,208.324,23.3,493.578,28.0,164.655,23.2,243.738,19.5,Dependent student,Family member
2024,Median weekly earnings,TAS,Males,Relationship in household,   Non-dependent child,1151.439,7.8,699.55,16.0,1094.898,7.2,664.653,30.0,1000.0,6.4,Non-dependent child,Family member
2024,Median weekly earnings,TAS,Males,Relationship in household,   Other related individual,1097.647,8.0,473.453,41.8,1001.887,10.8,602.383,0.1,960.621,11.3,Other related individual,Family member
2024,Median weekly earnings,TAS,Males,Relationship in household,Non-family member,1418.808,5.9,806.66,26.8,1411.596,5.4,760.075,31.7,1370.013,7.3,,Non-family member
2024,Median weekly earnings,TAS,Males,Relationship in household,   Lone person,1422.627,5.8,822.697,85.6,1431.504,4.6,530.769,0.1,1405.629,6.0,Lone person,Non-family member
2024,Median weekly earnings,TAS,Males,Relationship in household,   Not living alone,1279.674,30.9,822.444,20.3,1111.247,36.6,843.394,30.6,1073.219,16.8,Not living alone,Non-family member
2024,Median weekly earnings,TAS,Males,Relationship in household,Relationship not determined,1540.293,0.1,1286.694,0.1,1409.597,40.9,0.0,0.0,1409.597,26.3,,Relationship not determined
2024,Median weekly earnings,TAS,Females,Relationship in household,Family member,1427.361,3.7,724.315,4.3,1236.855,3.1,496.733,8.5,1100.0,2.1,,Family member
2024,Median weekly earnings,TAS,Females,Relationship in household,"   Husband, wife or partner",1491.301,4.6,800.0,5.7,1250.0,2.4,665.385,11.1,1150.0,2.2,"Husband, wife or partner",Family member
2024,Median weekly earnings,TAS,Females,Relationship in household,      With dependants,1648.341,10.5,950.0,4.1,1300.0,5.1,761.206,18.7,1206.474,4.2,With dependants,Family member
2024,Median weekly earnings,TAS,Females,Relationship in household,      Without dependants,1393.585,5.0,693.14,4.7,1200.0,3.3,635.3,13.4,1130.0,3.1,Without dependants,Family member
2024,Median weekly earnings,TAS,Females,Relationship in household,   Lone parent,1448.749,5.2,750.0,6.3,1320.38,6.8,514.383,34.4,1202.6,9.3,Lone parent,Family member
2024,Median weekly earnings,TAS,Females,Relationship in household,   Dependent student,0.0,0.0,172.293,28.3,231.62,0.1,162.191,34.1,172.293,28.3,Dependent student,Family member
2024,Median weekly earnings,TAS,Females,Relationship in household,   Non-dependent child,1139.003,10.8,771.779,16.3,1000.0,12.0,422.209,29.7,940.174,9.5,Non-dependent child,Family member
2024,Median weekly earnings,TAS,Females,Relationship in household,   Other related individual,1900.0,0.1,750.0,0.1,1630.916,0.1,639.955,0.1,1442.091,15.5,Other related individual,Family member
2024,Median weekly earnings,TAS,Females,Relationship in household,Non-family member,1384.142,5.3,750.0,13.8,1260.651,7.4,604.281,32.7,1143.595,6.0,,Non-family member
2024,Median weekly earnings,TAS,Females,Relationship in household,   Lone person,1414.602,7.3,955.616,17.4,1265.404,8.7,600.0,52.2,1217.834,8.5,Lone person,Non-family member
2024,Median weekly earnings,TAS,Females,Relationship in household,   Not living alone,1231.387,9.0,593.896,0.1,1149.758,17.8,652.404,0.1,795.367,25.2,Not living alone,Non-family member
2024,Median weekly earnings,TAS,Females,Relationship in household,Relationship not determined,1266.031,0.1,0.0,0.0,1266.049,0.1,0.0,0.0,1184.346,0.1,,Relationship not determined
2024,Median weekly earnings,NT,Persons,Relationship in household,Family member,1654.809,2.8,721.19,4.1,1600.0,2.8,718.064,8.9,1493.191,4.0,,Family member
2024,Median weekly earnings,NT,Persons,Relationship in household,"   Husband, wife or partner",1800.0,2.7,883.349,7.2,1750.0,1.5,987.344,9.3,1664.315,2.7,"Husband, wife or partner",Family member
2024,Median weekly earnings,NT,Persons,Relationship in household,      With dependants,1804.383,3.9,928.484,14.2,1750.0,4.4,899.184,14.9,1679.719,4.4,With dependants,Family member
2024,Median weekly earnings,NT,Persons,Relationship in household,      Without dependants,1755.926,5.2,770.462,9.2,1741.749,4.2,1117.41,16.6,1600.0,6.0,Without dependants,Family member
2024,Median weekly earnings,NT,Persons,Relationship in household,   Lone parent,1475.925,5.5,1244.269,30.1,1502.544,6.5,1204.973,30.4,1471.484,6.1,Lone parent,Family member
2024,Median weekly earnings,NT,Persons,Relationship in household,   Dependent student,758.448,0.1,164.824,26.4,766.109,0.1,165.069,16.8,205.142,20.2,Dependent student,Family member
2024,Median weekly earnings,NT,Persons,Relationship in household,   Non-dependent child,1084.219,8.1,648.646,19.6,1100.0,9.2,600.0,15.5,1000.0,7.7,Non-dependent child,Family member
2024,Median weekly earnings,NT,Persons,Relationship in household,   Other related individual,1195.593,18.9,710.576,0.1,1135.776,10.1,723.986,0.1,999.85,7.7,Other related individual,Family member
2024,Median weekly earnings,NT,Persons,Relationship in household,Non-family member,1887.811,3.7,700.0,27.6,1849.666,5.5,1435.978,11.0,1762.829,5.0,,Non-family member
2024,Median weekly earnings,NT,Persons,Relationship in household,   Lone person,1999.425,5.6,1035.647,30.9,1909.257,4.0,1274.277,54.2,1900.0,6.1,Lone person,Non-family member
2024,Median weekly earnings,NT,Persons,Relationship in household,   Not living alone,1800.0,8.9,559.545,33.3,1581.147,13.0,1550.0,15.9,1564.58,7.2,Not living alone,Non-family member
2024,Median weekly earnings,NT,Males,Relationship in household,Family member,1846.401,4.5,709.823,7.2,1801.434,4.6,800.0,10.3,1673.117,4.8,,Family member
2024,Median weekly earnings,NT,Males,Relationship in household,"   Husband, wife or partner",2000.0,5.6,828.171,29.8,2000.0,5.2,1168.152,8.3,1900.0,4.1,"Husband, wife or partner",Family member
2024,Median weekly earnings,NT,Males,Relationship in household,      With dependants,2002.889,5.4,972.328,37.3,2000.0,6.8,1100.0,6.8,1998.576,5.9,With dependants,Family member
2024,Median weekly earnings,NT,Males,Relationship in household,      Without dependants,1954.146,7.1,739.322,20.6,1979.593,7.4,1184.417,20.4,1750.0,7.3,Without dependants,Family member
2024,Median weekly earnings,NT,Males,Relationship in household,   Lone parent,1789.609,22.4,2218.209,0.1,1745.276,22.1,2436.652,0.1,1767.034,20.1,Lone parent,Family member
2024,Median weekly earnings,NT,Males,Relationship in household,   Dependent student,722.243,0.1,164.581,88.7,715.796,0.1,165.829,80.9,180.453,79.7,Dependent student,Family member
2024,Median weekly earnings,NT,Males,Relationship in household,   Non-dependent child,1259.952,17.1,793.662,0.1,1299.896,15.9,749.619,12.3,1114.564,19.6,Non-dependent child,Family member
2024,Median weekly earnings,NT,Males,Relationship in household,   Other related individual,1260.29,35.0,718.328,0.1,1212.031,16.7,730.178,0.1,996.615,13.7,Other related individual,Family member
2024,Median weekly earnings,NT,Males,Relationship in household,Non-family member,1838.005,9.7,554.13,39.0,1801.977,10.7,1399.0,15.7,1684.888,7.8,,Non-family member
2024,Median weekly earnings,NT,Males,Relationship in household,   Lone person,2001.957,11.2,1188.381,0.1,1954.964,11.0,1315.766,101.6,1900.0,12.0,Lone person,Non-family member
2024,Median weekly earnings,NT,Males,Relationship in household,   Not living alone,1753.163,15.4,538.54,38.3,1588.578,19.4,1430.23,24.3,1503.453,12.3,Not living alone,Non-family member
2024,Median weekly earnings,NT,Females,Relationship in household,Family member,1549.465,3.4,749.149,7.3,1500.0,3.5,600.0,13.2,1349.29,4.4,,Family member
2024,Median weekly earnings,NT,Females,Relationship in household,"   Husband, wife or partner",1650.0,2.6,899.189,6.4,1600.0,2.9,798.195,18.0,1545.594,4.8,"Husband, wife or partner",Family member
2024,Median weekly earnings,NT,Females,Relationship in household,      With dependants,1604.183,3.9,951.086,11.4,1600.0,6.1,694.341,19.1,1550.0,6.6,With dependants,Family member
2024,Median weekly earnings,NT,Females,Relationship in household,      Without dependants,1737.39,5.0,802.762,9.7,1600.0,4.1,810.65,30.6,1500.0,6.8,Without dependants,Family member
2024,Median weekly earnings,NT,Females,Relationship in household,   Lone parent,1470.607,5.5,972.753,0.1,1474.184,6.0,1045.42,15.5,1336.244,8.0,Lone parent,Family member
2024,Median weekly earnings,NT,Females,Relationship in household,   Dependent student,0.0,0.0,197.073,23.8,875.116,0.1,160.092,27.3,208.635,22.0,Dependent student,Family member
2024,Median weekly earnings,NT,Females,Relationship in household,   Non-dependent child,1031.005,11.1,600.0,28.6,1058.438,6.1,600.0,8.2,963.289,10.6,Non-dependent child,Family member
2024,Median weekly earnings,NT,Females,Relationship in household,   Other related individual,1151.095,24.0,478.024,0.1,1031.81,36.2,536.434,0.1,1015.44,38.3,Other related individual,Family member
2024,Median weekly earnings,NT,Females,Relationship in household,Non-family member,1881.455,6.0,783.042,36.3,1855.002,6.9,1529.339,0.1,1811.125,7.5,,Non-family member
2024,Median weekly earnings,NT,Females,Relationship in household,   Lone person,1942.884,5.7,700.0,0.1,1909.71,7.7,827.383,0.1,1882.815,8.3,Lone person,Non-family member
2024,Median weekly earnings,NT,Females,Relationship in household,   Not living alone,1793.246,13.4,939.798,0.1,1585.096,12.0,1778.016,0.1,1600.0,12.2,Not living alone,Non-family member
2024,Median weekly earnings,ACT,Persons,Relationship in household,Family member,1947.0,2.3,750.0,6.8,1778.134,3.1,750.0,15.3,1656.795,2.3,,Family member
2024,Median weekly earnings,ACT,Persons,Relationship in household,"   Husband, wife or partner",2026.398,2.4,1014.99,5.7,1904.505,3.0,1194.539,13.4,1839.908,2.8,"Husband, wife or partner",Family member
2024,Median weekly earnings,ACT,Persons,Relationship in household,      With dependants,2185.134,3.0,1094.034,15.7,2000.0,3.0,1712.682,19.1,2000.0,3.4,With dependants,Family member
2024,Median weekly earnings,ACT,Persons,Relationship in household,      Without dependants,1844.409,3.6,915.809,10.7,1728.528,4.4,1000.0,17.4,1600.0,4.0,Without dependants,Family member
2024,Median weekly earnings,ACT,Persons,Relationship in household,   Lone parent,1952.947,10.3,1161.581,22.4,1660.946,8.6,0.0,0.0,1729.365,8.2,Lone parent,Family member
2024,Median weekly earnings,ACT,Persons,Relationship in household,   Dependent student,1398.594,4.3,230.165,15.2,456.329,108.4,216.986,16.4,243.371,20.6,Dependent student,Family member
2024,Median weekly earnings,ACT,Persons,Relationship in household,   Non-dependent child,1500.0,4.9,600.631,13.0,1461.751,5.9,847.313,35.5,1344.179,7.6,Non-dependent child,Family member
2024,Median weekly earnings,ACT,Persons,Relationship in household,   Other related individual,1548.941,24.2,681.712,0.1,1561.477,7.1,764.968,0.1,1500.0,15.9,Other related individual,Family member
2024,Median weekly earnings,ACT,Persons,Relationship in household,Non-family member,1843.451,5.0,663.021,12.7,1791.584,4.1,753.163,34.6,1700.0,4.5,,Non-family member
2024,Median weekly earnings,ACT,Persons,Relationship in household,   Lone person,2167.904,5.1,701.664,19.6,1986.594,3.5,1071.074,65.9,1935.306,5.9,Lone person,Non-family member
2024,Median weekly earnings,ACT,Persons,Relationship in household,   Not living alone,1547.711,6.8,584.242,16.8,1482.083,8.5,587.095,36.9,1384.258,6.0,Not living alone,Non-family member
2024,Median weekly earnings,ACT,Persons,Relationship in household,Relationship not determined,3070.139,0.1,679.611,0.1,2260.115,0.1,0.0,0.0,2260.115,0.1,,Relationship not determined
2024,Median weekly earnings,ACT,Males,Relationship in household,Family member,1968.866,2.7,664.661,12.7,1899.122,3.3,1140.28,20.4,1750.0,3.3,,Family member
2024,Median weekly earnings,ACT,Males,Relationship in household,"   Husband, wife or partner",2114.2,3.0,946.528,20.3,2050.0,2.3,1715.459,20.2,2026.85,2.7,"Husband, wife or partner",Family member
2024,Median weekly earnings,ACT,Males,Relationship in household,      With dependants,2239.787,3.0,1134.858,40.9,2175.49,3.4,2320.381,22.5,2201.751,3.0,With dependants,Family member
2024,Median weekly earnings,ACT,Males,Relationship in household,      Without dependants,1922.012,6.3,904.309,24.3,1787.025,6.6,1211.681,40.3,1749.187,6.9,Without dependants,Family member
2024,Median weekly earnings,ACT,Males,Relationship in household,   Lone parent,2061.979,22.1,0.0,0.0,1721.992,30.4,0.0,0.0,1999.101,24.7,Lone parent,Family member
2024,Median weekly earnings,ACT,Males,Relationship in household,   Dependent student,1398.594,4.3,189.48,26.2,308.175,0.1,227.829,33.1,257.323,30.5,Dependent student,Family member
2024,Median weekly earnings,ACT,Males,Relationship in household,   Non-dependent child,1500.0,7.2,655.91,46.6,1491.29,5.8,914.787,40.3,1456.923,9.1,Non-dependent child,Family member
2024,Median weekly earnings,ACT,Males,Relationship in household,   Other related individual,1502.632,0.1,0.0,0.0,1502.632,0.1,0.0,0.0,1500.0,0.1,Other related individual,Family member
2024,Median weekly earnings,ACT,Males,Relationship in household,Non-family member,1960.898,7.3,700.922,36.6,1841.0,6.0,1481.897,71.1,1801.575,6.6,,Non-family member
2024,Median weekly earnings,ACT,Males,Relationship in household,   Lone person,2289.493,5.8,702.775,0.1,2000.0,7.3,2701.017,46.3,2003.143,7.2,Lone person,Non-family member
2024,Median weekly earnings,ACT,Males,Relationship in household,   Not living alone,1596.224,10.2,702.695,0.1,1410.392,11.1,1330.878,0.1,1391.903,9.3,Not living alone,Non-family member
2024,Median weekly earnings,ACT,Males,Relationship in household,Relationship not determined,2555.257,0.1,0.0,0.0,2555.257,0.1,0.0,0.0,2555.257,0.1,,Relationship not determined
2024,Median weekly earnings,ACT,Females,Relationship in household,Family member,1919.222,3.3,792.772,7.4,1744.989,5.0,476.161,7.3,1567.0,3.2,,Family member
2024,Median weekly earnings,ACT,Females,Relationship in household,"   Husband, wife or partner",1945.767,4.3,1036.197,5.5,1751.778,4.1,802.725,14.4,1701.105,3.8,"Husband, wife or partner",Family member
2024,Median weekly earnings,ACT,Females,Relationship in household,      With dependants,2000.0,5.7,1081.824,15.1,1869.63,4.0,796.277,54.2,1800.0,4.5,With dependants,Family member
2024,Median weekly earnings,ACT,Females,Relationship in household,      Without dependants,1817.197,5.8,934.551,10.5,1600.0,5.1,805.827,21.7,1533.552,3.0,Without dependants,Family member
2024,Median weekly earnings,ACT,Females,Relationship in household,   Lone parent,1923.142,10.3,1335.186,0.1,1661.707,8.4,0.0,0.0,1661.707,8.4,Lone parent,Family member
2024,Median weekly earnings,ACT,Females,Relationship in household,   Dependent student,0.0,0.0,241.343,26.0,534.475,0.1,208.076,24.0,241.343,26.0,Dependent student,Family member
2024,Median weekly earnings,ACT,Females,Relationship in household,   Non-dependent child,1630.195,31.3,600.057,16.5,1347.167,24.0,514.414,85.8,1191.949,18.8,Non-dependent child,Family member
2024,Median weekly earnings,ACT,Females,Relationship in household,   Other related individual,1633.061,35.5,426.523,0.1,1662.819,30.3,838.235,0.1,1256.401,24.2,Other related individual,Family member
2024,Median weekly earnings,ACT,Females,Relationship in household,Non-family member,1812.267,5.5,598.697,21.4,1758.951,4.0,520.623,54.8,1648.978,4.8,,Non-family member
2024,Median weekly earnings,ACT,Females,Relationship in household,   Lone person,1981.365,7.1,696.043,33.7,1822.328,8.5,676.025,72.1,1813.0,8.8,Lone person,Non-family member
2024,Median weekly earnings,ACT,Females,Relationship in household,   Not living alone,1546.821,6.7,537.22,33.1,1501.518,6.3,460.85,25.0,1371.873,12.9,Not living alone,Non-family member
2024,Median weekly earnings,ACT,Females,Relationship in household,Relationship not determined,3890.81,6.8,679.611,0.1,1616.3,0.1,0.0,0.0,1616.3,0.1,,Relationship not determined
