SAL_CODE21,SAL_NAME21,STE_CODE21,STE_NAME21,AUS_CODE21,AUS_NAME21,AREASQKM21,LOCI_URI21,SHAPE_Leng,SHAPE_Area
20001,Abbeyard,2,Victoria,AUS,Australia,327.5008,http://linked.data.gov.au/dataset/asgsed3/SAL/20001,1.20767803824,0.033162488954
20002,Abbotsford (Vic.),2,Victoria,AUS,Australia,1.7405,http://linked.data.gov.au/dataset/asgsed3/SAL/20002,0.092990125675,0.000178083530682
20003,Aberfeldie,2,Victoria,AUS,Australia,1.5515,http://linked.data.gov.au/dataset/asgsed3/SAL/20003,0.059373611747,0.000158654701285
20004,Aberfeldy,2,Victoria,AUS,Australia,10.8319,http://linked.data.gov.au/dataset/asgsed3/SAL/20004,0.183199092691,0.00110662759768
20005,Acheron,2,Victoria,AUS,Australia,72.6602,http://linked.data.gov.au/dataset/asgsed3/SAL/20005,0.514040317323,0.00738126880102
20006,Ada,2,Victoria,AUS,Australia,61.6697,http://linked.data.gov.au/dataset/asgsed3/SAL/20006,0.436532438097,0.00631233743133
20007,Adams Estate,2,Victoria,AUS,Australia,0.2154,http://linked.data.gov.au/dataset/asgsed3/SAL/20007,0.022043483365,2.2222404111e-05
20008,Addington,2,Victoria,AUS,Australia,18.5958,http://linked.data.gov.au/dataset/asgsed3/SAL/20008,0.205464574792,0.0018921829881
20009,Adelaide Lead,2,Victoria,AUS,Australia,38.5026,http://linked.data.gov.au/dataset/asgsed3/SAL/20009,0.293689731667,0.00390178098802
20010,Agnes,2,Victoria,AUS,Australia,15.7167,http://linked.data.gov.au/dataset/asgsed3/SAL/20010,0.269749917294,0.00162711203686
20011,Aintree,2,Victoria,AUS,Australia,6.7302,http://linked.data.gov.au/dataset/asgsed3/SAL/20011,0.126428347728,0.000687758951914
20012,Aire Valley,2,Victoria,AUS,Australia,16.2383,http://linked.data.gov.au/dataset/asgsed3/SAL/20012,0.262884512885,0.00168134685659
20013,Aireys Inlet,2,Victoria,AUS,Australia,19.6138,http://linked.data.gov.au/dataset/asgsed3/SAL/20013,0.235446094518,0.0020237456691
20014,Airly,2,Victoria,AUS,Australia,25.1658,http://linked.data.gov.au/dataset/asgsed3/SAL/20014,0.284630604448,0.00258241091944
20015,Airport West,2,Victoria,AUS,Australia,3.6748,http://linked.data.gov.au/dataset/asgsed3/SAL/20015,0.08253533869,0.000375589452513
20016,Albacutya,2,Victoria,AUS,Australia,98.5194,http://linked.data.gov.au/dataset/asgsed3/SAL/20016,0.484226932311,0.00981581093195
20017,Albanvale,2,Victoria,AUS,Australia,1.8634,http://linked.data.gov.au/dataset/asgsed3/SAL/20017,0.0619544316516,0.000190480401835
20018,Albert Park (Vic.),2,Victoria,AUS,Australia,2.8392,http://linked.data.gov.au/dataset/asgsed3/SAL/20018,0.103085903749,0.000290677402015
20019,Alberton (Vic.),2,Victoria,AUS,Australia,45.1032,http://linked.data.gov.au/dataset/asgsed3/SAL/20019,0.592539121382,0.00466538133855
20020,Alberton West,2,Victoria,AUS,Australia,25.0832,http://linked.data.gov.au/dataset/asgsed3/SAL/20020,0.316851955307,0.0025940044964
20021,Albion (Vic.),2,Victoria,AUS,Australia,2.5186,http://linked.data.gov.au/dataset/asgsed3/SAL/20021,0.0725844697318,0.000257596704657
20022,Alexandra (Vic.),2,Victoria,AUS,Australia,79.43989999999998,http://linked.data.gov.au/dataset/asgsed3/SAL/20022,0.524502264117,0.00806257060129
20023,Alfredton,2,Victoria,AUS,Australia,8.0095,http://linked.data.gov.au/dataset/asgsed3/SAL/20023,0.126710451979,0.000816738156749
20024,Allambee,2,Victoria,AUS,Australia,13.5332,http://linked.data.gov.au/dataset/asgsed3/SAL/20024,0.270183986838,0.0013936425876
20025,Allambee Reserve,2,Victoria,AUS,Australia,33.0621,http://linked.data.gov.au/dataset/asgsed3/SAL/20025,0.484825326183,0.00340538831215
20026,Allambee South,2,Victoria,AUS,Australia,9.5826,http://linked.data.gov.au/dataset/asgsed3/SAL/20026,0.213855244806,0.000987597282907
20027,Allans Flat,2,Victoria,AUS,Australia,38.3312,http://linked.data.gov.au/dataset/asgsed3/SAL/20027,0.398641838854,0.00384563781613
20028,Allansford,2,Victoria,AUS,Australia,85.6358,http://linked.data.gov.au/dataset/asgsed3/SAL/20028,0.538967705187,0.00883079345873
20029,Allendale,2,Victoria,AUS,Australia,14.2375,http://linked.data.gov.au/dataset/asgsed3/SAL/20029,0.175968813294,0.00144809728729
20030,Allestree,2,Victoria,AUS,Australia,7.9595,http://linked.data.gov.au/dataset/asgsed3/SAL/20030,0.164604616643,0.000819416377382
20031,Alma (Vic.),2,Victoria,AUS,Australia,20.6942,http://linked.data.gov.au/dataset/asgsed3/SAL/20031,0.224090036204,0.0020955147235
20032,Almonds,2,Victoria,AUS,Australia,31.5723,http://linked.data.gov.au/dataset/asgsed3/SAL/20032,0.300890400119,0.00316471592743
20033,Almurta,2,Victoria,AUS,Australia,16.5888,http://linked.data.gov.au/dataset/asgsed3/SAL/20033,0.26616498787,0.00171215401106
20034,Alphington,2,Victoria,AUS,Australia,2.8171,http://linked.data.gov.au/dataset/asgsed3/SAL/20034,0.106513187214,0.000288081031262
20035,Altona (Vic.),2,Victoria,AUS,Australia,16.7353,http://linked.data.gov.au/dataset/asgsed3/SAL/20035,0.253536827169,0.00171341618817
20036,Altona Meadows,2,Victoria,AUS,Australia,10.5419,http://linked.data.gov.au/dataset/asgsed3/SAL/20036,0.182247239343,0.00107961855872
20037,Altona North,2,Victoria,AUS,Australia,14.0387,http://linked.data.gov.au/dataset/asgsed3/SAL/20037,0.196493774696,0.00143687620004
20038,Alvie,2,Victoria,AUS,Australia,25.3057,http://linked.data.gov.au/dataset/asgsed3/SAL/20038,0.256862631236,0.00260389957488
20039,Amherst,2,Victoria,AUS,Australia,34.0002,http://linked.data.gov.au/dataset/asgsed3/SAL/20039,0.337526239896,0.00344798293496
20040,Amor,2,Victoria,AUS,Australia,6.4638,http://linked.data.gov.au/dataset/asgsed3/SAL/20040,0.114837882933,0.000662487267384
20041,Amphitheatre,2,Victoria,AUS,Australia,152.4693,http://linked.data.gov.au/dataset/asgsed3/SAL/20041,0.665607433413,0.0154724320309
20042,Anakie,2,Victoria,AUS,Australia,181.1229,http://linked.data.gov.au/dataset/asgsed3/SAL/20042,0.70694526297,0.0185629068364
20043,Ancona,2,Victoria,AUS,Australia,68.4458,http://linked.data.gov.au/dataset/asgsed3/SAL/20043,0.468143292917,0.00692572485584
20044,Anderson,2,Victoria,AUS,Australia,5.8309,http://linked.data.gov.au/dataset/asgsed3/SAL/20044,0.113441904004,0.000602341979752
20045,Anglers Rest,2,Victoria,AUS,Australia,86.5039,http://linked.data.gov.au/dataset/asgsed3/SAL/20045,0.444216488702,0.00875884884969
20046,Anglesea,2,Victoria,AUS,Australia,96.7604,http://linked.data.gov.au/dataset/asgsed3/SAL/20046,0.494656584484,0.00997620713715
20047,Annuello,2,Victoria,AUS,Australia,320.8106,http://linked.data.gov.au/dataset/asgsed3/SAL/20047,0.995150223995,0.0316259538333
20048,Antwerp,2,Victoria,AUS,Australia,132.7881,http://linked.data.gov.au/dataset/asgsed3/SAL/20048,0.741720275281,0.0133174351225
20049,Apollo Bay (Vic.),2,Victoria,AUS,Australia,86.9149,http://linked.data.gov.au/dataset/asgsed3/SAL/20049,0.537166621333,0.00900377588811
20050,Appin (Vic.),2,Victoria,AUS,Australia,37.8077,http://linked.data.gov.au/dataset/asgsed3/SAL/20050,0.289653205575,0.00377341560237
20051,Appin South,2,Victoria,AUS,Australia,51.5332,http://linked.data.gov.au/dataset/asgsed3/SAL/20051,0.350829842766,0.00514658568312
20052,Apsley (Vic.),2,Victoria,AUS,Australia,332.1169,http://linked.data.gov.au/dataset/asgsed3/SAL/20052,0.953847685035,0.0336061943719
20053,Ararat,2,Victoria,AUS,Australia,161.179,http://linked.data.gov.au/dataset/asgsed3/SAL/20053,0.705397350899,0.0163721327111
20054,Arawata,2,Victoria,AUS,Australia,22.5385,http://linked.data.gov.au/dataset/asgsed3/SAL/20054,0.283636854808,0.00232415107166
20055,Arbuckle,2,Victoria,AUS,Australia,150.5057,http://linked.data.gov.au/dataset/asgsed3/SAL/20055,0.637161615489,0.0153093510455
20056,Arcadia (Vic.),2,Victoria,AUS,Australia,76.049,http://linked.data.gov.au/dataset/asgsed3/SAL/20056,0.645114215763,0.00765313757074
20057,Arcadia South,2,Victoria,AUS,Australia,69.5065,http://linked.data.gov.au/dataset/asgsed3/SAL/20057,0.353258380092,0.00699963420345
20058,Archdale,2,Victoria,AUS,Australia,41.4643,http://linked.data.gov.au/dataset/asgsed3/SAL/20058,0.307714100664,0.0041886937024
20059,Archdale Junction,2,Victoria,AUS,Australia,38.0986,http://linked.data.gov.au/dataset/asgsed3/SAL/20059,0.375823579602,0.0038510593332
20060,Archerton,2,Victoria,AUS,Australia,78.97119999999998,http://linked.data.gov.au/dataset/asgsed3/SAL/20060,0.54514579086,0.0079809194432
20061,Archies Creek,2,Victoria,AUS,Australia,0.069,http://linked.data.gov.au/dataset/asgsed3/SAL/20061,0.014214049645,7.13050385e-06
20062,Ardeer,2,Victoria,AUS,Australia,2.1307,http://linked.data.gov.au/dataset/asgsed3/SAL/20062,0.0773644133096,0.000217871757391
20063,Ardmona,2,Victoria,AUS,Australia,39.2114,http://linked.data.gov.au/dataset/asgsed3/SAL/20063,0.361022968078,0.00393812783798
20064,Areegra,2,Victoria,AUS,Australia,114.8653,http://linked.data.gov.au/dataset/asgsed3/SAL/20064,0.500107144398,0.0115157078146
20065,Argyle (Vic.),2,Victoria,AUS,Australia,19.9297,http://linked.data.gov.au/dataset/asgsed3/SAL/20065,0.225296478338,0.00201667128345
20066,Armadale (Vic.),2,Victoria,AUS,Australia,2.143,http://linked.data.gov.au/dataset/asgsed3/SAL/20066,0.0759747876588,0.000219321222836
20067,Armstrong,2,Victoria,AUS,Australia,19.1847,http://linked.data.gov.au/dataset/asgsed3/SAL/20067,0.236099828897,0.00194747246162
20068,Armstrong Creek (Vic.),2,Victoria,AUS,Australia,18.3426,http://linked.data.gov.au/dataset/asgsed3/SAL/20068,0.242222312316,0.00188742397969
20069,Arnold (Vic.),2,Victoria,AUS,Australia,49.4899,http://linked.data.gov.au/dataset/asgsed3/SAL/20069,0.391308357315,0.00498909671747
20070,Arnold West,2,Victoria,AUS,Australia,34.5489,http://linked.data.gov.au/dataset/asgsed3/SAL/20070,0.392406638253,0.00348249403724
20071,Arthurs Creek,2,Victoria,AUS,Australia,39.1753,http://linked.data.gov.au/dataset/asgsed3/SAL/20071,0.402469195504,0.00399514726082
20072,Arthurs Seat,2,Victoria,AUS,Australia,8.8149,http://linked.data.gov.au/dataset/asgsed3/SAL/20072,0.141705857156,0.000908627531594
20073,Ascot (Ballarat - Vic.),2,Victoria,AUS,Australia,36.4291,http://linked.data.gov.au/dataset/asgsed3/SAL/20073,0.276727372044,0.00370688589732
20074,Ascot (Greater Bendigo - Vic.),2,Victoria,AUS,Australia,10.5523,http://linked.data.gov.au/dataset/asgsed3/SAL/20074,0.151985471283,0.00106425483923
20075,Ascot Vale,2,Victoria,AUS,Australia,3.8385,http://linked.data.gov.au/dataset/asgsed3/SAL/20075,0.122773694319,0.000392552215612
20076,Ashbourne (Vic.),2,Victoria,AUS,Australia,37.8429,http://linked.data.gov.au/dataset/asgsed3/SAL/20076,0.311354403795,0.00385119969678
20077,Ashburton,2,Victoria,AUS,Australia,2.9228,http://linked.data.gov.au/dataset/asgsed3/SAL/20077,0.103276496444,0.000299261915645
20078,Ashwood,2,Victoria,AUS,Australia,2.5453,http://linked.data.gov.au/dataset/asgsed3/SAL/20078,0.0721249194684,0.000260639361018
20079,Aspendale,2,Victoria,AUS,Australia,3.029,http://linked.data.gov.au/dataset/asgsed3/SAL/20079,0.0974165983751,0.00031076171106
20080,Aspendale Gardens,2,Victoria,AUS,Australia,3.2397,http://linked.data.gov.au/dataset/asgsed3/SAL/20080,0.0880825237396,0.000332394435565
20081,Athlone,2,Victoria,AUS,Australia,30.36,http://linked.data.gov.au/dataset/asgsed3/SAL/20081,0.304398515791,0.00312432472281
20082,Attwood,2,Victoria,AUS,Australia,5.0587,http://linked.data.gov.au/dataset/asgsed3/SAL/20082,0.126328897309,0.000516620764388
20083,Aubrey,2,Victoria,AUS,Australia,61.6091,http://linked.data.gov.au/dataset/asgsed3/SAL/20083,0.338356166236,0.00617565832526
20084,Auchmore,2,Victoria,AUS,Australia,74.5326,http://linked.data.gov.au/dataset/asgsed3/SAL/20084,0.42184867268,0.00749415633144
20085,Avalon,2,Victoria,AUS,Australia,45.1647,http://linked.data.gov.au/dataset/asgsed3/SAL/20085,0.345923978243,0.00463588238617
20086,Avenel,2,Victoria,AUS,Australia,204.9097,http://linked.data.gov.au/dataset/asgsed3/SAL/20086,0.978588041563,0.0207233327586
20087,Avoca (Vic.),2,Victoria,AUS,Australia,102.8086,http://linked.data.gov.au/dataset/asgsed3/SAL/20087,0.673009326952,0.0104185917887
20088,Avon Plains,2,Victoria,AUS,Australia,62.3049,http://linked.data.gov.au/dataset/asgsed3/SAL/20088,0.454302471633,0.00627044919935
20089,Avondale Heights,2,Victoria,AUS,Australia,5.4087,http://linked.data.gov.au/dataset/asgsed3/SAL/20089,0.120833333984,0.000553004450134
20090,Avonmore,2,Victoria,AUS,Australia,70.5643,http://linked.data.gov.au/dataset/asgsed3/SAL/20090,0.478717579686,0.00710108878253
20091,Avonsleigh,2,Victoria,AUS,Australia,7.562,http://linked.data.gov.au/dataset/asgsed3/SAL/20091,0.141649549129,0.000774759928693
20092,Axe Creek,2,Victoria,AUS,Australia,42.3658,http://linked.data.gov.au/dataset/asgsed3/SAL/20092,0.358381574496,0.0042810586723
20093,Axedale,2,Victoria,AUS,Australia,113.6136,http://linked.data.gov.au/dataset/asgsed3/SAL/20093,0.514390540088,0.0114669676851
20094,Ayrford,2,Victoria,AUS,Australia,12.8999,http://linked.data.gov.au/dataset/asgsed3/SAL/20094,0.165550420959,0.00133103651698
20095,Bacchus Marsh,2,Victoria,AUS,Australia,10.9486,http://linked.data.gov.au/dataset/asgsed3/SAL/20095,0.201471869267,0.00111831260933
20096,Baddaginnie,2,Victoria,AUS,Australia,93.9892,http://linked.data.gov.au/dataset/asgsed3/SAL/20096,0.511442300439,0.00946649168778
20097,Badger Creek,2,Victoria,AUS,Australia,8.9749,http://linked.data.gov.au/dataset/asgsed3/SAL/20097,0.156137256873,0.000916805764823
20098,Bael Bael,2,Victoria,AUS,Australia,55.6377,http://linked.data.gov.au/dataset/asgsed3/SAL/20098,0.367692276043,0.00553976925399
20099,Bagshot,2,Victoria,AUS,Australia,38.8034,http://linked.data.gov.au/dataset/asgsed3/SAL/20099,0.265280479021,0.00391071807343
20100,Bagshot North,2,Victoria,AUS,Australia,61.955,http://linked.data.gov.au/dataset/asgsed3/SAL/20100,0.329336625787,0.00623859873506
20101,Bahgallah,2,Victoria,AUS,Australia,97.016,http://linked.data.gov.au/dataset/asgsed3/SAL/20101,0.769281960383,0.00991102857098
20102,Bailieston,2,Victoria,AUS,Australia,93.5985,http://linked.data.gov.au/dataset/asgsed3/SAL/20102,0.441576659663,0.00944500894294
20103,Bairnsdale,2,Victoria,AUS,Australia,63.4957,http://linked.data.gov.au/dataset/asgsed3/SAL/20103,0.55354238984,0.00650078901966
20104,Bakery Hill,2,Victoria,AUS,Australia,0.2388,http://linked.data.gov.au/dataset/asgsed3/SAL/20104,0.0207990919062,2.4357382777e-05
20105,Balaclava (Vic.),2,Victoria,AUS,Australia,0.7638,http://linked.data.gov.au/dataset/asgsed3/SAL/20105,0.0406001831965,7.8183113495e-05
20106,Bald Hills (Vic.),2,Victoria,AUS,Australia,11.1127,http://linked.data.gov.au/dataset/asgsed3/SAL/20106,0.15772814793,0.00113147261534
20107,Balintore,2,Victoria,AUS,Australia,16.2109,http://linked.data.gov.au/dataset/asgsed3/SAL/20107,0.267153096392,0.00166916672278
20108,Ballan,2,Victoria,AUS,Australia,147.3885,http://linked.data.gov.au/dataset/asgsed3/SAL/20108,0.736447467005,0.0150392256575
20109,Ballangeich,2,Victoria,AUS,Australia,84.0539,http://linked.data.gov.au/dataset/asgsed3/SAL/20109,0.584068771249,0.00864310666545
20110,Ballapur,2,Victoria,AUS,Australia,75.29529999999998,http://linked.data.gov.au/dataset/asgsed3/SAL/20110,0.387098638118,0.00752355093309
20111,Ballarat Central,2,Victoria,AUS,Australia,3.7814,http://linked.data.gov.au/dataset/asgsed3/SAL/20111,0.104448813489,0.000385600554024
20112,Ballarat East,2,Victoria,AUS,Australia,5.9802,http://linked.data.gov.au/dataset/asgsed3/SAL/20112,0.156142308623,0.000609878668733
20113,Ballarat North,2,Victoria,AUS,Australia,2.6588,http://linked.data.gov.au/dataset/asgsed3/SAL/20113,0.0848068972175,0.000271015587814
20114,Ballendella,2,Victoria,AUS,Australia,26.6765,http://linked.data.gov.au/dataset/asgsed3/SAL/20114,0.265515819026,0.00267628946569
20115,Balliang,2,Victoria,AUS,Australia,183.8256,http://linked.data.gov.au/dataset/asgsed3/SAL/20115,0.900052235388,0.0188099606057
20116,Balliang East,2,Victoria,AUS,Australia,44.2172,http://linked.data.gov.au/dataset/asgsed3/SAL/20116,0.378609208053,0.00452393422049
20117,Ballyrogan,2,Victoria,AUS,Australia,173.0808,http://linked.data.gov.au/dataset/asgsed3/SAL/20117,0.724819475799,0.0176187662874
20118,Balmattum,2,Victoria,AUS,Australia,90.13010000000001,http://linked.data.gov.au/dataset/asgsed3/SAL/20118,0.556058821748,0.00908982107489
20119,Balmoral (Vic.),2,Victoria,AUS,Australia,242.6408,http://linked.data.gov.au/dataset/asgsed3/SAL/20119,1.07466188669,0.0246339537733
20120,Balnarring,2,Victoria,AUS,Australia,27.4606,http://linked.data.gov.au/dataset/asgsed3/SAL/20120,0.282898089871,0.00283024376703
20121,Balnarring Beach,2,Victoria,AUS,Australia,0.8013,http://linked.data.gov.au/dataset/asgsed3/SAL/20121,0.0643221133645,8.2620360445e-05
20122,Balook,2,Victoria,AUS,Australia,32.6329,http://linked.data.gov.au/dataset/asgsed3/SAL/20122,0.388421256545,0.00336666818991
20123,Balwyn,2,Victoria,AUS,Australia,4.3843,http://linked.data.gov.au/dataset/asgsed3/SAL/20123,0.133213974544,0.000448594556302
20124,Balwyn North,2,Victoria,AUS,Australia,9.0929,http://linked.data.gov.au/dataset/asgsed3/SAL/20124,0.142811579875,0.000930079297313
20125,Bamawm,2,Victoria,AUS,Australia,101.4053,http://linked.data.gov.au/dataset/asgsed3/SAL/20125,0.493407450545,0.0101691919106
20126,Bamawm Extension,2,Victoria,AUS,Australia,62.3786,http://linked.data.gov.au/dataset/asgsed3/SAL/20126,0.355084728432,0.00624918436841
20127,Bambra,2,Victoria,AUS,Australia,41.4076,http://linked.data.gov.au/dataset/asgsed3/SAL/20127,0.3613077014,0.0042681847247
20128,Bamganie,2,Victoria,AUS,Australia,30.9122,http://linked.data.gov.au/dataset/asgsed3/SAL/20128,0.406638135713,0.00316814150875
20129,Bandiana,2,Victoria,AUS,Australia,18.4642,http://linked.data.gov.au/dataset/asgsed3/SAL/20129,0.345027016346,0.00184873607201
20130,Bangerang,2,Victoria,AUS,Australia,186.9301,http://linked.data.gov.au/dataset/asgsed3/SAL/20130,0.600288191577,0.0187323735032
20131,Bangholme,2,Victoria,AUS,Australia,23.5104,http://linked.data.gov.au/dataset/asgsed3/SAL/20131,0.210822866059,0.00241312513987
20132,Bannerton,2,Victoria,AUS,Australia,168.55,http://linked.data.gov.au/dataset/asgsed3/SAL/20132,0.611035751821,0.0165910466343
20133,Bannockburn (Vic.),2,Victoria,AUS,Australia,82.7262,http://linked.data.gov.au/dataset/asgsed3/SAL/20133,0.558260171909,0.00849062730283
20134,Banyan,2,Victoria,AUS,Australia,105.519,http://linked.data.gov.au/dataset/asgsed3/SAL/20134,0.441778614393,0.0104975815837
20135,Banyena,2,Victoria,AUS,Australia,80.4847,http://linked.data.gov.au/dataset/asgsed3/SAL/20135,0.73906288194,0.00810625045508
20136,Baranduda,2,Victoria,AUS,Australia,30.3107,http://linked.data.gov.au/dataset/asgsed3/SAL/20136,0.341728768023,0.00303664629715
20137,Barfold,2,Victoria,AUS,Australia,38.4402,http://linked.data.gov.au/dataset/asgsed3/SAL/20137,0.35806592304,0.00389654366016
20138,Baringhup,2,Victoria,AUS,Australia,59.9666,http://linked.data.gov.au/dataset/asgsed3/SAL/20138,0.476693413596,0.00606828698524
20139,Baringhup West,2,Victoria,AUS,Australia,48.5052,http://linked.data.gov.au/dataset/asgsed3/SAL/20139,0.414060741129,0.00490764994634
20140,Barjarg,2,Victoria,AUS,Australia,89.3675,http://linked.data.gov.au/dataset/asgsed3/SAL/20140,0.515232363218,0.00903735929685
20141,Barkers Creek,2,Victoria,AUS,Australia,30.2119,http://linked.data.gov.au/dataset/asgsed3/SAL/20141,0.428788136124,0.0030589918427
20142,Barkly (Vic.),2,Victoria,AUS,Australia,64.0177,http://linked.data.gov.au/dataset/asgsed3/SAL/20142,0.367073335538,0.00647600646583
20143,Barkstead,2,Victoria,AUS,Australia,21.1514,http://linked.data.gov.au/dataset/asgsed3/SAL/20143,0.227963564672,0.00215452054239
20144,Barmah,2,Victoria,AUS,Australia,144.7564,http://linked.data.gov.au/dataset/asgsed3/SAL/20144,0.681790921733,0.0144613106751
20145,Barnadown,2,Victoria,AUS,Australia,11.1379,http://linked.data.gov.au/dataset/asgsed3/SAL/20145,0.180244142995,0.0011224290248
20146,Barnawartha,2,Victoria,AUS,Australia,53.9296,http://linked.data.gov.au/dataset/asgsed3/SAL/20146,0.557080820752,0.00539586835926
20147,Barnawartha North,2,Victoria,AUS,Australia,64.9381,http://linked.data.gov.au/dataset/asgsed3/SAL/20147,0.460570706944,0.00649796273657
20148,Baromi,2,Victoria,AUS,Australia,0.9685,http://linked.data.gov.au/dataset/asgsed3/SAL/20148,0.0512875438607,9.9886878135e-05
20149,Barongarook,2,Victoria,AUS,Australia,43.2893,http://linked.data.gov.au/dataset/asgsed3/SAL/20149,0.297004075938,0.00446612311124
20150,Barongarook West,2,Victoria,AUS,Australia,49.3495,http://linked.data.gov.au/dataset/asgsed3/SAL/20150,0.347582885541,0.00509159620987
20151,Barrabool,2,Victoria,AUS,Australia,29.7943,http://linked.data.gov.au/dataset/asgsed3/SAL/20151,0.277194766393,0.00306297616972
20152,Barrakee,2,Victoria,AUS,Australia,20.7011,http://linked.data.gov.au/dataset/asgsed3/SAL/20152,0.213276748992,0.00207602301549
20153,Barramunga,2,Victoria,AUS,Australia,88.35639999999998,http://linked.data.gov.au/dataset/asgsed3/SAL/20153,0.513276355132,0.00913511067087
20154,Barraport,2,Victoria,AUS,Australia,145.5915,http://linked.data.gov.au/dataset/asgsed3/SAL/20154,0.583767735062,0.0145528286276
20155,Barraport West,2,Victoria,AUS,Australia,75.95359999999998,http://linked.data.gov.au/dataset/asgsed3/SAL/20155,0.498244645096,0.00759363561695
20156,Barrys Reef,2,Victoria,AUS,Australia,7.9453,http://linked.data.gov.au/dataset/asgsed3/SAL/20156,0.132382373467,0.000809114790682
20157,Barunah Park,2,Victoria,AUS,Australia,85.5347,http://linked.data.gov.au/dataset/asgsed3/SAL/20157,0.53058827632,0.00877411851293
20158,Barunah Plains,2,Victoria,AUS,Australia,32.5264,http://linked.data.gov.au/dataset/asgsed3/SAL/20158,0.235605700886,0.00333830230383
20159,Barwidgee,2,Victoria,AUS,Australia,29.6033,http://linked.data.gov.au/dataset/asgsed3/SAL/20159,0.320957308132,0.00297825268969
20160,Barwite,2,Victoria,AUS,Australia,134.3022,http://linked.data.gov.au/dataset/asgsed3/SAL/20160,0.831097744658,0.0135974598679
20161,Barwon Downs,2,Victoria,AUS,Australia,130.7258,http://linked.data.gov.au/dataset/asgsed3/SAL/20161,0.578870980272,0.0135015774238
20162,Barwon Heads,2,Victoria,AUS,Australia,6.813,http://linked.data.gov.au/dataset/asgsed3/SAL/20162,0.134880381871,0.000701401237036
20163,Basalt (Vic.),2,Victoria,AUS,Australia,6.5957,http://linked.data.gov.au/dataset/asgsed3/SAL/20163,0.206537788885,0.000670376299972
20164,Bass,2,Victoria,AUS,Australia,49.1914,http://linked.data.gov.au/dataset/asgsed3/SAL/20164,0.373862031465,0.00507837827709
20165,Batesford,2,Victoria,AUS,Australia,14.3053,http://linked.data.gov.au/dataset/asgsed3/SAL/20165,0.209814508688,0.00146906959234
20166,Bathumi,2,Victoria,AUS,Australia,8.7822,http://linked.data.gov.au/dataset/asgsed3/SAL/20166,0.162807934029,0.000878130796001
20167,Baw Baw (Vic.),2,Victoria,AUS,Australia,229.2075,http://linked.data.gov.au/dataset/asgsed3/SAL/20167,1.14625988921,0.0234578426063
20168,Baw Baw Village,2,Victoria,AUS,Australia,4.302800000000001,http://linked.data.gov.au/dataset/asgsed3/SAL/20168,0.133253702807,0.000440424676793
20169,Baxter,2,Victoria,AUS,Australia,9.9148,http://linked.data.gov.au/dataset/asgsed3/SAL/20169,0.228235038931,0.00101976937165
20170,Bayindeen,2,Victoria,AUS,Australia,28.8696,http://linked.data.gov.au/dataset/asgsed3/SAL/20170,0.2939504056,0.00293405925184
20171,Bayles,2,Victoria,AUS,Australia,23.7205,http://linked.data.gov.au/dataset/asgsed3/SAL/20171,0.276417466042,0.0024388560817
20172,Baynton (Vic.),2,Victoria,AUS,Australia,91.161,http://linked.data.gov.au/dataset/asgsed3/SAL/20172,0.562122464566,0.00924446962805
20173,Bayswater (Vic.),2,Victoria,AUS,Australia,7.9259,http://linked.data.gov.au/dataset/asgsed3/SAL/20173,0.160334795172,0.000811319027076
20174,Bayswater North,2,Victoria,AUS,Australia,6.572,http://linked.data.gov.au/dataset/asgsed3/SAL/20174,0.144663738324,0.000672595573157
20175,Beaconsfield (Vic.),2,Victoria,AUS,Australia,10.8132,http://linked.data.gov.au/dataset/asgsed3/SAL/20175,0.198374909816,0.00110978564491
20176,Beaconsfield Upper,2,Victoria,AUS,Australia,28.4958,http://linked.data.gov.au/dataset/asgsed3/SAL/20176,0.348560087038,0.00292282677372
20177,Bealiba,2,Victoria,AUS,Australia,133.6274,http://linked.data.gov.au/dataset/asgsed3/SAL/20177,0.59738651446,0.0134869287107
20178,Bearii,2,Victoria,AUS,Australia,29.4849,http://linked.data.gov.au/dataset/asgsed3/SAL/20178,0.274483424344,0.00294297940026
20179,Bears Lagoon,2,Victoria,AUS,Australia,103.2193,http://linked.data.gov.au/dataset/asgsed3/SAL/20179,0.621691544051,0.0103602115358
20180,Beauchamp,2,Victoria,AUS,Australia,254.5164,http://linked.data.gov.au/dataset/asgsed3/SAL/20180,0.814523440991,0.0253227818698
20181,Beaufort (Vic.),2,Victoria,AUS,Australia,156.9403,http://linked.data.gov.au/dataset/asgsed3/SAL/20181,0.677320619182,0.0159789548716
20182,Beaumaris (Vic.),2,Victoria,AUS,Australia,5.1806,http://linked.data.gov.au/dataset/asgsed3/SAL/20182,0.104613413448,0.000531289699872
20183,Beazleys Bridge,2,Victoria,AUS,Australia,69.4519,http://linked.data.gov.au/dataset/asgsed3/SAL/20183,0.465966919708,0.00700465501873
20184,Beeac,2,Victoria,AUS,Australia,113.0027,http://linked.data.gov.au/dataset/asgsed3/SAL/20184,0.765778816861,0.0116193886775
20185,Beech Forest,2,Victoria,AUS,Australia,148.3,http://linked.data.gov.au/dataset/asgsed3/SAL/20185,0.744068201482,0.0153432153547
20186,Beechworth,2,Victoria,AUS,Australia,165.4918,http://linked.data.gov.au/dataset/asgsed3/SAL/20186,0.963510790418,0.0166120189768
20187,Beenak,2,Victoria,AUS,Australia,16.5047,http://linked.data.gov.au/dataset/asgsed3/SAL/20187,0.292596506597,0.00169065503857
20188,Belgrave,2,Victoria,AUS,Australia,4.0767,http://linked.data.gov.au/dataset/asgsed3/SAL/20188,0.109351917695,0.000417673455038
20189,Belgrave Heights,2,Victoria,AUS,Australia,2.3555,http://linked.data.gov.au/dataset/asgsed3/SAL/20189,0.0783357096347,0.000241378810144
20190,Belgrave South,2,Victoria,AUS,Australia,12.6983,http://linked.data.gov.au/dataset/asgsed3/SAL/20190,0.20062775242,0.00130148211299
20191,Bell Park,2,Victoria,AUS,Australia,2.7424,http://linked.data.gov.au/dataset/asgsed3/SAL/20191,0.0764906451312,0.000281739875787
20192,Bell Post Hill,2,Victoria,AUS,Australia,5.9712,http://linked.data.gov.au/dataset/asgsed3/SAL/20192,0.114260008849,0.000613310401174
20193,Bellarine,2,Victoria,AUS,Australia,14.5148,http://linked.data.gov.au/dataset/asgsed3/SAL/20193,0.185501033702,0.00149156681561
20194,Bellbird Creek,2,Victoria,AUS,Australia,20.4039,http://linked.data.gov.au/dataset/asgsed3/SAL/20194,0.20646135814,0.0020828379885
20195,Bellbrae,2,Victoria,AUS,Australia,50.7989,http://linked.data.gov.au/dataset/asgsed3/SAL/20195,0.35367781161,0.00523442705056
20196,Bellbridge,2,Victoria,AUS,Australia,1.4129,http://linked.data.gov.au/dataset/asgsed3/SAL/20196,0.0549102163964,0.00014139525859
20197,Bellellen,2,Victoria,AUS,Australia,18.1515,http://linked.data.gov.au/dataset/asgsed3/SAL/20197,0.174186233748,0.00184081298752
20198,Bellfield (Banyule - Vic.),2,Victoria,AUS,Australia,0.931,http://linked.data.gov.au/dataset/asgsed3/SAL/20198,0.0412722549186,9.5200200134e-05
20199,Bellfield (Northern Grampians - Vic.),2,Victoria,AUS,Australia,181.6121,http://linked.data.gov.au/dataset/asgsed3/SAL/20199,0.719151511148,0.0184374646996
20200,Bells Beach,2,Victoria,AUS,Australia,11.5609,http://linked.data.gov.au/dataset/asgsed3/SAL/20200,0.186331343126,0.00119186363074
20201,Belmont (Vic.),2,Victoria,AUS,Australia,8.998200000000002,http://linked.data.gov.au/dataset/asgsed3/SAL/20201,0.156594754978,0.000925226044332
20202,Bemm River,2,Victoria,AUS,Australia,271.8225,http://linked.data.gov.au/dataset/asgsed3/SAL/20202,0.685633825234,0.0277757606737
20203,Bena,2,Victoria,AUS,Australia,46.1603,http://linked.data.gov.au/dataset/asgsed3/SAL/20203,0.522449603188,0.00476308645535
20204,Benalla,2,Victoria,AUS,Australia,315.3043,http://linked.data.gov.au/dataset/asgsed3/SAL/20204,0.942112543776,0.0317469993679
20205,Benambra,2,Victoria,AUS,Australia,762.1866999999999,http://linked.data.gov.au/dataset/asgsed3/SAL/20205,1.36197557967,0.0770434714869
20206,Benayeo,2,Victoria,AUS,Australia,139.1368,http://linked.data.gov.au/dataset/asgsed3/SAL/20206,0.504794394066,0.01405616187
20207,Bend Of Islands,2,Victoria,AUS,Australia,6.6152,http://linked.data.gov.au/dataset/asgsed3/SAL/20207,0.241950354827,0.000675811307204
20208,Bendigo,2,Victoria,AUS,Australia,5.5039,http://linked.data.gov.au/dataset/asgsed3/SAL/20208,0.13309059959,0.000555432092799
20209,Bendoc,2,Victoria,AUS,Australia,556.6648,http://linked.data.gov.au/dataset/asgsed3/SAL/20209,1.28735681,0.0565055148349
20210,Bengworden,2,Victoria,AUS,Australia,95.8903,http://linked.data.gov.au/dataset/asgsed3/SAL/20210,0.544471439,0.0098313624115
20211,Benjeroop,2,Victoria,AUS,Australia,49.5391,http://linked.data.gov.au/dataset/asgsed3/SAL/20211,0.497872467077,0.00492080318017
20212,Benloch,2,Victoria,AUS,Australia,21.6088,http://linked.data.gov.au/dataset/asgsed3/SAL/20212,0.290160001927,0.00219312259532
20213,Bennison,2,Victoria,AUS,Australia,4.3328,http://linked.data.gov.au/dataset/asgsed3/SAL/20213,0.16435996089,0.000448471704717
20214,Bentleigh,2,Victoria,AUS,Australia,4.7137,http://linked.data.gov.au/dataset/asgsed3/SAL/20214,0.110102925701,0.00048304871857
20215,Bentleigh East,2,Victoria,AUS,Australia,9.0148,http://linked.data.gov.au/dataset/asgsed3/SAL/20215,0.13577586448,0.0009237264516
20216,Benwerrin,2,Victoria,AUS,Australia,52.7895,http://linked.data.gov.au/dataset/asgsed3/SAL/20216,0.382093629389,0.00545040156933
20217,Beremboke,2,Victoria,AUS,Australia,32.7401,http://linked.data.gov.au/dataset/asgsed3/SAL/20217,0.37078187346,0.00334883903325
20218,Berrimal,2,Victoria,AUS,Australia,70.4061,http://linked.data.gov.au/dataset/asgsed3/SAL/20218,0.497620671194,0.007081935008
20219,Berringa,2,Victoria,AUS,Australia,37.6618,http://linked.data.gov.au/dataset/asgsed3/SAL/20219,0.410455823349,0.00385142977594
20220,Berringama,2,Victoria,AUS,Australia,86.0146,http://linked.data.gov.au/dataset/asgsed3/SAL/20220,0.484416160056,0.00861921404756
20221,Berriwillock,2,Victoria,AUS,Australia,235.7811,http://linked.data.gov.au/dataset/asgsed3/SAL/20221,0.740937691736,0.0234660756696
20222,Berrybank,2,Victoria,AUS,Australia,102.0016,http://linked.data.gov.au/dataset/asgsed3/SAL/20222,0.493250607712,0.0104586367669
20223,Berrys Creek,2,Victoria,AUS,Australia,30.7505,http://linked.data.gov.au/dataset/asgsed3/SAL/20223,0.33417970615,0.00317192387293
20224,Berwick,2,Victoria,AUS,Australia,33.1956,http://linked.data.gov.au/dataset/asgsed3/SAL/20224,0.373306956733,0.0034068103052
20225,Bessiebelle,2,Victoria,AUS,Australia,203.9749,http://linked.data.gov.au/dataset/asgsed3/SAL/20225,0.713105371805,0.0209680368638
20226,Bet Bet,2,Victoria,AUS,Australia,24.0025,http://linked.data.gov.au/dataset/asgsed3/SAL/20226,0.229076154345,0.00242746973058
20227,Bete Bolong,2,Victoria,AUS,Australia,135.6359,http://linked.data.gov.au/dataset/asgsed3/SAL/20227,0.580959009923,0.0138541986359
20228,Bete Bolong North,2,Victoria,AUS,Australia,68.9096,http://linked.data.gov.au/dataset/asgsed3/SAL/20228,0.449388521573,0.00703072782164
20229,Bethanga,2,Victoria,AUS,Australia,116.0074,http://linked.data.gov.au/dataset/asgsed3/SAL/20229,0.6148230161,0.0116171164082
20230,Betley,2,Victoria,AUS,Australia,10.0246,http://linked.data.gov.au/dataset/asgsed3/SAL/20230,0.148414768839,0.00101373392217
20231,Beulah (Vic.),2,Victoria,AUS,Australia,657.8568,http://linked.data.gov.au/dataset/asgsed3/SAL/20231,1.28423273811,0.0656807083011
20232,Beverford,2,Victoria,AUS,Australia,32.6283,http://linked.data.gov.au/dataset/asgsed3/SAL/20232,0.377549871652,0.00323042523125
20233,Beveridge,2,Victoria,AUS,Australia,111.7189,http://linked.data.gov.au/dataset/asgsed3/SAL/20233,0.554846622116,0.0113799666508
20234,Big Desert,2,Victoria,AUS,Australia,6072.4131,http://linked.data.gov.au/dataset/asgsed3/SAL/20234,3.74594158214,0.604133321403
20235,Big Hill (Greater Bendigo - Vic.),2,Victoria,AUS,Australia,11.0664,http://linked.data.gov.au/dataset/asgsed3/SAL/20235,0.175435640238,0.00111789387427
20236,Big Hill (Surf Coast - Vic.),2,Victoria,AUS,Australia,9.9535,http://linked.data.gov.au/dataset/asgsed3/SAL/20236,0.219827811195,0.00102770320343
20237,Big Pats Creek,2,Victoria,AUS,Australia,10.9906,http://linked.data.gov.au/dataset/asgsed3/SAL/20237,0.142845426393,0.00112378926001
20238,Biggara,2,Victoria,AUS,Australia,166.7273,http://linked.data.gov.au/dataset/asgsed3/SAL/20238,0.892961607506,0.016740083782
20239,Billabong,2,Victoria,AUS,Australia,183.9931,http://linked.data.gov.au/dataset/asgsed3/SAL/20239,0.929534130599,0.0186889256834
20240,Bimbourie,2,Victoria,AUS,Australia,45.6279,http://linked.data.gov.au/dataset/asgsed3/SAL/20240,0.341734841853,0.0045238860667
20241,Bindi,2,Victoria,AUS,Australia,150.6878,http://linked.data.gov.au/dataset/asgsed3/SAL/20241,0.700344276652,0.0152780822509
20242,Binginwarri,2,Victoria,AUS,Australia,58.1007,http://linked.data.gov.au/dataset/asgsed3/SAL/20242,0.43690146938,0.00600737530662
20243,Bingo Munjie,2,Victoria,AUS,Australia,13.5467,http://linked.data.gov.au/dataset/asgsed3/SAL/20243,0.199778341546,0.0013715109342
20244,Birchip,2,Victoria,AUS,Australia,114.3744,http://linked.data.gov.au/dataset/asgsed3/SAL/20244,0.541636480171,0.011431315919
20245,Birchip West,2,Victoria,AUS,Australia,60.2633,http://linked.data.gov.au/dataset/asgsed3/SAL/20245,0.35239382468,0.0060246390482
20246,Birdwoodton,2,Victoria,AUS,Australia,12.4096,http://linked.data.gov.au/dataset/asgsed3/SAL/20246,0.197212469249,0.00121381688127
20247,Birregurra,2,Victoria,AUS,Australia,132.3472,http://linked.data.gov.au/dataset/asgsed3/SAL/20247,0.884594316669,0.0136365658786
20248,Bittern,2,Victoria,AUS,Australia,17.216,http://linked.data.gov.au/dataset/asgsed3/SAL/20248,0.258944929025,0.00177400392061
20249,Black Hill (Vic.),2,Victoria,AUS,Australia,1.7567,http://linked.data.gov.au/dataset/asgsed3/SAL/20249,0.0592789512602,0.000179123081995
20250,Black Range (Vic.),2,Victoria,AUS,Australia,74.0554,http://linked.data.gov.au/dataset/asgsed3/SAL/20250,0.396627998167,0.00750989289635
20251,Black Rock (Vic.),2,Victoria,AUS,Australia,3.1853,http://linked.data.gov.au/dataset/asgsed3/SAL/20251,0.10223434967,0.000326607594644
20252,Blackburn,2,Victoria,AUS,Australia,5.899,http://linked.data.gov.au/dataset/asgsed3/SAL/20252,0.107495482446,0.000603631737697
20253,Blackburn North,2,Victoria,AUS,Australia,2.7086,http://linked.data.gov.au/dataset/asgsed3/SAL/20253,0.0860654321338,0.000277078175819
20254,Blackburn South,2,Victoria,AUS,Australia,3.5966,http://linked.data.gov.au/dataset/asgsed3/SAL/20254,0.0862024075429,0.000368136151918
20255,Blackwarry,2,Victoria,AUS,Australia,35.2941,http://linked.data.gov.au/dataset/asgsed3/SAL/20255,0.359248202733,0.00364038691814
20256,Blackwood (Vic.),2,Victoria,AUS,Australia,65.3859,http://linked.data.gov.au/dataset/asgsed3/SAL/20256,0.719075225288,0.00666176251806
20257,Blairgowrie,2,Victoria,AUS,Australia,6.2857,http://linked.data.gov.au/dataset/asgsed3/SAL/20257,0.121189414921,0.000647917300891
20258,Blakeville,2,Victoria,AUS,Australia,68.2392,http://linked.data.gov.au/dataset/asgsed3/SAL/20258,0.396096706632,0.0069516327136
20259,Blampied,2,Victoria,AUS,Australia,47.9415,http://linked.data.gov.au/dataset/asgsed3/SAL/20259,0.404901554763,0.00487567563331
20260,Blind Bight,2,Victoria,AUS,Australia,6.0367,http://linked.data.gov.au/dataset/asgsed3/SAL/20260,0.152705711926,0.000620987742503
20261,Blowhard,2,Victoria,AUS,Australia,29.3199,http://linked.data.gov.au/dataset/asgsed3/SAL/20261,0.261217158139,0.0029850263752
20262,Bo Peep,2,Victoria,AUS,Australia,12.5308,http://linked.data.gov.au/dataset/asgsed3/SAL/20262,0.189686074499,0.00127747110831
20263,Bobinawarrah,2,Victoria,AUS,Australia,74.0797,http://linked.data.gov.au/dataset/asgsed3/SAL/20263,0.433700649123,0.00745496199719
20264,Bochara,2,Victoria,AUS,Australia,58.0852,http://linked.data.gov.au/dataset/asgsed3/SAL/20264,0.423053976476,0.00593323917112
20265,Bogong,2,Victoria,AUS,Australia,58.3326,http://linked.data.gov.au/dataset/asgsed3/SAL/20265,0.365947590986,0.00588929904879
20266,Boho,2,Victoria,AUS,Australia,85.79609999999998,http://linked.data.gov.au/dataset/asgsed3/SAL/20266,0.477644375031,0.00864959174258
20267,Boho South,2,Victoria,AUS,Australia,75.3041,http://linked.data.gov.au/dataset/asgsed3/SAL/20267,0.493743182502,0.00760084990718
20268,Boigbeat,2,Victoria,AUS,Australia,95.9878,http://linked.data.gov.au/dataset/asgsed3/SAL/20268,0.473685160834,0.00954094219162
20269,Boinka,2,Victoria,AUS,Australia,275.9877,http://linked.data.gov.au/dataset/asgsed3/SAL/20269,1.07017337257,0.027302146184
20270,Boisdale,2,Victoria,AUS,Australia,78.3771,http://linked.data.gov.au/dataset/asgsed3/SAL/20270,0.612885816881,0.00802353320208
20271,Bolangum,2,Victoria,AUS,Australia,29.0292,http://linked.data.gov.au/dataset/asgsed3/SAL/20271,0.24408581838,0.00292815116085
20272,Bolinda,2,Victoria,AUS,Australia,27.6545,http://linked.data.gov.au/dataset/asgsed3/SAL/20272,0.261171075031,0.0028154855141
20273,Bolton,2,Victoria,AUS,Australia,139.3842,http://linked.data.gov.au/dataset/asgsed3/SAL/20273,0.545678109914,0.013756631494
20274,Bolwarra (Vic.),2,Victoria,AUS,Australia,23.347,http://linked.data.gov.au/dataset/asgsed3/SAL/20274,0.252667376431,0.00240381293912
20275,Bolwarrah,2,Victoria,AUS,Australia,21.4462,http://linked.data.gov.au/dataset/asgsed3/SAL/20275,0.260741433895,0.00218558594414
20276,Bona Vista,2,Victoria,AUS,Australia,13.8695,http://linked.data.gov.au/dataset/asgsed3/SAL/20276,0.217363605013,0.00142658339314
20277,Bonang,2,Victoria,AUS,Australia,529.3593,http://linked.data.gov.au/dataset/asgsed3/SAL/20277,1.35179291859,0.0537039953593
20278,Bonbeach,2,Victoria,AUS,Australia,2.7983,http://linked.data.gov.au/dataset/asgsed3/SAL/20278,0.0719124440503,0.000287241590403
20279,Bonegilla,2,Victoria,AUS,Australia,61.0438,http://linked.data.gov.au/dataset/asgsed3/SAL/20279,0.623209202454,0.0061121168049
20280,Boneo,2,Victoria,AUS,Australia,34.2061,http://linked.data.gov.au/dataset/asgsed3/SAL/20280,0.323483696222,0.00352810631176
20281,Bonn,2,Victoria,AUS,Australia,44.0613,http://linked.data.gov.au/dataset/asgsed3/SAL/20281,0.364825981042,0.00442699283422
20282,Bonnie Brook,2,Victoria,AUS,Australia,21.3096,http://linked.data.gov.au/dataset/asgsed3/SAL/20282,0.330084169946,0.00217692669813
20283,Bonnie Doon (Vic.),2,Victoria,AUS,Australia,192.6304,http://linked.data.gov.au/dataset/asgsed3/SAL/20283,0.934213667094,0.0195046806592
20284,Bonshaw (Vic.),2,Victoria,AUS,Australia,3.2098,http://linked.data.gov.au/dataset/asgsed3/SAL/20284,0.073003646489,0.000327504896293
20285,Bookaar,2,Victoria,AUS,Australia,228.3028,http://linked.data.gov.au/dataset/asgsed3/SAL/20285,1.01033277382,0.023454595526
20286,Boola,2,Victoria,AUS,Australia,68.5027,http://linked.data.gov.au/dataset/asgsed3/SAL/20286,0.465908616859,0.00703093001509
20287,Boolarong,2,Victoria,AUS,Australia,13.34,http://linked.data.gov.au/dataset/asgsed3/SAL/20287,0.241678703068,0.00137889643247
20288,Boolarra,2,Victoria,AUS,Australia,42.4496,http://linked.data.gov.au/dataset/asgsed3/SAL/20288,0.398380972635,0.00437674493252
20289,Boolarra South,2,Victoria,AUS,Australia,48.3014,http://linked.data.gov.au/dataset/asgsed3/SAL/20289,0.508197912322,0.00498446569226
20290,Boole Poole,2,Victoria,AUS,Australia,94.96230000000001,http://linked.data.gov.au/dataset/asgsed3/SAL/20290,0.665201776355,0.00972752282117
20291,Boolite,2,Victoria,AUS,Australia,97.1069,http://linked.data.gov.au/dataset/asgsed3/SAL/20291,0.436990538195,0.00974867787399
20292,Boomahnoomoonah,2,Victoria,AUS,Australia,31.9276,http://linked.data.gov.au/dataset/asgsed3/SAL/20292,0.227936894369,0.00319627856171
20293,Boonah (Vic.),2,Victoria,AUS,Australia,53.7402,http://linked.data.gov.au/dataset/asgsed3/SAL/20293,0.331930249071,0.00554432607095
20294,Boorcan,2,Victoria,AUS,Australia,61.9033,http://linked.data.gov.au/dataset/asgsed3/SAL/20294,0.53455772534,0.00636923775523
20295,Boorhaman,2,Victoria,AUS,Australia,92.1424,http://linked.data.gov.au/dataset/asgsed3/SAL/20295,0.501127319479,0.00923618481167
20296,Boorhaman East,2,Victoria,AUS,Australia,32.4773,http://linked.data.gov.au/dataset/asgsed3/SAL/20296,0.292558674974,0.00325286132806
20297,Boorhaman North,2,Victoria,AUS,Australia,38.6556,http://linked.data.gov.au/dataset/asgsed3/SAL/20297,0.392409021804,0.00386859588003
20298,Boorolite,2,Victoria,AUS,Australia,74.4432,http://linked.data.gov.au/dataset/asgsed3/SAL/20298,0.536801500255,0.00755083559977
20299,Boorool,2,Victoria,AUS,Australia,14.3599,http://linked.data.gov.au/dataset/asgsed3/SAL/20299,0.29026409811,0.00148191290232
20300,Boort,2,Victoria,AUS,Australia,255.7479,http://linked.data.gov.au/dataset/asgsed3/SAL/20300,1.01259646919,0.0256060788605
20301,Boosey,2,Victoria,AUS,Australia,46.8766,http://linked.data.gov.au/dataset/asgsed3/SAL/20301,0.342972486296,0.00468851405221
20302,Boralma,2,Victoria,AUS,Australia,37.736,http://linked.data.gov.au/dataset/asgsed3/SAL/20302,0.320692249865,0.00378310018869
20303,Bornes Hill,2,Victoria,AUS,Australia,233.3344,http://linked.data.gov.au/dataset/asgsed3/SAL/20303,0.912330455084,0.0237861182711
20304,Boronia,2,Victoria,AUS,Australia,11.1791,http://linked.data.gov.au/dataset/asgsed3/SAL/20304,0.257803008587,0.00114451187432
20305,Borung,2,Victoria,AUS,Australia,117.9448,http://linked.data.gov.au/dataset/asgsed3/SAL/20305,0.715558990356,0.0118324699153
20306,Bostocks Creek,2,Victoria,AUS,Australia,23.518,http://linked.data.gov.au/dataset/asgsed3/SAL/20306,0.316859613708,0.00242225901977
20307,Botanic Ridge,2,Victoria,AUS,Australia,6.1629,http://linked.data.gov.au/dataset/asgsed3/SAL/20307,0.160630463609,0.000633328876294
20308,Boundary Bend,2,Victoria,AUS,Australia,163.9824,http://linked.data.gov.au/dataset/asgsed3/SAL/20308,0.872925896466,0.0161411627656
20309,Bowenvale,2,Victoria,AUS,Australia,17.9294,http://linked.data.gov.au/dataset/asgsed3/SAL/20309,0.265077580412,0.00181499573617
20310,Boweya,2,Victoria,AUS,Australia,42.7452,http://linked.data.gov.au/dataset/asgsed3/SAL/20310,0.311993222953,0.00428730464693
20311,Boweya North,2,Victoria,AUS,Australia,24.5144,http://linked.data.gov.au/dataset/asgsed3/SAL/20311,0.221840424959,0.00245741548619
20312,Bowmans Forest,2,Victoria,AUS,Australia,56.0877,http://linked.data.gov.au/dataset/asgsed3/SAL/20312,0.417645254036,0.00563937300083
20313,Bowser,2,Victoria,AUS,Australia,5.2963,http://linked.data.gov.au/dataset/asgsed3/SAL/20313,0.0998591370114,0.000531440959767
20314,Box Hill (Vic.),2,Victoria,AUS,Australia,3.522,http://linked.data.gov.au/dataset/asgsed3/SAL/20314,0.0780885249535,0.000360406988222
20315,Box Hill North,2,Victoria,AUS,Australia,3.9668,http://linked.data.gov.au/dataset/asgsed3/SAL/20315,0.087890640268,0.000405856517397
20316,Box Hill South,2,Victoria,AUS,Australia,3.4903,http://linked.data.gov.au/dataset/asgsed3/SAL/20316,0.083870059138,0.000357235586624
20317,Boxwood,2,Victoria,AUS,Australia,26.0858,http://linked.data.gov.au/dataset/asgsed3/SAL/20317,0.220454165715,0.00261803907997
20318,Bradford,2,Victoria,AUS,Australia,33.0958,http://linked.data.gov.au/dataset/asgsed3/SAL/20318,0.289371129718,0.00334683837098
20319,Bradvale,2,Victoria,AUS,Australia,98.1674,http://linked.data.gov.au/dataset/asgsed3/SAL/20319,0.558900705119,0.0100406995239
20320,Braeside,2,Victoria,AUS,Australia,8.538500000000003,http://linked.data.gov.au/dataset/asgsed3/SAL/20320,0.126310814055,0.000875835685846
20321,Brandy Creek (Vic.),2,Victoria,AUS,Australia,5.3213,http://linked.data.gov.au/dataset/asgsed3/SAL/20321,0.141717221954,0.000546574035723
20322,Branxholme,2,Victoria,AUS,Australia,279.8824,http://linked.data.gov.au/dataset/asgsed3/SAL/20322,1.03024100365,0.0286494662764
20323,Bravington,2,Victoria,AUS,Australia,1.1212,http://linked.data.gov.au/dataset/asgsed3/SAL/20323,0.0513206935121,0.000115138000441
20324,Braybrook,2,Victoria,AUS,Australia,4.3246,http://linked.data.gov.au/dataset/asgsed3/SAL/20324,0.096029016307,0.000442412162986
20325,Breakaway Creek,2,Victoria,AUS,Australia,61.9532,http://linked.data.gov.au/dataset/asgsed3/SAL/20325,0.462166069233,0.00635750706284
20326,Breakwater,2,Victoria,AUS,Australia,3.1225,http://linked.data.gov.au/dataset/asgsed3/SAL/20326,0.0744669816136,0.000321082976201
20327,Breamlea,2,Victoria,AUS,Australia,2.8586,http://linked.data.gov.au/dataset/asgsed3/SAL/20327,0.0838586248923,0.0002944024093
20328,Brenanah,2,Victoria,AUS,Australia,89.6289,http://linked.data.gov.au/dataset/asgsed3/SAL/20328,0.514145941101,0.00902220030399
20329,Brewster,2,Victoria,AUS,Australia,52.5491,http://linked.data.gov.au/dataset/asgsed3/SAL/20329,0.393134085873,0.00535434428453
20330,Briagolong,2,Victoria,AUS,Australia,167.1046,http://linked.data.gov.au/dataset/asgsed3/SAL/20330,0.838193663161,0.0170966476412
20331,Briar Hill,2,Victoria,AUS,Australia,1.3392,http://linked.data.gov.au/dataset/asgsed3/SAL/20331,0.0633646474316,0.000136801799174
20332,Bridge Creek,2,Victoria,AUS,Australia,129.2528,http://linked.data.gov.au/dataset/asgsed3/SAL/20332,0.729989199121,0.0130690581577
20333,Bridgewater (Vic.),2,Victoria,AUS,Australia,118.1967,http://linked.data.gov.au/dataset/asgsed3/SAL/20333,0.77225238767,0.0119098799108
20334,Bridgewater North,2,Victoria,AUS,Australia,77.82779999999998,http://linked.data.gov.au/dataset/asgsed3/SAL/20334,0.37456513395,0.00783364094414
20335,Bridgewater On Loddon,2,Victoria,AUS,Australia,2.4622,http://linked.data.gov.au/dataset/asgsed3/SAL/20335,0.0829597336898,0.000247990922838
20336,Bright (Vic.),2,Victoria,AUS,Australia,131.7382,http://linked.data.gov.au/dataset/asgsed3/SAL/20336,0.778330726358,0.0132853199355
20337,Brighton (Vic.),2,Victoria,AUS,Australia,8.370100000000003,http://linked.data.gov.au/dataset/asgsed3/SAL/20337,0.141436358771,0.000857505269211
20338,Brighton East,2,Victoria,AUS,Australia,5.6665,http://linked.data.gov.au/dataset/asgsed3/SAL/20338,0.134966324394,0.000580558047798
20339,Brim,2,Victoria,AUS,Australia,343.867,http://linked.data.gov.au/dataset/asgsed3/SAL/20339,0.940853315497,0.0343931074395
20340,Brimboal,2,Victoria,AUS,Australia,27.2435,http://linked.data.gov.au/dataset/asgsed3/SAL/20340,0.286272379943,0.00277206738107
20341,Brimin,2,Victoria,AUS,Australia,61.0697,http://linked.data.gov.au/dataset/asgsed3/SAL/20341,0.680819132774,0.00610830329841
20342,Brimpaen,2,Victoria,AUS,Australia,247.4325,http://linked.data.gov.au/dataset/asgsed3/SAL/20342,0.855709182301,0.0250634310377
20343,Bringalbert,2,Victoria,AUS,Australia,107.6902,http://linked.data.gov.au/dataset/asgsed3/SAL/20343,0.551246798407,0.010878680072
20344,Brit Brit,2,Victoria,AUS,Australia,88.52549999999998,http://linked.data.gov.au/dataset/asgsed3/SAL/20344,0.724653325356,0.00900989803589
20345,Broadford,2,Victoria,AUS,Australia,110.1519,http://linked.data.gov.au/dataset/asgsed3/SAL/20345,0.568275822656,0.0111812138143
20346,Broadmeadows (Vic.),2,Victoria,AUS,Australia,8.1306,http://linked.data.gov.au/dataset/asgsed3/SAL/20346,0.173009838683,0.000830438483175
20347,Broadwater (Vic.),2,Victoria,AUS,Australia,77.95869999999998,http://linked.data.gov.au/dataset/asgsed3/SAL/20347,0.503570175309,0.00800949386492
20348,Brodribb River,2,Victoria,AUS,Australia,76.50799999999998,http://linked.data.gov.au/dataset/asgsed3/SAL/20348,0.593824260782,0.00781590283
20349,Broken Creek,2,Victoria,AUS,Australia,21.584,http://linked.data.gov.au/dataset/asgsed3/SAL/20349,0.316727897522,0.0021693897442
20350,Bromley,2,Victoria,AUS,Australia,17.8699,http://linked.data.gov.au/dataset/asgsed3/SAL/20350,0.216280418529,0.00180637199648
20351,Brookfield (Vic.),2,Victoria,AUS,Australia,10.982,http://linked.data.gov.au/dataset/asgsed3/SAL/20351,0.159523589714,0.00112197696416
20352,Brooklyn (Vic.),2,Victoria,AUS,Australia,5.4753,http://linked.data.gov.au/dataset/asgsed3/SAL/20352,0.111295878403,0.000560235272017
20353,Brookville,2,Victoria,AUS,Australia,181.0047,http://linked.data.gov.au/dataset/asgsed3/SAL/20353,0.846373138038,0.018406890541
20354,Broomfield,2,Victoria,AUS,Australia,9.2698,http://linked.data.gov.au/dataset/asgsed3/SAL/20354,0.172887529646,0.000943104389774
20355,Broughton (Vic.),2,Victoria,AUS,Australia,173.2445,http://linked.data.gov.au/dataset/asgsed3/SAL/20355,0.636854768246,0.0173494640437
20356,Brown Hill (Vic.),2,Victoria,AUS,Australia,7.4081,http://linked.data.gov.au/dataset/asgsed3/SAL/20356,0.157574678783,0.000755325159695
20357,Browns Plains (Vic.),2,Victoria,AUS,Australia,53.8731,http://linked.data.gov.au/dataset/asgsed3/SAL/20357,0.407371133745,0.00538800120147
20358,Bruarong,2,Victoria,AUS,Australia,45.5186,http://linked.data.gov.au/dataset/asgsed3/SAL/20358,0.346101404423,0.00457397469047
20359,Brucknell,2,Victoria,AUS,Australia,37.0513,http://linked.data.gov.au/dataset/asgsed3/SAL/20359,0.327853093422,0.00382419125325
20360,Brumby,2,Victoria,AUS,Australia,461.0178,http://linked.data.gov.au/dataset/asgsed3/SAL/20360,1.37946164868,0.0466760975211
20361,Brunswick (Vic.),2,Victoria,AUS,Australia,4.9787,http://linked.data.gov.au/dataset/asgsed3/SAL/20361,0.109696272593,0.000509078334157
20362,Brunswick East,2,Victoria,AUS,Australia,2.2624,http://linked.data.gov.au/dataset/asgsed3/SAL/20362,0.0818023228235,0.00023133798602
20363,Brunswick West,2,Victoria,AUS,Australia,3.2174,http://linked.data.gov.au/dataset/asgsed3/SAL/20363,0.119389053632,0.000328896078604
20364,Bruthen,2,Victoria,AUS,Australia,69.0092,http://linked.data.gov.au/dataset/asgsed3/SAL/20364,0.478483717553,0.00705093281148
20365,Buangor,2,Victoria,AUS,Australia,128.2016,http://linked.data.gov.au/dataset/asgsed3/SAL/20365,0.670484642643,0.0130397884503
20366,Buchan,2,Victoria,AUS,Australia,429.4854,http://linked.data.gov.au/dataset/asgsed3/SAL/20366,1.54058182007,0.0437145082147
20367,Buchan South,2,Victoria,AUS,Australia,430.3361,http://linked.data.gov.au/dataset/asgsed3/SAL/20367,1.35122922873,0.043886056275
20368,Buckland (Vic.),2,Victoria,AUS,Australia,379.0274,http://linked.data.gov.au/dataset/asgsed3/SAL/20368,1.44942478386,0.0383041919995
20369,Buckley,2,Victoria,AUS,Australia,58.764,http://linked.data.gov.au/dataset/asgsed3/SAL/20369,0.342101702479,0.00604534766492
20370,Buckley Swamp,2,Victoria,AUS,Australia,29.6295,http://linked.data.gov.au/dataset/asgsed3/SAL/20370,0.286609789961,0.00303347729489
20371,Buckrabanyule,2,Victoria,AUS,Australia,134.974,http://linked.data.gov.au/dataset/asgsed3/SAL/20371,0.699712615946,0.0135369461904
20372,Budgee Budgee (Vic.),2,Victoria,AUS,Australia,75.6854,http://linked.data.gov.au/dataset/asgsed3/SAL/20372,0.473797373998,0.00771598610346
20373,Budgeree,2,Victoria,AUS,Australia,44.0316,http://linked.data.gov.au/dataset/asgsed3/SAL/20373,0.415081782588,0.00454224747362
20374,Budgerum East,2,Victoria,AUS,Australia,18.4133,http://linked.data.gov.au/dataset/asgsed3/SAL/20374,0.186960036066,0.00183524551006
20375,Buffalo,2,Victoria,AUS,Australia,108.9795,http://linked.data.gov.au/dataset/asgsed3/SAL/20375,0.772743511987,0.0112806308699
20376,Buffalo River,2,Victoria,AUS,Australia,82.91249999999998,http://linked.data.gov.au/dataset/asgsed3/SAL/20376,0.690255573052,0.00835808616389
20377,Bulart,2,Victoria,AUS,Australia,175.9153,http://linked.data.gov.au/dataset/asgsed3/SAL/20377,0.951362276523,0.0179427975224
20378,Buldah,2,Victoria,AUS,Australia,221.1365,http://linked.data.gov.au/dataset/asgsed3/SAL/20378,0.673237480343,0.0224575600485
20379,Bulga (Vic.),2,Victoria,AUS,Australia,62.8934,http://linked.data.gov.au/dataset/asgsed3/SAL/20379,0.365805680528,0.00623315114346
20380,Bulgana,2,Victoria,AUS,Australia,91.3492,http://linked.data.gov.au/dataset/asgsed3/SAL/20380,0.433616769093,0.00926304155517
20381,Bulla (Vic.),2,Victoria,AUS,Australia,33.6846,http://linked.data.gov.au/dataset/asgsed3/SAL/20381,0.450267110464,0.00343839618643
20382,Bullaharre,2,Victoria,AUS,Australia,7.0611,http://linked.data.gov.au/dataset/asgsed3/SAL/20382,0.145010672133,0.000727706643787
20383,Bullarook,2,Victoria,AUS,Australia,21.2112,http://linked.data.gov.au/dataset/asgsed3/SAL/20383,0.214614115938,0.00216168201532
20384,Bullarto,2,Victoria,AUS,Australia,18.1011,http://linked.data.gov.au/dataset/asgsed3/SAL/20384,0.256328996351,0.00184174082858
20385,Bullarto South,2,Victoria,AUS,Australia,22.6605,http://linked.data.gov.au/dataset/asgsed3/SAL/20385,0.278364370896,0.00230639287212
20386,Bulleen,2,Victoria,AUS,Australia,6.5475,http://linked.data.gov.au/dataset/asgsed3/SAL/20386,0.173798563113,0.000669538690665
20387,Bullengarook,2,Victoria,AUS,Australia,70.3519,http://linked.data.gov.au/dataset/asgsed3/SAL/20387,0.523970647714,0.00716625959346
20388,Bullioh,2,Victoria,AUS,Australia,96.7863,http://linked.data.gov.au/dataset/asgsed3/SAL/20388,0.562576412246,0.00969539050887
20389,Bullumwaal,2,Victoria,AUS,Australia,107.9749,http://linked.data.gov.au/dataset/asgsed3/SAL/20389,0.549602117938,0.0110230073752
20390,Buln Buln,2,Victoria,AUS,Australia,18.3272,http://linked.data.gov.au/dataset/asgsed3/SAL/20390,0.265464830396,0.00188227888102
20391,Buln Buln East,2,Victoria,AUS,Australia,23.1611,http://linked.data.gov.au/dataset/asgsed3/SAL/20391,0.314936662107,0.00237803176385
20392,Bumberrah,2,Victoria,AUS,Australia,3.6886,http://linked.data.gov.au/dataset/asgsed3/SAL/20392,0.102368041944,0.000377301187649
20393,Bunbartha,2,Victoria,AUS,Australia,66.3837,http://linked.data.gov.au/dataset/asgsed3/SAL/20393,0.601221594551,0.00665501107394
20394,Bundalaguah,2,Victoria,AUS,Australia,29.1818,http://linked.data.gov.au/dataset/asgsed3/SAL/20394,0.419762947097,0.00299441477922
20395,Bundalong,2,Victoria,AUS,Australia,66.6162,http://linked.data.gov.au/dataset/asgsed3/SAL/20395,0.435182942396,0.00666350515488
20396,Bundalong South,2,Victoria,AUS,Australia,31.2706,http://linked.data.gov.au/dataset/asgsed3/SAL/20396,0.335017138976,0.00312978813472
20397,Bundara,2,Victoria,AUS,Australia,118.4369,http://linked.data.gov.au/dataset/asgsed3/SAL/20397,0.485348110988,0.0119870055718
20398,Bunding,2,Victoria,AUS,Australia,22.8635,http://linked.data.gov.au/dataset/asgsed3/SAL/20398,0.256070628798,0.00233086395716
20399,Bundoora (Vic.),2,Victoria,AUS,Australia,17.2313,http://linked.data.gov.au/dataset/asgsed3/SAL/20399,0.353752079666,0.00176038190326
20400,Bung Bong,2,Victoria,AUS,Australia,76.67709999999998,http://linked.data.gov.au/dataset/asgsed3/SAL/20400,0.454393938608,0.00777172288922
20401,Bungador,2,Victoria,AUS,Australia,34.8603,http://linked.data.gov.au/dataset/asgsed3/SAL/20401,0.356872607864,0.00359627547762
20402,Bungal,2,Victoria,AUS,Australia,49.4723,http://linked.data.gov.au/dataset/asgsed3/SAL/20402,0.676226658168,0.00505461138801
20403,Bungalally,2,Victoria,AUS,Australia,84.9461,http://linked.data.gov.au/dataset/asgsed3/SAL/20403,0.428154408743,0.00857774237831
20404,Bungaree (Vic.),2,Victoria,AUS,Australia,24.8677,http://linked.data.gov.au/dataset/asgsed3/SAL/20404,0.285491801119,0.00253584226588
20405,Bungeet,2,Victoria,AUS,Australia,19.2118,http://linked.data.gov.au/dataset/asgsed3/SAL/20405,0.212193449879,0.00192707808743
20406,Bungeet West,2,Victoria,AUS,Australia,48.414,http://linked.data.gov.au/dataset/asgsed3/SAL/20406,0.340655012615,0.00485991994586
20407,Bungil (Vic.),2,Victoria,AUS,Australia,95.73200000000001,http://linked.data.gov.au/dataset/asgsed3/SAL/20407,0.54780249978,0.00957718879756
20408,Bunguluke,2,Victoria,AUS,Australia,109.9796,http://linked.data.gov.au/dataset/asgsed3/SAL/20408,0.547903689146,0.0110008257665
20409,Buninyong,2,Victoria,AUS,Australia,25.4355,http://linked.data.gov.au/dataset/asgsed3/SAL/20409,0.328464379388,0.00259693249803
20410,Bunkers Hill,2,Victoria,AUS,Australia,12.1516,http://linked.data.gov.au/dataset/asgsed3/SAL/20410,0.189478528424,0.00123934838389
20411,Bunyip,2,Victoria,AUS,Australia,24.2372,http://linked.data.gov.au/dataset/asgsed3/SAL/20411,0.244140034407,0.00248942720802
20412,Bunyip North,2,Victoria,AUS,Australia,16.7744,http://linked.data.gov.au/dataset/asgsed3/SAL/20412,0.208097505378,0.0017220212625
20413,Buragwonduc,2,Victoria,AUS,Australia,147.144,http://linked.data.gov.au/dataset/asgsed3/SAL/20413,0.651461148392,0.0149912060553
20414,Burkes Bridge,2,Victoria,AUS,Australia,31.8306,http://linked.data.gov.au/dataset/asgsed3/SAL/20414,0.409245541711,0.00317504007204
20415,Burkes Flat,2,Victoria,AUS,Australia,41.2673,http://linked.data.gov.au/dataset/asgsed3/SAL/20415,0.429677733189,0.00415829527279
20416,Burnbank,2,Victoria,AUS,Australia,44.4428,http://linked.data.gov.au/dataset/asgsed3/SAL/20416,0.37018611739,0.00451246172302
20417,Burnewang,2,Victoria,AUS,Australia,28.7587,http://linked.data.gov.au/dataset/asgsed3/SAL/20417,0.310449087748,0.00289181529806
20418,Burnley,2,Victoria,AUS,Australia,1.1018,http://linked.data.gov.au/dataset/asgsed3/SAL/20418,0.0584917484713,0.000112770590652
20419,Burnside (Vic.),2,Victoria,AUS,Australia,2.552,http://linked.data.gov.au/dataset/asgsed3/SAL/20419,0.087116368069,0.000260903291007
20420,Burnside Heights,2,Victoria,AUS,Australia,1.9954,http://linked.data.gov.au/dataset/asgsed3/SAL/20420,0.0621301932278,0.00020391499818
20421,Burramboot,2,Victoria,AUS,Australia,110.4015,http://linked.data.gov.au/dataset/asgsed3/SAL/20421,0.538761008868,0.0111091207911
20422,Burramine,2,Victoria,AUS,Australia,108.138,http://linked.data.gov.au/dataset/asgsed3/SAL/20422,0.651867149711,0.0108102213848
20423,Burramine South,2,Victoria,AUS,Australia,47.5209,http://linked.data.gov.au/dataset/asgsed3/SAL/20423,0.314865659046,0.0047543046086
20424,Burrowye,2,Victoria,AUS,Australia,130.7596,http://linked.data.gov.au/dataset/asgsed3/SAL/20424,0.726747217342,0.0130759226164
20425,Burrumbeet,2,Victoria,AUS,Australia,86.14029999999998,http://linked.data.gov.au/dataset/asgsed3/SAL/20425,0.507838011433,0.00877638391835
20426,Burwood (Vic.),2,Victoria,AUS,Australia,6.0826,http://linked.data.gov.au/dataset/asgsed3/SAL/20426,0.133887429313,0.000622652007694
20427,Burwood East,2,Victoria,AUS,Australia,4.2629,http://linked.data.gov.au/dataset/asgsed3/SAL/20427,0.103781315191,0.000436349464638
20428,Bushfield,2,Victoria,AUS,Australia,10.271,http://linked.data.gov.au/dataset/asgsed3/SAL/20428,0.192713083674,0.00105816453977
20429,Bushy Park (Vic.),2,Victoria,AUS,Australia,18.7785,http://linked.data.gov.au/dataset/asgsed3/SAL/20429,0.255563217531,0.00192255219694
20430,Butchers Ridge,2,Victoria,AUS,Australia,32.5655,http://linked.data.gov.au/dataset/asgsed3/SAL/20430,0.298581120641,0.00330791123413
20431,Buxton (Vic.),2,Victoria,AUS,Australia,61.3675,http://linked.data.gov.au/dataset/asgsed3/SAL/20431,0.440866620944,0.00624791936815
20432,Byaduk,2,Victoria,AUS,Australia,119.8997,http://linked.data.gov.au/dataset/asgsed3/SAL/20432,0.669475619858,0.0122896241173
20433,Byaduk North,2,Victoria,AUS,Australia,124.2911,http://linked.data.gov.au/dataset/asgsed3/SAL/20433,0.602127249055,0.0127252681482
20434,Byawatha,2,Victoria,AUS,Australia,93.1649,http://linked.data.gov.au/dataset/asgsed3/SAL/20434,0.554740715972,0.00934608453768
20435,Bylands,2,Victoria,AUS,Australia,40.5926,http://linked.data.gov.au/dataset/asgsed3/SAL/20435,0.445172018268,0.00412823444688
20436,Byrneside,2,Victoria,AUS,Australia,33.3432,http://linked.data.gov.au/dataset/asgsed3/SAL/20436,0.326351319121,0.00335010261282
20437,Cabarita (Vic.),2,Victoria,AUS,Australia,4.992,http://linked.data.gov.au/dataset/asgsed3/SAL/20437,0.114597549446,0.000488312394483
20438,Cabbage Tree,2,Victoria,AUS,Australia,10.4227,http://linked.data.gov.au/dataset/asgsed3/SAL/20438,0.190929989143,0.00106151989209
20439,Cabbage Tree Creek,2,Victoria,AUS,Australia,300.5065,http://linked.data.gov.au/dataset/asgsed3/SAL/20439,1.02119520631,0.0306828301043
20440,Cadello,2,Victoria,AUS,Australia,8.3304,http://linked.data.gov.au/dataset/asgsed3/SAL/20440,0.146236664348,0.000846651656346
20441,Cairnlea,2,Victoria,AUS,Australia,4.406100000000001,http://linked.data.gov.au/dataset/asgsed3/SAL/20441,0.104024812617,0.000450470184046
20442,Calder Park,2,Victoria,AUS,Australia,2.6914,http://linked.data.gov.au/dataset/asgsed3/SAL/20442,0.0829868538881,0.000274878297555
20443,Caldermeade,2,Victoria,AUS,Australia,41.567,http://linked.data.gov.au/dataset/asgsed3/SAL/20443,0.359275862528,0.00427768949617
20444,California Gully,2,Victoria,AUS,Australia,3.752,http://linked.data.gov.au/dataset/asgsed3/SAL/20444,0.106833988227,0.000378471684792
20445,Calivil,2,Victoria,AUS,Australia,138.9627,http://linked.data.gov.au/dataset/asgsed3/SAL/20445,0.57701298543,0.0139341270199
20446,Callawadda,2,Victoria,AUS,Australia,137.6578,http://linked.data.gov.au/dataset/asgsed3/SAL/20446,0.56126787315,0.0139036569115
20447,Callignee,2,Victoria,AUS,Australia,41.9103,http://linked.data.gov.au/dataset/asgsed3/SAL/20447,0.440223195307,0.00431765868976
20448,Callignee North,2,Victoria,AUS,Australia,39.6179,http://linked.data.gov.au/dataset/asgsed3/SAL/20448,0.518197735636,0.00408082873234
20449,Callignee South,2,Victoria,AUS,Australia,10.309,http://linked.data.gov.au/dataset/asgsed3/SAL/20449,0.180018727787,0.00106288428022
20450,Calrossie,2,Victoria,AUS,Australia,5.8833,http://linked.data.gov.au/dataset/asgsed3/SAL/20450,0.125870664012,0.00060756869952
20451,Calulu,2,Victoria,AUS,Australia,26.2053,http://linked.data.gov.au/dataset/asgsed3/SAL/20451,0.331448550796,0.00268014269241
20452,Cambarville,2,Victoria,AUS,Australia,384.1422,http://linked.data.gov.au/dataset/asgsed3/SAL/20452,0.94206310695,0.0391978747439
20453,Camberwell (Vic.),2,Victoria,AUS,Australia,7.589,http://linked.data.gov.au/dataset/asgsed3/SAL/20453,0.163363115373,0.000776742289772
20454,Cambrian Hill,2,Victoria,AUS,Australia,10.5646,http://linked.data.gov.au/dataset/asgsed3/SAL/20454,0.16973451849,0.0010784744936
20455,Campbellfield,2,Victoria,AUS,Australia,12.247,http://linked.data.gov.au/dataset/asgsed3/SAL/20455,0.183324540952,0.00125063293477
20456,Campbells Bridge,2,Victoria,AUS,Australia,97.93660000000001,http://linked.data.gov.au/dataset/asgsed3/SAL/20456,0.473696557998,0.00990474229152
20457,Campbells Creek,2,Victoria,AUS,Australia,24.8118,http://linked.data.gov.au/dataset/asgsed3/SAL/20457,0.25375715464,0.00251516347127
20458,Campbells Forest,2,Victoria,AUS,Australia,63.8117,http://linked.data.gov.au/dataset/asgsed3/SAL/20458,0.468208879381,0.00642777841659
20459,Campbelltown (Vic.),2,Victoria,AUS,Australia,70.6772,http://linked.data.gov.au/dataset/asgsed3/SAL/20459,0.470170034514,0.00717406911108
20460,Camperdown (Vic.),2,Victoria,AUS,Australia,69.3376,http://linked.data.gov.au/dataset/asgsed3/SAL/20460,0.523960726647,0.00713515793882
20461,Canadian,2,Victoria,AUS,Australia,7.7926,http://linked.data.gov.au/dataset/asgsed3/SAL/20461,0.129799935265,0.000794865956187
20462,Canary Island,2,Victoria,AUS,Australia,55.9234,http://linked.data.gov.au/dataset/asgsed3/SAL/20462,0.453755427561,0.00559056673548
20463,Caniambo,2,Victoria,AUS,Australia,98.9861,http://linked.data.gov.au/dataset/asgsed3/SAL/20463,0.511693284287,0.00995215086944
20464,Cann River,2,Victoria,AUS,Australia,112.0001,http://linked.data.gov.au/dataset/asgsed3/SAL/20464,0.635245129682,0.0114254847225
20465,Cannie,2,Victoria,AUS,Australia,119.567,http://linked.data.gov.au/dataset/asgsed3/SAL/20465,0.680005632788,0.0119152072331
20466,Cannons Creek,2,Victoria,AUS,Australia,19.9733,http://linked.data.gov.au/dataset/asgsed3/SAL/20466,0.287103709142,0.00205487304804
20467,Cannum,2,Victoria,AUS,Australia,126.9906,http://linked.data.gov.au/dataset/asgsed3/SAL/20467,0.579879022478,0.0127353512459
20468,Canterbury (Vic.),2,Victoria,AUS,Australia,3.1448,http://linked.data.gov.au/dataset/asgsed3/SAL/20468,0.12112982116,0.000321812688768
20469,Cape Bridgewater,2,Victoria,AUS,Australia,78.2934,http://linked.data.gov.au/dataset/asgsed3/SAL/20469,0.500890086129,0.00806635345674
20470,Cape Clear,2,Victoria,AUS,Australia,30.3219,http://linked.data.gov.au/dataset/asgsed3/SAL/20470,0.406869631357,0.0031011519592
20471,Cape Conran,2,Victoria,AUS,Australia,13.7838,http://linked.data.gov.au/dataset/asgsed3/SAL/20471,0.260190257546,0.00140993101506
20472,Cape Otway,2,Victoria,AUS,Australia,82.4093,http://linked.data.gov.au/dataset/asgsed3/SAL/20472,0.605139789677,0.00854523851423
20473,Cape Paterson,2,Victoria,AUS,Australia,15.7977,http://linked.data.gov.au/dataset/asgsed3/SAL/20473,0.210506309693,0.00163503639824
20474,Cape Schanck,2,Victoria,AUS,Australia,31.2693,http://linked.data.gov.au/dataset/asgsed3/SAL/20474,0.329660179193,0.00322740188484
20475,Cape Woolamai,2,Victoria,AUS,Australia,6.1174,http://linked.data.gov.au/dataset/asgsed3/SAL/20475,0.182122558389,0.000632089766593
20476,Capel Sound,2,Victoria,AUS,Australia,4.6396,http://linked.data.gov.au/dataset/asgsed3/SAL/20476,0.0960097082436,0.000478302342725
20477,Capels Crossing,2,Victoria,AUS,Australia,69.1227,http://linked.data.gov.au/dataset/asgsed3/SAL/20477,0.416930854582,0.00687584945023
20478,Carag Carag,2,Victoria,AUS,Australia,58.2382,http://linked.data.gov.au/dataset/asgsed3/SAL/20478,0.309951355665,0.00585514985678
20479,Caralulup,2,Victoria,AUS,Australia,17.765,http://linked.data.gov.au/dataset/asgsed3/SAL/20479,0.217228642527,0.00180316175946
20480,Caramut,2,Victoria,AUS,Australia,276.6066,http://linked.data.gov.au/dataset/asgsed3/SAL/20480,0.957477632655,0.0283545802879
20481,Carapooee,2,Victoria,AUS,Australia,77.2407,http://linked.data.gov.au/dataset/asgsed3/SAL/20481,0.476322805923,0.00779046545194
20482,Carapooee West,2,Victoria,AUS,Australia,54.7617,http://linked.data.gov.au/dataset/asgsed3/SAL/20482,0.482587974681,0.00552272982977
20483,Carapook,2,Victoria,AUS,Australia,74.35859999999998,http://linked.data.gov.au/dataset/asgsed3/SAL/20483,0.493832089785,0.00757839815724
20484,Carboor,2,Victoria,AUS,Australia,122.6871,http://linked.data.gov.au/dataset/asgsed3/SAL/20484,0.681667813069,0.0123647897043
20485,Cardigan,2,Victoria,AUS,Australia,40.68,http://linked.data.gov.au/dataset/asgsed3/SAL/20485,0.381428390964,0.00414723342032
20486,Cardigan Village,2,Victoria,AUS,Australia,1.7293,http://linked.data.gov.au/dataset/asgsed3/SAL/20486,0.0612264833449,0.000176262654124
20487,Cardinia,2,Victoria,AUS,Australia,27.0153,http://linked.data.gov.au/dataset/asgsed3/SAL/20487,0.242936854034,0.00277637566588
20488,Cardross,2,Victoria,AUS,Australia,40.6822,http://linked.data.gov.au/dataset/asgsed3/SAL/20488,0.273117069871,0.00398408191477
20489,Cargerie,2,Victoria,AUS,Australia,25.1846,http://linked.data.gov.au/dataset/asgsed3/SAL/20489,0.244007589256,0.002576513334
20490,Carina (Vic.),2,Victoria,AUS,Australia,193.8827,http://linked.data.gov.au/dataset/asgsed3/SAL/20490,0.865369364086,0.019193585379
20491,Caringal,2,Victoria,AUS,Australia,71.7752,http://linked.data.gov.au/dataset/asgsed3/SAL/20491,0.454229218734,0.00735714208794
20492,Carisbrook,2,Victoria,AUS,Australia,116.2721,http://linked.data.gov.au/dataset/asgsed3/SAL/20492,0.620206109281,0.0117749721851
20493,Carlisle River,2,Victoria,AUS,Australia,191.2386,http://linked.data.gov.au/dataset/asgsed3/SAL/20493,0.915523920393,0.0197669622591
20494,Carlsruhe,2,Victoria,AUS,Australia,38.336,http://linked.data.gov.au/dataset/asgsed3/SAL/20494,0.395656752408,0.00389536515542
20495,Carlton (Vic.),2,Victoria,AUS,Australia,1.7728,http://linked.data.gov.au/dataset/asgsed3/SAL/20495,0.0622656740236,0.000181304905774
20496,Carlton North,2,Victoria,AUS,Australia,1.8709,http://linked.data.gov.au/dataset/asgsed3/SAL/20496,0.0725415926876,0.000191365252852
20497,Carlyle,2,Victoria,AUS,Australia,35.8382,http://linked.data.gov.au/dataset/asgsed3/SAL/20497,0.349235842469,0.00358234034327
20498,Carnegie,2,Victoria,AUS,Australia,3.6873,http://linked.data.gov.au/dataset/asgsed3/SAL/20498,0.0945741812598,0.000377679449943
20499,Carngham,2,Victoria,AUS,Australia,69.5311,http://linked.data.gov.au/dataset/asgsed3/SAL/20499,0.471467281903,0.00709051700237
20500,Caroline Springs,2,Victoria,AUS,Australia,8.3353,http://linked.data.gov.au/dataset/asgsed3/SAL/20500,0.165523978321,0.000851908793563
20501,Carpendeit,2,Victoria,AUS,Australia,43.6532,http://linked.data.gov.au/dataset/asgsed3/SAL/20501,0.468546480527,0.00450114009621
20502,Carrajung,2,Victoria,AUS,Australia,35.6065,http://linked.data.gov.au/dataset/asgsed3/SAL/20502,0.40301391691,0.00367087525154
20503,Carrajung Lower,2,Victoria,AUS,Australia,39.9627,http://linked.data.gov.au/dataset/asgsed3/SAL/20503,0.505943765599,0.00412089045735
20504,Carrajung South,2,Victoria,AUS,Australia,23.4923,http://linked.data.gov.au/dataset/asgsed3/SAL/20504,0.366655366989,0.0024225290729
20505,Carranballac,2,Victoria,AUS,Australia,104.7408,http://linked.data.gov.au/dataset/asgsed3/SAL/20505,0.617247913309,0.0106985909849
20506,Carron,2,Victoria,AUS,Australia,35.6121,http://linked.data.gov.au/dataset/asgsed3/SAL/20506,0.335682907223,0.00357210838205
20507,Carrum,2,Victoria,AUS,Australia,1.5553,http://linked.data.gov.au/dataset/asgsed3/SAL/20507,0.0576667811282,0.000159712384381
20508,Carrum Downs,2,Victoria,AUS,Australia,20.308,http://linked.data.gov.au/dataset/asgsed3/SAL/20508,0.233421973188,0.00208564860424
20509,Carwarp,2,Victoria,AUS,Australia,705.9016,http://linked.data.gov.au/dataset/asgsed3/SAL/20509,1.39966382139,0.069311971942
20510,Cashmore,2,Victoria,AUS,Australia,36.3581,http://linked.data.gov.au/dataset/asgsed3/SAL/20510,0.34601599537,0.00374486490025
20511,Cassilis (Vic.),2,Victoria,AUS,Australia,12.5914,http://linked.data.gov.au/dataset/asgsed3/SAL/20511,0.175310798522,0.00127805444578
20512,Castella,2,Victoria,AUS,Australia,17.3122,http://linked.data.gov.au/dataset/asgsed3/SAL/20512,0.297342897506,0.0017644785241
20513,Casterton,2,Victoria,AUS,Australia,226.7871,http://linked.data.gov.au/dataset/asgsed3/SAL/20513,1.13626011571,0.0231398597726
20514,Castle Creek (Vic.),2,Victoria,AUS,Australia,18.0021,http://linked.data.gov.au/dataset/asgsed3/SAL/20514,0.252453687847,0.00180353657862
20515,Castle Donnington,2,Victoria,AUS,Australia,45.9469,http://linked.data.gov.au/dataset/asgsed3/SAL/20515,0.3429600772,0.00456023318079
20516,Castlemaine,2,Victoria,AUS,Australia,19.8114,http://linked.data.gov.au/dataset/asgsed3/SAL/20516,0.246087734126,0.00200710110121
20517,Catani,2,Victoria,AUS,Australia,34.1766,http://linked.data.gov.au/dataset/asgsed3/SAL/20517,0.345404691001,0.00351480227522
20518,Cathcart (Vic.),2,Victoria,AUS,Australia,34.0799,http://linked.data.gov.au/dataset/asgsed3/SAL/20518,0.332829974183,0.00346384644777
20519,Cathkin,2,Victoria,AUS,Australia,24.7636,http://linked.data.gov.au/dataset/asgsed3/SAL/20519,0.35475389408,0.0025119013716
20520,Catumnal,2,Victoria,AUS,Australia,42.787,http://linked.data.gov.au/dataset/asgsed3/SAL/20520,0.298708374886,0.00428089149323
20521,Caulfield,2,Victoria,AUS,Australia,1.4701,http://linked.data.gov.au/dataset/asgsed3/SAL/20521,0.0570443516296,0.000150573860024
20522,Caulfield East,2,Victoria,AUS,Australia,1.2587,http://linked.data.gov.au/dataset/asgsed3/SAL/20522,0.043788946612,0.000128880325875
20523,Caulfield North,2,Victoria,AUS,Australia,4.2015,http://linked.data.gov.au/dataset/asgsed3/SAL/20523,0.0904365664883,0.00043026766069
20524,Caulfield South,2,Victoria,AUS,Australia,3.2725,http://linked.data.gov.au/dataset/asgsed3/SAL/20524,0.0751517538126,0.00033515339466
20525,Caveat,2,Victoria,AUS,Australia,63.7744,http://linked.data.gov.au/dataset/asgsed3/SAL/20525,0.454251161976,0.00646079209647
20526,Cavendish,2,Victoria,AUS,Australia,292.3571,http://linked.data.gov.au/dataset/asgsed3/SAL/20526,1.0137161406,0.0297893687574
20527,Ceres,2,Victoria,AUS,Australia,12.4164,http://linked.data.gov.au/dataset/asgsed3/SAL/20527,0.155934175143,0.00127641637194
20528,Chadstone,2,Victoria,AUS,Australia,3.1201,http://linked.data.gov.au/dataset/asgsed3/SAL/20528,0.0756421353839,0.000319523215661
20529,Chandlers Creek,2,Victoria,AUS,Australia,356.6811,http://linked.data.gov.au/dataset/asgsed3/SAL/20529,0.930461539913,0.0362599015108
20530,Chapel Flat,2,Victoria,AUS,Australia,5.1177,http://linked.data.gov.au/dataset/asgsed3/SAL/20530,0.116081684042,0.000521331475474
20531,Chapple Vale,2,Victoria,AUS,Australia,69.8152,http://linked.data.gov.au/dataset/asgsed3/SAL/20531,0.607685087522,0.00722331522894
20532,Charam,2,Victoria,AUS,Australia,139.4406,http://linked.data.gov.au/dataset/asgsed3/SAL/20532,0.513856389322,0.0141071707894
20533,Charlemont,2,Victoria,AUS,Australia,10.829,http://linked.data.gov.au/dataset/asgsed3/SAL/20533,0.192871248661,0.00111388113486
20534,Charleroi,2,Victoria,AUS,Australia,41.8293,http://linked.data.gov.au/dataset/asgsed3/SAL/20534,0.383753023112,0.00419726903469
20535,Charlton (Vic.),2,Victoria,AUS,Australia,244.5953,http://linked.data.gov.au/dataset/asgsed3/SAL/20535,0.807720659605,0.0245368740868
20536,Chatsworth (Vic.),2,Victoria,AUS,Australia,93.8231,http://linked.data.gov.au/dataset/asgsed3/SAL/20536,0.702734488663,0.00960423155063
20537,Chelsea,2,Victoria,AUS,Australia,2.6247,http://linked.data.gov.au/dataset/asgsed3/SAL/20537,0.0715091185938,0.000269444071217
20538,Chelsea Heights,2,Victoria,AUS,Australia,3.1958,http://linked.data.gov.au/dataset/asgsed3/SAL/20538,0.0770660126412,0.000327951059612
20539,Cheltenham (Vic.),2,Victoria,AUS,Australia,10.5172,http://linked.data.gov.au/dataset/asgsed3/SAL/20539,0.192190463834,0.00107822213539
20540,Chepstowe,2,Victoria,AUS,Australia,56.9908,http://linked.data.gov.au/dataset/asgsed3/SAL/20540,0.363849877936,0.00581446894531
20541,Cherokee,2,Victoria,AUS,Australia,10.7562,http://linked.data.gov.au/dataset/asgsed3/SAL/20541,0.180075244388,0.00109449240329
20542,Cherrypool,2,Victoria,AUS,Australia,57.4885,http://linked.data.gov.au/dataset/asgsed3/SAL/20542,0.491249712032,0.00582946332247
20543,Cheshunt,2,Victoria,AUS,Australia,160.8619,http://linked.data.gov.au/dataset/asgsed3/SAL/20543,0.724314026983,0.0162518797401
20544,Cheshunt South,2,Victoria,AUS,Australia,54.2982,http://linked.data.gov.au/dataset/asgsed3/SAL/20544,0.486256162457,0.00549126572242
20545,Chesney Vale,2,Victoria,AUS,Australia,49.2423,http://linked.data.gov.au/dataset/asgsed3/SAL/20545,0.356724871807,0.00494759668994
20546,Chetwynd,2,Victoria,AUS,Australia,280.5214,http://linked.data.gov.au/dataset/asgsed3/SAL/20546,1.01049252844,0.0285069802758
20547,Chewton,2,Victoria,AUS,Australia,24.0383,http://linked.data.gov.au/dataset/asgsed3/SAL/20547,0.268947594822,0.00243645708268
20548,Chewton Bushlands,2,Victoria,AUS,Australia,1.4767,http://linked.data.gov.au/dataset/asgsed3/SAL/20548,0.0590655513094,0.000149639038023
20549,Childers (Vic.),2,Victoria,AUS,Australia,21.7539,http://linked.data.gov.au/dataset/asgsed3/SAL/20549,0.347314665725,0.00224046308984
20550,Chillingollah,2,Victoria,AUS,Australia,35.8916,http://linked.data.gov.au/dataset/asgsed3/SAL/20550,0.290047983145,0.00355571898515
20551,Chiltern,2,Victoria,AUS,Australia,200.26,http://linked.data.gov.au/dataset/asgsed3/SAL/20551,0.884278168645,0.0200670087739
20552,Chiltern Valley,2,Victoria,AUS,Australia,21.838,http://linked.data.gov.au/dataset/asgsed3/SAL/20552,0.23926957053,0.00218681039526
20553,Chinangin,2,Victoria,AUS,Australia,61.5411,http://linked.data.gov.au/dataset/asgsed3/SAL/20553,0.361984675641,0.00611537953943
20554,Chinkapook,2,Victoria,AUS,Australia,207.729,http://linked.data.gov.au/dataset/asgsed3/SAL/20554,0.659106545552,0.0205570731873
20555,Chintin,2,Victoria,AUS,Australia,28.0889,http://linked.data.gov.au/dataset/asgsed3/SAL/20555,0.281189071857,0.0028580894904
20556,Chirnside Park,2,Victoria,AUS,Australia,22.2024,http://linked.data.gov.au/dataset/asgsed3/SAL/20556,0.234326395081,0.0022694813836
20557,Chirrip,2,Victoria,AUS,Australia,36.043,http://linked.data.gov.au/dataset/asgsed3/SAL/20557,0.312735307762,0.00361021712398
20558,Chocolyn,2,Victoria,AUS,Australia,18.604,http://linked.data.gov.au/dataset/asgsed3/SAL/20558,0.271558283896,0.00191346627243
20559,Christmas Hills (Vic.),2,Victoria,AUS,Australia,49.7721,http://linked.data.gov.au/dataset/asgsed3/SAL/20559,0.52479239065,0.00508211176758
20560,Chum Creek,2,Victoria,AUS,Australia,22.4874,http://linked.data.gov.au/dataset/asgsed3/SAL/20560,0.256071895547,0.00229452697773
20561,Churchill (Vic.),2,Victoria,AUS,Australia,21.4535,http://linked.data.gov.au/dataset/asgsed3/SAL/20561,0.238302721662,0.00220992457739
20562,Churchill Island,2,Victoria,AUS,Australia,0.5622,http://linked.data.gov.au/dataset/asgsed3/SAL/20562,0.0507267359933,5.8059637931e-05
20563,Chute,2,Victoria,AUS,Australia,36.9318,http://linked.data.gov.au/dataset/asgsed3/SAL/20563,0.400625186254,0.00375368988129
20564,Clarendon (Vic.),2,Victoria,AUS,Australia,14.759,http://linked.data.gov.au/dataset/asgsed3/SAL/20564,0.208141325703,0.00150787932929
20565,Claretown,2,Victoria,AUS,Australia,6.751,http://linked.data.gov.au/dataset/asgsed3/SAL/20565,0.124910096791,0.000688064191918
20566,Clarinda,2,Victoria,AUS,Australia,3.5092,http://linked.data.gov.au/dataset/asgsed3/SAL/20566,0.0904197293473,0.000359691927963
20567,Clarkefield,2,Victoria,AUS,Australia,86.8846,http://linked.data.gov.au/dataset/asgsed3/SAL/20567,0.62343259663,0.00885164846076
20568,Clarkes Hill,2,Victoria,AUS,Australia,12.1611,http://linked.data.gov.au/dataset/asgsed3/SAL/20568,0.163785478339,0.0012390871614
20569,Clayton,2,Victoria,AUS,Australia,7.821,http://linked.data.gov.au/dataset/asgsed3/SAL/20569,0.143075741249,0.000801365585897
20570,Clayton South,2,Victoria,AUS,Australia,7.938,http://linked.data.gov.au/dataset/asgsed3/SAL/20570,0.124721755166,0.000813664515528
20571,Clear Lake,2,Victoria,AUS,Australia,129.8114,http://linked.data.gov.au/dataset/asgsed3/SAL/20571,0.630160470828,0.0131326069303
20572,Clematis,2,Victoria,AUS,Australia,1.8241,http://linked.data.gov.au/dataset/asgsed3/SAL/20572,0.0928452977245,0.000186923749245
20573,Clifton Creek,2,Victoria,AUS,Australia,52.0387,http://linked.data.gov.au/dataset/asgsed3/SAL/20573,0.508381596794,0.0053169905491
20574,Clifton Hill,2,Victoria,AUS,Australia,1.7387,http://linked.data.gov.au/dataset/asgsed3/SAL/20574,0.0621624435788,0.000177851471828
20575,Clifton Springs,2,Victoria,AUS,Australia,5.4374,http://linked.data.gov.au/dataset/asgsed3/SAL/20575,0.135020041181,0.000558859792005
20576,Clonbinane,2,Victoria,AUS,Australia,258.9998,http://linked.data.gov.au/dataset/asgsed3/SAL/20576,0.958403599878,0.0263412047391
20577,Clover Flat,2,Victoria,AUS,Australia,16.683,http://linked.data.gov.au/dataset/asgsed3/SAL/20577,0.259915228194,0.00170233022723
20578,Cloverlea,2,Victoria,AUS,Australia,17.8504,http://linked.data.gov.au/dataset/asgsed3/SAL/20578,0.244223693156,0.00183691006144
20579,Club Terrace,2,Victoria,AUS,Australia,501.6116,http://linked.data.gov.au/dataset/asgsed3/SAL/20579,1.25686951702,0.0511337878943
20580,Clunes (Vic.),2,Victoria,AUS,Australia,150.6003,http://linked.data.gov.au/dataset/asgsed3/SAL/20580,0.637929852208,0.0153028065502
20581,Clyde (Vic.),2,Victoria,AUS,Australia,40.2108,http://linked.data.gov.au/dataset/asgsed3/SAL/20581,0.272228612828,0.00413284234119
20582,Clyde North,2,Victoria,AUS,Australia,29.284,http://linked.data.gov.au/dataset/asgsed3/SAL/20582,0.27589736403,0.00300787123454
20583,Clydebank,2,Victoria,AUS,Australia,58.9963,http://linked.data.gov.au/dataset/asgsed3/SAL/20583,0.434311998557,0.00605510187122
20584,Clydesdale (Vic.),2,Victoria,AUS,Australia,14.6472,http://linked.data.gov.au/dataset/asgsed3/SAL/20584,0.190628579401,0.00148607532101
20585,Coalville,2,Victoria,AUS,Australia,8.516500000000002,http://linked.data.gov.au/dataset/asgsed3/SAL/20585,0.161614610639,0.000876394669944
20586,Cobains,2,Victoria,AUS,Australia,34.4253,http://linked.data.gov.au/dataset/asgsed3/SAL/20586,0.42893295121,0.00353478370959
20587,Cobaw,2,Victoria,AUS,Australia,16.4343,http://linked.data.gov.au/dataset/asgsed3/SAL/20587,0.278197872134,0.00166948363937
20588,Cobbannah,2,Victoria,AUS,Australia,188.939,http://linked.data.gov.au/dataset/asgsed3/SAL/20588,1.0440673054,0.0192870901266
20589,Cobberas,2,Victoria,AUS,Australia,449.2875,http://linked.data.gov.au/dataset/asgsed3/SAL/20589,1.1744284378,0.0453944465867
20590,Cobblebank,2,Victoria,AUS,Australia,7.5459,http://linked.data.gov.au/dataset/asgsed3/SAL/20590,0.141862310948,0.000770985472792
20591,Cobden,2,Victoria,AUS,Australia,76.9427,http://linked.data.gov.au/dataset/asgsed3/SAL/20591,0.730833409342,0.0079283816352
20592,Cobram,2,Victoria,AUS,Australia,81.19589999999998,http://linked.data.gov.au/dataset/asgsed3/SAL/20592,0.565216595503,0.00810939613
20593,Cobram East,2,Victoria,AUS,Australia,41.7828,http://linked.data.gov.au/dataset/asgsed3/SAL/20593,0.384067847263,0.00417503448814
20594,Cobrico,2,Victoria,AUS,Australia,37.274,http://linked.data.gov.au/dataset/asgsed3/SAL/20594,0.305801619976,0.00383844761031
20595,Cobungra,2,Victoria,AUS,Australia,182.4759,http://linked.data.gov.au/dataset/asgsed3/SAL/20595,0.737847136343,0.0184930376595
20596,Coburg,2,Victoria,AUS,Australia,6.918,http://linked.data.gov.au/dataset/asgsed3/SAL/20596,0.121230040152,0.000707083842415
20597,Coburg North,2,Victoria,AUS,Australia,4.7842,http://linked.data.gov.au/dataset/asgsed3/SAL/20597,0.107812145158,0.000488967077039
20598,Cocamba,2,Victoria,AUS,Australia,54.4892,http://linked.data.gov.au/dataset/asgsed3/SAL/20598,0.347045437828,0.0053874647506
20599,Cochranes Creek,2,Victoria,AUS,Australia,53.1948,http://linked.data.gov.au/dataset/asgsed3/SAL/20599,0.41670101117,0.0053639245147
20600,Cockatoo (Vic.),2,Victoria,AUS,Australia,28.2172,http://linked.data.gov.au/dataset/asgsed3/SAL/20600,0.351538046384,0.00289145239791
20601,Cocoroc,2,Victoria,AUS,Australia,64.8815,http://linked.data.gov.au/dataset/asgsed3/SAL/20601,0.408415962728,0.00665236975863
20602,Codrington (Vic.),2,Victoria,AUS,Australia,62.9864,http://linked.data.gov.au/dataset/asgsed3/SAL/20602,0.371267473225,0.00648269044479
20603,Coghills Creek,2,Victoria,AUS,Australia,16.5104,http://linked.data.gov.au/dataset/asgsed3/SAL/20603,0.201468612859,0.00167978411856
20604,Cohuna,2,Victoria,AUS,Australia,161.34,http://linked.data.gov.au/dataset/asgsed3/SAL/20604,1.04727225606,0.0160818888311
20605,Coimadai,2,Victoria,AUS,Australia,71.6531,http://linked.data.gov.au/dataset/asgsed3/SAL/20605,0.499027650859,0.00731001257577
20606,Cokum,2,Victoria,AUS,Australia,53.3982,http://linked.data.gov.au/dataset/asgsed3/SAL/20606,0.382921910458,0.00532125160049
20607,Colac,2,Victoria,AUS,Australia,37.626,http://linked.data.gov.au/dataset/asgsed3/SAL/20607,0.315771435042,0.00387579483875
20608,Colac Colac,2,Victoria,AUS,Australia,31.3816,http://linked.data.gov.au/dataset/asgsed3/SAL/20608,0.308032199482,0.00314559707283
20609,Colac East,2,Victoria,AUS,Australia,3.6343,http://linked.data.gov.au/dataset/asgsed3/SAL/20609,0.110766804785,0.00037448522755
20610,Colac West,2,Victoria,AUS,Australia,6.9841,http://linked.data.gov.au/dataset/asgsed3/SAL/20610,0.119134050992,0.000719610783879
20611,Colbinabbin,2,Victoria,AUS,Australia,152.5802,http://linked.data.gov.au/dataset/asgsed3/SAL/20611,0.624190782337,0.0153663214208
20612,Colbrook,2,Victoria,AUS,Australia,18.7971,http://linked.data.gov.au/dataset/asgsed3/SAL/20612,0.254443020461,0.00191610730588
20613,Coldstream (Vic.),2,Victoria,AUS,Australia,55.6135,http://linked.data.gov.au/dataset/asgsed3/SAL/20613,0.678815997465,0.00568194038081
20614,Coleraine,2,Victoria,AUS,Australia,174.3609,http://linked.data.gov.au/dataset/asgsed3/SAL/20614,0.973365634522,0.0177876369034
20615,Colignan,2,Victoria,AUS,Australia,88.6941,http://linked.data.gov.au/dataset/asgsed3/SAL/20615,0.614152977537,0.00870978874097
20616,Collingwood (Vic.),2,Victoria,AUS,Australia,1.2669,http://linked.data.gov.au/dataset/asgsed3/SAL/20616,0.0466127949532,0.000129622183613
20617,Combienbar,2,Victoria,AUS,Australia,331.1671,http://linked.data.gov.au/dataset/asgsed3/SAL/20617,1.08809716863,0.0336867455447
20618,Concongella,2,Victoria,AUS,Australia,148.6047,http://linked.data.gov.au/dataset/asgsed3/SAL/20618,0.668698094419,0.0150525748257
20619,Condah,2,Victoria,AUS,Australia,126.4435,http://linked.data.gov.au/dataset/asgsed3/SAL/20619,0.634290881854,0.01296013288
20620,Congupna,2,Victoria,AUS,Australia,54.1272,http://linked.data.gov.au/dataset/asgsed3/SAL/20620,0.391251013408,0.00543029191207
20621,Connewarre,2,Victoria,AUS,Australia,64.6019,http://linked.data.gov.au/dataset/asgsed3/SAL/20621,0.500195977833,0.0066494715047
20622,Connewirricoo,2,Victoria,AUS,Australia,49.3394,http://linked.data.gov.au/dataset/asgsed3/SAL/20622,0.500777940258,0.00500734470188
20623,Coojar,2,Victoria,AUS,Australia,89.9114,http://linked.data.gov.au/dataset/asgsed3/SAL/20623,0.502031750247,0.00914454999652
20624,Coolaroo,2,Victoria,AUS,Australia,3.1355,http://linked.data.gov.au/dataset/asgsed3/SAL/20624,0.0947673604898,0.000320155323718
20625,Cooma (Vic.),2,Victoria,AUS,Australia,22.7394,http://linked.data.gov.au/dataset/asgsed3/SAL/20625,0.237343244287,0.00228468865878
20626,Coomboona,2,Victoria,AUS,Australia,50.2011,http://linked.data.gov.au/dataset/asgsed3/SAL/20626,0.524982188474,0.00503507034758
20627,Coomoora,2,Victoria,AUS,Australia,8.6457,http://linked.data.gov.au/dataset/asgsed3/SAL/20627,0.207225005334,0.000878990977108
20628,Coongulla,2,Victoria,AUS,Australia,32.3035,http://linked.data.gov.au/dataset/asgsed3/SAL/20628,0.300909447458,0.00330777113004
20629,Coonooer Bridge,2,Victoria,AUS,Australia,63.5218,http://linked.data.gov.au/dataset/asgsed3/SAL/20629,0.465875317053,0.00638631227076
20630,Coonooer West,2,Victoria,AUS,Australia,48.9056,http://linked.data.gov.au/dataset/asgsed3/SAL/20630,0.424761636561,0.00491432288229
20631,Cooriemungle,2,Victoria,AUS,Australia,146.4711,http://linked.data.gov.au/dataset/asgsed3/SAL/20631,0.709957029225,0.0151384036518
20632,Cope Cope,2,Victoria,AUS,Australia,143.7097,http://linked.data.gov.au/dataset/asgsed3/SAL/20632,0.612730148009,0.0144491699414
20633,Cora Lynn,2,Victoria,AUS,Australia,23.1707,http://linked.data.gov.au/dataset/asgsed3/SAL/20633,0.245225725724,0.00238136691571
20634,Corack,2,Victoria,AUS,Australia,76.1744,http://linked.data.gov.au/dataset/asgsed3/SAL/20634,0.46440550708,0.00763161826944
20635,Corack East,2,Victoria,AUS,Australia,42.65,http://linked.data.gov.au/dataset/asgsed3/SAL/20635,0.383884376998,0.00427120779797
20636,Coragulac,2,Victoria,AUS,Australia,10.7037,http://linked.data.gov.au/dataset/asgsed3/SAL/20636,0.18737869524,0.00110180579096
20637,Coral Bank,2,Victoria,AUS,Australia,19.0914,http://linked.data.gov.au/dataset/asgsed3/SAL/20637,0.244944671001,0.00192326074811
20638,Corindhap,2,Victoria,AUS,Australia,31.6298,http://linked.data.gov.au/dataset/asgsed3/SAL/20638,0.337947153318,0.00323864875875
20639,Corinella (Vic.),2,Victoria,AUS,Australia,16.7901,http://linked.data.gov.au/dataset/asgsed3/SAL/20639,0.264440604763,0.00173209572474
20640,Corio,2,Victoria,AUS,Australia,19.7904,http://linked.data.gov.au/dataset/asgsed3/SAL/20640,0.211672479331,0.00203187407003
20641,Corndale (Vic.),2,Victoria,AUS,Australia,144.3137,http://linked.data.gov.au/dataset/asgsed3/SAL/20641,0.632866252825,0.014712643168
20642,Cornella,2,Victoria,AUS,Australia,74.65609999999998,http://linked.data.gov.au/dataset/asgsed3/SAL/20642,0.447182770607,0.00752647757876
20643,Cornishtown,2,Victoria,AUS,Australia,45.3098,http://linked.data.gov.au/dataset/asgsed3/SAL/20643,0.347850192627,0.00453478838762
20644,Coronet Bay,2,Victoria,AUS,Australia,4.0998,http://linked.data.gov.au/dataset/asgsed3/SAL/20644,0.102468296632,0.000423015737964
20645,Corop,2,Victoria,AUS,Australia,130.6764,http://linked.data.gov.au/dataset/asgsed3/SAL/20645,0.538227907961,0.01313775403
20646,Cororooke,2,Victoria,AUS,Australia,17.6413,http://linked.data.gov.au/dataset/asgsed3/SAL/20646,0.234164518747,0.00181677335755
20647,Corringle,2,Victoria,AUS,Australia,40.7722,http://linked.data.gov.au/dataset/asgsed3/SAL/20647,0.425391122681,0.00417033745858
20648,Corryong,2,Victoria,AUS,Australia,69.1635,http://linked.data.gov.au/dataset/asgsed3/SAL/20648,0.388423076574,0.0069290913534
20649,Corunnun,2,Victoria,AUS,Australia,16.6076,http://linked.data.gov.au/dataset/asgsed3/SAL/20649,0.255786211066,0.00170999845974
20650,Cosgrove (Vic.),2,Victoria,AUS,Australia,48.443,http://linked.data.gov.au/dataset/asgsed3/SAL/20650,0.340554861906,0.0048632523894
20651,Cosgrove South,2,Victoria,AUS,Australia,51.9368,http://linked.data.gov.au/dataset/asgsed3/SAL/20651,0.403507647844,0.00521818765961
20652,Costerfield,2,Victoria,AUS,Australia,44.6281,http://linked.data.gov.au/dataset/asgsed3/SAL/20652,0.356161802108,0.00451042555903
20653,Cotswold,2,Victoria,AUS,Australia,45.4468,http://linked.data.gov.au/dataset/asgsed3/SAL/20653,0.439898728713,0.00460926088148
20654,Cottles Bridge,2,Victoria,AUS,Australia,18.4576,http://linked.data.gov.au/dataset/asgsed3/SAL/20654,0.275148306676,0.00188340010917
20655,Cowa,2,Victoria,AUS,Australia,103.4444,http://linked.data.gov.au/dataset/asgsed3/SAL/20655,0.668972005122,0.0105246338928
20656,Cowangie,2,Victoria,AUS,Australia,433.4114,http://linked.data.gov.au/dataset/asgsed3/SAL/20656,1.08480180402,0.0428924190425
20657,Cowes,2,Victoria,AUS,Australia,20.8617,http://linked.data.gov.au/dataset/asgsed3/SAL/20657,0.263041743162,0.00215352448777
20658,Cowleys Creek,2,Victoria,AUS,Australia,15.3523,http://linked.data.gov.au/dataset/asgsed3/SAL/20658,0.288597784438,0.00158540395245
20659,Cowwarr,2,Victoria,AUS,Australia,67.568,http://linked.data.gov.au/dataset/asgsed3/SAL/20659,0.731383835943,0.00693197525265
20660,Craigie (Vic.),2,Victoria,AUS,Australia,12.3256,http://linked.data.gov.au/dataset/asgsed3/SAL/20660,0.236012040033,0.00124947148903
20661,Craigieburn,2,Victoria,AUS,Australia,35.4498,http://linked.data.gov.au/dataset/asgsed3/SAL/20661,0.370396830845,0.00361629918856
20662,Cranbourne,2,Victoria,AUS,Australia,16.5124,http://linked.data.gov.au/dataset/asgsed3/SAL/20662,0.224779155334,0.00169628851511
20663,Cranbourne East,2,Victoria,AUS,Australia,13.2613,http://linked.data.gov.au/dataset/asgsed3/SAL/20663,0.186963931514,0.00136230170767
20664,Cranbourne North,2,Victoria,AUS,Australia,10.2394,http://linked.data.gov.au/dataset/asgsed3/SAL/20664,0.176214837667,0.00105142391782
20665,Cranbourne South,2,Victoria,AUS,Australia,19.9974,http://linked.data.gov.au/dataset/asgsed3/SAL/20665,0.23552636289,0.00205543553991
20666,Cranbourne West,2,Victoria,AUS,Australia,11.4113,http://linked.data.gov.au/dataset/asgsed3/SAL/20666,0.151511850677,0.00117209717576
20667,Creek Junction,2,Victoria,AUS,Australia,139.6633,http://linked.data.gov.au/dataset/asgsed3/SAL/20667,0.84359108841,0.0141108647967
20668,Creek View,2,Victoria,AUS,Australia,41.617,http://linked.data.gov.au/dataset/asgsed3/SAL/20668,0.363165806487,0.00419220448732
20669,Creightons Creek,2,Victoria,AUS,Australia,90.0039,http://linked.data.gov.au/dataset/asgsed3/SAL/20669,0.654215338145,0.00909399612823
20670,Cremorne (Vic.),2,Victoria,AUS,Australia,0.6799,http://linked.data.gov.au/dataset/asgsed3/SAL/20670,0.0333191366765,6.9590735424e-05
20671,Cressy (Vic.),2,Victoria,AUS,Australia,114.677,http://linked.data.gov.au/dataset/asgsed3/SAL/20671,0.725451958616,0.0117680248985
20672,Creswick,2,Victoria,AUS,Australia,49.8985,http://linked.data.gov.au/dataset/asgsed3/SAL/20672,0.425069506758,0.00507926234131
20673,Creswick North,2,Victoria,AUS,Australia,11.5993,http://linked.data.gov.au/dataset/asgsed3/SAL/20673,0.203883719697,0.00117975396328
20674,Crib Point,2,Victoria,AUS,Australia,6.5625,http://linked.data.gov.au/dataset/asgsed3/SAL/20674,0.150589744556,0.000676355487542
20675,Crookayan,2,Victoria,AUS,Australia,97.9686,http://linked.data.gov.au/dataset/asgsed3/SAL/20675,0.574522002995,0.00998036125721
20676,Crooked River,2,Victoria,AUS,Australia,197.2706,http://linked.data.gov.au/dataset/asgsed3/SAL/20676,0.856436128241,0.0200711454984
20677,Cross Roads (Vic.),2,Victoria,AUS,Australia,54.7668,http://linked.data.gov.au/dataset/asgsed3/SAL/20677,0.388961130999,0.00557956790096
20678,Crossley,2,Victoria,AUS,Australia,16.773,http://linked.data.gov.au/dataset/asgsed3/SAL/20678,0.234801393596,0.00172784873761
20679,Crossover,2,Victoria,AUS,Australia,16.6074,http://linked.data.gov.au/dataset/asgsed3/SAL/20679,0.273378882212,0.00170482709664
20680,Crowlands,2,Victoria,AUS,Australia,142.2429,http://linked.data.gov.au/dataset/asgsed3/SAL/20680,0.895915035475,0.0144227659788
20681,Croxton East,2,Victoria,AUS,Australia,75.22239999999998,http://linked.data.gov.au/dataset/asgsed3/SAL/20681,0.416043004835,0.00769286609469
20682,Croydon (Vic.),2,Victoria,AUS,Australia,14.1004,http://linked.data.gov.au/dataset/asgsed3/SAL/20682,0.212771352713,0.00144241563786
20683,Croydon Hills,2,Victoria,AUS,Australia,2.3366,http://linked.data.gov.au/dataset/asgsed3/SAL/20683,0.0768887165622,0.00023895798143
20684,Croydon North,2,Victoria,AUS,Australia,4.0074,http://linked.data.gov.au/dataset/asgsed3/SAL/20684,0.0917146053332,0.000409796206166
20685,Croydon South,2,Victoria,AUS,Australia,2.564,http://linked.data.gov.au/dataset/asgsed3/SAL/20685,0.096073809241,0.000262336031549
20686,Crymelon,2,Victoria,AUS,Australia,127.7658,http://linked.data.gov.au/dataset/asgsed3/SAL/20686,0.487747643178,0.0127952116138
20687,Cudgee,2,Victoria,AUS,Australia,21.6128,http://linked.data.gov.au/dataset/asgsed3/SAL/20687,0.358756420305,0.00222708982335
20688,Cudgewa,2,Victoria,AUS,Australia,238.419,http://linked.data.gov.au/dataset/asgsed3/SAL/20688,0.831685757664,0.0238754580088
20689,Culgoa,2,Victoria,AUS,Australia,161.9378,http://linked.data.gov.au/dataset/asgsed3/SAL/20689,0.577288263939,0.0161282374776
20690,Culla,2,Victoria,AUS,Australia,67.8705,http://linked.data.gov.au/dataset/asgsed3/SAL/20690,0.625989750098,0.00689188056553
20691,Cullen,2,Victoria,AUS,Australia,27.8478,http://linked.data.gov.au/dataset/asgsed3/SAL/20691,0.232760381612,0.00277611442427
20692,Cullulleraine,2,Victoria,AUS,Australia,160.3784,http://linked.data.gov.au/dataset/asgsed3/SAL/20692,0.657325611792,0.0156869527023
20693,Cundare,2,Victoria,AUS,Australia,16.9059,http://linked.data.gov.au/dataset/asgsed3/SAL/20693,0.220337817431,0.00173750425947
20694,Cundare North,2,Victoria,AUS,Australia,50.1305,http://linked.data.gov.au/dataset/asgsed3/SAL/20694,0.434899033604,0.00514932947524
20695,Curdies River,2,Victoria,AUS,Australia,7.7638,http://linked.data.gov.au/dataset/asgsed3/SAL/20695,0.15022048814,0.000801148164147
20696,Curdievale,2,Victoria,AUS,Australia,43.4516,http://linked.data.gov.au/dataset/asgsed3/SAL/20696,0.395413241267,0.00448837182756
20697,Curlewis (Vic.),2,Victoria,AUS,Australia,20.2548,http://linked.data.gov.au/dataset/asgsed3/SAL/20697,0.212595609746,0.0020826029058
20698,Curyo,2,Victoria,AUS,Australia,141.5649,http://linked.data.gov.au/dataset/asgsed3/SAL/20698,0.622748994217,0.0141214951452
20699,Dadswells Bridge,2,Victoria,AUS,Australia,128.9191,http://linked.data.gov.au/dataset/asgsed3/SAL/20699,0.536649906733,0.0130334705948
20700,Daisy Hill (Vic.),2,Victoria,AUS,Australia,36.8339,http://linked.data.gov.au/dataset/asgsed3/SAL/20700,0.301941832091,0.00373415891839
20701,Dales Creek,2,Victoria,AUS,Australia,2.0794,http://linked.data.gov.au/dataset/asgsed3/SAL/20701,0.0720875498138,0.000211941919733
20702,Dallas,2,Victoria,AUS,Australia,2.4252,http://linked.data.gov.au/dataset/asgsed3/SAL/20702,0.082268551229,0.000247635374603
20703,Dalmore,2,Victoria,AUS,Australia,17.6708,http://linked.data.gov.au/dataset/asgsed3/SAL/20703,0.232865267988,0.00181706209146
20704,Daltons Bridge,2,Victoria,AUS,Australia,19.4929,http://linked.data.gov.au/dataset/asgsed3/SAL/20704,0.244852143687,0.00194418893561
20705,Dalyenong,2,Victoria,AUS,Australia,95.4846,http://linked.data.gov.au/dataset/asgsed3/SAL/20705,0.528533437548,0.00964200003096
20706,Dalyston,2,Victoria,AUS,Australia,24.7472,http://linked.data.gov.au/dataset/asgsed3/SAL/20706,0.243040692205,0.00255803960816
20707,Dandenong,2,Victoria,AUS,Australia,11.3813,http://linked.data.gov.au/dataset/asgsed3/SAL/20707,0.166461487898,0.00116722551786
20708,Dandenong North,2,Victoria,AUS,Australia,9.4667,http://linked.data.gov.au/dataset/asgsed3/SAL/20708,0.15267659605,0.000970381185859
20709,Dandenong South,2,Victoria,AUS,Australia,29.4731,http://linked.data.gov.au/dataset/asgsed3/SAL/20709,0.246847793257,0.00302430970234
20710,Dandongadale,2,Victoria,AUS,Australia,299.5968,http://linked.data.gov.au/dataset/asgsed3/SAL/20710,0.990883781043,0.0302660125732
20711,Dargo,2,Victoria,AUS,Australia,991.8058,http://linked.data.gov.au/dataset/asgsed3/SAL/20711,2.41079709644,0.100840039178
20712,Darley,2,Victoria,AUS,Australia,26.9455,http://linked.data.gov.au/dataset/asgsed3/SAL/20712,0.277384122423,0.00275060554619
20713,Darlimurla,2,Victoria,AUS,Australia,16.2817,http://linked.data.gov.au/dataset/asgsed3/SAL/20713,0.349787734117,0.00167896692215
20714,Darlington (Vic.),2,Victoria,AUS,Australia,161.0797,http://linked.data.gov.au/dataset/asgsed3/SAL/20714,0.843455033852,0.0165197975926
20715,Darnum,2,Victoria,AUS,Australia,38.3467,http://linked.data.gov.au/dataset/asgsed3/SAL/20715,0.366481354973,0.00394268979028
20716,Darraweit Guim,2,Victoria,AUS,Australia,71.7934,http://linked.data.gov.au/dataset/asgsed3/SAL/20716,0.529517433226,0.00730790058746
20717,Darriman,2,Victoria,AUS,Australia,197.5546,http://linked.data.gov.au/dataset/asgsed3/SAL/20717,0.937395764745,0.0203779392478
20718,Dartmoor (Vic.),2,Victoria,AUS,Australia,287.0573,http://linked.data.gov.au/dataset/asgsed3/SAL/20718,1.26200338791,0.0293941418149
20719,Dartmouth,2,Victoria,AUS,Australia,938.3072,http://linked.data.gov.au/dataset/asgsed3/SAL/20719,1.90148621631,0.0944977920851
20720,Dawson (Vic.),2,Victoria,AUS,Australia,20.2091,http://linked.data.gov.au/dataset/asgsed3/SAL/20720,0.342622256167,0.00207220160847
20721,Daylesford,2,Victoria,AUS,Australia,37.9665,http://linked.data.gov.au/dataset/asgsed3/SAL/20721,0.458708805294,0.00386064891504
20722,Dean,2,Victoria,AUS,Australia,29.6638,http://linked.data.gov.au/dataset/asgsed3/SAL/20722,0.33367840722,0.00302080688251
20723,Deans Marsh,2,Victoria,AUS,Australia,56.964,http://linked.data.gov.au/dataset/asgsed3/SAL/20723,0.361738739441,0.00587486710383
20724,Deanside,2,Victoria,AUS,Australia,10.2052,http://linked.data.gov.au/dataset/asgsed3/SAL/20724,0.198724293219,0.00104307569674
20725,Deddick Valley,2,Victoria,AUS,Australia,477.1832,http://linked.data.gov.au/dataset/asgsed3/SAL/20725,1.40602571563,0.0483437829385
20726,Dederang,2,Victoria,AUS,Australia,76.61459999999998,http://linked.data.gov.au/dataset/asgsed3/SAL/20726,0.473216590844,0.00770458683306
20727,Deep Lead,2,Victoria,AUS,Australia,73.4354,http://linked.data.gov.au/dataset/asgsed3/SAL/20727,0.494234616754,0.00743398617389
20728,Deepdene (Vic.),2,Victoria,AUS,Australia,0.8751,http://linked.data.gov.au/dataset/asgsed3/SAL/20728,0.0466690875554,8.9549108306e-05
20729,Deer Park,2,Victoria,AUS,Australia,8.575900000000003,http://linked.data.gov.au/dataset/asgsed3/SAL/20729,0.147207678933,0.000876907591635
20730,Delacombe,2,Victoria,AUS,Australia,5.3201,http://linked.data.gov.au/dataset/asgsed3/SAL/20730,0.10825160347,0.000542672462006
20731,Delahey,2,Victoria,AUS,Australia,3.5055,http://linked.data.gov.au/dataset/asgsed3/SAL/20731,0.0793787066622,0.000358230965961
20732,Delatite,2,Victoria,AUS,Australia,24.216,http://linked.data.gov.au/dataset/asgsed3/SAL/20732,0.208705970852,0.00245555780201
20733,Delburn,2,Victoria,AUS,Australia,40.2819,http://linked.data.gov.au/dataset/asgsed3/SAL/20733,0.348341346875,0.00415053062084
20734,Delegate River,2,Victoria,AUS,Australia,86.8935,http://linked.data.gov.au/dataset/asgsed3/SAL/20734,0.550668805233,0.00880892681745
20735,Denicull Creek,2,Victoria,AUS,Australia,34.3559,http://linked.data.gov.au/dataset/asgsed3/SAL/20735,0.317178359593,0.00349334262241
20736,Denison,2,Victoria,AUS,Australia,80.66249999999998,http://linked.data.gov.au/dataset/asgsed3/SAL/20736,0.793563050385,0.00827740179747
20737,Dennington,2,Victoria,AUS,Australia,11.9922,http://linked.data.gov.au/dataset/asgsed3/SAL/20737,0.20822060764,0.00123599596824
20738,Denver,2,Victoria,AUS,Australia,18.561,http://linked.data.gov.au/dataset/asgsed3/SAL/20738,0.238304727628,0.00188592986825
20739,Deptford,2,Victoria,AUS,Australia,349.9069,http://linked.data.gov.au/dataset/asgsed3/SAL/20739,1.0241723567,0.0356852652285
20740,Derby (Vic.),2,Victoria,AUS,Australia,37.8814,http://linked.data.gov.au/dataset/asgsed3/SAL/20740,0.327380367936,0.00381764527271
20741,Dereel,2,Victoria,AUS,Australia,59.0215,http://linked.data.gov.au/dataset/asgsed3/SAL/20741,0.442414570716,0.00603963672074
20742,Dergholm,2,Victoria,AUS,Australia,288.5638,http://linked.data.gov.au/dataset/asgsed3/SAL/20742,1.13527536406,0.0293456653477
20743,Derrimut,2,Victoria,AUS,Australia,12.8059,http://linked.data.gov.au/dataset/asgsed3/SAL/20743,0.175317445426,0.00131002655139
20744,Derrinal,2,Victoria,AUS,Australia,60.2257,http://linked.data.gov.au/dataset/asgsed3/SAL/20744,0.712410369801,0.00608845204987
20745,Derrinallum,2,Victoria,AUS,Australia,273.8725,http://linked.data.gov.au/dataset/asgsed3/SAL/20745,1.02171837036,0.0280777734113
20746,Devenish,2,Victoria,AUS,Australia,97.2722,http://linked.data.gov.au/dataset/asgsed3/SAL/20746,0.457584600281,0.00976365375279
20747,Devils River,2,Victoria,AUS,Australia,74.88559999999998,http://linked.data.gov.au/dataset/asgsed3/SAL/20747,0.621611024032,0.00759788467896
20748,Devon Meadows,2,Victoria,AUS,Australia,23.6176,http://linked.data.gov.au/dataset/asgsed3/SAL/20748,0.223104599957,0.00242830060566
20749,Devon North,2,Victoria,AUS,Australia,64.3061,http://linked.data.gov.au/dataset/asgsed3/SAL/20749,0.649782744567,0.00664298713638
20750,Dewhurst,2,Victoria,AUS,Australia,6.7851,http://linked.data.gov.au/dataset/asgsed3/SAL/20750,0.15416704953,0.000695786218384
20751,Dhurringile,2,Victoria,AUS,Australia,70.8613,http://linked.data.gov.au/dataset/asgsed3/SAL/20751,0.39014284516,0.00713050618959
20752,Diamond Creek,2,Victoria,AUS,Australia,17.836,http://linked.data.gov.au/dataset/asgsed3/SAL/20752,0.272492303413,0.00182141877216
20753,Digby,2,Victoria,AUS,Australia,113.6684,http://linked.data.gov.au/dataset/asgsed3/SAL/20753,0.549488087189,0.0116299495637
20754,Diggers Rest,2,Victoria,AUS,Australia,67.7506,http://linked.data.gov.au/dataset/asgsed3/SAL/20754,0.500339217218,0.00691440599602
20755,Diggora,2,Victoria,AUS,Australia,171.4106,http://linked.data.gov.au/dataset/asgsed3/SAL/20755,0.578122059756,0.0172109668338
20756,Dimboola,2,Victoria,AUS,Australia,441.9785,http://linked.data.gov.au/dataset/asgsed3/SAL/20756,0.935759743939,0.0443934051129
20757,Dingee,2,Victoria,AUS,Australia,132.157,http://linked.data.gov.au/dataset/asgsed3/SAL/20757,0.567632887952,0.0132704526134
20758,Dingley Village,2,Victoria,AUS,Australia,8.159800000000002,http://linked.data.gov.au/dataset/asgsed3/SAL/20758,0.121535639809,0.000836686713699
20759,Dingwall,2,Victoria,AUS,Australia,105.4134,http://linked.data.gov.au/dataset/asgsed3/SAL/20759,0.514569102014,0.0105119787823
20760,Dinner Plain,2,Victoria,AUS,Australia,26.2131,http://linked.data.gov.au/dataset/asgsed3/SAL/20760,0.27941848106,0.00265463060204
20761,Dixie (Vic.),2,Victoria,AUS,Australia,51.7636,http://linked.data.gov.au/dataset/asgsed3/SAL/20761,0.383721279388,0.00533146873767
20762,Dixons Creek,2,Victoria,AUS,Australia,44.9913,http://linked.data.gov.au/dataset/asgsed3/SAL/20762,0.412469644214,0.00459002487695
20763,Dobie,2,Victoria,AUS,Australia,62.0985,http://linked.data.gov.au/dataset/asgsed3/SAL/20763,0.327633214638,0.00631367472225
20764,Docker,2,Victoria,AUS,Australia,42.4149,http://linked.data.gov.au/dataset/asgsed3/SAL/20764,0.40140460395,0.00426683573954
20765,Dockers Plains,2,Victoria,AUS,Australia,39.8712,http://linked.data.gov.au/dataset/asgsed3/SAL/20765,0.448729619652,0.00399961923147
20766,Docklands,2,Victoria,AUS,Australia,3.148,http://linked.data.gov.au/dataset/asgsed3/SAL/20766,0.0911996721839,0.000322078919284
20767,Doctors Flat,2,Victoria,AUS,Australia,17.7126,http://linked.data.gov.au/dataset/asgsed3/SAL/20767,0.249003490389,0.00180029927289
20768,Dollar,2,Victoria,AUS,Australia,19.4976,http://linked.data.gov.au/dataset/asgsed3/SAL/20768,0.245662347553,0.00201502339735
20769,Don Valley,2,Victoria,AUS,Australia,15.0891,http://linked.data.gov.au/dataset/asgsed3/SAL/20769,0.252070914416,0.00154228802991
20770,Donald,2,Victoria,AUS,Australia,312.6913,http://linked.data.gov.au/dataset/asgsed3/SAL/20770,1.21833179928,0.0313851890372
20771,Doncaster,2,Victoria,AUS,Australia,8.7979,http://linked.data.gov.au/dataset/asgsed3/SAL/20771,0.158461506027,0.000899885568203
20772,Doncaster East,2,Victoria,AUS,Australia,11.1081,http://linked.data.gov.au/dataset/asgsed3/SAL/20772,0.215646634813,0.00113610653536
20773,Donnybrook (Vic.),2,Victoria,AUS,Australia,28.1435,http://linked.data.gov.au/dataset/asgsed3/SAL/20773,0.248946570519,0.00286921533906
20774,Donvale,2,Victoria,AUS,Australia,11.691,http://linked.data.gov.au/dataset/asgsed3/SAL/20774,0.236609534812,0.00119581900559
20775,Dooboobetic,2,Victoria,AUS,Australia,96.4689,http://linked.data.gov.au/dataset/asgsed3/SAL/20775,0.568461765854,0.00968849387043
20776,Dooen,2,Victoria,AUS,Australia,115.9022,http://linked.data.gov.au/dataset/asgsed3/SAL/20776,0.562201205945,0.0116797112271
20777,Dookie,2,Victoria,AUS,Australia,70.0255,http://linked.data.gov.au/dataset/asgsed3/SAL/20777,0.442689763912,0.00702803037953
20778,Dookie College,2,Victoria,AUS,Australia,16.4971,http://linked.data.gov.au/dataset/asgsed3/SAL/20778,0.181678199042,0.00165714317201
20779,Doreen,2,Victoria,AUS,Australia,32.2357,http://linked.data.gov.au/dataset/asgsed3/SAL/20779,0.331759621096,0.00328884970567
20780,Dorodong,2,Victoria,AUS,Australia,223.5849,http://linked.data.gov.au/dataset/asgsed3/SAL/20780,0.617830555531,0.0227274555782
20781,Double Bridges,2,Victoria,AUS,Australia,137.8125,http://linked.data.gov.au/dataset/asgsed3/SAL/20781,0.675875515587,0.0140599761252
20782,Douglas (Vic.),2,Victoria,AUS,Australia,207.957,http://linked.data.gov.au/dataset/asgsed3/SAL/20782,0.890024330419,0.0210632613134
20783,Doveton,2,Victoria,AUS,Australia,4.0735,http://linked.data.gov.au/dataset/asgsed3/SAL/20783,0.125999138912,0.000417754611548
20784,Dreeite,2,Victoria,AUS,Australia,92.8386,http://linked.data.gov.au/dataset/asgsed3/SAL/20784,0.484202145091,0.00954345161552
20785,Dreeite South,2,Victoria,AUS,Australia,14.8618,http://linked.data.gov.au/dataset/asgsed3/SAL/20785,0.248327143356,0.00152852321895
20786,Driffield,2,Victoria,AUS,Australia,52.5913,http://linked.data.gov.au/dataset/asgsed3/SAL/20786,0.427205274609,0.00541409019301
20787,Drik Drik,2,Victoria,AUS,Australia,100.1682,http://linked.data.gov.au/dataset/asgsed3/SAL/20787,0.693405630426,0.0102761875257
20788,Dromana,2,Victoria,AUS,Australia,30.2954,http://linked.data.gov.au/dataset/asgsed3/SAL/20788,0.338989857447,0.00312146596945
20789,Dropmore,2,Victoria,AUS,Australia,23.6525,http://linked.data.gov.au/dataset/asgsed3/SAL/20789,0.303862034911,0.00239565527703
20790,Drouin,2,Victoria,AUS,Australia,52.3698,http://linked.data.gov.au/dataset/asgsed3/SAL/20790,0.435769257826,0.0053815626711
20791,Drouin East,2,Victoria,AUS,Australia,6.3042,http://linked.data.gov.au/dataset/asgsed3/SAL/20791,0.128608583719,0.0006476783771
20792,Drouin South,2,Victoria,AUS,Australia,42.2176,http://linked.data.gov.au/dataset/asgsed3/SAL/20792,0.351351261943,0.00434149739111
20793,Drouin West,2,Victoria,AUS,Australia,23.5999,http://linked.data.gov.au/dataset/asgsed3/SAL/20793,0.366501532817,0.00242339107157
20794,Drumanure,2,Victoria,AUS,Australia,21.5106,http://linked.data.gov.au/dataset/asgsed3/SAL/20794,0.214261682358,0.00215464910491
20795,Drumborg,2,Victoria,AUS,Australia,232.92,http://linked.data.gov.au/dataset/asgsed3/SAL/20795,0.885792701513,0.0239231035622
20796,Drumcondra,2,Victoria,AUS,Australia,0.2508,http://linked.data.gov.au/dataset/asgsed3/SAL/20796,0.0216723986007,2.5777255647e-05
20797,Drummartin,2,Victoria,AUS,Australia,72.4359,http://linked.data.gov.au/dataset/asgsed3/SAL/20797,0.44486089496,0.00728008784381
20798,Drummond,2,Victoria,AUS,Australia,33.8287,http://linked.data.gov.au/dataset/asgsed3/SAL/20798,0.319601210382,0.00343526074122
20799,Drummond North,2,Victoria,AUS,Australia,51.8548,http://linked.data.gov.au/dataset/asgsed3/SAL/20799,0.405938440947,0.00526254329323
20800,Drung,2,Victoria,AUS,Australia,110.7958,http://linked.data.gov.au/dataset/asgsed3/SAL/20800,0.549152220566,0.0111822530089
20801,Dry Diggings,2,Victoria,AUS,Australia,7.8324,http://linked.data.gov.au/dataset/asgsed3/SAL/20801,0.170454595994,0.000795946932841
20802,Drysdale,2,Victoria,AUS,Australia,39.4574,http://linked.data.gov.au/dataset/asgsed3/SAL/20802,0.342813634884,0.00405675466374
20803,Duchembegarra,2,Victoria,AUS,Australia,192.1802,http://linked.data.gov.au/dataset/asgsed3/SAL/20803,0.715730664764,0.0193609284031
20804,Dumbalk,2,Victoria,AUS,Australia,55.4614,http://linked.data.gov.au/dataset/asgsed3/SAL/20804,0.553403147119,0.005729551073
20805,Dumbalk North,2,Victoria,AUS,Australia,21.403,http://linked.data.gov.au/dataset/asgsed3/SAL/20805,0.306029781183,0.00221065470456
20806,Dumosa,2,Victoria,AUS,Australia,155.4682,http://linked.data.gov.au/dataset/asgsed3/SAL/20806,0.639048097135,0.0155287988507
20807,Dunach,2,Victoria,AUS,Australia,24.1662,http://linked.data.gov.au/dataset/asgsed3/SAL/20807,0.372849424304,0.00245345970235
20808,Dundonnell,2,Victoria,AUS,Australia,183.4444,http://linked.data.gov.au/dataset/asgsed3/SAL/20808,0.904289164951,0.0187883337559
20809,Dunkeld (Vic.),2,Victoria,AUS,Australia,290.3945,http://linked.data.gov.au/dataset/asgsed3/SAL/20809,1.12588501799,0.0296582102747
20810,Dunluce,2,Victoria,AUS,Australia,93.0386,http://linked.data.gov.au/dataset/asgsed3/SAL/20810,0.567088538788,0.00940401201093
20811,Dunneworthy,2,Victoria,AUS,Australia,38.2322,http://linked.data.gov.au/dataset/asgsed3/SAL/20811,0.319860269918,0.00388063891479
20812,Dunnstown,2,Victoria,AUS,Australia,23.0742,http://linked.data.gov.au/dataset/asgsed3/SAL/20812,0.295991608005,0.00235404838572
20813,Dunolly (Vic.),2,Victoria,AUS,Australia,105.0559,http://linked.data.gov.au/dataset/asgsed3/SAL/20813,0.759036980669,0.010616172609
20814,Dunrobin,2,Victoria,AUS,Australia,45.2377,http://linked.data.gov.au/dataset/asgsed3/SAL/20814,0.38979634335,0.00461065905943
20815,Durdidwarrah,2,Victoria,AUS,Australia,17.6508,http://linked.data.gov.au/dataset/asgsed3/SAL/20815,0.269577194493,0.00180618942447
20816,Durham Lead,2,Victoria,AUS,Australia,32.6041,http://linked.data.gov.au/dataset/asgsed3/SAL/20816,0.39318126817,0.0033310057549
20817,Durham Ox,2,Victoria,AUS,Australia,146.0941,http://linked.data.gov.au/dataset/asgsed3/SAL/20817,0.835924179019,0.0146252003149
20818,Dutson,2,Victoria,AUS,Australia,102.2895,http://linked.data.gov.au/dataset/asgsed3/SAL/20818,0.763741249581,0.0105169851672
20819,Dutson Downs,2,Victoria,AUS,Australia,106.028,http://linked.data.gov.au/dataset/asgsed3/SAL/20819,0.6328609856,0.0109058938516
20820,Dutton Way,2,Victoria,AUS,Australia,0.8031,http://linked.data.gov.au/dataset/asgsed3/SAL/20820,0.0584239316848,8.2707408226e-05
20821,Duverney,2,Victoria,AUS,Australia,61.9011,http://linked.data.gov.au/dataset/asgsed3/SAL/20821,0.428018186943,0.00635268800019
20822,Eagle Point,2,Victoria,AUS,Australia,18.0798,http://linked.data.gov.au/dataset/asgsed3/SAL/20822,0.374190832333,0.00185216192476
20823,Eaglehawk,2,Victoria,AUS,Australia,14.5658,http://linked.data.gov.au/dataset/asgsed3/SAL/20823,0.225052157962,0.00146895996236
20824,Eaglehawk North,2,Victoria,AUS,Australia,5.9862,http://linked.data.gov.au/dataset/asgsed3/SAL/20824,0.115809076339,0.000603575088305
20825,Eaglemont,2,Victoria,AUS,Australia,2.2074,http://linked.data.gov.au/dataset/asgsed3/SAL/20825,0.0774562642027,0.000225760414263
20826,Earlston,2,Victoria,AUS,Australia,63.8899,http://linked.data.gov.au/dataset/asgsed3/SAL/20826,0.328824157509,0.00642894974727
20827,East Bairnsdale,2,Victoria,AUS,Australia,36.7001,http://linked.data.gov.au/dataset/asgsed3/SAL/20827,0.336718185307,0.00375718847958
20828,East Bendigo,2,Victoria,AUS,Australia,10.2286,http://linked.data.gov.au/dataset/asgsed3/SAL/20828,0.192823038765,0.00103203824336
20829,East Geelong,2,Victoria,AUS,Australia,3.3747,http://linked.data.gov.au/dataset/asgsed3/SAL/20829,0.0918723660278,0.000346858739736
20830,East Melbourne,2,Victoria,AUS,Australia,1.8557,http://linked.data.gov.au/dataset/asgsed3/SAL/20830,0.05948838755,0.000189868394424
20831,East Sale,2,Victoria,AUS,Australia,8.650600000000003,http://linked.data.gov.au/dataset/asgsed3/SAL/20831,0.159053780214,0.000888566968058
20832,East Wangaratta,2,Victoria,AUS,Australia,20.2912,http://linked.data.gov.au/dataset/asgsed3/SAL/20832,0.259471521955,0.00203747837378
20833,East Warburton,2,Victoria,AUS,Australia,168.6992,http://linked.data.gov.au/dataset/asgsed3/SAL/20833,1.0164231723,0.0172361255606
20834,Eastern View,2,Victoria,AUS,Australia,19.2641,http://linked.data.gov.au/dataset/asgsed3/SAL/20834,0.217388925683,0.00198808309799
20835,Eastville,2,Victoria,AUS,Australia,26.558,http://linked.data.gov.au/dataset/asgsed3/SAL/20835,0.313752131688,0.0026842471497
20836,Eastwood (Vic.),2,Victoria,AUS,Australia,2.402,http://linked.data.gov.au/dataset/asgsed3/SAL/20836,0.0800398356907,0.000245754126771
20837,Ebden,2,Victoria,AUS,Australia,24.6711,http://linked.data.gov.au/dataset/asgsed3/SAL/20837,0.352701218716,0.00247095465566
20838,Echuca,2,Victoria,AUS,Australia,143.7487,http://linked.data.gov.au/dataset/asgsed3/SAL/20838,0.786838750325,0.0143989332887
20839,Echuca Village,2,Victoria,AUS,Australia,40.2045,http://linked.data.gov.au/dataset/asgsed3/SAL/20839,0.371182202525,0.0040256940321
20840,Echuca West,2,Victoria,AUS,Australia,72.6453,http://linked.data.gov.au/dataset/asgsed3/SAL/20840,0.352254340931,0.00727725075659
20841,Ecklin South,2,Victoria,AUS,Australia,83.1366,http://linked.data.gov.au/dataset/asgsed3/SAL/20841,0.492756790208,0.00857238314571
20842,Eddington,2,Victoria,AUS,Australia,80.7149,http://linked.data.gov.au/dataset/asgsed3/SAL/20842,0.686921375403,0.00816084529748
20843,Eden Park,2,Victoria,AUS,Australia,24.458,http://linked.data.gov.au/dataset/asgsed3/SAL/20843,0.253393912894,0.00249198630897
20844,Edenhope,2,Victoria,AUS,Australia,498.8217,http://linked.data.gov.au/dataset/asgsed3/SAL/20844,1.27865597371,0.05054045571
20845,Edgecombe,2,Victoria,AUS,Australia,11.2582,http://linked.data.gov.au/dataset/asgsed3/SAL/20845,0.176869355598,0.00114242379087
20846,Edi,2,Victoria,AUS,Australia,42.6032,http://linked.data.gov.au/dataset/asgsed3/SAL/20846,0.368583049781,0.0042934585882
20847,Edi Upper,2,Victoria,AUS,Australia,156.1293,http://linked.data.gov.au/dataset/asgsed3/SAL/20847,0.827303944596,0.0157551012453
20848,Edithvale,2,Victoria,AUS,Australia,2.0645,http://linked.data.gov.au/dataset/asgsed3/SAL/20848,0.0598095612534,0.000211924501024
20849,Eganstown,2,Victoria,AUS,Australia,21.7869,http://linked.data.gov.au/dataset/asgsed3/SAL/20849,0.226975430627,0.00221576465203
20850,Eildon,2,Victoria,AUS,Australia,512.6874,http://linked.data.gov.au/dataset/asgsed3/SAL/20850,1.63856429809,0.0521601030987
20851,Elaine,2,Victoria,AUS,Australia,107.7589,http://linked.data.gov.au/dataset/asgsed3/SAL/20851,0.728088682836,0.0110186846905
20852,Eldorado,2,Victoria,AUS,Australia,56.3173,http://linked.data.gov.au/dataset/asgsed3/SAL/20852,0.569890096494,0.00565216703853
20853,Elevated Plains,2,Victoria,AUS,Australia,3.7692,http://linked.data.gov.au/dataset/asgsed3/SAL/20853,0.132576024888,0.000383030441025
20854,Elingamite,2,Victoria,AUS,Australia,16.8735,http://linked.data.gov.au/dataset/asgsed3/SAL/20854,0.250826298968,0.00173952374139
20855,Elingamite North,2,Victoria,AUS,Australia,39.3797,http://linked.data.gov.au/dataset/asgsed3/SAL/20855,0.319275708033,0.00405822583814
20856,Elizabeth Island,2,Victoria,AUS,Australia,0.1974,http://linked.data.gov.au/dataset/asgsed3/SAL/20856,0.0218624608038,2.0365029364e-05
20857,Ellaswood,2,Victoria,AUS,Australia,15.1907,http://linked.data.gov.au/dataset/asgsed3/SAL/20857,0.190279738208,0.00155358687656
20858,Ellerslie (Vic.),2,Victoria,AUS,Australia,117.3033,http://linked.data.gov.au/dataset/asgsed3/SAL/20858,0.658505520114,0.0120529715605
20859,Elliminyt,2,Victoria,AUS,Australia,34.7328,http://linked.data.gov.au/dataset/asgsed3/SAL/20859,0.2918745631,0.00358056302162
20860,Ellinbank,2,Victoria,AUS,Australia,22.5191,http://linked.data.gov.au/dataset/asgsed3/SAL/20860,0.298047541364,0.00231773295045
20861,Elmhurst,2,Victoria,AUS,Australia,69.3054,http://linked.data.gov.au/dataset/asgsed3/SAL/20861,0.532452334104,0.0070318558833
20862,Elmore,2,Victoria,AUS,Australia,135.3933,http://linked.data.gov.au/dataset/asgsed3/SAL/20862,0.803749517401,0.0136128545224
20863,Elphinstone (Vic.),2,Victoria,AUS,Australia,84.0445,http://linked.data.gov.au/dataset/asgsed3/SAL/20863,0.499832583619,0.00851595248042
20864,Elsternwick,2,Victoria,AUS,Australia,2.6028,http://linked.data.gov.au/dataset/asgsed3/SAL/20864,0.0660591551423,0.000266588790164
20865,Eltham (Vic.),2,Victoria,AUS,Australia,16.587,http://linked.data.gov.au/dataset/asgsed3/SAL/20865,0.274006747243,0.00169492764554
20866,Eltham North,2,Victoria,AUS,Australia,4.0177,http://linked.data.gov.au/dataset/asgsed3/SAL/20866,0.107371898132,0.000410430874954
20867,Elwood,2,Victoria,AUS,Australia,2.5953,http://linked.data.gov.au/dataset/asgsed3/SAL/20867,0.0760505741187,0.00026585046631
20868,Emerald (Vic.),2,Victoria,AUS,Australia,50.4235,http://linked.data.gov.au/dataset/asgsed3/SAL/20868,0.46427835576,0.00516838016331
20869,Emu,2,Victoria,AUS,Australia,81.82179999999998,http://linked.data.gov.au/dataset/asgsed3/SAL/20869,0.502753964959,0.00825489334992
20870,Emu Creek (Vic.),2,Victoria,AUS,Australia,19.0881,http://linked.data.gov.au/dataset/asgsed3/SAL/20870,0.21113316569,0.00192849099511
20871,Endeavour Hills,2,Victoria,AUS,Australia,15.4228,http://linked.data.gov.au/dataset/asgsed3/SAL/20871,0.190330268381,0.00158136890391
20872,Enfield (Vic.),2,Victoria,AUS,Australia,98.5371,http://linked.data.gov.au/dataset/asgsed3/SAL/20872,0.688254964531,0.0100736170815
20873,Englefield,2,Victoria,AUS,Australia,41.5388,http://linked.data.gov.au/dataset/asgsed3/SAL/20873,0.334173552298,0.00422278145326
20874,Enochs Point,2,Victoria,AUS,Australia,37.2432,http://linked.data.gov.au/dataset/asgsed3/SAL/20874,0.346207861218,0.00379081969933
20875,Ensay,2,Victoria,AUS,Australia,159.9075,http://linked.data.gov.au/dataset/asgsed3/SAL/20875,0.771163136529,0.0162689779188
20876,Ensay North,2,Victoria,AUS,Australia,68.0108,http://linked.data.gov.au/dataset/asgsed3/SAL/20876,0.421234997842,0.00691182635252
20877,Eppalock,2,Victoria,AUS,Australia,84.6123,http://linked.data.gov.au/dataset/asgsed3/SAL/20877,0.525805098381,0.00854919366489
20878,Epping (Vic.),2,Victoria,AUS,Australia,35.2737,http://linked.data.gov.au/dataset/asgsed3/SAL/20878,0.339134565903,0.0036007958248
20879,Epsom (Vic.),2,Victoria,AUS,Australia,8.9308,http://linked.data.gov.au/dataset/asgsed3/SAL/20879,0.219829395518,0.000900585316419
20880,Ercildoune,2,Victoria,AUS,Australia,87.98009999999998,http://linked.data.gov.au/dataset/asgsed3/SAL/20880,0.492865019373,0.00895466327416
20881,Erica,2,Victoria,AUS,Australia,14.2956,http://linked.data.gov.au/dataset/asgsed3/SAL/20881,0.205693393668,0.0014659095267
20882,Errinundra,2,Victoria,AUS,Australia,256.7697,http://linked.data.gov.au/dataset/asgsed3/SAL/20882,0.876115488929,0.0261517442831
20883,Eskdale (Vic.),2,Victoria,AUS,Australia,309.179,http://linked.data.gov.au/dataset/asgsed3/SAL/20883,1.35783582056,0.0310993904865
20884,Esmond,2,Victoria,AUS,Australia,9.5296,http://linked.data.gov.au/dataset/asgsed3/SAL/20884,0.146115726956,0.000953295001154
20885,Essendon,2,Victoria,AUS,Australia,6.159,http://linked.data.gov.au/dataset/asgsed3/SAL/20885,0.156739877588,0.000629647934863
20886,Essendon Fields,2,Victoria,AUS,Australia,3.3549,http://linked.data.gov.au/dataset/asgsed3/SAL/20886,0.0943964659628,0.000342874776958
20887,Essendon North,2,Victoria,AUS,Australia,0.7324,http://linked.data.gov.au/dataset/asgsed3/SAL/20887,0.0442124274437,7.4860611216e-05
20888,Essendon West,2,Victoria,AUS,Australia,1.0259,http://linked.data.gov.au/dataset/asgsed3/SAL/20888,0.0523192369807,0.000104898246267
20889,Eumemmerring,2,Victoria,AUS,Australia,1.12,http://linked.data.gov.au/dataset/asgsed3/SAL/20889,0.0596756799719,0.000114866485042
20890,Eurack,2,Victoria,AUS,Australia,34.5472,http://linked.data.gov.au/dataset/asgsed3/SAL/20890,0.297403841185,0.00355093069609
20891,Eureka (Vic.),2,Victoria,AUS,Australia,0.4263,http://linked.data.gov.au/dataset/asgsed3/SAL/20891,0.0272981159288,4.3479728374e-05
20892,Euroa,2,Victoria,AUS,Australia,187.2931,http://linked.data.gov.au/dataset/asgsed3/SAL/20892,0.805552702904,0.0189036769451
20893,Eurobin,2,Victoria,AUS,Australia,55.0181,http://linked.data.gov.au/dataset/asgsed3/SAL/20893,0.478798968557,0.00554372877402
20894,Evansford,2,Victoria,AUS,Australia,59.0684,http://linked.data.gov.au/dataset/asgsed3/SAL/20894,0.406901362484,0.00600027837483
20895,Eversley,2,Victoria,AUS,Australia,28.5779,http://linked.data.gov.au/dataset/asgsed3/SAL/20895,0.331509633305,0.00290064561953
20896,Everton,2,Victoria,AUS,Australia,42.4887,http://linked.data.gov.au/dataset/asgsed3/SAL/20896,0.413003158262,0.0042704596761
20897,Everton Upper,2,Victoria,AUS,Australia,68.4942,http://linked.data.gov.au/dataset/asgsed3/SAL/20897,0.525058640046,0.00687941923226
20898,Exford,2,Victoria,AUS,Australia,10.6428,http://linked.data.gov.au/dataset/asgsed3/SAL/20898,0.18363778265,0.001087737455
20899,Eynesbury,2,Victoria,AUS,Australia,60.9402,http://linked.data.gov.au/dataset/asgsed3/SAL/20899,0.387694399218,0.0062332339802
20900,Fairbank,2,Victoria,AUS,Australia,9.5996,http://linked.data.gov.au/dataset/asgsed3/SAL/20900,0.178707320666,0.000990055956451
20901,Fairfield (Vic.),2,Victoria,AUS,Australia,3.5384,http://linked.data.gov.au/dataset/asgsed3/SAL/20901,0.166120067246,0.000361880289088
20902,Fairhaven,2,Victoria,AUS,Australia,7.975,http://linked.data.gov.au/dataset/asgsed3/SAL/20902,0.141703997528,0.00082307498461
20903,Fairley,2,Victoria,AUS,Australia,34.4635,http://linked.data.gov.au/dataset/asgsed3/SAL/20903,0.36921881575,0.00343130215087
20904,Fairy Dell (Campaspe - Vic.),2,Victoria,AUS,Australia,28.9206,http://linked.data.gov.au/dataset/asgsed3/SAL/20904,0.263640078158,0.00290257251292
20905,Fairy Dell (East Gippsland - Vic.),2,Victoria,AUS,Australia,67.0051,http://linked.data.gov.au/dataset/asgsed3/SAL/20905,0.523707434056,0.00684499127133
20906,Falls Creek (Vic.),2,Victoria,AUS,Australia,167.7452,http://linked.data.gov.au/dataset/asgsed3/SAL/20906,0.653706566932,0.0169530264439
20907,Faraday,2,Victoria,AUS,Australia,23.1636,http://linked.data.gov.au/dataset/asgsed3/SAL/20907,0.249884184923,0.00234631728617
20908,Fawcett,2,Victoria,AUS,Australia,68.4057,http://linked.data.gov.au/dataset/asgsed3/SAL/20908,0.434326589171,0.00693359521265
20909,Fawkner,2,Victoria,AUS,Australia,5.2301,http://linked.data.gov.au/dataset/asgsed3/SAL/20909,0.119620164814,0.000534382979912
20910,Fentons Creek,2,Victoria,AUS,Australia,67.7965,http://linked.data.gov.au/dataset/asgsed3/SAL/20910,0.523324927778,0.00682422236396
20911,Ferguson (Vic.),2,Victoria,AUS,Australia,12.5615,http://linked.data.gov.au/dataset/asgsed3/SAL/20911,0.254277462455,0.00129944035325
20912,Fern Hill,2,Victoria,AUS,Australia,18.9047,http://linked.data.gov.au/dataset/asgsed3/SAL/20912,0.268915687111,0.00192293462793
20913,Fernbank,2,Victoria,AUS,Australia,120.49,http://linked.data.gov.au/dataset/asgsed3/SAL/20913,0.6818869651,0.0123362637003
20914,Ferndale (Vic.),2,Victoria,AUS,Australia,15.5079,http://linked.data.gov.au/dataset/asgsed3/SAL/20914,0.263133698229,0.00159730641312
20915,Fernihurst,2,Victoria,AUS,Australia,54.8765,http://linked.data.gov.au/dataset/asgsed3/SAL/20915,0.519894683156,0.00550086116536
20916,Fernshaw,2,Victoria,AUS,Australia,65.5544,http://linked.data.gov.au/dataset/asgsed3/SAL/20916,0.44562046345,0.00668935133596
20917,Ferntree Gully,2,Victoria,AUS,Australia,14.001,http://linked.data.gov.au/dataset/asgsed3/SAL/20917,0.201941001803,0.00143395089443
20918,Ferny Creek,2,Victoria,AUS,Australia,4.5146,http://linked.data.gov.au/dataset/asgsed3/SAL/20918,0.119339408238,0.00046231708916
20919,Fiery Flat,2,Victoria,AUS,Australia,94.202,http://linked.data.gov.au/dataset/asgsed3/SAL/20919,0.510236498946,0.00946474186204
20920,Fingal (Vic.),2,Victoria,AUS,Australia,18.17,http://linked.data.gov.au/dataset/asgsed3/SAL/20920,0.224147898058,0.00187425468828
20921,Fish Creek,2,Victoria,AUS,Australia,157.6153,http://linked.data.gov.au/dataset/asgsed3/SAL/20921,0.655787679958,0.0163277586357
20922,Fish Point,2,Victoria,AUS,Australia,31.5205,http://linked.data.gov.au/dataset/asgsed3/SAL/20922,0.325674362396,0.00312938978365
20923,Fiskville,2,Victoria,AUS,Australia,28.4058,http://linked.data.gov.au/dataset/asgsed3/SAL/20923,0.359194206284,0.00290129854813
20924,Fitzroy (Vic.),2,Victoria,AUS,Australia,1.4071,http://linked.data.gov.au/dataset/asgsed3/SAL/20924,0.0501730946323,0.000143901683671
20925,Fitzroy North,2,Victoria,AUS,Australia,2.4759,http://linked.data.gov.au/dataset/asgsed3/SAL/20925,0.0706033013572,0.000253226944079
20926,Flaggy Creek,2,Victoria,AUS,Australia,11.0801,http://linked.data.gov.au/dataset/asgsed3/SAL/20926,0.193759016386,0.0011327882018
20927,Flagstaff,2,Victoria,AUS,Australia,3.7548,http://linked.data.gov.au/dataset/asgsed3/SAL/20927,0.0895377042761,0.000380343280439
20928,Flamingo Beach,2,Victoria,AUS,Australia,5.7625,http://linked.data.gov.au/dataset/asgsed3/SAL/20928,0.116682130808,0.000593241121643
20929,Flemington,2,Victoria,AUS,Australia,2.8693,http://linked.data.gov.au/dataset/asgsed3/SAL/20929,0.0994498003572,0.0002934881312
20930,Flinders (Vic.),2,Victoria,AUS,Australia,55.132,http://linked.data.gov.au/dataset/asgsed3/SAL/20930,0.478126404787,0.00569025346794
20931,Flora Hill,2,Victoria,AUS,Australia,2.9354,http://linked.data.gov.au/dataset/asgsed3/SAL/20931,0.0845500845841,0.000296349468693
20932,Flowerdale (Vic.),2,Victoria,AUS,Australia,150.8703,http://linked.data.gov.au/dataset/asgsed3/SAL/20932,0.77916100485,0.0153389388441
20933,Flynn (Vic.),2,Victoria,AUS,Australia,102.3561,http://linked.data.gov.au/dataset/asgsed3/SAL/20933,0.659710199035,0.0105268126014
20934,Flynns Creek,2,Victoria,AUS,Australia,8.4307,http://linked.data.gov.au/dataset/asgsed3/SAL/20934,0.20042997676,0.000867694170945
20935,Footscray,2,Victoria,AUS,Australia,5.0499,http://linked.data.gov.au/dataset/asgsed3/SAL/20935,0.118314271009,0.000516596397495
20936,Forbes (Vic.),2,Victoria,AUS,Australia,34.7444,http://linked.data.gov.au/dataset/asgsed3/SAL/20936,0.274963026037,0.0035316143773
20937,Forest Hill (Vic.),2,Victoria,AUS,Australia,4.0702,http://linked.data.gov.au/dataset/asgsed3/SAL/20937,0.112695872429,0.000416636427308
20938,Forge Creek,2,Victoria,AUS,Australia,89.74429999999998,http://linked.data.gov.au/dataset/asgsed3/SAL/20938,0.543948689357,0.00919679976612
20939,Forrest (Vic.),2,Victoria,AUS,Australia,42.666,http://linked.data.gov.au/dataset/asgsed3/SAL/20939,0.445132295063,0.00440673070352
20940,Foster,2,Victoria,AUS,Australia,114.1402,http://linked.data.gov.au/dataset/asgsed3/SAL/20940,0.901466439468,0.0118152531298
20941,Foster North,2,Victoria,AUS,Australia,43.9901,http://linked.data.gov.au/dataset/asgsed3/SAL/20941,0.45469937075,0.00454945472821
20942,Fosterville,2,Victoria,AUS,Australia,46.8442,http://linked.data.gov.au/dataset/asgsed3/SAL/20942,0.322292676699,0.00472368001424
20943,Foxhow,2,Victoria,AUS,Australia,62.0942,http://linked.data.gov.au/dataset/asgsed3/SAL/20943,0.336260594048,0.00637363595234
20944,Framlingham,2,Victoria,AUS,Australia,46.3265,http://linked.data.gov.au/dataset/asgsed3/SAL/20944,0.467415030245,0.00476855967753
20945,Framlingham East,2,Victoria,AUS,Australia,19.651,http://linked.data.gov.au/dataset/asgsed3/SAL/20945,0.232070679737,0.00202112171518
20946,Franklinford,2,Victoria,AUS,Australia,23.7291,http://linked.data.gov.au/dataset/asgsed3/SAL/20946,0.312545039548,0.00240971097668
20947,Frankston,2,Victoria,AUS,Australia,19.779,http://linked.data.gov.au/dataset/asgsed3/SAL/20947,0.20143690803,0.00203293726723
20948,Frankston North,2,Victoria,AUS,Australia,5.1183,http://linked.data.gov.au/dataset/asgsed3/SAL/20948,0.125808817143,0.000525880539059
20949,Frankston South,2,Victoria,AUS,Australia,14.5603,http://linked.data.gov.au/dataset/asgsed3/SAL/20949,0.173702789942,0.00149707427658
20950,Fraser Rise,2,Victoria,AUS,Australia,21.2422,http://linked.data.gov.au/dataset/asgsed3/SAL/20950,0.238428163714,0.00216990638547
20951,Freeburgh,2,Victoria,AUS,Australia,25.8798,http://linked.data.gov.au/dataset/asgsed3/SAL/20951,0.276974633109,0.00261211047849
20952,French Island,2,Victoria,AUS,Australia,170.0317,http://linked.data.gov.au/dataset/asgsed3/SAL/20952,0.796782441351,0.01752331371
20953,Frenchmans,2,Victoria,AUS,Australia,34.6119,http://linked.data.gov.au/dataset/asgsed3/SAL/20953,0.273020748439,0.00350399570045
20954,Freshwater Creek,2,Victoria,AUS,Australia,53.5561,http://linked.data.gov.au/dataset/asgsed3/SAL/20954,0.344044168064,0.00551349679507
20955,Fryerstown,2,Victoria,AUS,Australia,31.7451,http://linked.data.gov.au/dataset/asgsed3/SAL/20955,0.2797297179,0.00321940005322
20956,Fulham (Vic.),2,Victoria,AUS,Australia,54.563,http://linked.data.gov.au/dataset/asgsed3/SAL/20956,0.510969903933,0.00560285450367
20957,Fumina,2,Victoria,AUS,Australia,14.4975,http://linked.data.gov.au/dataset/asgsed3/SAL/20957,0.285599798418,0.00148527569167
20958,Fumina South,2,Victoria,AUS,Australia,45.4096,http://linked.data.gov.au/dataset/asgsed3/SAL/20958,0.430793480323,0.00465529654157
20959,Fyans Creek,2,Victoria,AUS,Australia,33.9364,http://linked.data.gov.au/dataset/asgsed3/SAL/20959,0.299156429059,0.00343962036416
20960,Fyansford,2,Victoria,AUS,Australia,24.837,http://linked.data.gov.au/dataset/asgsed3/SAL/20960,0.231693258698,0.00255187790369
20961,Gaffneys Creek,2,Victoria,AUS,Australia,169.3978,http://linked.data.gov.au/dataset/asgsed3/SAL/20961,0.901040253075,0.0172587264316
20962,Gainsborough,2,Victoria,AUS,Australia,6.5669,http://linked.data.gov.au/dataset/asgsed3/SAL/20962,0.153134273664,0.000675650639322
20963,Gannawarra,2,Victoria,AUS,Australia,56.888,http://linked.data.gov.au/dataset/asgsed3/SAL/20963,0.607854554376,0.00566637072567
20964,Gapsted,2,Victoria,AUS,Australia,53.832,http://linked.data.gov.au/dataset/asgsed3/SAL/20964,0.536048799435,0.00541496924939
20965,Gardenvale,2,Victoria,AUS,Australia,0.2588,http://linked.data.gov.au/dataset/asgsed3/SAL/20965,0.0224613624571,2.6507499282e-05
20966,Garfield,2,Victoria,AUS,Australia,26.4185,http://linked.data.gov.au/dataset/asgsed3/SAL/20966,0.270223578441,0.00271350068159
20967,Garfield North,2,Victoria,AUS,Australia,21.1298,http://linked.data.gov.au/dataset/asgsed3/SAL/20967,0.265866012015,0.00216853679113
20968,Garibaldi,2,Victoria,AUS,Australia,11.75,http://linked.data.gov.au/dataset/asgsed3/SAL/20968,0.228460043541,0.00120092831529
20969,Garvoc,2,Victoria,AUS,Australia,103.7923,http://linked.data.gov.au/dataset/asgsed3/SAL/20969,0.57281381388,0.0106881203077
20970,Gateway Island,2,Victoria,AUS,Australia,3.7171,http://linked.data.gov.au/dataset/asgsed3/SAL/20970,0.10767299362,0.000371974411057
20971,Gatum,2,Victoria,AUS,Australia,88.84619999999998,http://linked.data.gov.au/dataset/asgsed3/SAL/20971,0.529910801483,0.00903893277168
20972,Gazette,2,Victoria,AUS,Australia,78.1427,http://linked.data.gov.au/dataset/asgsed3/SAL/20972,0.440247680038,0.00800602987363
20973,Geelong,2,Victoria,AUS,Australia,3.3107,http://linked.data.gov.au/dataset/asgsed3/SAL/20973,0.0972358052866,0.000340240203229
20974,Geelong West,2,Victoria,AUS,Australia,2.3528,http://linked.data.gov.au/dataset/asgsed3/SAL/20974,0.0628339314399,0.000241823747884
20975,Gelantipy,2,Victoria,AUS,Australia,247.2898,http://linked.data.gov.au/dataset/asgsed3/SAL/20975,1.00005202897,0.0250965083966
20976,Gellibrand,2,Victoria,AUS,Australia,94.4318,http://linked.data.gov.au/dataset/asgsed3/SAL/20976,0.59486831403,0.00975664301878
20977,Gellibrand Lower,2,Victoria,AUS,Australia,48.3385,http://linked.data.gov.au/dataset/asgsed3/SAL/20977,0.366639024571,0.00500650286878
20978,Gelliondale,2,Victoria,AUS,Australia,11.2709,http://linked.data.gov.au/dataset/asgsed3/SAL/20978,0.216397822986,0.00116595066069
20979,Gembrook,2,Victoria,AUS,Australia,202.3353,http://linked.data.gov.au/dataset/asgsed3/SAL/20979,1.03057848975,0.020738965112
20980,Genoa,2,Victoria,AUS,Australia,379.9754,http://linked.data.gov.au/dataset/asgsed3/SAL/20980,1.2947518709,0.038708295131
20981,Gentle Annie,2,Victoria,AUS,Australia,191.1844,http://linked.data.gov.au/dataset/asgsed3/SAL/20981,0.737041659433,0.0195942760777
20982,Georges Creek (Vic.),2,Victoria,AUS,Australia,48.6489,http://linked.data.gov.au/dataset/asgsed3/SAL/20982,0.364823037173,0.00487188100587
20983,Gerahmin,2,Victoria,AUS,Australia,136.2985,http://linked.data.gov.au/dataset/asgsed3/SAL/20983,0.478507083215,0.0134866311097
20984,Gerang Gerung,2,Victoria,AUS,Australia,176.0171,http://linked.data.gov.au/dataset/asgsed3/SAL/20984,0.759447414186,0.0176783003345
20985,Gerangamete,2,Victoria,AUS,Australia,54.7075,http://linked.data.gov.au/dataset/asgsed3/SAL/20985,0.443114207835,0.00564600887227
20986,Germania,2,Victoria,AUS,Australia,22.5279,http://linked.data.gov.au/dataset/asgsed3/SAL/20986,0.192443834174,0.00227987684681
20987,Germantown (Vic.),2,Victoria,AUS,Australia,27.9073,http://linked.data.gov.au/dataset/asgsed3/SAL/20987,0.327934768958,0.00281552239737
20988,Gerrigerrup,2,Victoria,AUS,Australia,89.7689,http://linked.data.gov.au/dataset/asgsed3/SAL/20988,0.548912473701,0.0092068995511
20989,Gherang,2,Victoria,AUS,Australia,28.6017,http://linked.data.gov.au/dataset/asgsed3/SAL/20989,0.285383201142,0.00294611993875
20990,Gheringhap,2,Victoria,AUS,Australia,28.6241,http://linked.data.gov.au/dataset/asgsed3/SAL/20990,0.326445587651,0.00293915861926
20991,Ghin Ghin,2,Victoria,AUS,Australia,88.6332,http://linked.data.gov.au/dataset/asgsed3/SAL/20991,0.608214281042,0.00898910162892
20992,Giffard,2,Victoria,AUS,Australia,121.3814,http://linked.data.gov.au/dataset/asgsed3/SAL/20992,0.558143118896,0.0125152812989
20993,Giffard West,2,Victoria,AUS,Australia,96.2605,http://linked.data.gov.au/dataset/asgsed3/SAL/20993,0.74200177456,0.00992440392901
20994,Gil Gil,2,Victoria,AUS,Australia,33.6633,http://linked.data.gov.au/dataset/asgsed3/SAL/20994,0.255111293867,0.00337839237386
20995,Gilderoy,2,Victoria,AUS,Australia,14.1938,http://linked.data.gov.au/dataset/asgsed3/SAL/20995,0.175831173164,0.00145325570946
20996,Gillieston,2,Victoria,AUS,Australia,13.2716,http://linked.data.gov.au/dataset/asgsed3/SAL/20996,0.160694014177,0.0013321392945
20997,Gillum,2,Victoria,AUS,Australia,47.519,http://linked.data.gov.au/dataset/asgsed3/SAL/20997,0.287160790994,0.00485796343613
20998,Gipsy Point,2,Victoria,AUS,Australia,14.3162,http://linked.data.gov.au/dataset/asgsed3/SAL/20998,0.175515096171,0.00145849866239
20999,Girgarre,2,Victoria,AUS,Australia,84.08509999999998,http://linked.data.gov.au/dataset/asgsed3/SAL/20999,0.502410036109,0.00844712188084
21000,Girgarre East,2,Victoria,AUS,Australia,42.5644,http://linked.data.gov.au/dataset/asgsed3/SAL/21000,0.354770831145,0.00427902617707
21001,Gisborne,2,Victoria,AUS,Australia,96.6619,http://linked.data.gov.au/dataset/asgsed3/SAL/21001,0.659860532323,0.0098505854676
21002,Gisborne South,2,Victoria,AUS,Australia,17.8183,http://linked.data.gov.au/dataset/asgsed3/SAL/21002,0.219973768751,0.00181675082973
21003,Gladfield (Vic.),2,Victoria,AUS,Australia,39.2199,http://linked.data.gov.au/dataset/asgsed3/SAL/21003,0.290975784885,0.00392316629019
21004,Gladstone Park,2,Victoria,AUS,Australia,3.864,http://linked.data.gov.au/dataset/asgsed3/SAL/21004,0.0855998141516,0.000394736362258
21005,Gladysdale,2,Victoria,AUS,Australia,23.9922,http://linked.data.gov.au/dataset/asgsed3/SAL/21005,0.241897653088,0.0024556847533
21006,Glen Alvie,2,Victoria,AUS,Australia,27.5109,http://linked.data.gov.au/dataset/asgsed3/SAL/21006,0.355776816088,0.00284118618558
21007,Glen Creek,2,Victoria,AUS,Australia,40.1098,http://linked.data.gov.au/dataset/asgsed3/SAL/21007,0.377699186629,0.00403108527885
21008,Glen Forbes,2,Victoria,AUS,Australia,25.7656,http://linked.data.gov.au/dataset/asgsed3/SAL/21008,0.308063972254,0.00265901541957
21009,Glen Huntly,2,Victoria,AUS,Australia,0.8937,http://linked.data.gov.au/dataset/asgsed3/SAL/21009,0.0397121201039,9.1531234705e-05
21010,Glen Iris (Vic.),2,Victoria,AUS,Australia,8.2313,http://linked.data.gov.au/dataset/asgsed3/SAL/21010,0.176167982849,0.000842795974711
21011,Glen Park,2,Victoria,AUS,Australia,20.4079,http://linked.data.gov.au/dataset/asgsed3/SAL/21011,0.220028529619,0.0020796406882
21012,Glen Valley,2,Victoria,AUS,Australia,294.9273,http://linked.data.gov.au/dataset/asgsed3/SAL/21012,0.914452766674,0.0298214335635
21013,Glen Waverley,2,Victoria,AUS,Australia,16.8403,http://linked.data.gov.au/dataset/asgsed3/SAL/21013,0.227262858907,0.00172456206611
21014,Glen Wills,2,Victoria,AUS,Australia,34.7317,http://linked.data.gov.au/dataset/asgsed3/SAL/21014,0.269069771692,0.00350847496948
21015,Glenaire,2,Victoria,AUS,Australia,103.4474,http://linked.data.gov.au/dataset/asgsed3/SAL/21015,0.756023870396,0.0107185704026
21016,Glenaladale,2,Victoria,AUS,Australia,66.6884,http://linked.data.gov.au/dataset/asgsed3/SAL/21016,0.430508151889,0.00681768107079
21017,Glenalbyn,2,Victoria,AUS,Australia,80.6607,http://linked.data.gov.au/dataset/asgsed3/SAL/21017,0.505228292009,0.00811205626786
21018,Glenaroua,2,Victoria,AUS,Australia,146.734,http://linked.data.gov.au/dataset/asgsed3/SAL/21018,0.731016545771,0.0148765591691
21019,Glenbrae,2,Victoria,AUS,Australia,27.2027,http://linked.data.gov.au/dataset/asgsed3/SAL/21019,0.230814087398,0.00276626909446
21020,Glenburn,2,Victoria,AUS,Australia,162.6051,http://linked.data.gov.au/dataset/asgsed3/SAL/21020,0.731718779284,0.0165475204509
21021,Glendaruel,2,Victoria,AUS,Australia,13.6453,http://linked.data.gov.au/dataset/asgsed3/SAL/21021,0.165673878046,0.00138758081879
21022,Glendonald,2,Victoria,AUS,Australia,13.3553,http://linked.data.gov.au/dataset/asgsed3/SAL/21022,0.156665813073,0.0013583353033
21023,Glenfalloch,2,Victoria,AUS,Australia,108.9296,http://linked.data.gov.au/dataset/asgsed3/SAL/21023,0.576786995984,0.0111278090246
21024,Glenfyne,2,Victoria,AUS,Australia,53.9568,http://linked.data.gov.au/dataset/asgsed3/SAL/21024,0.415915553981,0.00556519322093
21025,Glengarry (Vic.),2,Victoria,AUS,Australia,97.6633,http://linked.data.gov.au/dataset/asgsed3/SAL/21025,0.680545351815,0.0100348833422
21026,Glengarry North,2,Victoria,AUS,Australia,45.4043,http://linked.data.gov.au/dataset/asgsed3/SAL/21026,0.331713000405,0.00466260267263
21027,Glengarry West,2,Victoria,AUS,Australia,29.2953,http://linked.data.gov.au/dataset/asgsed3/SAL/21027,0.355059601579,0.0030097379684
21028,Glengower,2,Victoria,AUS,Australia,55.2035,http://linked.data.gov.au/dataset/asgsed3/SAL/21028,0.392295032454,0.00560394504544
21029,Glenhope,2,Victoria,AUS,Australia,88.98059999999998,http://linked.data.gov.au/dataset/asgsed3/SAL/21029,0.520530503673,0.00901635302537
21030,Glenhope East,2,Victoria,AUS,Australia,25.8546,http://linked.data.gov.au/dataset/asgsed3/SAL/21030,0.26599974817,0.0026198037767
21031,Glenisla,2,Victoria,AUS,Australia,378.6601,http://linked.data.gov.au/dataset/asgsed3/SAL/21031,1.45739199885,0.0384543221993
21032,Glenlee (Vic.),2,Victoria,AUS,Australia,156.2177,http://linked.data.gov.au/dataset/asgsed3/SAL/21032,0.808658459607,0.0156604204977
21033,Glenlofty,2,Victoria,AUS,Australia,57.092,http://linked.data.gov.au/dataset/asgsed3/SAL/21033,0.457147091679,0.00578889916492
21034,Glenlogie,2,Victoria,AUS,Australia,65.4505,http://linked.data.gov.au/dataset/asgsed3/SAL/21034,0.414357835284,0.0066461489874
21035,Glenloth,2,Victoria,AUS,Australia,72.8656,http://linked.data.gov.au/dataset/asgsed3/SAL/21035,0.422684822174,0.00729534639753
21036,Glenloth East,2,Victoria,AUS,Australia,49.229,http://linked.data.gov.au/dataset/asgsed3/SAL/21036,0.375658429458,0.00492406714789
21037,Glenluce,2,Victoria,AUS,Australia,18.2833,http://linked.data.gov.au/dataset/asgsed3/SAL/21037,0.235808099838,0.00185523998295
21038,Glenlyon (Vic.),2,Victoria,AUS,Australia,75.8053,http://linked.data.gov.au/dataset/asgsed3/SAL/21038,0.692814288944,0.00770057269177
21039,Glenmaggie,2,Victoria,AUS,Australia,226.3495,http://linked.data.gov.au/dataset/asgsed3/SAL/21039,1.24072834594,0.0231597087973
21040,Glenmore (Vic.),2,Victoria,AUS,Australia,45.4014,http://linked.data.gov.au/dataset/asgsed3/SAL/21040,0.415156094586,0.00463932242198
21041,Glenorchy (Vic.),2,Victoria,AUS,Australia,176.3235,http://linked.data.gov.au/dataset/asgsed3/SAL/21041,0.681636215833,0.0178284809467
21042,Glenormiston North,2,Victoria,AUS,Australia,17.544,http://linked.data.gov.au/dataset/asgsed3/SAL/21042,0.230433295032,0.00180321693844
21043,Glenormiston South,2,Victoria,AUS,Australia,20.362,http://linked.data.gov.au/dataset/asgsed3/SAL/21043,0.23701884518,0.00209322762508
21044,Glenpatrick,2,Victoria,AUS,Australia,19.5527,http://linked.data.gov.au/dataset/asgsed3/SAL/21044,0.275458219559,0.00198312646212
21045,Glenrowan,2,Victoria,AUS,Australia,39.3156,http://linked.data.gov.au/dataset/asgsed3/SAL/21045,0.345567638689,0.00395259760123
21046,Glenrowan West,2,Victoria,AUS,Australia,43.6693,http://linked.data.gov.au/dataset/asgsed3/SAL/21046,0.310916396501,0.0043932662828
21047,Glenroy (Vic.),2,Victoria,AUS,Australia,9.2235,http://linked.data.gov.au/dataset/asgsed3/SAL/21047,0.181715168246,0.000942385010568
21048,Glenthompson,2,Victoria,AUS,Australia,313.8808,http://linked.data.gov.au/dataset/asgsed3/SAL/21048,0.937044165713,0.032066576686
21049,Glomar Beach,2,Victoria,AUS,Australia,8.298500000000002,http://linked.data.gov.au/dataset/asgsed3/SAL/21049,0.143331472195,0.000854655039593
21050,Gnarwarre,2,Victoria,AUS,Australia,69.0147,http://linked.data.gov.au/dataset/asgsed3/SAL/21050,0.47865539244,0.00709399286158
21051,Gnotuk,2,Victoria,AUS,Australia,19.5785,http://linked.data.gov.au/dataset/asgsed3/SAL/21051,0.25604248133,0.0020136802281
21052,Gobarup,2,Victoria,AUS,Australia,102.9325,http://linked.data.gov.au/dataset/asgsed3/SAL/21052,0.482816275098,0.0103770106233
21053,Gobur,2,Victoria,AUS,Australia,68.3683,http://linked.data.gov.au/dataset/asgsed3/SAL/21053,0.419674607774,0.00692237073126
21054,Golden Beach (Vic.),2,Victoria,AUS,Australia,19.4219,http://linked.data.gov.au/dataset/asgsed3/SAL/21054,0.270192502816,0.00199835927386
21055,Golden Gully,2,Victoria,AUS,Australia,3.2162,http://linked.data.gov.au/dataset/asgsed3/SAL/21055,0.082877288968,0.000324716864171
21056,Golden Point (Ballarat - Vic.),2,Victoria,AUS,Australia,1.849,http://linked.data.gov.au/dataset/asgsed3/SAL/21056,0.0694198219401,0.000188579310397
21057,Golden Point (Mount Alexander - Vic.),2,Victoria,AUS,Australia,8.387,http://linked.data.gov.au/dataset/asgsed3/SAL/21057,0.13557781911,0.000849727707603
21058,Golden Square,2,Victoria,AUS,Australia,8.489800000000002,http://linked.data.gov.au/dataset/asgsed3/SAL/21058,0.158808437709,0.000856958024217
21059,Goldie,2,Victoria,AUS,Australia,33.792,http://linked.data.gov.au/dataset/asgsed3/SAL/21059,0.256648866841,0.00343222033901
21060,Goldsborough (Vic.),2,Victoria,AUS,Australia,27.6035,http://linked.data.gov.au/dataset/asgsed3/SAL/21060,0.295852268817,0.00278789055683
21061,Gong Gong,2,Victoria,AUS,Australia,3.4055,http://linked.data.gov.au/dataset/asgsed3/SAL/21061,0.0912140325177,0.000347226882782
21062,Gonn Crossing,2,Victoria,AUS,Australia,7.8671,http://linked.data.gov.au/dataset/asgsed3/SAL/21062,0.167073707228,0.000781617830829
21063,Goomalibee,2,Victoria,AUS,Australia,60.9444,http://linked.data.gov.au/dataset/asgsed3/SAL/21063,0.444786308163,0.00612920551529
21064,Goon Nure,2,Victoria,AUS,Australia,173.0931,http://linked.data.gov.au/dataset/asgsed3/SAL/21064,0.796074172294,0.0177507926648
21065,Goongerah,2,Victoria,AUS,Australia,323.3354,http://linked.data.gov.au/dataset/asgsed3/SAL/21065,0.933107361364,0.032880030964
21066,Gooram,2,Victoria,AUS,Australia,108.7045,http://linked.data.gov.au/dataset/asgsed3/SAL/21066,0.617616999196,0.010989956305
21067,Gooramadda,2,Victoria,AUS,Australia,37.3323,http://linked.data.gov.au/dataset/asgsed3/SAL/21067,0.434567724445,0.00373141353498
21068,Goorambat,2,Victoria,AUS,Australia,107.9593,http://linked.data.gov.au/dataset/asgsed3/SAL/21068,0.625293315327,0.0108473834219
21069,Goornong,2,Victoria,AUS,Australia,122.6584,http://linked.data.gov.au/dataset/asgsed3/SAL/21069,0.580212135292,0.0123557234096
21070,Gooroc,2,Victoria,AUS,Australia,51.8204,http://linked.data.gov.au/dataset/asgsed3/SAL/21070,0.313941968825,0.00521041745734
21071,Gorae,2,Victoria,AUS,Australia,71.3522,http://linked.data.gov.au/dataset/asgsed3/SAL/21071,0.442831576406,0.00734222429658
21072,Gorae West,2,Victoria,AUS,Australia,70.416,http://linked.data.gov.au/dataset/asgsed3/SAL/21072,0.461038816725,0.00724711771602
21073,Gordon (Vic.),2,Victoria,AUS,Australia,46.1058,http://linked.data.gov.au/dataset/asgsed3/SAL/21073,0.394640116282,0.0047020646951
21074,Gormandale,2,Victoria,AUS,Australia,92.7613,http://linked.data.gov.au/dataset/asgsed3/SAL/21074,0.68392343448,0.0095537569511
21075,Goroke,2,Victoria,AUS,Australia,323.2481,http://linked.data.gov.au/dataset/asgsed3/SAL/21075,0.929901222074,0.0325852733149
21076,Goschen,2,Victoria,AUS,Australia,161.4646,http://linked.data.gov.au/dataset/asgsed3/SAL/21076,0.609550142719,0.0160381596293
21077,Goughs Bay,2,Victoria,AUS,Australia,37.4599,http://linked.data.gov.au/dataset/asgsed3/SAL/21077,0.40370525324,0.00379944213874
21078,Goulburn Weir,2,Victoria,AUS,Australia,19.516,http://linked.data.gov.au/dataset/asgsed3/SAL/21078,0.204793658336,0.00196841878411
21079,Gowanbrae,2,Victoria,AUS,Australia,1.0475,http://linked.data.gov.au/dataset/asgsed3/SAL/21079,0.0433435005138,0.000107038491704
21080,Gowanford,2,Victoria,AUS,Australia,48.6442,http://linked.data.gov.au/dataset/asgsed3/SAL/21080,0.279645358123,0.00482717736275
21081,Gowangardie,2,Victoria,AUS,Australia,35.2648,http://linked.data.gov.au/dataset/asgsed3/SAL/21081,0.272804930592,0.00354586844149
21082,Gowar East,2,Victoria,AUS,Australia,74.17579999999998,http://linked.data.gov.au/dataset/asgsed3/SAL/21082,0.576951803386,0.00746497819601
21083,Gower,2,Victoria,AUS,Australia,27.9855,http://linked.data.gov.au/dataset/asgsed3/SAL/21083,0.332205897986,0.00283413394551
21084,Grahamvale,2,Victoria,AUS,Australia,14.9703,http://linked.data.gov.au/dataset/asgsed3/SAL/21084,0.190893659138,0.00150290191978
21085,Grampians,2,Victoria,AUS,Australia,313.5582,http://linked.data.gov.au/dataset/asgsed3/SAL/21085,1.03889308299,0.0318864138051
21086,Grand Ridge,2,Victoria,AUS,Australia,138.7489,http://linked.data.gov.au/dataset/asgsed3/SAL/21086,1.04400441961,0.0143248174965
21087,Grangefields,2,Victoria,AUS,Australia,6.4564,http://linked.data.gov.au/dataset/asgsed3/SAL/21087,0.148372145207,0.000659610870368
21088,Granite Rock,2,Victoria,AUS,Australia,16.6853,http://linked.data.gov.au/dataset/asgsed3/SAL/21088,0.269265703861,0.00170593024034
21089,Grantville,2,Victoria,AUS,Australia,14.99,http://linked.data.gov.au/dataset/asgsed3/SAL/21089,0.297852621888,0.00154627820755
21090,Granya,2,Victoria,AUS,Australia,97.5551,http://linked.data.gov.au/dataset/asgsed3/SAL/21090,0.548205528291,0.00976286036973
21091,Grassdale (Vic.),2,Victoria,AUS,Australia,144.8359,http://linked.data.gov.au/dataset/asgsed3/SAL/21091,0.691283830731,0.014821696226
21092,Grassmere,2,Victoria,AUS,Australia,98.5788,http://linked.data.gov.au/dataset/asgsed3/SAL/21092,0.583252205437,0.0101456464417
21093,Grays Bridge,2,Victoria,AUS,Australia,23.9398,http://linked.data.gov.au/dataset/asgsed3/SAL/21093,0.229504610942,0.00241153806586
21094,Graytown,2,Victoria,AUS,Australia,34.6809,http://linked.data.gov.au/dataset/asgsed3/SAL/21094,0.356107837374,0.0035029977299
21095,Gre Gre,2,Victoria,AUS,Australia,66.7833,http://linked.data.gov.au/dataset/asgsed3/SAL/21095,0.498632752476,0.00673233361762
21096,Gre Gre North,2,Victoria,AUS,Australia,69.6351,http://linked.data.gov.au/dataset/asgsed3/SAL/21096,0.418004512069,0.00701359622042
21097,Gre Gre South,2,Victoria,AUS,Australia,51.2509,http://linked.data.gov.au/dataset/asgsed3/SAL/21097,0.434732433923,0.00516684108076
21098,Great Western,2,Victoria,AUS,Australia,154.9187,http://linked.data.gov.au/dataset/asgsed3/SAL/21098,0.762731256291,0.0157166532975
21099,Gredgwin,2,Victoria,AUS,Australia,48.3181,http://linked.data.gov.au/dataset/asgsed3/SAL/21099,0.309823142404,0.00482725099001
21100,Green Gully (Vic.),2,Victoria,AUS,Australia,7.0717,http://linked.data.gov.au/dataset/asgsed3/SAL/21100,0.143361081102,0.000716976677263
21101,Greendale (Vic.),2,Victoria,AUS,Australia,52.345,http://linked.data.gov.au/dataset/asgsed3/SAL/21101,0.561663895814,0.00533649854261
21102,Greenhill (Vic.),2,Victoria,AUS,Australia,10.6274,http://linked.data.gov.au/dataset/asgsed3/SAL/21102,0.237245465518,0.00107824164033
21103,Greens Creek (Vic.),2,Victoria,AUS,Australia,197.7043,http://linked.data.gov.au/dataset/asgsed3/SAL/21103,0.675434151843,0.019996577315
21104,Greensborough,2,Victoria,AUS,Australia,10.2538,http://linked.data.gov.au/dataset/asgsed3/SAL/21104,0.277155542727,0.00104750611236
21105,Greenvale (Vic.),2,Victoria,AUS,Australia,30.5625,http://linked.data.gov.au/dataset/asgsed3/SAL/21105,0.287021264873,0.0031197992363
21106,Greenwald,2,Victoria,AUS,Australia,157.9259,http://linked.data.gov.au/dataset/asgsed3/SAL/21106,0.716997979111,0.0161981467882
21107,Grenville,2,Victoria,AUS,Australia,59.1663,http://linked.data.gov.au/dataset/asgsed3/SAL/21107,0.537758383179,0.00604928250642
21108,Greta (Vic.),2,Victoria,AUS,Australia,41.0052,http://linked.data.gov.au/dataset/asgsed3/SAL/21108,0.369089152128,0.00412664352487
21109,Greta South,2,Victoria,AUS,Australia,62.4992,http://linked.data.gov.au/dataset/asgsed3/SAL/21109,0.55274638396,0.00629861831514
21110,Greta West,2,Victoria,AUS,Australia,45.8077,http://linked.data.gov.au/dataset/asgsed3/SAL/21110,0.368857303825,0.00460981434212
21111,Grey River,2,Victoria,AUS,Australia,5.4155,http://linked.data.gov.au/dataset/asgsed3/SAL/21111,0.122243497515,0.000560681361522
21112,Gringegalgona,2,Victoria,AUS,Australia,96.0467,http://linked.data.gov.au/dataset/asgsed3/SAL/21112,0.704025408468,0.00977503762246
21113,Gritjurk,2,Victoria,AUS,Australia,60.4252,http://linked.data.gov.au/dataset/asgsed3/SAL/21113,0.475314139489,0.00616241974271
21114,Grovedale,2,Victoria,AUS,Australia,7.1054,http://linked.data.gov.au/dataset/asgsed3/SAL/21114,0.123065728476,0.000730877575979
21115,Gruyere,2,Victoria,AUS,Australia,54.7625,http://linked.data.gov.au/dataset/asgsed3/SAL/21115,0.416126165475,0.00559701577471
21116,Guildford (Vic.),2,Victoria,AUS,Australia,52.4296,http://linked.data.gov.au/dataset/asgsed3/SAL/21116,0.44307953916,0.00532050961096
21117,Gunbower,2,Victoria,AUS,Australia,131.5341,http://linked.data.gov.au/dataset/asgsed3/SAL/21117,0.691649204782,0.0131391858829
21118,Gundowring,2,Victoria,AUS,Australia,91.3756,http://linked.data.gov.au/dataset/asgsed3/SAL/21118,0.849733872426,0.00917681630556
21119,Gunyah,2,Victoria,AUS,Australia,20.7359,http://linked.data.gov.au/dataset/asgsed3/SAL/21119,0.291752539728,0.00214257251692
21120,Guys Forest,2,Victoria,AUS,Australia,180.8046,http://linked.data.gov.au/dataset/asgsed3/SAL/21120,0.706227263852,0.0180927101093
21121,Guys Hill,2,Victoria,AUS,Australia,3.8838,http://linked.data.gov.au/dataset/asgsed3/SAL/21121,0.131579936655,0.000398464493276
21122,Gymbowen,2,Victoria,AUS,Australia,140.191,http://linked.data.gov.au/dataset/asgsed3/SAL/21122,0.563711047192,0.0141463419571
21123,Haddon,2,Victoria,AUS,Australia,34.2822,http://linked.data.gov.au/dataset/asgsed3/SAL/21123,0.27615623482,0.00349728639275
21124,Hadfield,2,Victoria,AUS,Australia,3.0432,http://linked.data.gov.au/dataset/asgsed3/SAL/21124,0.0797604637765,0.000310966200231
21125,Hallam,2,Victoria,AUS,Australia,8.1245,http://linked.data.gov.au/dataset/asgsed3/SAL/21125,0.159233306834,0.000833426075569
21126,Hallora,2,Victoria,AUS,Australia,21.6034,http://linked.data.gov.au/dataset/asgsed3/SAL/21126,0.247760824716,0.00222365282197
21127,Halls Gap,2,Victoria,AUS,Australia,78.4791,http://linked.data.gov.au/dataset/asgsed3/SAL/21127,0.534845894487,0.00795750632452
21128,Hallston,2,Victoria,AUS,Australia,49.4352,http://linked.data.gov.au/dataset/asgsed3/SAL/21128,0.419532040044,0.00509570444989
21129,Hamilton (Vic.),2,Victoria,AUS,Australia,198.3369,http://linked.data.gov.au/dataset/asgsed3/SAL/21129,0.836961426697,0.0202752204051
21130,Hamlyn Heights,2,Victoria,AUS,Australia,2.7783,http://linked.data.gov.au/dataset/asgsed3/SAL/21130,0.0808346681017,0.000285432293977
21131,Hampton (Vic.),2,Victoria,AUS,Australia,4.2443,http://linked.data.gov.au/dataset/asgsed3/SAL/21131,0.11911123381,0.000435026407095
21132,Hampton East,2,Victoria,AUS,Australia,1.4548,http://linked.data.gov.au/dataset/asgsed3/SAL/21132,0.0545321217455,0.000149090104371
21133,Hampton Park,2,Victoria,AUS,Australia,13.3423,http://linked.data.gov.au/dataset/asgsed3/SAL/21133,0.168412279764,0.0013692971492
21134,Hansonville,2,Victoria,AUS,Australia,66.0642,http://linked.data.gov.au/dataset/asgsed3/SAL/21134,0.434873131929,0.0066544919186
21135,Happy Valley (Golden Plains - Vic.),2,Victoria,AUS,Australia,20.2353,http://linked.data.gov.au/dataset/asgsed3/SAL/21135,0.261828863398,0.00206808969012
21136,Happy Valley (Swan Hill - Vic.),2,Victoria,AUS,Australia,46.4827,http://linked.data.gov.au/dataset/asgsed3/SAL/21136,0.424729980543,0.00457341694234
21137,Harcourt,2,Victoria,AUS,Australia,28.5293,http://linked.data.gov.au/dataset/asgsed3/SAL/21137,0.328957228783,0.0028878294457
21138,Harcourt North,2,Victoria,AUS,Australia,63.5941,http://linked.data.gov.au/dataset/asgsed3/SAL/21138,0.513186252314,0.0064337011436
21139,Harkaway,2,Victoria,AUS,Australia,12.5721,http://linked.data.gov.au/dataset/asgsed3/SAL/21139,0.219483569381,0.00128948109368
21140,Harkness,2,Victoria,AUS,Australia,16.7076,http://linked.data.gov.au/dataset/asgsed3/SAL/21140,0.209777108216,0.00170589725484
21141,Harmers Haven,2,Victoria,AUS,Australia,1.0294,http://linked.data.gov.au/dataset/asgsed3/SAL/21141,0.0748889290855,0.000106527888197
21142,Harrietville,2,Victoria,AUS,Australia,116.9603,http://linked.data.gov.au/dataset/asgsed3/SAL/21142,0.552747365962,0.0118249304837
21143,Harrow,2,Victoria,AUS,Australia,383.5895,http://linked.data.gov.au/dataset/asgsed3/SAL/21143,1.22584301209,0.0389043113952
21144,Harston,2,Victoria,AUS,Australia,42.7567,http://linked.data.gov.au/dataset/asgsed3/SAL/21144,0.324844344774,0.00429888600138
21145,Hastings (Vic.),2,Victoria,AUS,Australia,25.9062,http://linked.data.gov.au/dataset/asgsed3/SAL/21145,0.32513509705,0.00266798352973
21146,Hattah,2,Victoria,AUS,Australia,865.9471999999998,http://linked.data.gov.au/dataset/asgsed3/SAL/21146,2.10615759668,0.0852192813402
21147,Havelock,2,Victoria,AUS,Australia,27.8123,http://linked.data.gov.au/dataset/asgsed3/SAL/21147,0.302348401887,0.00281430722071
21148,Haven,2,Victoria,AUS,Australia,27.6088,http://linked.data.gov.au/dataset/asgsed3/SAL/21148,0.236955394327,0.00278630464896
21149,Havilah (Vic.),2,Victoria,AUS,Australia,7.4543,http://linked.data.gov.au/dataset/asgsed3/SAL/21149,0.163709873186,0.000750948287842
21150,Hawkesdale,2,Victoria,AUS,Australia,221.5041,http://linked.data.gov.au/dataset/asgsed3/SAL/21150,0.922302538514,0.0227470779066
21151,Hawkhurst,2,Victoria,AUS,Australia,37.5984,http://linked.data.gov.au/dataset/asgsed3/SAL/21151,0.373377800797,0.00382867686453
21152,Hawthorn (Vic.),2,Victoria,AUS,Australia,5.8773,http://linked.data.gov.au/dataset/asgsed3/SAL/21152,0.133030272287,0.000601421771146
21153,Hawthorn East,2,Victoria,AUS,Australia,3.4843,http://linked.data.gov.au/dataset/asgsed3/SAL/21153,0.11611172451,0.000356662426044
21154,Hazel Park,2,Victoria,AUS,Australia,12.5748,http://linked.data.gov.au/dataset/asgsed3/SAL/21154,0.251778857343,0.00130099440304
21155,Hazelwood,2,Victoria,AUS,Australia,46.0481,http://linked.data.gov.au/dataset/asgsed3/SAL/21155,0.420686223259,0.00474178319946
21156,Hazelwood North,2,Victoria,AUS,Australia,66.6084,http://linked.data.gov.au/dataset/asgsed3/SAL/21156,0.412059119034,0.00685721043119
21157,Hazelwood South,2,Victoria,AUS,Australia,13.1103,http://linked.data.gov.au/dataset/asgsed3/SAL/21157,0.206340249442,0.00135054274767
21158,Healesville,2,Victoria,AUS,Australia,141.7267,http://linked.data.gov.au/dataset/asgsed3/SAL/21158,1.02601813992,0.0144718334023
21159,Heath Hill,2,Victoria,AUS,Australia,27.677,http://linked.data.gov.au/dataset/asgsed3/SAL/21159,0.323136653682,0.00284826886649
21160,Heathcote (Vic.),2,Victoria,AUS,Australia,130.868,http://linked.data.gov.au/dataset/asgsed3/SAL/21160,0.626950453578,0.0132336339028
21161,Heathcote Junction,2,Victoria,AUS,Australia,10.8336,http://linked.data.gov.au/dataset/asgsed3/SAL/21161,0.151069515175,0.00110217932593
21162,Heathcote South,2,Victoria,AUS,Australia,23.1238,http://linked.data.gov.au/dataset/asgsed3/SAL/21162,0.293865837128,0.00234120436043
21163,Heatherton,2,Victoria,AUS,Australia,7.1165,http://linked.data.gov.au/dataset/asgsed3/SAL/21163,0.124299313525,0.00072958124547
21164,Heathmere,2,Victoria,AUS,Australia,64.9688,http://linked.data.gov.au/dataset/asgsed3/SAL/21164,0.488760768669,0.00668333966408
21165,Heathmont,2,Victoria,AUS,Australia,4.461700000000001,http://linked.data.gov.au/dataset/asgsed3/SAL/21165,0.118935782609,0.000456606280176
21166,Hedley,2,Victoria,AUS,Australia,87.95879999999998,http://linked.data.gov.au/dataset/asgsed3/SAL/21166,0.983110425112,0.00910283145814
21167,Heidelberg,2,Victoria,AUS,Australia,2.934,http://linked.data.gov.au/dataset/asgsed3/SAL/21167,0.113093527034,0.000299942827667
21168,Heidelberg Heights,2,Victoria,AUS,Australia,2.0869,http://linked.data.gov.au/dataset/asgsed3/SAL/21168,0.0707496000261,0.000213367186122
21169,Heidelberg West,2,Victoria,AUS,Australia,3.2131,http://linked.data.gov.au/dataset/asgsed3/SAL/21169,0.10396889327,0.000328381346203
21170,Hensley Park,2,Victoria,AUS,Australia,140.1337,http://linked.data.gov.au/dataset/asgsed3/SAL/21170,0.628272507609,0.0143023282056
21171,Henty (Vic.),2,Victoria,AUS,Australia,60.599,http://linked.data.gov.au/dataset/asgsed3/SAL/21171,0.559204502445,0.00618766667185
21172,Hepburn,2,Victoria,AUS,Australia,4.0148,http://linked.data.gov.au/dataset/asgsed3/SAL/21172,0.160653987597,0.000408100817679
21173,Hepburn Springs,2,Victoria,AUS,Australia,1.3543,http://linked.data.gov.au/dataset/asgsed3/SAL/21173,0.11016946871,0.000137680769066
21174,Herne Hill (Vic.),2,Victoria,AUS,Australia,1.5011,http://linked.data.gov.au/dataset/asgsed3/SAL/21174,0.0514706669429,0.000154284934657
21175,Hernes Oak,2,Victoria,AUS,Australia,21.4221,http://linked.data.gov.au/dataset/asgsed3/SAL/21175,0.368432595368,0.00220390691366
21176,Hesket,2,Victoria,AUS,Australia,21.0524,http://linked.data.gov.au/dataset/asgsed3/SAL/21176,0.251576459258,0.00214094424402
21177,Hesse,2,Victoria,AUS,Australia,54.3101,http://linked.data.gov.au/dataset/asgsed3/SAL/21177,0.313488241969,0.00557688263313
21178,Hexham (Vic.),2,Victoria,AUS,Australia,223.5373,http://linked.data.gov.au/dataset/asgsed3/SAL/21178,1.01544286287,0.0229238803616
21179,Heyfield,2,Victoria,AUS,Australia,75.6842,http://linked.data.gov.au/dataset/asgsed3/SAL/21179,0.636473027617,0.00776089947629
21180,Heytesbury Lower,2,Victoria,AUS,Australia,19.2362,http://linked.data.gov.au/dataset/asgsed3/SAL/21180,0.318237407899,0.00198835303261
21181,Heywood,2,Victoria,AUS,Australia,252.9919,http://linked.data.gov.au/dataset/asgsed3/SAL/21181,1.05796230453,0.0259971244958
21182,Hiamdale,2,Victoria,AUS,Australia,26.81,http://linked.data.gov.au/dataset/asgsed3/SAL/21182,0.256896497467,0.00275983271056
21183,Hiawatha,2,Victoria,AUS,Australia,27.1972,http://linked.data.gov.au/dataset/asgsed3/SAL/21183,0.321950589326,0.00281012007101
21184,High Camp,2,Victoria,AUS,Australia,56.0428,http://linked.data.gov.au/dataset/asgsed3/SAL/21184,0.427911675316,0.00568758477466
21185,Highett,2,Victoria,AUS,Australia,3.694,http://linked.data.gov.au/dataset/asgsed3/SAL/21185,0.10483411354,0.000378599321692
21186,Highlands,2,Victoria,AUS,Australia,110.0468,http://linked.data.gov.au/dataset/asgsed3/SAL/21186,0.656456507512,0.0111527471204
21187,Highton,2,Victoria,AUS,Australia,11.5123,http://linked.data.gov.au/dataset/asgsed3/SAL/21187,0.203199814214,0.00118359999791
21188,Hilgay,2,Victoria,AUS,Australia,23.3659,http://linked.data.gov.au/dataset/asgsed3/SAL/21188,0.343239356357,0.00238477441971
21189,Hill End (Vic.),2,Victoria,AUS,Australia,33.2312,http://linked.data.gov.au/dataset/asgsed3/SAL/21189,0.298377090705,0.00340921313292
21190,Hillcrest (Vic.),2,Victoria,AUS,Australia,10.6043,http://linked.data.gov.au/dataset/asgsed3/SAL/21190,0.166559995123,0.00108217753355
21191,Hilldene,2,Victoria,AUS,Australia,83.36629999999998,http://linked.data.gov.au/dataset/asgsed3/SAL/21191,0.630794836115,0.00844337957155
21192,Hillside (East Gippsland - Vic.),2,Victoria,AUS,Australia,61.7445,http://linked.data.gov.au/dataset/asgsed3/SAL/21192,0.472552188808,0.00631987339516
21193,Hillside (Melton - Vic.),2,Victoria,AUS,Australia,8.2049,http://linked.data.gov.au/dataset/asgsed3/SAL/21193,0.122728283083,0.000838150325754
21194,Hinnomunjie,2,Victoria,AUS,Australia,13.9023,http://linked.data.gov.au/dataset/asgsed3/SAL/21194,0.167208990314,0.00140759810037
21195,Hmas Cerberus,2,Victoria,AUS,Australia,15.4031,http://linked.data.gov.au/dataset/asgsed3/SAL/21195,0.313516851778,0.0015880998942
21196,Hoddles Creek,2,Victoria,AUS,Australia,44.0328,http://linked.data.gov.au/dataset/asgsed3/SAL/21196,0.384695103702,0.00450760138653
21197,Hollands Landing,2,Victoria,AUS,Australia,8.927300000000002,http://linked.data.gov.au/dataset/asgsed3/SAL/21197,0.205828194049,0.000916336195291
21198,Homebush (Vic.),2,Victoria,AUS,Australia,37.6606,http://linked.data.gov.au/dataset/asgsed3/SAL/21198,0.281672264419,0.00381431929689
21199,Homerton,2,Victoria,AUS,Australia,49.5831,http://linked.data.gov.au/dataset/asgsed3/SAL/21199,0.385781858643,0.00509513713503
21200,Homewood,2,Victoria,AUS,Australia,48.9739,http://linked.data.gov.au/dataset/asgsed3/SAL/21200,0.390815954639,0.00497069628659
21201,Hopetoun (Vic.),2,Victoria,AUS,Australia,914.866,http://linked.data.gov.au/dataset/asgsed3/SAL/21201,1.51430204799,0.0911166153798
21202,Hopetoun Park,2,Victoria,AUS,Australia,7.4241,http://linked.data.gov.au/dataset/asgsed3/SAL/21202,0.118611569702,0.000758419503997
21203,Hoppers Crossing,2,Victoria,AUS,Australia,17.925,http://linked.data.gov.au/dataset/asgsed3/SAL/21203,0.22075057607,0.0018352626484
21204,Hordern Vale,2,Victoria,AUS,Australia,31.1893,http://linked.data.gov.au/dataset/asgsed3/SAL/21204,0.399668213961,0.00323391912224
21205,Horfield,2,Victoria,AUS,Australia,29.0758,http://linked.data.gov.au/dataset/asgsed3/SAL/21205,0.265943795169,0.00290231589226
21206,Horsham,2,Victoria,AUS,Australia,23.8292,http://linked.data.gov.au/dataset/asgsed3/SAL/21206,0.197437767326,0.00240359808531
21207,Hotham Heights,2,Victoria,AUS,Australia,376.8166,http://linked.data.gov.au/dataset/asgsed3/SAL/21207,1.20661932077,0.0381531175944
21208,Hotspur,2,Victoria,AUS,Australia,213.382,http://linked.data.gov.au/dataset/asgsed3/SAL/21208,0.839116136956,0.0218706853047
21209,Howes Creek,2,Victoria,AUS,Australia,33.2541,http://linked.data.gov.au/dataset/asgsed3/SAL/21209,0.486504710288,0.00337258544309
21210,Howitt Plains,2,Victoria,AUS,Australia,185.358,http://linked.data.gov.au/dataset/asgsed3/SAL/21210,0.721259795111,0.0188143164525
21211,Howqua,2,Victoria,AUS,Australia,38.9706,http://linked.data.gov.au/dataset/asgsed3/SAL/21211,0.3836825022,0.00395748118845
21212,Howqua Hills,2,Victoria,AUS,Australia,115.6329,http://linked.data.gov.au/dataset/asgsed3/SAL/21212,0.690189764857,0.0117338962864
21213,Howqua Inlet,2,Victoria,AUS,Australia,5.8945,http://linked.data.gov.au/dataset/asgsed3/SAL/21213,0.18899795304,0.000598501722155
21214,Hughesdale,2,Victoria,AUS,Australia,2.0095,http://linked.data.gov.au/dataset/asgsed3/SAL/21214,0.0614651076092,0.000205863579486
21215,Humevale,2,Victoria,AUS,Australia,35.9892,http://linked.data.gov.au/dataset/asgsed3/SAL/21215,0.360612939385,0.00366719026381
21216,Hunter,2,Victoria,AUS,Australia,58.9298,http://linked.data.gov.au/dataset/asgsed3/SAL/21216,0.408236561424,0.0059223122504
21217,Hunterston,2,Victoria,AUS,Australia,33.5469,http://linked.data.gov.au/dataset/asgsed3/SAL/21217,0.585415827179,0.00346975886215
21218,Huntingdale (Vic.),2,Victoria,AUS,Australia,0.7978,http://linked.data.gov.au/dataset/asgsed3/SAL/21218,0.0368434206704,8.1746480567e-05
21219,Huntly,2,Victoria,AUS,Australia,43.7813,http://linked.data.gov.au/dataset/asgsed3/SAL/21219,0.350555991332,0.00441261120097
21220,Huntly North,2,Victoria,AUS,Australia,47.1928,http://linked.data.gov.au/dataset/asgsed3/SAL/21220,0.310038339744,0.0047523621712
21221,Huon,2,Victoria,AUS,Australia,45.3917,http://linked.data.gov.au/dataset/asgsed3/SAL/21221,0.376078252829,0.00455018247024
21222,Huon Creek,2,Victoria,AUS,Australia,26.8501,http://linked.data.gov.au/dataset/asgsed3/SAL/21222,0.265105119289,0.00268904504591
21223,Hurstbridge,2,Victoria,AUS,Australia,14.8421,http://linked.data.gov.au/dataset/asgsed3/SAL/21223,0.299488300461,0.00151505482589
21224,Icy Creek,2,Victoria,AUS,Australia,10.9152,http://linked.data.gov.au/dataset/asgsed3/SAL/21224,0.201468255198,0.00111787648969
21225,Iguana Creek,2,Victoria,AUS,Australia,65.1495,http://linked.data.gov.au/dataset/asgsed3/SAL/21225,0.605445035217,0.00665554368282
21226,Illabarook,2,Victoria,AUS,Australia,21.9963,http://linked.data.gov.au/dataset/asgsed3/SAL/21226,0.31449185891,0.00225083502557
21227,Illawarra,2,Victoria,AUS,Australia,27.3295,http://linked.data.gov.au/dataset/asgsed3/SAL/21227,0.264563255571,0.00276903634817
21228,Illowa,2,Victoria,AUS,Australia,20.7262,http://linked.data.gov.au/dataset/asgsed3/SAL/21228,0.235183242976,0.00213561949885
21229,Indented Head,2,Victoria,AUS,Australia,3.1673,http://linked.data.gov.au/dataset/asgsed3/SAL/21229,0.103874812962,0.000325472184965
21230,Indigo Valley,2,Victoria,AUS,Australia,137.8792,http://linked.data.gov.au/dataset/asgsed3/SAL/21230,0.71569185058,0.0138136818918
21231,Inglewood (Vic.),2,Victoria,AUS,Australia,106.6949,http://linked.data.gov.au/dataset/asgsed3/SAL/21231,0.479762366986,0.0107451455219
21232,Ingliston,2,Victoria,AUS,Australia,42.2112,http://linked.data.gov.au/dataset/asgsed3/SAL/21232,0.412106142593,0.00431016167997
21233,Invergordon (Vic.),2,Victoria,AUS,Australia,107.6116,http://linked.data.gov.au/dataset/asgsed3/SAL/21233,0.519524616398,0.0107760276483
21234,Inverleigh,2,Victoria,AUS,Australia,210.4792,http://linked.data.gov.au/dataset/asgsed3/SAL/21234,0.671877884466,0.0216212104389
21235,Inverloch,2,Victoria,AUS,Australia,109.1409,http://linked.data.gov.au/dataset/asgsed3/SAL/21235,0.695423054034,0.0112889239049
21236,Invermay (Vic.),2,Victoria,AUS,Australia,22.4954,http://linked.data.gov.au/dataset/asgsed3/SAL/21236,0.22952889535,0.00229224778771
21237,Invermay Park,2,Victoria,AUS,Australia,2.5142,http://linked.data.gov.au/dataset/asgsed3/SAL/21237,0.0632354064606,0.00025627046388
21238,Iona,2,Victoria,AUS,Australia,24.557,http://linked.data.gov.au/dataset/asgsed3/SAL/21238,0.257781362594,0.00252405611626
21239,Iraak,2,Victoria,AUS,Australia,77.18309999999998,http://linked.data.gov.au/dataset/asgsed3/SAL/21239,0.512879867145,0.00756945018779
21240,Irishtown (Vic.),2,Victoria,AUS,Australia,2.438,http://linked.data.gov.au/dataset/asgsed3/SAL/21240,0.0766597322506,0.000247283655743
21241,Ironbark (Vic.),2,Victoria,AUS,Australia,0.9208,http://linked.data.gov.au/dataset/asgsed3/SAL/21241,0.0416558613025,9.2933853166e-05
21242,Irrewarra,2,Victoria,AUS,Australia,83.74429999999998,http://linked.data.gov.au/dataset/asgsed3/SAL/21242,0.586112850146,0.00862147109737
21243,Irrewillipe,2,Victoria,AUS,Australia,124.9783,http://linked.data.gov.au/dataset/asgsed3/SAL/21243,0.763241436402,0.0128984478175
21244,Irrewillipe East,2,Victoria,AUS,Australia,43.0397,http://linked.data.gov.au/dataset/asgsed3/SAL/21244,0.331244858129,0.00444049753046
21245,Irymple (Vic.),2,Victoria,AUS,Australia,64.5178,http://linked.data.gov.au/dataset/asgsed3/SAL/21245,0.451561794532,0.00631445114046
21246,Ivanhoe (Vic.),2,Victoria,AUS,Australia,5.5397,http://linked.data.gov.au/dataset/asgsed3/SAL/21246,0.172510385588,0.000566529246459
21247,Ivanhoe East,2,Victoria,AUS,Australia,2.0994,http://linked.data.gov.au/dataset/asgsed3/SAL/21247,0.0923769192718,0.000214725229446
21248,Jacana,2,Victoria,AUS,Australia,1.0995,http://linked.data.gov.au/dataset/asgsed3/SAL/21248,0.0449207377529,0.000112326955397
21249,Jack River,2,Victoria,AUS,Australia,49.6043,http://linked.data.gov.au/dataset/asgsed3/SAL/21249,0.468801574227,0.0051274074852
21250,Jackass Flat,2,Victoria,AUS,Australia,2.2057,http://linked.data.gov.au/dataset/asgsed3/SAL/21250,0.111041873644,0.000222490411682
21251,Jacob Creek,2,Victoria,AUS,Australia,18.9532,http://linked.data.gov.au/dataset/asgsed3/SAL/21251,0.396421547695,0.00194398076906
21252,Jam Jerrup,2,Victoria,AUS,Australia,10.2423,http://linked.data.gov.au/dataset/asgsed3/SAL/21252,0.19270793025,0.00105528691882
21253,Jamieson (Vic.),2,Victoria,AUS,Australia,152.708,http://linked.data.gov.au/dataset/asgsed3/SAL/21253,0.996691104726,0.0155150287568
21254,Jan Juc,2,Victoria,AUS,Australia,6.0874,http://linked.data.gov.au/dataset/asgsed3/SAL/21254,0.128233580547,0.000627322707735
21255,Jancourt,2,Victoria,AUS,Australia,9.0195,http://linked.data.gov.au/dataset/asgsed3/SAL/21255,0.150371924419,0.000929756777553
21256,Jancourt East,2,Victoria,AUS,Australia,103.1017,http://linked.data.gov.au/dataset/asgsed3/SAL/21256,0.678339115257,0.0106354752578
21257,Jarklin,2,Victoria,AUS,Australia,131.9954,http://linked.data.gov.au/dataset/asgsed3/SAL/21257,0.675207366101,0.0132352739458
21258,Jarrahmond,2,Victoria,AUS,Australia,64.1797,http://linked.data.gov.au/dataset/asgsed3/SAL/21258,0.429084197291,0.00655374306148
21259,Jarvis Creek,2,Victoria,AUS,Australia,58.8698,http://linked.data.gov.au/dataset/asgsed3/SAL/21259,0.471937190243,0.00589772663417
21260,Jeeralang,2,Victoria,AUS,Australia,66.4284,http://linked.data.gov.au/dataset/asgsed3/SAL/21260,0.597457998639,0.00684798448015
21261,Jeeralang Junction,2,Victoria,AUS,Australia,11.6901,http://linked.data.gov.au/dataset/asgsed3/SAL/21261,0.212736382004,0.00120473544945
21262,Jeetho,2,Victoria,AUS,Australia,20.4368,http://linked.data.gov.au/dataset/asgsed3/SAL/21262,0.307087290512,0.00210779649483
21263,Jeffcott,2,Victoria,AUS,Australia,93.0985,http://linked.data.gov.au/dataset/asgsed3/SAL/21263,0.438141398931,0.00934297433598
21264,Jeffcott North,2,Victoria,AUS,Australia,80.41289999999998,http://linked.data.gov.au/dataset/asgsed3/SAL/21264,0.460545008099,0.00806422070924
21265,Jeparit,2,Victoria,AUS,Australia,716.2215,http://linked.data.gov.au/dataset/asgsed3/SAL/21265,1.77543443665,0.071678560544
21266,Jericho (Vic.),2,Victoria,AUS,Australia,237.0926,http://linked.data.gov.au/dataset/asgsed3/SAL/21266,0.827842364362,0.0242114835208
21267,Jeruk,2,Victoria,AUS,Australia,42.8367,http://linked.data.gov.au/dataset/asgsed3/SAL/21267,0.447069854239,0.0042823767068
21268,Jil Jil,2,Victoria,AUS,Australia,163.0926,http://linked.data.gov.au/dataset/asgsed3/SAL/21268,0.546493822383,0.0162659702712
21269,Jindivick,2,Victoria,AUS,Australia,73.53969999999998,http://linked.data.gov.au/dataset/asgsed3/SAL/21269,0.54110993225,0.00754623159149
21270,Joel Joel,2,Victoria,AUS,Australia,55.4513,http://linked.data.gov.au/dataset/asgsed3/SAL/21270,0.364733316244,0.00561459777392
21271,Joel South,2,Victoria,AUS,Australia,59.072,http://linked.data.gov.au/dataset/asgsed3/SAL/21271,0.389952537325,0.00598483875668
21272,Johanna,2,Victoria,AUS,Australia,37.2344,http://linked.data.gov.au/dataset/asgsed3/SAL/21272,0.359714507009,0.00385757181613
21273,Johnsonville,2,Victoria,AUS,Australia,22.7998,http://linked.data.gov.au/dataset/asgsed3/SAL/21273,0.267145049895,0.00233305282495
21274,Joyces Creek,2,Victoria,AUS,Australia,36.3533,http://linked.data.gov.au/dataset/asgsed3/SAL/21274,0.346390765302,0.00368432635386
21275,Jumbuk,2,Victoria,AUS,Australia,23.0547,http://linked.data.gov.au/dataset/asgsed3/SAL/21275,0.269065712887,0.002377613561
21276,Jumbunna,2,Victoria,AUS,Australia,17.2499,http://linked.data.gov.au/dataset/asgsed3/SAL/21276,0.24539587223,0.00178070476728
21277,Junction Village,2,Victoria,AUS,Australia,1.1874,http://linked.data.gov.au/dataset/asgsed3/SAL/21277,0.0484392675745,0.000122024438255
21278,Jungaburra,2,Victoria,AUS,Australia,19.4339,http://linked.data.gov.au/dataset/asgsed3/SAL/21278,0.234772260637,0.00194383150793
21279,Junortoun,2,Victoria,AUS,Australia,21.409,http://linked.data.gov.au/dataset/asgsed3/SAL/21279,0.253984420971,0.00216101350208
21280,Kaarimba,2,Victoria,AUS,Australia,94.8438,http://linked.data.gov.au/dataset/asgsed3/SAL/21280,0.530936596979,0.00949740254521
21281,Kadnook,2,Victoria,AUS,Australia,116.2462,http://linked.data.gov.au/dataset/asgsed3/SAL/21281,0.622103669945,0.0117936044925
21282,Kalimna,2,Victoria,AUS,Australia,7.8199,http://linked.data.gov.au/dataset/asgsed3/SAL/21282,0.149036622173,0.000800743374649
21283,Kalimna West,2,Victoria,AUS,Australia,54.9797,http://linked.data.gov.au/dataset/asgsed3/SAL/21283,0.375058156296,0.00562549957912
21284,Kalkallo,2,Victoria,AUS,Australia,7.0219,http://linked.data.gov.au/dataset/asgsed3/SAL/21284,0.122265799006,0.000715738476513
21285,Kalkee,2,Victoria,AUS,Australia,124.4825,http://linked.data.gov.au/dataset/asgsed3/SAL/21285,0.444471772659,0.0125293551674
21286,Kallista,2,Victoria,AUS,Australia,12.0532,http://linked.data.gov.au/dataset/asgsed3/SAL/21286,0.250533266591,0.00123469199004
21287,Kalorama,2,Victoria,AUS,Australia,8.4659,http://linked.data.gov.au/dataset/asgsed3/SAL/21287,0.163197058958,0.000866257653796
21288,Kalpienung,2,Victoria,AUS,Australia,130.3468,http://linked.data.gov.au/dataset/asgsed3/SAL/21288,0.60635958062,0.0130024861268
21289,Kamarooka,2,Victoria,AUS,Australia,170.4634,http://linked.data.gov.au/dataset/asgsed3/SAL/21289,0.677319826766,0.0171457166189
21290,Kamarooka North,2,Victoria,AUS,Australia,30.4163,http://linked.data.gov.au/dataset/asgsed3/SAL/21290,0.237139230945,0.00305556612693
21291,Kanagulk,2,Victoria,AUS,Australia,131.8241,http://linked.data.gov.au/dataset/asgsed3/SAL/21291,0.605173503111,0.0133641104197
21292,Kancoona,2,Victoria,AUS,Australia,153.9663,http://linked.data.gov.au/dataset/asgsed3/SAL/21292,0.647380850515,0.0155067662735
21293,Kangaroo Flat (Vic.),2,Victoria,AUS,Australia,18.1423,http://linked.data.gov.au/dataset/asgsed3/SAL/21293,0.242073101634,0.00183198329605
21294,Kangaroo Ground,2,Victoria,AUS,Australia,31.4189,http://linked.data.gov.au/dataset/asgsed3/SAL/21294,0.330487272545,0.00320942934236
21295,Kaniva,2,Victoria,AUS,Australia,1027.2714,http://linked.data.gov.au/dataset/asgsed3/SAL/21295,1.81851631205,0.103179958335
21296,Kanumbra,2,Victoria,AUS,Australia,30.3871,http://linked.data.gov.au/dataset/asgsed3/SAL/21296,0.327804098347,0.00307830824124
21297,Kanya,2,Victoria,AUS,Australia,25.7801,http://linked.data.gov.au/dataset/asgsed3/SAL/21297,0.226124420393,0.00260216324684
21298,Kanyapella,2,Victoria,AUS,Australia,66.645,http://linked.data.gov.au/dataset/asgsed3/SAL/21298,0.44296788358,0.00667236766142
21299,Karabeal,2,Victoria,AUS,Australia,69.9569,http://linked.data.gov.au/dataset/asgsed3/SAL/21299,0.372198206021,0.00713774431143
21300,Kardella,2,Victoria,AUS,Australia,15.2087,http://linked.data.gov.au/dataset/asgsed3/SAL/21300,0.208293481639,0.00156887717299
21301,Kardella South,2,Victoria,AUS,Australia,10.0142,http://linked.data.gov.au/dataset/asgsed3/SAL/21301,0.152812283836,0.00103356741216
21302,Kariah,2,Victoria,AUS,Australia,160.8011,http://linked.data.gov.au/dataset/asgsed3/SAL/21302,0.952650853333,0.0165156593364
21303,Karnak,2,Victoria,AUS,Australia,151.5892,http://linked.data.gov.au/dataset/asgsed3/SAL/21303,0.63121638733,0.0153137423465
21304,Karramomus,2,Victoria,AUS,Australia,56.1144,http://linked.data.gov.au/dataset/asgsed3/SAL/21304,0.364791217755,0.00564650009025
21305,Karyrie,2,Victoria,AUS,Australia,69.0738,http://linked.data.gov.au/dataset/asgsed3/SAL/21305,0.423465914954,0.00689811064044
21306,Katamatite,2,Victoria,AUS,Australia,126.6486,http://linked.data.gov.au/dataset/asgsed3/SAL/21306,0.553726786079,0.0126711173268
21307,Katamatite East,2,Victoria,AUS,Australia,35.4426,http://linked.data.gov.au/dataset/asgsed3/SAL/21307,0.282084875719,0.00354436181208
21308,Katandra,2,Victoria,AUS,Australia,50.8072,http://linked.data.gov.au/dataset/asgsed3/SAL/21308,0.309378953807,0.00509441349412
21309,Katandra West,2,Victoria,AUS,Australia,40.0283,http://linked.data.gov.au/dataset/asgsed3/SAL/21309,0.355906772652,0.00401326220405
21310,Katunga,2,Victoria,AUS,Australia,163.882,http://linked.data.gov.au/dataset/asgsed3/SAL/21310,0.787683837376,0.0163808059689
21311,Kawarren,2,Victoria,AUS,Australia,64.7157,http://linked.data.gov.au/dataset/asgsed3/SAL/21311,0.472220279093,0.0066828944153
21312,Kealba,2,Victoria,AUS,Australia,2.3195,http://linked.data.gov.au/dataset/asgsed3/SAL/21312,0.0851593109438,0.000237104970068
21313,Keely,2,Victoria,AUS,Australia,13.5749,http://linked.data.gov.au/dataset/asgsed3/SAL/21313,0.145473431883,0.00135445594501
21314,Keilor,2,Victoria,AUS,Australia,10.7166,http://linked.data.gov.au/dataset/asgsed3/SAL/21314,0.234814477279,0.00109498557576
21315,Keilor Downs,2,Victoria,AUS,Australia,5.0156,http://linked.data.gov.au/dataset/asgsed3/SAL/21315,0.108140700405,0.000512548972736
21316,Keilor East,2,Victoria,AUS,Australia,9.1561,http://linked.data.gov.au/dataset/asgsed3/SAL/21316,0.17594079241,0.00093599289606
21317,Keilor Lodge,2,Victoria,AUS,Australia,0.8598,http://linked.data.gov.au/dataset/asgsed3/SAL/21317,0.0442161102413,8.7820620635e-05
21318,Keilor North,2,Victoria,AUS,Australia,7.4365,http://linked.data.gov.au/dataset/asgsed3/SAL/21318,0.221568962797,0.000759554849782
21319,Keilor Park,2,Victoria,AUS,Australia,3.3503,http://linked.data.gov.au/dataset/asgsed3/SAL/21319,0.0996727200362,0.000342392026872
21320,Kellalac,2,Victoria,AUS,Australia,169.0557,http://linked.data.gov.au/dataset/asgsed3/SAL/21320,0.557544759232,0.0169759299826
21321,Kelvin View,2,Victoria,AUS,Australia,33.5272,http://linked.data.gov.au/dataset/asgsed3/SAL/21321,0.31734585616,0.00338653105385
21322,Kenley,2,Victoria,AUS,Australia,86.5115,http://linked.data.gov.au/dataset/asgsed3/SAL/21322,0.525701233916,0.00852523471196
21323,Kenmare (Vic.),2,Victoria,AUS,Australia,86.03149999999998,http://linked.data.gov.au/dataset/asgsed3/SAL/21323,0.406504982202,0.00859231511798
21324,Kennedys Creek,2,Victoria,AUS,Australia,28.1943,http://linked.data.gov.au/dataset/asgsed3/SAL/21324,0.322009397239,0.00291563492807
21325,Kennett River,2,Victoria,AUS,Australia,31.4737,http://linked.data.gov.au/dataset/asgsed3/SAL/21325,0.400836673254,0.00325645791116
21326,Kennington,2,Victoria,AUS,Australia,4.015,http://linked.data.gov.au/dataset/asgsed3/SAL/21326,0.119356357344,0.000405241846664
21327,Kensington (Vic.),2,Victoria,AUS,Australia,2.1373,http://linked.data.gov.au/dataset/asgsed3/SAL/21327,0.0703075559386,0.000218618717567
21328,Kerang,2,Victoria,AUS,Australia,146.6076,http://linked.data.gov.au/dataset/asgsed3/SAL/21328,0.765930981492,0.0146042928162
21329,Kerang East,2,Victoria,AUS,Australia,39.2954,http://linked.data.gov.au/dataset/asgsed3/SAL/21329,0.447959479845,0.00391706470137
21330,Kergunyah,2,Victoria,AUS,Australia,93.6904,http://linked.data.gov.au/dataset/asgsed3/SAL/21330,0.669976146766,0.00940630179888
21331,Kergunyah South,2,Victoria,AUS,Australia,29.8123,http://linked.data.gov.au/dataset/asgsed3/SAL/21331,0.373969208419,0.00299598653283
21332,Kernot,2,Victoria,AUS,Australia,25.7595,http://linked.data.gov.au/dataset/asgsed3/SAL/21332,0.272571375266,0.00265795942781
21333,Kerrie,2,Victoria,AUS,Australia,19.3819,http://linked.data.gov.au/dataset/asgsed3/SAL/21333,0.255202644155,0.00197185559779
21334,Kerrisdale,2,Victoria,AUS,Australia,37.9242,http://linked.data.gov.au/dataset/asgsed3/SAL/21334,0.464856161587,0.00384773076266
21335,Kevington,2,Victoria,AUS,Australia,141.0048,http://linked.data.gov.au/dataset/asgsed3/SAL/21335,0.919198837335,0.0143412140965
21336,Kew (Vic.),2,Victoria,AUS,Australia,10.4848,http://linked.data.gov.au/dataset/asgsed3/SAL/21336,0.241883433004,0.00107255480951
21337,Kew East,2,Victoria,AUS,Australia,4.0647,http://linked.data.gov.au/dataset/asgsed3/SAL/21337,0.119049181331,0.000415795561851
21338,Kewell,2,Victoria,AUS,Australia,116.7574,http://linked.data.gov.au/dataset/asgsed3/SAL/21338,0.655176774978,0.0117382943174
21339,Keysborough,2,Victoria,AUS,Australia,21.7137,http://linked.data.gov.au/dataset/asgsed3/SAL/21339,0.206016339385,0.00222746247976
21340,Kialla,2,Victoria,AUS,Australia,62.6195,http://linked.data.gov.au/dataset/asgsed3/SAL/21340,0.522342117349,0.00629456089273
21341,Kialla East,2,Victoria,AUS,Australia,54.0009,http://linked.data.gov.au/dataset/asgsed3/SAL/21341,0.323467923093,0.00542927234139
21342,Kialla West,2,Victoria,AUS,Australia,16.0322,http://linked.data.gov.au/dataset/asgsed3/SAL/21342,0.198905966931,0.00161217503651
21343,Kiata,2,Victoria,AUS,Australia,121.09,http://linked.data.gov.au/dataset/asgsed3/SAL/21343,0.518045246426,0.0121580146385
21344,Kiewa,2,Victoria,AUS,Australia,38.3968,http://linked.data.gov.au/dataset/asgsed3/SAL/21344,0.440017237306,0.00385107392335
21345,Kilcunda,2,Victoria,AUS,Australia,19.6448,http://linked.data.gov.au/dataset/asgsed3/SAL/21345,0.269799787048,0.00203006067092
21346,Killara (Glenelg - Vic.),2,Victoria,AUS,Australia,187.7588,http://linked.data.gov.au/dataset/asgsed3/SAL/21346,0.793486233896,0.0191954673441
21347,Killara (Wodonga - Vic.),2,Victoria,AUS,Australia,1.653,http://linked.data.gov.au/dataset/asgsed3/SAL/21347,0.0749527660111,0.000165508460154
21348,Killarney (Vic.),2,Victoria,AUS,Australia,13.5392,http://linked.data.gov.au/dataset/asgsed3/SAL/21348,0.186655126794,0.00139523480857
21349,Killawarra (Vic.),2,Victoria,AUS,Australia,117.9197,http://linked.data.gov.au/dataset/asgsed3/SAL/21349,0.630622735129,0.0118233798739
21350,Killingworth (Vic.),2,Victoria,AUS,Australia,42.8842,http://linked.data.gov.au/dataset/asgsed3/SAL/21350,0.375798522017,0.00435145752958
21351,Kilmany,2,Victoria,AUS,Australia,45.7713,http://linked.data.gov.au/dataset/asgsed3/SAL/21351,0.498560736947,0.00470263970706
21352,Kilmore,2,Victoria,AUS,Australia,57.9474,http://linked.data.gov.au/dataset/asgsed3/SAL/21352,0.55460094001,0.00588911826959
21353,Kilmore East,2,Victoria,AUS,Australia,55.0233,http://linked.data.gov.au/dataset/asgsed3/SAL/21353,0.334618619119,0.00559030584333
21354,Kilsyth,2,Victoria,AUS,Australia,9.3301,http://linked.data.gov.au/dataset/asgsed3/SAL/21354,0.221629256522,0.000954618533912
21355,Kilsyth South,2,Victoria,AUS,Australia,3.3531,http://linked.data.gov.au/dataset/asgsed3/SAL/21355,0.0745247020841,0.000343161941602
21356,Kimbolton (Vic.),2,Victoria,AUS,Australia,67.2975,http://linked.data.gov.au/dataset/asgsed3/SAL/21356,0.714820599353,0.00680564484952
21357,King Valley,2,Victoria,AUS,Australia,22.8726,http://linked.data.gov.au/dataset/asgsed3/SAL/21357,0.304221348165,0.00230637398897
21358,Kinglake,2,Victoria,AUS,Australia,115.1449,http://linked.data.gov.au/dataset/asgsed3/SAL/21358,1.01390159676,0.011734295702
21359,Kinglake Central,2,Victoria,AUS,Australia,35.9773,http://linked.data.gov.au/dataset/asgsed3/SAL/21359,0.441994452553,0.00366450329032
21360,Kinglake West,2,Victoria,AUS,Australia,65.3005,http://linked.data.gov.au/dataset/asgsed3/SAL/21360,0.602492295997,0.0066519046338
21361,Kingower,2,Victoria,AUS,Australia,46.7478,http://linked.data.gov.au/dataset/asgsed3/SAL/21361,0.415956679717,0.00470955708084
21362,Kings Park (Vic.),2,Victoria,AUS,Australia,2.5284,http://linked.data.gov.au/dataset/asgsed3/SAL/21362,0.0644441889173,0.00025840858716
21363,Kingsbury,2,Victoria,AUS,Australia,1.2749,http://linked.data.gov.au/dataset/asgsed3/SAL/21363,0.053744000392,0.000130268619217
21364,Kingston (Vic.),2,Victoria,AUS,Australia,19.0655,http://linked.data.gov.au/dataset/asgsed3/SAL/21364,0.253073463435,0.00193956761545
21365,Kingsville,2,Victoria,AUS,Australia,0.7251,http://linked.data.gov.au/dataset/asgsed3/SAL/21365,0.0431248344371,7.4161739373e-05
21366,Kinnabulla,2,Victoria,AUS,Australia,130.2156,http://linked.data.gov.au/dataset/asgsed3/SAL/21366,0.570974019331,0.013000209499
21367,Kinypanial,2,Victoria,AUS,Australia,72.75839999999998,http://linked.data.gov.au/dataset/asgsed3/SAL/21367,0.489001762082,0.00730529877263
21368,Kirkstall,2,Victoria,AUS,Australia,73.7125,http://linked.data.gov.au/dataset/asgsed3/SAL/21368,0.514588929616,0.00758829977616
21369,Kirwans Bridge,2,Victoria,AUS,Australia,12.4203,http://linked.data.gov.au/dataset/asgsed3/SAL/21369,0.2304324308,0.00125298690901
21370,Kithbrook,2,Victoria,AUS,Australia,38.1759,http://linked.data.gov.au/dataset/asgsed3/SAL/21370,0.464749342096,0.00385503851606
21371,Knebsworth,2,Victoria,AUS,Australia,25.3339,http://linked.data.gov.au/dataset/asgsed3/SAL/21371,0.274249021001,0.00259819434089
21372,Knockwood,2,Victoria,AUS,Australia,156.6638,http://linked.data.gov.au/dataset/asgsed3/SAL/21372,0.778232436925,0.0159476069798
21373,Knowsley,2,Victoria,AUS,Australia,86.1456,http://linked.data.gov.au/dataset/asgsed3/SAL/21373,0.614361799635,0.00870157050395
21374,Knoxfield,2,Victoria,AUS,Australia,5.6689,http://linked.data.gov.au/dataset/asgsed3/SAL/21374,0.145614476511,0.000580623633078
21375,Koallah,2,Victoria,AUS,Australia,15.497,http://linked.data.gov.au/dataset/asgsed3/SAL/21375,0.219771413422,0.00159585073903
21376,Koetong,2,Victoria,AUS,Australia,168.3608,http://linked.data.gov.au/dataset/asgsed3/SAL/21376,0.796753759974,0.0168600381344
21377,Kolora,2,Victoria,AUS,Australia,115.6404,http://linked.data.gov.au/dataset/asgsed3/SAL/21377,0.704506391832,0.0118820334472
21378,Kongwak,2,Victoria,AUS,Australia,37.8077,http://linked.data.gov.au/dataset/asgsed3/SAL/21378,0.418501775779,0.00390501640953
21379,Konongwootong,2,Victoria,AUS,Australia,98.2319,http://linked.data.gov.au/dataset/asgsed3/SAL/21379,0.591553076163,0.0100067345437
21380,Koo Wee Rup,2,Victoria,AUS,Australia,58.9788,http://linked.data.gov.au/dataset/asgsed3/SAL/21380,0.546076342707,0.00606492560144
21381,Koo Wee Rup North,2,Victoria,AUS,Australia,5.3059,http://linked.data.gov.au/dataset/asgsed3/SAL/21381,0.115855055222,0.000545275409766
21382,Kooloonong,2,Victoria,AUS,Australia,378.1046,http://linked.data.gov.au/dataset/asgsed3/SAL/21382,0.877714168755,0.0372709660549
21383,Koonda,2,Victoria,AUS,Australia,24.5873,http://linked.data.gov.au/dataset/asgsed3/SAL/21383,0.205686027666,0.00247279992637
21384,Koondrook,2,Victoria,AUS,Australia,59.0798,http://linked.data.gov.au/dataset/asgsed3/SAL/21384,0.609400866877,0.00587928653683
21385,Koonoomoo,2,Victoria,AUS,Australia,47.4602,http://linked.data.gov.au/dataset/asgsed3/SAL/21385,0.410367113377,0.00473586514171
21386,Koonwarra,2,Victoria,AUS,Australia,36.807,http://linked.data.gov.au/dataset/asgsed3/SAL/21386,0.323637239009,0.00380417522455
21387,Kooreh,2,Victoria,AUS,Australia,87.437,http://linked.data.gov.au/dataset/asgsed3/SAL/21387,0.453592900228,0.00881167118705
21388,Koorlong,2,Victoria,AUS,Australia,132.8796,http://linked.data.gov.au/dataset/asgsed3/SAL/21388,0.51927651743,0.013014513363
21389,Koornalla,2,Victoria,AUS,Australia,25.3188,http://linked.data.gov.au/dataset/asgsed3/SAL/21389,0.384826417921,0.00260927538684
21390,Kooroocheang,2,Victoria,AUS,Australia,40.0596,http://linked.data.gov.au/dataset/asgsed3/SAL/21390,0.388845959467,0.00407112057179
21391,Koorool,2,Victoria,AUS,Australia,97.9511,http://linked.data.gov.au/dataset/asgsed3/SAL/21391,0.527538297802,0.0100107673353
21392,Koorooman,2,Victoria,AUS,Australia,19.9289,http://linked.data.gov.au/dataset/asgsed3/SAL/21392,0.293864149837,0.00205708074717
21393,Kooyong,2,Victoria,AUS,Australia,0.5061,http://linked.data.gov.au/dataset/asgsed3/SAL/21393,0.0291612515568,5.1816565458e-05
21394,Koriella,2,Victoria,AUS,Australia,37.6405,http://linked.data.gov.au/dataset/asgsed3/SAL/21394,0.324263373997,0.00381850252154
21395,Korobeit,2,Victoria,AUS,Australia,14.5062,http://linked.data.gov.au/dataset/asgsed3/SAL/21395,0.186198540144,0.00147968776004
21396,Koroit,2,Victoria,AUS,Australia,41.9865,http://linked.data.gov.au/dataset/asgsed3/SAL/21396,0.407942225307,0.00432260084426
21397,Korong Vale,2,Victoria,AUS,Australia,27.2927,http://linked.data.gov.au/dataset/asgsed3/SAL/21397,0.294883869543,0.00274028173508
21398,Koroop,2,Victoria,AUS,Australia,50.0864,http://linked.data.gov.au/dataset/asgsed3/SAL/21398,0.482408202816,0.00499000551276
21399,Korumburra,2,Victoria,AUS,Australia,59.9426,http://linked.data.gov.au/dataset/asgsed3/SAL/21399,0.465146814808,0.00618503506917
21400,Korumburra South,2,Victoria,AUS,Australia,15.906,http://linked.data.gov.au/dataset/asgsed3/SAL/21400,0.279655770061,0.00164224439212
21401,Korweinguboora,2,Victoria,AUS,Australia,31.316,http://linked.data.gov.au/dataset/asgsed3/SAL/21401,0.355106600518,0.00318849589897
21402,Kotta,2,Victoria,AUS,Australia,57.3943,http://linked.data.gov.au/dataset/asgsed3/SAL/21402,0.312341007385,0.00575064339328
21403,Kotupna,2,Victoria,AUS,Australia,126.8319,http://linked.data.gov.au/dataset/asgsed3/SAL/21403,1.10047998252,0.0126989436205
21404,Koyuga,2,Victoria,AUS,Australia,93.7493,http://linked.data.gov.au/dataset/asgsed3/SAL/21404,0.457564905593,0.00939804214112
21405,Krowera,2,Victoria,AUS,Australia,24.4996,http://linked.data.gov.au/dataset/asgsed3/SAL/21405,0.348655277282,0.00252825478355
21406,Kulwin (Vic.),2,Victoria,AUS,Australia,497.9948,http://linked.data.gov.au/dataset/asgsed3/SAL/21406,1.03792668082,0.0491645100034
21407,Kunat,2,Victoria,AUS,Australia,116.1265,http://linked.data.gov.au/dataset/asgsed3/SAL/21407,0.49134637561,0.0115379558271
21408,Kurraca,2,Victoria,AUS,Australia,29.383,http://linked.data.gov.au/dataset/asgsed3/SAL/21408,0.235056806518,0.00295626084477
21409,Kurraca West,2,Victoria,AUS,Australia,25.4599,http://linked.data.gov.au/dataset/asgsed3/SAL/21409,0.224821840045,0.00256123577036
21410,Kurting,2,Victoria,AUS,Australia,53.6538,http://linked.data.gov.au/dataset/asgsed3/SAL/21410,0.335285363271,0.00539941872272
21411,Kurunjang,2,Victoria,AUS,Australia,10.3643,http://linked.data.gov.au/dataset/asgsed3/SAL/21411,0.152150373858,0.00105831345685
21412,Kyabram,2,Victoria,AUS,Australia,143.8976,http://linked.data.gov.au/dataset/asgsed3/SAL/21412,0.658562707773,0.0144423697585
21413,Kyabram South,2,Victoria,AUS,Australia,17.7067,http://linked.data.gov.au/dataset/asgsed3/SAL/21413,0.211769012944,0.00177847255693
21414,Kyneton,2,Victoria,AUS,Australia,100.2801,http://linked.data.gov.au/dataset/asgsed3/SAL/21414,0.564809737041,0.0101815770875
21415,Kyneton South,2,Victoria,AUS,Australia,22.3204,http://linked.data.gov.au/dataset/asgsed3/SAL/21415,0.293826036774,0.00226798639125
21416,Kyvalley,2,Victoria,AUS,Australia,27.1142,http://linked.data.gov.au/dataset/asgsed3/SAL/21416,0.217332023734,0.00271978650185
21417,Laanecoorie,2,Victoria,AUS,Australia,62.591,http://linked.data.gov.au/dataset/asgsed3/SAL/21417,0.446607922541,0.0063221308342
21418,Laang,2,Victoria,AUS,Australia,30.7306,http://linked.data.gov.au/dataset/asgsed3/SAL/21418,0.275620764398,0.00316784153959
21419,Labertouche,2,Victoria,AUS,Australia,64.0047,http://linked.data.gov.au/dataset/asgsed3/SAL/21419,0.463928718689,0.00656785429573
21420,Laceby,2,Victoria,AUS,Australia,88.57899999999998,http://linked.data.gov.au/dataset/asgsed3/SAL/21420,0.49391420313,0.00890458911553
21421,Ladys Pass,2,Victoria,AUS,Australia,34.6962,http://linked.data.gov.au/dataset/asgsed3/SAL/21421,0.289761584391,0.00350426530748
21422,Laen,2,Victoria,AUS,Australia,19.4382,http://linked.data.gov.au/dataset/asgsed3/SAL/21422,0.195685540359,0.00195359150999
21423,Laen East,2,Victoria,AUS,Australia,24.3264,http://linked.data.gov.au/dataset/asgsed3/SAL/21423,0.211928350279,0.00244372002799
21424,Laen North,2,Victoria,AUS,Australia,64.5966,http://linked.data.gov.au/dataset/asgsed3/SAL/21424,0.33890626015,0.00648750703992
21425,Lah,2,Victoria,AUS,Australia,112.5735,http://linked.data.gov.au/dataset/asgsed3/SAL/21425,0.581364500558,0.0112698687958
21426,Laharum,2,Victoria,AUS,Australia,219.398,http://linked.data.gov.au/dataset/asgsed3/SAL/21426,0.74152689143,0.0221855415354
21427,Lake Boga,2,Victoria,AUS,Australia,63.6486,http://linked.data.gov.au/dataset/asgsed3/SAL/21427,0.594291636996,0.00631850457508
21428,Lake Bolac,2,Victoria,AUS,Australia,273.7439,http://linked.data.gov.au/dataset/asgsed3/SAL/21428,1.07422158336,0.0279742471848
21429,Lake Bunga,2,Victoria,AUS,Australia,1.6167,http://linked.data.gov.au/dataset/asgsed3/SAL/21429,0.0729804565597,0.00016552091882
21430,Lake Charm,2,Victoria,AUS,Australia,144.6021,http://linked.data.gov.au/dataset/asgsed3/SAL/21430,0.768482530302,0.0143814289143
21431,Lake Condah,2,Victoria,AUS,Australia,27.7901,http://linked.data.gov.au/dataset/asgsed3/SAL/21431,0.280104921071,0.00285400213455
21432,Lake Eildon,2,Victoria,AUS,Australia,152.0822,http://linked.data.gov.au/dataset/asgsed3/SAL/21432,1.47134071964,0.0154320969123
21433,Lake Eppalock,2,Victoria,AUS,Australia,31.4397,http://linked.data.gov.au/dataset/asgsed3/SAL/21433,1.39126421003,0.00317800339123
21434,Lake Fyans,2,Victoria,AUS,Australia,38.7351,http://linked.data.gov.au/dataset/asgsed3/SAL/21434,0.267840316316,0.00392807691129
21435,Lake Gardens,2,Victoria,AUS,Australia,1.1972,http://linked.data.gov.au/dataset/asgsed3/SAL/21435,0.0499611345261,0.000122059858633
21436,Lake Goldsmith,2,Victoria,AUS,Australia,70.2884,http://linked.data.gov.au/dataset/asgsed3/SAL/21436,0.396729347873,0.00716528087324
21437,Lake Lonsdale,2,Victoria,AUS,Australia,62.3338,http://linked.data.gov.au/dataset/asgsed3/SAL/21437,0.355075108481,0.00631290281136
21438,Lake Marmal,2,Victoria,AUS,Australia,89.2771,http://linked.data.gov.au/dataset/asgsed3/SAL/21438,0.477524661497,0.00893635393129
21439,Lake Meran,2,Victoria,AUS,Australia,55.0279,http://linked.data.gov.au/dataset/asgsed3/SAL/21439,0.418909930201,0.00549313302579
21440,Lake Mundi,2,Victoria,AUS,Australia,400.9626,http://linked.data.gov.au/dataset/asgsed3/SAL/21440,0.997017974535,0.0408555585691
21441,Lake Powell,2,Victoria,AUS,Australia,138.8649,http://linked.data.gov.au/dataset/asgsed3/SAL/21441,0.655178407268,0.0136661732574
21442,Lake Rowan,2,Victoria,AUS,Australia,65.9905,http://linked.data.gov.au/dataset/asgsed3/SAL/21442,0.344802508742,0.0066176678539
21443,Lake Tyers,2,Victoria,AUS,Australia,8.572,http://linked.data.gov.au/dataset/asgsed3/SAL/21443,0.191569350491,0.000877392887607
21444,Lake Tyers Beach,2,Victoria,AUS,Australia,6.2683,http://linked.data.gov.au/dataset/asgsed3/SAL/21444,0.161732075833,0.000641766067331
21445,Lake Tyrrell,2,Victoria,AUS,Australia,192.9083,http://linked.data.gov.au/dataset/asgsed3/SAL/21445,0.67076080896,0.0191281026636
21446,Lake Wellington,2,Victoria,AUS,Australia,148.1517,http://linked.data.gov.au/dataset/asgsed3/SAL/21446,0.725200615512,0.0152149604315
21447,Lake Wendouree,2,Victoria,AUS,Australia,4.5686,http://linked.data.gov.au/dataset/asgsed3/SAL/21447,0.0902964126522,0.000465822838544
21448,Lake Wongan,2,Victoria,AUS,Australia,24.373,http://linked.data.gov.au/dataset/asgsed3/SAL/21448,0.209018473356,0.00248700116594
21449,Lakes Entrance,2,Victoria,AUS,Australia,29.5228,http://linked.data.gov.au/dataset/asgsed3/SAL/21449,0.341603108783,0.00302233336824
21450,Lal Lal,2,Victoria,AUS,Australia,66.6199,http://linked.data.gov.au/dataset/asgsed3/SAL/21450,0.595912895511,0.00680372209093
21451,Lalbert,2,Victoria,AUS,Australia,343.2401,http://linked.data.gov.au/dataset/asgsed3/SAL/21451,0.938298084898,0.0341606757025
21452,Lalor,2,Victoria,AUS,Australia,7.7247,http://linked.data.gov.au/dataset/asgsed3/SAL/21452,0.165763321556,0.000788899006681
21453,Lamplough,2,Victoria,AUS,Australia,20.5234,http://linked.data.gov.au/dataset/asgsed3/SAL/21453,0.256753582992,0.002081662344
21454,Lancaster,2,Victoria,AUS,Australia,43.2886,http://linked.data.gov.au/dataset/asgsed3/SAL/21454,0.357518170798,0.00434378671852
21455,Lance Creek,2,Victoria,AUS,Australia,21.0638,http://linked.data.gov.au/dataset/asgsed3/SAL/21455,0.275698053279,0.00217668970081
21456,Lancefield,2,Victoria,AUS,Australia,123.7734,http://linked.data.gov.au/dataset/asgsed3/SAL/21456,0.798778563446,0.0125722574201
21457,Landsborough (Vic.),2,Victoria,AUS,Australia,91.7434,http://linked.data.gov.au/dataset/asgsed3/SAL/21457,0.52445525962,0.0092888215827
21458,Landsborough West,2,Victoria,AUS,Australia,36.8633,http://linked.data.gov.au/dataset/asgsed3/SAL/21458,0.273120673582,0.00373211105967
21459,Lang Lang,2,Victoria,AUS,Australia,94.7197,http://linked.data.gov.au/dataset/asgsed3/SAL/21459,0.515390120758,0.00975450746972
21460,Lang Lang East,2,Victoria,AUS,Australia,16.1839,http://linked.data.gov.au/dataset/asgsed3/SAL/21460,0.210965650111,0.00166613248987
21461,Langdons Hill,2,Victoria,AUS,Australia,11.8938,http://linked.data.gov.au/dataset/asgsed3/SAL/21461,0.172239682997,0.00121053451423
21462,Langi Kal Kal,2,Victoria,AUS,Australia,39.0222,http://linked.data.gov.au/dataset/asgsed3/SAL/21462,0.322429189098,0.00396986863992
21463,Langi Logan,2,Victoria,AUS,Australia,42.8899,http://linked.data.gov.au/dataset/asgsed3/SAL/21463,0.292200013,0.00436403956297
21464,Langkoop,2,Victoria,AUS,Australia,214.3837,http://linked.data.gov.au/dataset/asgsed3/SAL/21464,0.751337342074,0.0217305999716
21465,Langley,2,Victoria,AUS,Australia,23.782,http://linked.data.gov.au/dataset/asgsed3/SAL/21465,0.276189350913,0.00241218459783
21466,Langsborough,2,Victoria,AUS,Australia,4.0218,http://linked.data.gov.au/dataset/asgsed3/SAL/21466,0.117704242784,0.000416182443427
21467,Langwarrin,2,Victoria,AUS,Australia,28.8446,http://linked.data.gov.au/dataset/asgsed3/SAL/21467,0.238294477142,0.00296482440731
21468,Langwarrin South,2,Victoria,AUS,Australia,8.7753,http://linked.data.gov.au/dataset/asgsed3/SAL/21468,0.142149437088,0.000902409229125
21469,Lara,2,Victoria,AUS,Australia,89.348,http://linked.data.gov.au/dataset/asgsed3/SAL/21469,0.481794760418,0.00916538652339
21470,Lardner,2,Victoria,AUS,Australia,17.3486,http://linked.data.gov.au/dataset/asgsed3/SAL/21470,0.22819397899,0.00178473258029
21471,Larpent,2,Victoria,AUS,Australia,51.4791,http://linked.data.gov.au/dataset/asgsed3/SAL/21471,0.388876528518,0.00530582950913
21472,Lascelles,2,Victoria,AUS,Australia,317.5964,http://linked.data.gov.au/dataset/asgsed3/SAL/21472,0.8081716483,0.0315721093918
21473,Launching Place,2,Victoria,AUS,Australia,36.1174,http://linked.data.gov.au/dataset/asgsed3/SAL/21473,0.393152698801,0.00369372475012
21474,Lauriston,2,Victoria,AUS,Australia,26.1855,http://linked.data.gov.au/dataset/asgsed3/SAL/21474,0.307038197291,0.00265950129665
21475,Lavers Hill,2,Victoria,AUS,Australia,62.7402,http://linked.data.gov.au/dataset/asgsed3/SAL/21475,0.516142435335,0.00649411502934
21476,Laverton (Vic.),2,Victoria,AUS,Australia,3.7597,http://linked.data.gov.au/dataset/asgsed3/SAL/21476,0.0994379867584,0.000384916782764
21477,Laverton North,2,Victoria,AUS,Australia,15.4613,http://linked.data.gov.au/dataset/asgsed3/SAL/21477,0.207155432001,0.0015823051277
21478,Lawler,2,Victoria,AUS,Australia,42.5978,http://linked.data.gov.au/dataset/asgsed3/SAL/21478,0.299150192858,0.0042773292318
21479,Lawloit,2,Victoria,AUS,Australia,86.8318,http://linked.data.gov.au/dataset/asgsed3/SAL/21479,0.530884842655,0.00872896859153
21480,Lawrence (Vic.),2,Victoria,AUS,Australia,11.3131,http://linked.data.gov.au/dataset/asgsed3/SAL/21480,0.156768663749,0.00115010238394
21481,Leaghur,2,Victoria,AUS,Australia,68.7055,http://linked.data.gov.au/dataset/asgsed3/SAL/21481,0.531036930337,0.00686591469052
21482,Learmonth (Vic.),2,Victoria,AUS,Australia,34.8632,http://linked.data.gov.au/dataset/asgsed3/SAL/21482,0.291436087187,0.00354857829449
21483,Ledcourt,2,Victoria,AUS,Australia,97.26,http://linked.data.gov.au/dataset/asgsed3/SAL/21483,0.508953844948,0.00984389666086
21484,Leichardt,2,Victoria,AUS,Australia,74.63429999999998,http://linked.data.gov.au/dataset/asgsed3/SAL/21484,0.461446420891,0.00752514803036
21485,Leigh Creek (Vic.),2,Victoria,AUS,Australia,5.6688,http://linked.data.gov.au/dataset/asgsed3/SAL/21485,0.125196656643,0.000578085066371
21486,Leitchville,2,Victoria,AUS,Australia,130.4486,http://linked.data.gov.au/dataset/asgsed3/SAL/21486,1.00987334192,0.0130248904954
21487,Lemnos,2,Victoria,AUS,Australia,19.1231,http://linked.data.gov.au/dataset/asgsed3/SAL/21487,0.18377585845,0.00191973358399
21488,Leneva,2,Victoria,AUS,Australia,81.3981,http://linked.data.gov.au/dataset/asgsed3/SAL/21488,0.526599646018,0.00815744650506
21489,Leonards Hill,2,Victoria,AUS,Australia,25.9972,http://linked.data.gov.au/dataset/asgsed3/SAL/21489,0.303457121987,0.0026459058086
21490,Leongatha,2,Victoria,AUS,Australia,41.3793,http://linked.data.gov.au/dataset/asgsed3/SAL/21490,0.517392990107,0.00427175596223
21491,Leongatha North,2,Victoria,AUS,Australia,18.2253,http://linked.data.gov.au/dataset/asgsed3/SAL/21491,0.251217173721,0.00188031972572
21492,Leongatha South,2,Victoria,AUS,Australia,137.7625,http://linked.data.gov.au/dataset/asgsed3/SAL/21492,0.794129146474,0.0142355663123
21493,Leopold,2,Victoria,AUS,Australia,27.9287,http://linked.data.gov.au/dataset/asgsed3/SAL/21493,0.303462536545,0.00287218663119
21494,Lerderderg,2,Victoria,AUS,Australia,142.8739,http://linked.data.gov.au/dataset/asgsed3/SAL/21494,0.958936432872,0.0145582014207
21495,Leslie Manor,2,Victoria,AUS,Australia,198.8014,http://linked.data.gov.au/dataset/asgsed3/SAL/21495,0.658891398636,0.0204230847071
21496,Lethbridge,2,Victoria,AUS,Australia,88.32349999999998,http://linked.data.gov.au/dataset/asgsed3/SAL/21496,0.598107135384,0.00905434843537
21497,Lexton,2,Victoria,AUS,Australia,141.353,http://linked.data.gov.au/dataset/asgsed3/SAL/21497,0.632972436376,0.0143575048223
21498,Licola,2,Victoria,AUS,Australia,246.5205,http://linked.data.gov.au/dataset/asgsed3/SAL/21498,1.13556421836,0.0251529491558
21499,Licola North,2,Victoria,AUS,Australia,78.3529,http://linked.data.gov.au/dataset/asgsed3/SAL/21499,0.525726515213,0.00798613719086
21500,Lillico (Vic.),2,Victoria,AUS,Australia,5.1043,http://linked.data.gov.au/dataset/asgsed3/SAL/21500,0.105743638839,0.000524443443931
21501,Lillicur,2,Victoria,AUS,Australia,52.4816,http://linked.data.gov.au/dataset/asgsed3/SAL/21501,0.397268616809,0.00532442134837
21502,Lillimur,2,Victoria,AUS,Australia,362.2572,http://linked.data.gov.au/dataset/asgsed3/SAL/21502,1.11857640763,0.0364225333761
21503,Lilliput,2,Victoria,AUS,Australia,81.8891,http://linked.data.gov.au/dataset/asgsed3/SAL/21503,0.409903288781,0.00819856150045
21504,Lilydale (Vic.),2,Victoria,AUS,Australia,29.1737,http://linked.data.gov.au/dataset/asgsed3/SAL/21504,0.294064877829,0.00298271373151
21505,Lima,2,Victoria,AUS,Australia,25.0939,http://linked.data.gov.au/dataset/asgsed3/SAL/21505,0.358802473018,0.00253218155762
21506,Lima East,2,Victoria,AUS,Australia,54.5401,http://linked.data.gov.au/dataset/asgsed3/SAL/21506,0.380128005288,0.00550783508193
21507,Lima South,2,Victoria,AUS,Australia,47.2197,http://linked.data.gov.au/dataset/asgsed3/SAL/21507,0.452438436954,0.00477026414822
21508,Limestone (Vic.),2,Victoria,AUS,Australia,152.8501,http://linked.data.gov.au/dataset/asgsed3/SAL/21508,0.625934808351,0.015529069894
21509,Lindenow,2,Victoria,AUS,Australia,12.9135,http://linked.data.gov.au/dataset/asgsed3/SAL/21509,0.185020756179,0.00132104389463
21510,Lindenow South,2,Victoria,AUS,Australia,123.1149,http://linked.data.gov.au/dataset/asgsed3/SAL/21510,0.532079578377,0.0126061054406
21511,Lindsay,2,Victoria,AUS,Australia,68.1244,http://linked.data.gov.au/dataset/asgsed3/SAL/21511,0.597666301807,0.00695171256314
21512,Lindsay Point,2,Victoria,AUS,Australia,170.7098,http://linked.data.gov.au/dataset/asgsed3/SAL/21512,0.768884235511,0.0166815148149
21513,Linga,2,Victoria,AUS,Australia,266.2201,http://linked.data.gov.au/dataset/asgsed3/SAL/21513,0.843734471292,0.0263417684121
21514,Linton,2,Victoria,AUS,Australia,64.9579,http://linked.data.gov.au/dataset/asgsed3/SAL/21514,0.46320416869,0.00663544786111
21515,Liparoo,2,Victoria,AUS,Australia,107.91,http://linked.data.gov.au/dataset/asgsed3/SAL/21515,0.45907316621,0.0106317630847
21516,Lismore (Vic.),2,Victoria,AUS,Australia,243.7799,http://linked.data.gov.au/dataset/asgsed3/SAL/21516,0.900662941321,0.0249948806883
21517,Litchfield,2,Victoria,AUS,Australia,107.3456,http://linked.data.gov.au/dataset/asgsed3/SAL/21517,0.477664242908,0.0107696987306
21518,Little Desert,2,Victoria,AUS,Australia,517.9093,http://linked.data.gov.au/dataset/asgsed3/SAL/21518,1.44185657512,0.0520950356693
21519,Little Hampton,2,Victoria,AUS,Australia,11.4187,http://linked.data.gov.au/dataset/asgsed3/SAL/21519,0.178416576205,0.00116138254861
21520,Little River (Vic.),2,Victoria,AUS,Australia,181.1975,http://linked.data.gov.au/dataset/asgsed3/SAL/21520,0.739273364555,0.0185693639195
21521,Llanelly,2,Victoria,AUS,Australia,40.0661,http://linked.data.gov.au/dataset/asgsed3/SAL/21521,0.31202452513,0.00404167722602
21522,Llowalong,2,Victoria,AUS,Australia,18.0698,http://linked.data.gov.au/dataset/asgsed3/SAL/21522,0.227748040295,0.00185116523845
21523,Loch,2,Victoria,AUS,Australia,76.41299999999998,http://linked.data.gov.au/dataset/asgsed3/SAL/21523,0.665032668718,0.00787787132928
21524,Loch Sport,2,Victoria,AUS,Australia,84.2853,http://linked.data.gov.au/dataset/asgsed3/SAL/21524,0.755633886524,0.00865238166358
21525,Loch Valley,2,Victoria,AUS,Australia,28.5612,http://linked.data.gov.au/dataset/asgsed3/SAL/21525,0.374720703017,0.00292226450049
21526,Lockington,2,Victoria,AUS,Australia,119.7043,http://linked.data.gov.au/dataset/asgsed3/SAL/21526,0.467833812913,0.0120057806817
21527,Locksley (Vic.),2,Victoria,AUS,Australia,85.3471,http://linked.data.gov.au/dataset/asgsed3/SAL/21527,0.431906973999,0.00862231398793
21528,Lockwood,2,Victoria,AUS,Australia,40.5496,http://linked.data.gov.au/dataset/asgsed3/SAL/21528,0.336146782798,0.00409494722315
21529,Lockwood South,2,Victoria,AUS,Australia,50.7384,http://linked.data.gov.au/dataset/asgsed3/SAL/21529,0.344638937375,0.00512790524312
21530,Loddon Vale,2,Victoria,AUS,Australia,63.5932,http://linked.data.gov.au/dataset/asgsed3/SAL/21530,0.460726911197,0.0063562277664
21531,Logan,2,Victoria,AUS,Australia,119.4437,http://linked.data.gov.au/dataset/asgsed3/SAL/21531,0.660152663275,0.0120338819008
21532,Londrigan,2,Victoria,AUS,Australia,35.5911,http://linked.data.gov.au/dataset/asgsed3/SAL/21532,0.318201012938,0.00357284170629
21533,Long Forest,2,Victoria,AUS,Australia,10.882,http://linked.data.gov.au/dataset/asgsed3/SAL/21533,0.252156445837,0.00111110858139
21534,Long Gully,2,Victoria,AUS,Australia,3.4778,http://linked.data.gov.au/dataset/asgsed3/SAL/21534,0.0877637138576,0.000350912408646
21535,Longerenong,2,Victoria,AUS,Australia,245.7497,http://linked.data.gov.au/dataset/asgsed3/SAL/21535,1.06914298661,0.0247457020735
21536,Longford (Vic.),2,Victoria,AUS,Australia,314.0184,http://linked.data.gov.au/dataset/asgsed3/SAL/21536,1.47611264424,0.0323042619673
21537,Longlea,2,Victoria,AUS,Australia,51.4987,http://linked.data.gov.au/dataset/asgsed3/SAL/21537,0.41398530749,0.00519757372578
21538,Longwarry,2,Victoria,AUS,Australia,49.0684,http://linked.data.gov.au/dataset/asgsed3/SAL/21538,0.408799585087,0.00504140918812
21539,Longwarry North,2,Victoria,AUS,Australia,9.6201,http://linked.data.gov.au/dataset/asgsed3/SAL/21539,0.270074938029,0.000987840803103
21540,Longwood (Vic.),2,Victoria,AUS,Australia,99.892,http://linked.data.gov.au/dataset/asgsed3/SAL/21540,0.642178377105,0.0100864550545
21541,Longwood East,2,Victoria,AUS,Australia,35.2284,http://linked.data.gov.au/dataset/asgsed3/SAL/21541,0.362170678833,0.0035588082313
21542,Lorne (Vic.),2,Victoria,AUS,Australia,102.6521,http://linked.data.gov.au/dataset/asgsed3/SAL/21542,0.537958312478,0.0106056844188
21543,Lorquon,2,Victoria,AUS,Australia,12.8089,http://linked.data.gov.au/dataset/asgsed3/SAL/21543,0.180275106534,0.00128263076495
21544,Lovely Banks,2,Victoria,AUS,Australia,29.8766,http://linked.data.gov.au/dataset/asgsed3/SAL/21544,0.279945019787,0.00306625638775
21545,Lower Moira,2,Victoria,AUS,Australia,75.2506,http://linked.data.gov.au/dataset/asgsed3/SAL/21545,0.875356993704,0.007529808078
21546,Lower Norton,2,Victoria,AUS,Australia,113.262,http://linked.data.gov.au/dataset/asgsed3/SAL/21546,0.601320455653,0.011437918889
21547,Lower Plenty,2,Victoria,AUS,Australia,6.8224,http://linked.data.gov.au/dataset/asgsed3/SAL/21547,0.164630916314,0.000697347654342
21548,Loy Yang,2,Victoria,AUS,Australia,41.4062,http://linked.data.gov.au/dataset/asgsed3/SAL/21548,0.35196417769,0.00426159070086
21549,Lubeck,2,Victoria,AUS,Australia,152.7307,http://linked.data.gov.au/dataset/asgsed3/SAL/21549,0.679813163358,0.0154093741591
21550,Lucas,2,Victoria,AUS,Australia,2.2921,http://linked.data.gov.au/dataset/asgsed3/SAL/21550,0.0691896094169,0.000233696930915
21551,Lucknow (Vic.),2,Victoria,AUS,Australia,21.5817,http://linked.data.gov.au/dataset/asgsed3/SAL/21551,0.278925320927,0.00220805914094
21552,Lucyvale,2,Victoria,AUS,Australia,166.4778,http://linked.data.gov.au/dataset/asgsed3/SAL/21552,0.798438110145,0.0167036002701
21553,Lurg,2,Victoria,AUS,Australia,66.1961,http://linked.data.gov.au/dataset/asgsed3/SAL/21553,0.44572158091,0.00666541444489
21554,Lynbrook,2,Victoria,AUS,Australia,4.0695,http://linked.data.gov.au/dataset/asgsed3/SAL/21554,0.109413020061,0.000417754210298
21555,Lyndhurst (Vic.),2,Victoria,AUS,Australia,9.3136,http://linked.data.gov.au/dataset/asgsed3/SAL/21555,0.176591002494,0.000956196626072
21556,Lyons (Vic.),2,Victoria,AUS,Australia,50.2585,http://linked.data.gov.au/dataset/asgsed3/SAL/21556,0.441895849121,0.00515500521471
21557,Lyonville,2,Victoria,AUS,Australia,22.9577,http://linked.data.gov.au/dataset/asgsed3/SAL/21557,0.253217907921,0.00233605118466
21558,Lysterfield,2,Victoria,AUS,Australia,31.5842,http://linked.data.gov.au/dataset/asgsed3/SAL/21558,0.251679322355,0.00323687371608
21559,Lysterfield South,2,Victoria,AUS,Australia,4.5726,http://linked.data.gov.au/dataset/asgsed3/SAL/21559,0.111758422293,0.00046871984026
21560,Macarthur (Vic.),2,Victoria,AUS,Australia,298.9261,http://linked.data.gov.au/dataset/asgsed3/SAL/21560,1.1079295706,0.0306815556682
21561,Macclesfield (Vic.),2,Victoria,AUS,Australia,28.8896,http://linked.data.gov.au/dataset/asgsed3/SAL/21561,0.302420347828,0.00295851179263
21562,Macedon,2,Victoria,AUS,Australia,38.9733,http://linked.data.gov.au/dataset/asgsed3/SAL/21562,0.35401249887,0.00396742657245
21563,Macks Creek,2,Victoria,AUS,Australia,32.4337,http://linked.data.gov.au/dataset/asgsed3/SAL/21563,0.413866279834,0.00334768289882
21564,Macleod (Vic.),2,Victoria,AUS,Australia,4.5714,http://linked.data.gov.au/dataset/asgsed3/SAL/21564,0.132605174558,0.000467186469662
21565,Macorna,2,Victoria,AUS,Australia,133.9521,http://linked.data.gov.au/dataset/asgsed3/SAL/21565,0.643425140316,0.0133767502323
21566,Macorna North,2,Victoria,AUS,Australia,47.3587,http://linked.data.gov.au/dataset/asgsed3/SAL/21566,0.370344502522,0.00472461809847
21567,Macs Cove,2,Victoria,AUS,Australia,5.3901,http://linked.data.gov.au/dataset/asgsed3/SAL/21567,0.133366809457,0.000547126213662
21568,Madalya,2,Victoria,AUS,Australia,59.8974,http://linked.data.gov.au/dataset/asgsed3/SAL/21568,0.573786443071,0.00618546736171
21569,Maddingley,2,Victoria,AUS,Australia,25.5628,http://linked.data.gov.au/dataset/asgsed3/SAL/21569,0.311466092654,0.00261148162961
21570,Mafeking,2,Victoria,AUS,Australia,235.0642,http://linked.data.gov.au/dataset/asgsed3/SAL/21570,0.796022668214,0.0239163456541
21571,Maffra (Vic.),2,Victoria,AUS,Australia,78.8191,http://linked.data.gov.au/dataset/asgsed3/SAL/21571,0.609979723943,0.00808013490559
21572,Maffra West Upper,2,Victoria,AUS,Australia,22.559,http://linked.data.gov.au/dataset/asgsed3/SAL/21572,0.288730258266,0.00231010426246
21573,Magpie,2,Victoria,AUS,Australia,9.9288,http://linked.data.gov.au/dataset/asgsed3/SAL/21573,0.167293376182,0.00101344460012
21574,Maiden Gully,2,Victoria,AUS,Australia,40.085,http://linked.data.gov.au/dataset/asgsed3/SAL/21574,0.327448516237,0.0040451943845
21575,Maidstone,2,Victoria,AUS,Australia,3.1597,http://linked.data.gov.au/dataset/asgsed3/SAL/21575,0.0772216720296,0.000323137043574
21576,Mailors Flat,2,Victoria,AUS,Australia,16.1264,http://linked.data.gov.au/dataset/asgsed3/SAL/21576,0.230243255906,0.00166057914659
21577,Main Lead,2,Victoria,AUS,Australia,3.2525,http://linked.data.gov.au/dataset/asgsed3/SAL/21577,0.129142036579,0.000330915453128
21578,Main Ridge,2,Victoria,AUS,Australia,28.7388,http://linked.data.gov.au/dataset/asgsed3/SAL/21578,0.287430419901,0.00296383182082
21579,Maindample,2,Victoria,AUS,Australia,89.8296,http://linked.data.gov.au/dataset/asgsed3/SAL/21579,0.646923159367,0.0090966439566
21580,Maintongoon,2,Victoria,AUS,Australia,63.8163,http://linked.data.gov.au/dataset/asgsed3/SAL/21580,0.453084922745,0.00647122984995
21581,Major Plains,2,Victoria,AUS,Australia,42.2543,http://linked.data.gov.au/dataset/asgsed3/SAL/21581,0.309571281131,0.00424299588206
21582,Majorca,2,Victoria,AUS,Australia,69.784,http://linked.data.gov.au/dataset/asgsed3/SAL/21582,0.466874115341,0.00707615377066
21583,Maldon (Vic.),2,Victoria,AUS,Australia,47.7243,http://linked.data.gov.au/dataset/asgsed3/SAL/21583,0.437414026758,0.00483116018049
21584,Mallacoota,2,Victoria,AUS,Australia,243.8424,http://linked.data.gov.au/dataset/asgsed3/SAL/21584,1.04962473299,0.0248505069582
21585,Malmsbury,2,Victoria,AUS,Australia,36.3404,http://linked.data.gov.au/dataset/asgsed3/SAL/21585,0.495682100168,0.00368736166727
21586,Malvern (Vic.),2,Victoria,AUS,Australia,2.9267,http://linked.data.gov.au/dataset/asgsed3/SAL/21586,0.09624856256,0.000299576970876
21587,Malvern East,2,Victoria,AUS,Australia,7.7221,http://linked.data.gov.au/dataset/asgsed3/SAL/21587,0.156639113408,0.000790908533352
21588,Mambourin,2,Victoria,AUS,Australia,35.5756,http://linked.data.gov.au/dataset/asgsed3/SAL/21588,0.268999556563,0.00364419979454
21589,Manangatang,2,Victoria,AUS,Australia,448.0493,http://linked.data.gov.au/dataset/asgsed3/SAL/21589,1.117534832,0.0442683589043
21590,Mandurang,2,Victoria,AUS,Australia,22.1784,http://linked.data.gov.au/dataset/asgsed3/SAL/21590,0.268652059754,0.00224020397723
21591,Mandurang South,2,Victoria,AUS,Australia,23.5807,http://linked.data.gov.au/dataset/asgsed3/SAL/21591,0.282538729638,0.00238288757964
21592,Mangalore (Vic.),2,Victoria,AUS,Australia,68.6945,http://linked.data.gov.au/dataset/asgsed3/SAL/21592,0.469940632762,0.00694737561251
21593,Manifold Heights,2,Victoria,AUS,Australia,0.9369,http://linked.data.gov.au/dataset/asgsed3/SAL/21593,0.0429009818105,9.6267256842e-05
21594,Mannerim,2,Victoria,AUS,Australia,29.9501,http://linked.data.gov.au/dataset/asgsed3/SAL/21594,0.318608680607,0.0030811341917
21595,Mannibadar,2,Victoria,AUS,Australia,107.0485,http://linked.data.gov.au/dataset/asgsed3/SAL/21595,0.599224078995,0.010947152337
21596,Manns Beach,2,Victoria,AUS,Australia,7.2213,http://linked.data.gov.au/dataset/asgsed3/SAL/21596,0.709767443088,0.000747370186658
21597,Manor Lakes,2,Victoria,AUS,Australia,16.0265,http://linked.data.gov.au/dataset/asgsed3/SAL/21597,0.182221865816,0.00164100563748
21598,Manorina,2,Victoria,AUS,Australia,31.824,http://linked.data.gov.au/dataset/asgsed3/SAL/21598,0.230170305573,0.00325090609446
21599,Mansfield (Vic.),2,Victoria,AUS,Australia,269.7403,http://linked.data.gov.au/dataset/asgsed3/SAL/21599,1.20656721002,0.0273267914935
21600,Maramingo Creek,2,Victoria,AUS,Australia,99.9843,http://linked.data.gov.au/dataset/asgsed3/SAL/21600,0.547373330572,0.0101746979385
21601,Marcus Hill,2,Victoria,AUS,Australia,13.1281,http://linked.data.gov.au/dataset/asgsed3/SAL/21601,0.22076645156,0.00135095809129
21602,Mardan,2,Victoria,AUS,Australia,59.7991,http://linked.data.gov.au/dataset/asgsed3/SAL/21602,0.546514010149,0.00617301781685
21603,Marengo (Vic.),2,Victoria,AUS,Australia,2.6954,http://linked.data.gov.au/dataset/asgsed3/SAL/21603,0.0917290106432,0.000279420407202
21604,Maribyrnong,2,Victoria,AUS,Australia,5.4934,http://linked.data.gov.au/dataset/asgsed3/SAL/21604,0.132088203115,0.000561749124439
21605,Marionvale,2,Victoria,AUS,Australia,21.14,http://linked.data.gov.au/dataset/asgsed3/SAL/21605,0.204387006332,0.00212004316538
21606,Markwood,2,Victoria,AUS,Australia,44.1315,http://linked.data.gov.au/dataset/asgsed3/SAL/21606,0.428246163281,0.0044374667482
21607,Marlbed,2,Victoria,AUS,Australia,116.9377,http://linked.data.gov.au/dataset/asgsed3/SAL/21607,0.52071052602,0.0116616972356
21608,Marlo,2,Victoria,AUS,Australia,134.87,http://linked.data.gov.au/dataset/asgsed3/SAL/21608,0.904561246827,0.0137920502277
21609,Marnoo,2,Victoria,AUS,Australia,117.5593,http://linked.data.gov.au/dataset/asgsed3/SAL/21609,0.548658793085,0.011852658807
21610,Marnoo East,2,Victoria,AUS,Australia,29.3281,http://linked.data.gov.au/dataset/asgsed3/SAL/21610,0.260798007257,0.00295587640713
21611,Marnoo West,2,Victoria,AUS,Australia,86.0322,http://linked.data.gov.au/dataset/asgsed3/SAL/21611,0.471219960774,0.00867688213585
21612,Marong,2,Victoria,AUS,Australia,76.1299,http://linked.data.gov.au/dataset/asgsed3/SAL/21612,0.607377430886,0.00768216839353
21613,Maroona,2,Victoria,AUS,Australia,130.1494,http://linked.data.gov.au/dataset/asgsed3/SAL/21613,0.705046683577,0.0132490777148
21614,Marraweeney,2,Victoria,AUS,Australia,42.8441,http://linked.data.gov.au/dataset/asgsed3/SAL/21614,0.363251947285,0.00432393564749
21615,Marshall,2,Victoria,AUS,Australia,2.0414,http://linked.data.gov.au/dataset/asgsed3/SAL/21615,0.080388495655,0.000209945906306
21616,Marthavale,2,Victoria,AUS,Australia,227.4774,http://linked.data.gov.au/dataset/asgsed3/SAL/21616,0.843633210164,0.0231597596746
21617,Marungi,2,Victoria,AUS,Australia,28.2009,http://linked.data.gov.au/dataset/asgsed3/SAL/21617,0.295840919101,0.00282572854851
21618,Maryborough (Vic.),2,Victoria,AUS,Australia,46.0984,http://linked.data.gov.au/dataset/asgsed3/SAL/21618,0.452049388767,0.00466954379916
21619,Maryknoll,2,Victoria,AUS,Australia,3.366,http://linked.data.gov.au/dataset/asgsed3/SAL/21619,0.0966954248192,0.00034542332921
21620,Marysville,2,Victoria,AUS,Australia,196.2766,http://linked.data.gov.au/dataset/asgsed3/SAL/21620,1.00013326217,0.020004275055
21621,Maryvale (Vic.),2,Victoria,AUS,Australia,39.9188,http://linked.data.gov.au/dataset/asgsed3/SAL/21621,0.429498197899,0.00410487130032
21622,Massey,2,Victoria,AUS,Australia,105.8854,http://linked.data.gov.au/dataset/asgsed3/SAL/21622,0.509364625931,0.0106129094049
21623,Matlock,2,Victoria,AUS,Australia,67.5324,http://linked.data.gov.au/dataset/asgsed3/SAL/21623,0.648412256946,0.00688866153103
21624,Maude (Vic.),2,Victoria,AUS,Australia,35.6519,http://linked.data.gov.au/dataset/asgsed3/SAL/21624,0.416900851197,0.00365433085122
21625,McCrae,2,Victoria,AUS,Australia,4.2898,http://linked.data.gov.au/dataset/asgsed3/SAL/21625,0.105259844931,0.000442142410263
21626,McIntyre,2,Victoria,AUS,Australia,25.7258,http://linked.data.gov.au/dataset/asgsed3/SAL/21626,0.232174166927,0.00259389322741
21627,McKenzie Creek,2,Victoria,AUS,Australia,37.4104,http://linked.data.gov.au/dataset/asgsed3/SAL/21627,0.313069775589,0.0037777350819
21628,McKenzie Hill,2,Victoria,AUS,Australia,3.5564,http://linked.data.gov.au/dataset/asgsed3/SAL/21628,0.100286238226,0.000360338185793
21629,McKinnon,2,Victoria,AUS,Australia,1.5778,http://linked.data.gov.au/dataset/asgsed3/SAL/21629,0.0730336028361,0.00016163492404
21630,McLoughlins Beach,2,Victoria,AUS,Australia,0.4562,http://linked.data.gov.au/dataset/asgsed3/SAL/21630,0.0392708066558,4.7174763237e-05
21631,McMahons Creek,2,Victoria,AUS,Australia,168.3672,http://linked.data.gov.au/dataset/asgsed3/SAL/21631,0.970501531143,0.0172010567354
21632,McMillans,2,Victoria,AUS,Australia,34.6629,http://linked.data.gov.au/dataset/asgsed3/SAL/21632,0.329982161203,0.00345824502998
21633,Mead,2,Victoria,AUS,Australia,28.6515,http://linked.data.gov.au/dataset/asgsed3/SAL/21633,0.28882587022,0.00285715140521
21634,Meadow Creek,2,Victoria,AUS,Australia,73.94639999999998,http://linked.data.gov.au/dataset/asgsed3/SAL/21634,0.657233532018,0.00744764218857
21635,Meadow Heights,2,Victoria,AUS,Australia,4.6252,http://linked.data.gov.au/dataset/asgsed3/SAL/21635,0.0869102218582,0.000472232846798
21636,Meatian,2,Victoria,AUS,Australia,50.1414,http://linked.data.gov.au/dataset/asgsed3/SAL/21636,0.352656473815,0.00498525352179
21637,Meeniyan,2,Victoria,AUS,Australia,60.7758,http://linked.data.gov.au/dataset/asgsed3/SAL/21637,0.590861016692,0.00628254688542
21638,Meering West,2,Victoria,AUS,Australia,110.5252,http://linked.data.gov.au/dataset/asgsed3/SAL/21638,0.578912238288,0.0110318795386
21639,Meerlieu,2,Victoria,AUS,Australia,97.0175,http://linked.data.gov.au/dataset/asgsed3/SAL/21639,0.700407463992,0.00995371413255
21640,Melbourne,2,Victoria,AUS,Australia,6.5866,http://linked.data.gov.au/dataset/asgsed3/SAL/21640,0.216019858677,0.000674027017907
21641,Melbourne Airport,2,Victoria,AUS,Australia,27.0408,http://linked.data.gov.au/dataset/asgsed3/SAL/21641,0.32834533182,0.00276164858984
21642,Melton (Vic.),2,Victoria,AUS,Australia,20.3731,http://linked.data.gov.au/dataset/asgsed3/SAL/21642,0.282613872598,0.00208072970585
21643,Melton South,2,Victoria,AUS,Australia,5.1379,http://linked.data.gov.au/dataset/asgsed3/SAL/21643,0.115803914808,0.00052497784148
21644,Melton West,2,Victoria,AUS,Australia,9.4848,http://linked.data.gov.au/dataset/asgsed3/SAL/21644,0.180263584086,0.000968737457809
21645,Melville Forest,2,Victoria,AUS,Australia,101.0829,http://linked.data.gov.au/dataset/asgsed3/SAL/21645,0.625859038499,0.0102979809373
21646,Melwood,2,Victoria,AUS,Australia,5.5583,http://linked.data.gov.au/dataset/asgsed3/SAL/21646,0.19030899955,0.000568120511231
21647,Mena Park,2,Victoria,AUS,Australia,38.6686,http://linked.data.gov.au/dataset/asgsed3/SAL/21647,0.307811472653,0.00394214945457
21648,Mentone,2,Victoria,AUS,Australia,4.528,http://linked.data.gov.au/dataset/asgsed3/SAL/21648,0.127359241115,0.000464299537868
21649,Menzies Creek,2,Victoria,AUS,Australia,7.4682,http://linked.data.gov.au/dataset/asgsed3/SAL/21649,0.161589544573,0.000765244335665
21650,Mepunga,2,Victoria,AUS,Australia,12.5778,http://linked.data.gov.au/dataset/asgsed3/SAL/21650,0.24356096539,0.0012981610474
21651,Mepunga East,2,Victoria,AUS,Australia,19.5192,http://linked.data.gov.au/dataset/asgsed3/SAL/21651,0.247868699077,0.00201426030085
21652,Mepunga West,2,Victoria,AUS,Australia,29.7416,http://linked.data.gov.au/dataset/asgsed3/SAL/21652,0.296415065956,0.00306874501302
21653,Merbein,2,Victoria,AUS,Australia,34.4075,http://linked.data.gov.au/dataset/asgsed3/SAL/21653,0.292804286472,0.00336389553877
21654,Merbein South,2,Victoria,AUS,Australia,29.1277,http://linked.data.gov.au/dataset/asgsed3/SAL/21654,0.25713691493,0.00284965760887
21655,Merbein West,2,Victoria,AUS,Australia,8.1169,http://linked.data.gov.au/dataset/asgsed3/SAL/21655,0.125450823675,0.00079361463196
21656,Meredith,2,Victoria,AUS,Australia,210.8386,http://linked.data.gov.au/dataset/asgsed3/SAL/21656,0.918182345768,0.0215865314042
21657,Meringur,2,Victoria,AUS,Australia,751.865,http://linked.data.gov.au/dataset/asgsed3/SAL/21657,1.21975869819,0.0737098083465
21658,Merino,2,Victoria,AUS,Australia,97.5545,http://linked.data.gov.au/dataset/asgsed3/SAL/21658,0.5994533096,0.00997033301103
21659,Mernda,2,Victoria,AUS,Australia,23.8229,http://linked.data.gov.au/dataset/asgsed3/SAL/21659,0.272013782889,0.00243037033099
21660,Merriang,2,Victoria,AUS,Australia,8.706,http://linked.data.gov.au/dataset/asgsed3/SAL/21660,0.169298184502,0.000876426924808
21661,Merriang South,2,Victoria,AUS,Australia,21.1351,http://linked.data.gov.au/dataset/asgsed3/SAL/21661,0.25841466988,0.00212863563364
21662,Merricks,2,Victoria,AUS,Australia,11.9334,http://linked.data.gov.au/dataset/asgsed3/SAL/21662,0.156223356503,0.00123052396242
21663,Merricks Beach,2,Victoria,AUS,Australia,0.6233,http://linked.data.gov.au/dataset/asgsed3/SAL/21663,0.0385781869498,6.4270158229e-05
21664,Merricks North,2,Victoria,AUS,Australia,25.2352,http://linked.data.gov.au/dataset/asgsed3/SAL/21664,0.240248028292,0.00260056940951
21665,Merrigum,2,Victoria,AUS,Australia,55.8419,http://linked.data.gov.au/dataset/asgsed3/SAL/21665,0.396614527289,0.00560751540324
21666,Merrijig (East Gippsland - Vic.),2,Victoria,AUS,Australia,196.5343,http://linked.data.gov.au/dataset/asgsed3/SAL/21666,0.90093008869,0.0200666298185
21667,Merrijig (Mansfield - Vic.),2,Victoria,AUS,Australia,157.3279,http://linked.data.gov.au/dataset/asgsed3/SAL/21667,0.850013588132,0.0159427548235
21668,Merrimu,2,Victoria,AUS,Australia,18.4329,http://linked.data.gov.au/dataset/asgsed3/SAL/21668,0.22451609645,0.00188210996057
21669,Merrinee,2,Victoria,AUS,Australia,867.9000999999998,http://linked.data.gov.au/dataset/asgsed3/SAL/21669,1.23595515414,0.0850909778037
21670,Merton,2,Victoria,AUS,Australia,119.6475,http://linked.data.gov.au/dataset/asgsed3/SAL/21670,0.585417026219,0.012108703163
21671,Metcalfe,2,Victoria,AUS,Australia,67.6177,http://linked.data.gov.au/dataset/asgsed3/SAL/21671,0.439888808402,0.00685311112403
21672,Metcalfe East,2,Victoria,AUS,Australia,9.8412,http://linked.data.gov.au/dataset/asgsed3/SAL/21672,0.189251367369,0.000998134515468
21673,Metung,2,Victoria,AUS,Australia,27.6078,http://linked.data.gov.au/dataset/asgsed3/SAL/21673,0.31009595637,0.00282687649464
21674,Mia Mia (Vic.),2,Victoria,AUS,Australia,152.2022,http://linked.data.gov.au/dataset/asgsed3/SAL/21674,0.666468355427,0.0154057318078
21675,Mickleham,2,Victoria,AUS,Australia,54.722,http://linked.data.gov.au/dataset/asgsed3/SAL/21675,0.418387327242,0.0055788349316
21676,Middle Creek,2,Victoria,AUS,Australia,37.1303,http://linked.data.gov.au/dataset/asgsed3/SAL/21676,0.361131115637,0.00377838906816
21677,Middle Park (Vic.),2,Victoria,AUS,Australia,0.8475,http://linked.data.gov.au/dataset/asgsed3/SAL/21677,0.0423340758725,8.6770925088e-05
21678,Middle Tarwin,2,Victoria,AUS,Australia,53.3967,http://linked.data.gov.au/dataset/asgsed3/SAL/21678,0.46892257898,0.00552672807117
21679,Miepoll,2,Victoria,AUS,Australia,99.8405,http://linked.data.gov.au/dataset/asgsed3/SAL/21679,0.449801974097,0.0100565180795
21680,Miga Lake,2,Victoria,AUS,Australia,181.1455,http://linked.data.gov.au/dataset/asgsed3/SAL/21680,0.780693080831,0.018304485072
21681,Milawa,2,Victoria,AUS,Australia,67.3899,http://linked.data.gov.au/dataset/asgsed3/SAL/21681,0.583780785587,0.00677447640944
21682,Mildura,2,Victoria,AUS,Australia,78.0417,http://linked.data.gov.au/dataset/asgsed3/SAL/21682,0.537855266442,0.00763403830255
21683,Mill Park,2,Victoria,AUS,Australia,13.066,http://linked.data.gov.au/dataset/asgsed3/SAL/21683,0.200254727733,0.00133421781681
21684,Millbrook (Vic.),2,Victoria,AUS,Australia,39.2996,http://linked.data.gov.au/dataset/asgsed3/SAL/21684,0.368894214061,0.00400992843684
21685,Millgrove,2,Victoria,AUS,Australia,9.3643,http://linked.data.gov.au/dataset/asgsed3/SAL/21685,0.141609639954,0.000957283850216
21686,Milloo,2,Victoria,AUS,Australia,108.2153,http://linked.data.gov.au/dataset/asgsed3/SAL/21686,0.505688310726,0.0108654567301
21687,Milltown,2,Victoria,AUS,Australia,70.8189,http://linked.data.gov.au/dataset/asgsed3/SAL/21687,0.551778662932,0.00726907792066
21688,Milnes Bridge,2,Victoria,AUS,Australia,18.5245,http://linked.data.gov.au/dataset/asgsed3/SAL/21688,0.217742277401,0.0018467046263
21689,Mincha,2,Victoria,AUS,Australia,81.1396,http://linked.data.gov.au/dataset/asgsed3/SAL/21689,0.460956486901,0.00810946815757
21690,Mincha West,2,Victoria,AUS,Australia,75.9214,http://linked.data.gov.au/dataset/asgsed3/SAL/21690,0.39396210903,0.00758064631655
21691,Miners Rest,2,Victoria,AUS,Australia,30.0616,http://linked.data.gov.au/dataset/asgsed3/SAL/21691,0.286935223981,0.00306230149524
21692,Mingay,2,Victoria,AUS,Australia,80.6075,http://linked.data.gov.au/dataset/asgsed3/SAL/21692,0.442816634632,0.00825108670633
21693,Minhamite,2,Victoria,AUS,Australia,109.0269,http://linked.data.gov.au/dataset/asgsed3/SAL/21693,0.598977785615,0.0111814353853
21694,Minimay,2,Victoria,AUS,Australia,275.8092,http://linked.data.gov.au/dataset/asgsed3/SAL/21694,0.927109489179,0.0278130976675
21695,Mininera,2,Victoria,AUS,Australia,111.8954,http://linked.data.gov.au/dataset/asgsed3/SAL/21695,0.63081035017,0.0114172257648
21696,Minjah,2,Victoria,AUS,Australia,87.56709999999998,http://linked.data.gov.au/dataset/asgsed3/SAL/21696,0.645118320855,0.0089881260628
21697,Minmindie,2,Victoria,AUS,Australia,39.4613,http://linked.data.gov.au/dataset/asgsed3/SAL/21697,0.322012110726,0.00394543864238
21698,Minyip,2,Victoria,AUS,Australia,370.28,http://linked.data.gov.au/dataset/asgsed3/SAL/21698,1.04016361201,0.0372243838002
21699,Miowera,2,Victoria,AUS,Australia,135.8623,http://linked.data.gov.au/dataset/asgsed3/SAL/21699,0.645122395526,0.0138383981548
21700,Miralie,2,Victoria,AUS,Australia,9.2492,http://linked.data.gov.au/dataset/asgsed3/SAL/21700,0.131535369182,0.000914669599636
21701,Miram,2,Victoria,AUS,Australia,47.4742,http://linked.data.gov.au/dataset/asgsed3/SAL/21701,0.353931401387,0.00476771266133
21702,Mirboo,2,Victoria,AUS,Australia,75.9148,http://linked.data.gov.au/dataset/asgsed3/SAL/21702,0.531514905717,0.00783750610308
21703,Mirboo North,2,Victoria,AUS,Australia,95.6638,http://linked.data.gov.au/dataset/asgsed3/SAL/21703,0.836568788387,0.00986507826068
21704,Mirimbah,2,Victoria,AUS,Australia,17.4785,http://linked.data.gov.au/dataset/asgsed3/SAL/21704,0.269306535431,0.00177202822035
21705,Mirranatwa,2,Victoria,AUS,Australia,148.7961,http://linked.data.gov.au/dataset/asgsed3/SAL/21705,0.908392765651,0.0151438637146
21706,Mitcham (Vic.),2,Victoria,AUS,Australia,6.6271,http://linked.data.gov.au/dataset/asgsed3/SAL/21706,0.11516706218,0.000678111024091
21707,Mitchell Park (Vic.),2,Victoria,AUS,Australia,19.6526,http://linked.data.gov.au/dataset/asgsed3/SAL/21707,0.201387666068,0.00200266561361
21708,Mitchellstown,2,Victoria,AUS,Australia,52.6723,http://linked.data.gov.au/dataset/asgsed3/SAL/21708,0.44168954302,0.00532084369099
21709,Mitiamo,2,Victoria,AUS,Australia,197.0539,http://linked.data.gov.au/dataset/asgsed3/SAL/21709,0.801999665277,0.0197492615247
21710,Mitre,2,Victoria,AUS,Australia,138.072,http://linked.data.gov.au/dataset/asgsed3/SAL/21710,0.651936314992,0.0139276661429
21711,Mitta Mitta,2,Victoria,AUS,Australia,788.9528,http://linked.data.gov.au/dataset/asgsed3/SAL/21711,1.95445171155,0.0794901961171
21712,Mittyack,2,Victoria,AUS,Australia,186.424,http://linked.data.gov.au/dataset/asgsed3/SAL/21712,0.633060845899,0.0184419519532
21713,Mockinya,2,Victoria,AUS,Australia,85.0154,http://linked.data.gov.au/dataset/asgsed3/SAL/21713,0.433038714613,0.00860187057905
21714,Modella,2,Victoria,AUS,Australia,28.7238,http://linked.data.gov.au/dataset/asgsed3/SAL/21714,0.284256514562,0.00295333784199
21715,Modewarre,2,Victoria,AUS,Australia,35.8118,http://linked.data.gov.au/dataset/asgsed3/SAL/21715,0.290451657455,0.00368668391609
21716,Moe,2,Victoria,AUS,Australia,18.1515,http://linked.data.gov.au/dataset/asgsed3/SAL/21716,0.224962628944,0.00186639390466
21717,Moe South,2,Victoria,AUS,Australia,17.4199,http://linked.data.gov.au/dataset/asgsed3/SAL/21717,0.235137676023,0.00179199080337
21718,Moggs Creek,2,Victoria,AUS,Australia,1.868,http://linked.data.gov.au/dataset/asgsed3/SAL/21718,0.0763405083453,0.00019282253888
21719,Moglonemby,2,Victoria,AUS,Australia,49.9662,http://linked.data.gov.au/dataset/asgsed3/SAL/21719,0.289104630286,0.0050360291813
21720,Mokepilly,2,Victoria,AUS,Australia,22.3088,http://linked.data.gov.au/dataset/asgsed3/SAL/21720,0.238338363735,0.00226107966505
21721,Molesworth (Vic.),2,Victoria,AUS,Australia,88.3678,http://linked.data.gov.au/dataset/asgsed3/SAL/21721,0.573330964773,0.00896434682196
21722,Moliagul,2,Victoria,AUS,Australia,54.7615,http://linked.data.gov.au/dataset/asgsed3/SAL/21722,0.434817082658,0.00552569612006
21723,Molka,2,Victoria,AUS,Australia,120.6453,http://linked.data.gov.au/dataset/asgsed3/SAL/21723,0.530539138375,0.0121621164161
21724,Mollongghip,2,Victoria,AUS,Australia,22.6253,http://linked.data.gov.au/dataset/asgsed3/SAL/21724,0.256929130062,0.00230444902174
21725,Mologa,2,Victoria,AUS,Australia,77.4024,http://linked.data.gov.au/dataset/asgsed3/SAL/21725,0.52634990717,0.00775237326092
21726,Molyullah,2,Victoria,AUS,Australia,87.6911,http://linked.data.gov.au/dataset/asgsed3/SAL/21726,0.554615943175,0.00884015259395
21727,Monbulk,2,Victoria,AUS,Australia,19.8847,http://linked.data.gov.au/dataset/asgsed3/SAL/21727,0.255834824397,0.00203621226627
21728,Monegeetta,2,Victoria,AUS,Australia,25.7516,http://linked.data.gov.au/dataset/asgsed3/SAL/21728,0.325335392183,0.00262052996437
21729,Mongans Bridge,2,Victoria,AUS,Australia,29.771,http://linked.data.gov.au/dataset/asgsed3/SAL/21729,0.34887535219,0.00299793634145
21730,Monomak,2,Victoria,AUS,Australia,148.499,http://linked.data.gov.au/dataset/asgsed3/SAL/21730,0.642388585709,0.0151892089127
21731,Monomeith,2,Victoria,AUS,Australia,18.7905,http://linked.data.gov.au/dataset/asgsed3/SAL/21731,0.302001406175,0.00193290693413
21732,Mont Albert,2,Victoria,AUS,Australia,1.7017,http://linked.data.gov.au/dataset/asgsed3/SAL/21732,0.0581330633772,0.000174155432187
21733,Mont Albert North,2,Victoria,AUS,Australia,2.1643,http://linked.data.gov.au/dataset/asgsed3/SAL/21733,0.0690727280732,0.000221364971558
21734,Montgomery,2,Victoria,AUS,Australia,12.344,http://linked.data.gov.au/dataset/asgsed3/SAL/21734,0.201072735276,0.00126680817154
21735,Montmorency,2,Victoria,AUS,Australia,3.8318,http://linked.data.gov.au/dataset/asgsed3/SAL/21735,0.103588401562,0.000391615214615
21736,Montrose (Vic.),2,Victoria,AUS,Australia,11.0304,http://linked.data.gov.au/dataset/asgsed3/SAL/21736,0.229486987272,0.00112861600038
21737,Moolap,2,Victoria,AUS,Australia,34.5899,http://linked.data.gov.au/dataset/asgsed3/SAL/21737,0.323573916145,0.003556654709
21738,Moolerr,2,Victoria,AUS,Australia,43.6526,http://linked.data.gov.au/dataset/asgsed3/SAL/21738,0.394847435408,0.0043988884273
21739,Moolort,2,Victoria,AUS,Australia,94.93490000000001,http://linked.data.gov.au/dataset/asgsed3/SAL/21739,0.504730821217,0.00961848248484
21740,Moonambel,2,Victoria,AUS,Australia,63.1253,http://linked.data.gov.au/dataset/asgsed3/SAL/21740,0.401673898437,0.00638928021538
21741,Moondarra,2,Victoria,AUS,Australia,122.3932,http://linked.data.gov.au/dataset/asgsed3/SAL/21741,0.637955859606,0.0125623570169
21742,Moonee Ponds,2,Victoria,AUS,Australia,4.3551,http://linked.data.gov.au/dataset/asgsed3/SAL/21742,0.114523469625,0.000445357075103
21743,Moonlight Flat (Central Goldfields - Vic.),2,Victoria,AUS,Australia,14.0911,http://linked.data.gov.au/dataset/asgsed3/SAL/21743,0.24256259986,0.00142735008346
21744,Moonlight Flat (Mount Alexander - Vic.),2,Victoria,AUS,Australia,3.0677,http://linked.data.gov.au/dataset/asgsed3/SAL/21744,0.0959070375843,0.000310807308585
21745,Moora (Vic.),2,Victoria,AUS,Australia,15.2589,http://linked.data.gov.au/dataset/asgsed3/SAL/21745,0.178598678406,0.00153685901949
21746,Moorabbin,2,Victoria,AUS,Australia,4.5832,http://linked.data.gov.au/dataset/asgsed3/SAL/21746,0.108880183842,0.000469729775092
21747,Moorabbin Airport,2,Victoria,AUS,Australia,2.9975,http://linked.data.gov.au/dataset/asgsed3/SAL/21747,0.0784919440115,0.000307375620447
21748,Moorabool,2,Victoria,AUS,Australia,25.4631,http://linked.data.gov.au/dataset/asgsed3/SAL/21748,0.275806748859,0.00261357223465
21749,Mooralla,2,Victoria,AUS,Australia,238.6488,http://linked.data.gov.au/dataset/asgsed3/SAL/21749,0.783520522146,0.0242831666766
21750,Moorilim,2,Victoria,AUS,Australia,31.1442,http://linked.data.gov.au/dataset/asgsed3/SAL/21750,0.375549955088,0.00313789091276
21751,Moormbool West,2,Victoria,AUS,Australia,139.6199,http://linked.data.gov.au/dataset/asgsed3/SAL/21751,0.544935257975,0.0140983692686
21752,Moornapa,2,Victoria,AUS,Australia,202.7714,http://linked.data.gov.au/dataset/asgsed3/SAL/21752,0.974642328576,0.0207152058776
21753,Moorngag,2,Victoria,AUS,Australia,41.8159,http://linked.data.gov.au/dataset/asgsed3/SAL/21753,0.285809640837,0.00421865667946
21754,Moorooduc,2,Victoria,AUS,Australia,42.8797,http://linked.data.gov.au/dataset/asgsed3/SAL/21754,0.281966443454,0.00441299403507
21755,Mooroolbark,2,Victoria,AUS,Australia,12.5016,http://linked.data.gov.au/dataset/asgsed3/SAL/21755,0.208186442818,0.00127864476557
21756,Mooroopna,2,Victoria,AUS,Australia,39.9733,http://linked.data.gov.au/dataset/asgsed3/SAL/21756,0.396978602057,0.00401558985549
21757,Mooroopna North,2,Victoria,AUS,Australia,40.9691,http://linked.data.gov.au/dataset/asgsed3/SAL/21757,0.404736320171,0.00411178435945
21758,Mooroopna North West,2,Victoria,AUS,Australia,19.9354,http://linked.data.gov.au/dataset/asgsed3/SAL/21758,0.19713613758,0.00200134004195
21759,Moranding,2,Victoria,AUS,Australia,31.2499,http://linked.data.gov.au/dataset/asgsed3/SAL/21759,0.287754457106,0.00317310355778
21760,Mordialloc,2,Victoria,AUS,Australia,4.4068,http://linked.data.gov.au/dataset/asgsed3/SAL/21760,0.10260745342,0.000451980298409
21761,Morgiana,2,Victoria,AUS,Australia,32.1807,http://linked.data.gov.au/dataset/asgsed3/SAL/21761,0.356132254943,0.00328895127044
21762,Moriac,2,Victoria,AUS,Australia,17.9486,http://linked.data.gov.au/dataset/asgsed3/SAL/21762,0.201467286635,0.00184719461958
21763,Mornington (Vic.),2,Victoria,AUS,Australia,21.0928,http://linked.data.gov.au/dataset/asgsed3/SAL/21763,0.225375677421,0.00217034525908
21764,Moroka,2,Victoria,AUS,Australia,136.1005,http://linked.data.gov.au/dataset/asgsed3/SAL/21764,0.709586967501,0.0138656139276
21765,Morrisons,2,Victoria,AUS,Australia,68.5816,http://linked.data.gov.au/dataset/asgsed3/SAL/21765,0.491685149638,0.00701277181424
21766,Morrl Morrl,2,Victoria,AUS,Australia,37.3771,http://linked.data.gov.au/dataset/asgsed3/SAL/21766,0.401500339561,0.00377714909722
21767,Mortlake (Vic.),2,Victoria,AUS,Australia,354.4928,http://linked.data.gov.au/dataset/asgsed3/SAL/21767,1.08937778979,0.0363898288234
21768,Morton Plains,2,Victoria,AUS,Australia,136.036,http://linked.data.gov.au/dataset/asgsed3/SAL/21768,0.597539209466,0.0136107964512
21769,Morwell,2,Victoria,AUS,Australia,44.7948,http://linked.data.gov.au/dataset/asgsed3/SAL/21769,0.371013361606,0.00460877262618
21770,Mossiface,2,Victoria,AUS,Australia,10.9619,http://linked.data.gov.au/dataset/asgsed3/SAL/21770,0.182514992033,0.0011205452253
21771,Mount Alfred,2,Victoria,AUS,Australia,61.5855,http://linked.data.gov.au/dataset/asgsed3/SAL/21771,0.532310097818,0.00615584301042
21772,Mount Beauty,2,Victoria,AUS,Australia,53.8002,http://linked.data.gov.au/dataset/asgsed3/SAL/21772,0.373953460258,0.00542898343219
21773,Mount Beckworth,2,Victoria,AUS,Australia,24.8008,http://linked.data.gov.au/dataset/asgsed3/SAL/21773,0.244493182654,0.00252072037145
21774,Mount Best,2,Victoria,AUS,Australia,15.9951,http://linked.data.gov.au/dataset/asgsed3/SAL/21774,0.242760943907,0.00165380475763
21775,Mount Bolton,2,Victoria,AUS,Australia,25.7943,http://linked.data.gov.au/dataset/asgsed3/SAL/21775,0.264431882335,0.00262344372563
21776,Mount Bruno,2,Victoria,AUS,Australia,22.8531,http://linked.data.gov.au/dataset/asgsed3/SAL/21776,0.216525582559,0.0022934816655
21777,Mount Buffalo,2,Victoria,AUS,Australia,205.3172,http://linked.data.gov.au/dataset/asgsed3/SAL/21777,0.791116595461,0.020713761042
21778,Mount Buller,2,Victoria,AUS,Australia,972.7301000000001,http://linked.data.gov.au/dataset/asgsed3/SAL/21778,2.15080291141,0.0988100358836
21779,Mount Burnett,2,Victoria,AUS,Australia,10.2179,http://linked.data.gov.au/dataset/asgsed3/SAL/21779,0.203545291095,0.0010477278248
21780,Mount Bute,2,Victoria,AUS,Australia,66.0122,http://linked.data.gov.au/dataset/asgsed3/SAL/21780,0.393246791057,0.00675958766591
21781,Mount Camel,2,Victoria,AUS,Australia,63.5186,http://linked.data.gov.au/dataset/asgsed3/SAL/21781,0.504950985167,0.00641421062678
21782,Mount Cameron,2,Victoria,AUS,Australia,31.5861,http://linked.data.gov.au/dataset/asgsed3/SAL/21782,0.254030077756,0.00320587480736
21783,Mount Clear,2,Victoria,AUS,Australia,10.1515,http://linked.data.gov.au/dataset/asgsed3/SAL/21783,0.16733171579,0.0010358065239
21784,Mount Cole,2,Victoria,AUS,Australia,52.2887,http://linked.data.gov.au/dataset/asgsed3/SAL/21784,0.376448286081,0.00531101631178
21785,Mount Cole Creek,2,Victoria,AUS,Australia,39.6514,http://linked.data.gov.au/dataset/asgsed3/SAL/21785,0.287129512157,0.00402549137774
21786,Mount Cottrell,2,Victoria,AUS,Australia,66.2043,http://linked.data.gov.au/dataset/asgsed3/SAL/21786,0.454816416051,0.0067715858817
21787,Mount Dandenong,2,Victoria,AUS,Australia,7.9363,http://linked.data.gov.au/dataset/asgsed3/SAL/21787,0.147264944686,0.00081226150897
21788,Mount Doran,2,Victoria,AUS,Australia,6.5788,http://linked.data.gov.au/dataset/asgsed3/SAL/21788,0.15362958716,0.000672322746139
21789,Mount Dryden,2,Victoria,AUS,Australia,41.0463,http://linked.data.gov.au/dataset/asgsed3/SAL/21789,0.288170512263,0.00415767485967
21790,Mount Duneed,2,Victoria,AUS,Australia,52.1088,http://linked.data.gov.au/dataset/asgsed3/SAL/21790,0.414313362213,0.00536270589687
21791,Mount Eccles,2,Victoria,AUS,Australia,20.3055,http://linked.data.gov.au/dataset/asgsed3/SAL/21791,0.289837142379,0.0020935519817
21792,Mount Egerton,2,Victoria,AUS,Australia,55.9257,http://linked.data.gov.au/dataset/asgsed3/SAL/21792,0.57435260366,0.00570964690298
21793,Mount Eliza,2,Victoria,AUS,Australia,23.2077,http://linked.data.gov.au/dataset/asgsed3/SAL/21793,0.211589774947,0.00238682422419
21794,Mount Emu,2,Victoria,AUS,Australia,56.3933,http://linked.data.gov.au/dataset/asgsed3/SAL/21794,0.415536234605,0.00575404346514
21795,Mount Evelyn,2,Victoria,AUS,Australia,16.9894,http://linked.data.gov.au/dataset/asgsed3/SAL/21795,0.224832634622,0.00173775814631
21796,Mount Franklin,2,Victoria,AUS,Australia,17.1562,http://linked.data.gov.au/dataset/asgsed3/SAL/21796,0.200703405611,0.00174263037123
21797,Mount Glasgow,2,Victoria,AUS,Australia,12.3459,http://linked.data.gov.au/dataset/asgsed3/SAL/21797,0.183870044421,0.00125310976927
21798,Mount Helen,2,Victoria,AUS,Australia,12.3335,http://linked.data.gov.au/dataset/asgsed3/SAL/21798,0.186331755149,0.00125884353876
21799,Mount Hooghly,2,Victoria,AUS,Australia,45.7876,http://linked.data.gov.au/dataset/asgsed3/SAL/21799,0.375887571991,0.00463004985165
21800,Mount Lonarch,2,Victoria,AUS,Australia,69.9769,http://linked.data.gov.au/dataset/asgsed3/SAL/21800,0.519149931663,0.00710863028767
21801,Mount Macedon,2,Victoria,AUS,Australia,34.0169,http://linked.data.gov.au/dataset/asgsed3/SAL/21801,0.311445819728,0.00346127426704
21802,Mount Major,2,Victoria,AUS,Australia,15.4602,http://linked.data.gov.au/dataset/asgsed3/SAL/21802,0.194619428118,0.00155240564474
21803,Mount Martha,2,Victoria,AUS,Australia,30.2094,http://linked.data.gov.au/dataset/asgsed3/SAL/21803,0.257743587218,0.00311025821895
21804,Mount Mercer,2,Victoria,AUS,Australia,107.5364,http://linked.data.gov.au/dataset/asgsed3/SAL/21804,0.536448970219,0.0110064939183
21805,Mount Moriac,2,Victoria,AUS,Australia,40.6493,http://linked.data.gov.au/dataset/asgsed3/SAL/21805,0.332865640006,0.0041814952373
21806,Mount Napier,2,Victoria,AUS,Australia,32.5074,http://linked.data.gov.au/dataset/asgsed3/SAL/21806,0.299138606075,0.00333010955984
21807,Mount Pleasant (Vic.),2,Victoria,AUS,Australia,2.0342,http://linked.data.gov.au/dataset/asgsed3/SAL/21807,0.0755599949589,0.000207493769189
21808,Mount Prospect,2,Victoria,AUS,Australia,13.9529,http://linked.data.gov.au/dataset/asgsed3/SAL/21808,0.253143652984,0.00141973324321
21809,Mount Richmond,2,Victoria,AUS,Australia,325.0732,http://linked.data.gov.au/dataset/asgsed3/SAL/21809,0.879775115196,0.0334136097286
21810,Mount Rowan,2,Victoria,AUS,Australia,8.605600000000003,http://linked.data.gov.au/dataset/asgsed3/SAL/21810,0.1215282533,0.000876874525141
21811,Mount Sabine,2,Victoria,AUS,Australia,5.0269,http://linked.data.gov.au/dataset/asgsed3/SAL/21811,0.166812417373,0.000520077646222
21812,Mount Tassie,2,Victoria,AUS,Australia,19.5037,http://linked.data.gov.au/dataset/asgsed3/SAL/21812,0.219716647535,0.00201109090882
21813,Mount Taylor,2,Victoria,AUS,Australia,86.4024,http://linked.data.gov.au/dataset/asgsed3/SAL/21813,0.5627787607,0.008830054768
21814,Mount Toolebewong,2,Victoria,AUS,Australia,13.9381,http://linked.data.gov.au/dataset/asgsed3/SAL/21814,0.194914049461,0.00142432042427
21815,Mount Wallace,2,Victoria,AUS,Australia,68.5119,http://linked.data.gov.au/dataset/asgsed3/SAL/21815,0.52779479001,0.00700226931962
21816,Mount Waverley,2,Victoria,AUS,Australia,15.1846,http://linked.data.gov.au/dataset/asgsed3/SAL/21816,0.158560277588,0.00155504026993
21817,Mountain Bay,2,Victoria,AUS,Australia,9.5905,http://linked.data.gov.au/dataset/asgsed3/SAL/21817,0.292884313709,0.000973364795134
21818,Mountain View (Vic.),2,Victoria,AUS,Australia,21.33,http://linked.data.gov.au/dataset/asgsed3/SAL/21818,0.25044613702,0.00219682446762
21819,Moutajup,2,Victoria,AUS,Australia,105.008,http://linked.data.gov.au/dataset/asgsed3/SAL/21819,0.630841882217,0.0107244774754
21820,Moyhu,2,Victoria,AUS,Australia,97.2304,http://linked.data.gov.au/dataset/asgsed3/SAL/21820,0.599096807368,0.00979179999054
21821,Moyreisk,2,Victoria,AUS,Australia,66.6239,http://linked.data.gov.au/dataset/asgsed3/SAL/21821,0.427732456592,0.00673344148571
21822,Moyston,2,Victoria,AUS,Australia,227.3529,http://linked.data.gov.au/dataset/asgsed3/SAL/21822,0.860652463002,0.0231021400843
21823,Muckatah,2,Victoria,AUS,Australia,35.2583,http://linked.data.gov.au/dataset/asgsed3/SAL/21823,0.282042478821,0.00352439318732
21824,Muckleford,2,Victoria,AUS,Australia,52.0335,http://linked.data.gov.au/dataset/asgsed3/SAL/21824,0.422401697102,0.00527100406588
21825,Muckleford South,2,Victoria,AUS,Australia,19.1652,http://linked.data.gov.au/dataset/asgsed3/SAL/21825,0.230782422361,0.00194279098855
21826,Mudgegonga,2,Victoria,AUS,Australia,153.8073,http://linked.data.gov.au/dataset/asgsed3/SAL/21826,0.722386888123,0.0154698120097
21827,Mulgrave (Vic.),2,Victoria,AUS,Australia,10.7328,http://linked.data.gov.au/dataset/asgsed3/SAL/21827,0.208436564742,0.00109977640583
21828,Mumbannar,2,Victoria,AUS,Australia,407.9138,http://linked.data.gov.au/dataset/asgsed3/SAL/21828,1.00165420942,0.0417970343013
21829,Mundoona,2,Victoria,AUS,Australia,32.7974,http://linked.data.gov.au/dataset/asgsed3/SAL/21829,0.316225454278,0.0032849932169
21830,Munro,2,Victoria,AUS,Australia,121.8319,http://linked.data.gov.au/dataset/asgsed3/SAL/21830,0.665987603937,0.0124808802856
21831,Muntham,2,Victoria,AUS,Australia,25.647,http://linked.data.gov.au/dataset/asgsed3/SAL/21831,0.312071296665,0.00261580647872
21832,Murchison (Vic.),2,Victoria,AUS,Australia,100.3669,http://linked.data.gov.au/dataset/asgsed3/SAL/21832,0.592393696489,0.0101116032525
21833,Murchison East,2,Victoria,AUS,Australia,29.5709,http://linked.data.gov.au/dataset/asgsed3/SAL/21833,0.293326282047,0.0029787477862
21834,Murchison North,2,Victoria,AUS,Australia,32.4637,http://linked.data.gov.au/dataset/asgsed3/SAL/21834,0.358373926148,0.00326812397085
21835,Murgheboluc,2,Victoria,AUS,Australia,33.6084,http://linked.data.gov.au/dataset/asgsed3/SAL/21835,0.385109933457,0.00345200259062
21836,Murmungee,2,Victoria,AUS,Australia,52.4793,http://linked.data.gov.au/dataset/asgsed3/SAL/21836,0.426042384864,0.00527486156974
21837,Murnungin,2,Victoria,AUS,Australia,75.5262,http://linked.data.gov.au/dataset/asgsed3/SAL/21837,0.346345107411,0.00751344058973
21838,Murphys Creek (Vic.),2,Victoria,AUS,Australia,76.6885,http://linked.data.gov.au/dataset/asgsed3/SAL/21838,0.386167781328,0.00773698082795
21839,Murra Warra,2,Victoria,AUS,Australia,150.6867,http://linked.data.gov.au/dataset/asgsed3/SAL/21839,0.579181796488,0.0151469183336
21840,Murrabit,2,Victoria,AUS,Australia,51.8302,http://linked.data.gov.au/dataset/asgsed3/SAL/21840,0.415699006782,0.00515154469834
21841,Murrabit West,2,Victoria,AUS,Australia,17.7807,http://linked.data.gov.au/dataset/asgsed3/SAL/21841,0.235046154429,0.00176655066851
21842,Murrawee,2,Victoria,AUS,Australia,7.0313,http://linked.data.gov.au/dataset/asgsed3/SAL/21842,0.119417060246,0.000696777230381
21843,Murray-sunset,2,Victoria,AUS,Australia,6375.5371,http://linked.data.gov.au/dataset/asgsed3/SAL/21843,6.80576800845,0.627348885109
21844,Murraydale,2,Victoria,AUS,Australia,12.2256,http://linked.data.gov.au/dataset/asgsed3/SAL/21844,0.19316083426,0.00121125748314
21845,Murrayville,2,Victoria,AUS,Australia,524.5315,http://linked.data.gov.au/dataset/asgsed3/SAL/21845,1.13854991354,0.0519161667258
21846,Murrindal,2,Victoria,AUS,Australia,15.0859,http://linked.data.gov.au/dataset/asgsed3/SAL/21846,0.283412055645,0.00153548062643
21847,Murrindindi,2,Victoria,AUS,Australia,229.2223,http://linked.data.gov.au/dataset/asgsed3/SAL/21847,0.916599958457,0.0233214627794
21848,Murroon,2,Victoria,AUS,Australia,48.1829,http://linked.data.gov.au/dataset/asgsed3/SAL/21848,0.386018215577,0.00497045132393
21849,Murrumbeena,2,Victoria,AUS,Australia,2.632,http://linked.data.gov.au/dataset/asgsed3/SAL/21849,0.0806358678605,0.000269616461071
21850,Murtoa,2,Victoria,AUS,Australia,323.278,http://linked.data.gov.au/dataset/asgsed3/SAL/21850,0.934435753191,0.0325595015165
21851,Musk,2,Victoria,AUS,Australia,17.0437,http://linked.data.gov.au/dataset/asgsed3/SAL/21851,0.264164158875,0.00173363137323
21852,Musk Vale,2,Victoria,AUS,Australia,7.8557,http://linked.data.gov.au/dataset/asgsed3/SAL/21852,0.190315384746,0.000799218754155
21853,Muskerry,2,Victoria,AUS,Australia,88.0006,http://linked.data.gov.au/dataset/asgsed3/SAL/21853,0.476123904784,0.00887295884102
21854,Myall (Buloke - Vic.),2,Victoria,AUS,Australia,86.8495,http://linked.data.gov.au/dataset/asgsed3/SAL/21854,0.384215260458,0.00863139017401
21855,Myall (Gannawarra - Vic.),2,Victoria,AUS,Australia,85.3652,http://linked.data.gov.au/dataset/asgsed3/SAL/21855,0.542773303442,0.00849067382303
21856,Myamyn,2,Victoria,AUS,Australia,61.6302,http://linked.data.gov.au/dataset/asgsed3/SAL/21856,0.403361466084,0.00632200009506
21857,Myers Flat,2,Victoria,AUS,Australia,30.1884,http://linked.data.gov.au/dataset/asgsed3/SAL/21857,0.256904373802,0.00304446825744
21858,Myola (Vic.),2,Victoria,AUS,Australia,34.793,http://linked.data.gov.au/dataset/asgsed3/SAL/21858,0.307036749742,0.00350542361945
21859,Myrniong,2,Victoria,AUS,Australia,63.0507,http://linked.data.gov.au/dataset/asgsed3/SAL/21859,0.747283311569,0.00643281558167
21860,Myrrhee,2,Victoria,AUS,Australia,157.0775,http://linked.data.gov.au/dataset/asgsed3/SAL/21860,0.703527283136,0.0158491993901
21861,Myrtle Creek (Vic.),2,Victoria,AUS,Australia,47.2959,http://linked.data.gov.au/dataset/asgsed3/SAL/21861,0.398887570201,0.00478390654794
21862,Myrtlebank,2,Victoria,AUS,Australia,15.0214,http://linked.data.gov.au/dataset/asgsed3/SAL/21862,0.328529183075,0.00154219921007
21863,Myrtleford,2,Victoria,AUS,Australia,79.6682,http://linked.data.gov.au/dataset/asgsed3/SAL/21863,0.672679148161,0.00802093473609
21864,Mysia,2,Victoria,AUS,Australia,113.3781,http://linked.data.gov.au/dataset/asgsed3/SAL/21864,0.56560313315,0.0113646712321
21865,Mystic Park,2,Victoria,AUS,Australia,100.0347,http://linked.data.gov.au/dataset/asgsed3/SAL/21865,0.536205064495,0.00994538718398
21866,Mywee,2,Victoria,AUS,Australia,25.7747,http://linked.data.gov.au/dataset/asgsed3/SAL/21866,0.251099941697,0.00257127144236
21867,Nagambie,2,Victoria,AUS,Australia,144.8989,http://linked.data.gov.au/dataset/asgsed3/SAL/21867,0.773852686555,0.0146277153342
21868,Nalangil,2,Victoria,AUS,Australia,17.682,http://linked.data.gov.au/dataset/asgsed3/SAL/21868,0.232958568655,0.00182161264562
21869,Nalinga,2,Victoria,AUS,Australia,19.6988,http://linked.data.gov.au/dataset/asgsed3/SAL/21869,0.251414948896,0.00197946591571
21870,Nambrok,2,Victoria,AUS,Australia,67.0757,http://linked.data.gov.au/dataset/asgsed3/SAL/21870,0.441298279122,0.00688796036865
21871,Nandaly,2,Victoria,AUS,Australia,92.9185,http://linked.data.gov.au/dataset/asgsed3/SAL/21871,0.430599433376,0.00920938499432
21872,Nangana,2,Victoria,AUS,Australia,3.9326,http://linked.data.gov.au/dataset/asgsed3/SAL/21872,0.142715664112,0.000402717737539
21873,Nangeela,2,Victoria,AUS,Australia,55.1522,http://linked.data.gov.au/dataset/asgsed3/SAL/21873,0.412021872499,0.0056181457016
21874,Nangiloc,2,Victoria,AUS,Australia,58.9406,http://linked.data.gov.au/dataset/asgsed3/SAL/21874,0.417651972811,0.00578386696448
21875,Nanneella,2,Victoria,AUS,Australia,95.9291,http://linked.data.gov.au/dataset/asgsed3/SAL/21875,0.492241772365,0.00963015824302
21876,Nap Nap Marra,2,Victoria,AUS,Australia,135.2982,http://linked.data.gov.au/dataset/asgsed3/SAL/21876,0.459945861326,0.0137999092894
21877,Napoleons,2,Victoria,AUS,Australia,46.1811,http://linked.data.gov.au/dataset/asgsed3/SAL/21877,0.430517666478,0.00471740949831
21878,Nar Nar Goon,2,Victoria,AUS,Australia,52.0091,http://linked.data.gov.au/dataset/asgsed3/SAL/21878,0.387594997414,0.00534234653063
21879,Nar Nar Goon North,2,Victoria,AUS,Australia,42.0009,http://linked.data.gov.au/dataset/asgsed3/SAL/21879,0.395896759334,0.00431023273791
21880,Narbethong,2,Victoria,AUS,Australia,154.8712,http://linked.data.gov.au/dataset/asgsed3/SAL/21880,0.677262705863,0.0157870780085
21881,Nareeb,2,Victoria,AUS,Australia,90.6437,http://linked.data.gov.au/dataset/asgsed3/SAL/21881,0.654187361265,0.0092770770509
21882,Nareen,2,Victoria,AUS,Australia,217.7309,http://linked.data.gov.au/dataset/asgsed3/SAL/21882,0.871495748048,0.0221524193111
21883,Nareewillock,2,Victoria,AUS,Australia,93.7982,http://linked.data.gov.au/dataset/asgsed3/SAL/21883,0.460323204566,0.00939399404619
21884,Nariel Valley,2,Victoria,AUS,Australia,1215.3961,http://linked.data.gov.au/dataset/asgsed3/SAL/21884,2.10297480437,0.122262181695
21885,Naring,2,Victoria,AUS,Australia,72.0499,http://linked.data.gov.au/dataset/asgsed3/SAL/21885,0.375701103571,0.00720739058389
21886,Naringal,2,Victoria,AUS,Australia,31.5233,http://linked.data.gov.au/dataset/asgsed3/SAL/21886,0.344344691663,0.0032508426226
21887,Naringal East,2,Victoria,AUS,Australia,32.923,http://linked.data.gov.au/dataset/asgsed3/SAL/21887,0.356747411648,0.00339571275973
21888,Naroghid,2,Victoria,AUS,Australia,21.0875,http://linked.data.gov.au/dataset/asgsed3/SAL/21888,0.306168593363,0.00217038067357
21889,Narracan,2,Victoria,AUS,Australia,37.8748,http://linked.data.gov.au/dataset/asgsed3/SAL/21889,0.402782997237,0.00389914668453
21890,Narraport,2,Victoria,AUS,Australia,166.6758,http://linked.data.gov.au/dataset/asgsed3/SAL/21890,0.679244646317,0.0166642788673
21891,Narrapumelap South,2,Victoria,AUS,Australia,77.97979999999998,http://linked.data.gov.au/dataset/asgsed3/SAL/21891,0.506072728761,0.00797236024439
21892,Narrawong,2,Victoria,AUS,Australia,25.3451,http://linked.data.gov.au/dataset/asgsed3/SAL/21892,0.309368014863,0.00260812516867
21893,Narre Warren,2,Victoria,AUS,Australia,14.5354,http://linked.data.gov.au/dataset/asgsed3/SAL/21893,0.201870002946,0.0014913571811
21894,Narre Warren East,2,Victoria,AUS,Australia,9.4321,http://linked.data.gov.au/dataset/asgsed3/SAL/21894,0.205869530324,0.000967004256508
21895,Narre Warren North,2,Victoria,AUS,Australia,22.0218,http://linked.data.gov.au/dataset/asgsed3/SAL/21895,0.238516370826,0.00225829731592
21896,Narre Warren South,2,Victoria,AUS,Australia,13.234,http://linked.data.gov.au/dataset/asgsed3/SAL/21896,0.192958856701,0.00135845205028
21897,Narrung (Vic.),2,Victoria,AUS,Australia,41.0221,http://linked.data.gov.au/dataset/asgsed3/SAL/21897,0.344951109449,0.00403974165346
21898,Nathalia,2,Victoria,AUS,Australia,189.7545,http://linked.data.gov.au/dataset/asgsed3/SAL/21898,0.674325536441,0.0189805994095
21899,Natimuk,2,Victoria,AUS,Australia,157.3636,http://linked.data.gov.au/dataset/asgsed3/SAL/21899,0.691416165841,0.0158760354598
21900,Natte Yallock,2,Victoria,AUS,Australia,139.4416,http://linked.data.gov.au/dataset/asgsed3/SAL/21900,0.72685959386,0.0141060423123
21901,Natya,2,Victoria,AUS,Australia,234.2478,http://linked.data.gov.au/dataset/asgsed3/SAL/21901,0.914551411437,0.0231170776545
21902,Navarre,2,Victoria,AUS,Australia,107.9488,http://linked.data.gov.au/dataset/asgsed3/SAL/21902,0.573400125826,0.0109145106379
21903,Navigators,2,Victoria,AUS,Australia,21.2645,http://linked.data.gov.au/dataset/asgsed3/SAL/21903,0.284210942412,0.00216995662531
21904,Nayook,2,Victoria,AUS,Australia,10.6315,http://linked.data.gov.au/dataset/asgsed3/SAL/21904,0.171565181523,0.00108925425401
21905,Neds Corner,2,Victoria,AUS,Australia,454.2107,http://linked.data.gov.au/dataset/asgsed3/SAL/21905,1.2773189282,0.0444333494933
21906,Neereman,2,Victoria,AUS,Australia,34.6546,http://linked.data.gov.au/dataset/asgsed3/SAL/21906,0.494131844135,0.00350448949737
21907,Neerim,2,Victoria,AUS,Australia,16.0094,http://linked.data.gov.au/dataset/asgsed3/SAL/21907,0.244759678723,0.00164115357496
21908,Neerim East,2,Victoria,AUS,Australia,96.4133,http://linked.data.gov.au/dataset/asgsed3/SAL/21908,0.694894725067,0.00988904841136
21909,Neerim Junction,2,Victoria,AUS,Australia,15.0015,http://linked.data.gov.au/dataset/asgsed3/SAL/21909,0.268042219248,0.00153718647767
21910,Neerim North,2,Victoria,AUS,Australia,26.781,http://linked.data.gov.au/dataset/asgsed3/SAL/21910,0.380733499259,0.00274416967551
21911,Neerim South,2,Victoria,AUS,Australia,63.7795,http://linked.data.gov.au/dataset/asgsed3/SAL/21911,0.587269365615,0.00654322986192
21912,Neilborough,2,Victoria,AUS,Australia,78.5361,http://linked.data.gov.au/dataset/asgsed3/SAL/21912,0.441306332811,0.00790607370775
21913,Nelse,2,Victoria,AUS,Australia,223.0968,http://linked.data.gov.au/dataset/asgsed3/SAL/21913,0.835097605664,0.0225360173283
21914,Nelson (Vic.),2,Victoria,AUS,Australia,225.208,http://linked.data.gov.au/dataset/asgsed3/SAL/21914,0.858103740739,0.0231208218654
21915,Nerrena,2,Victoria,AUS,Australia,36.614,http://linked.data.gov.au/dataset/asgsed3/SAL/21915,0.417917862255,0.0037812812716
21916,Nerrin Nerrin,2,Victoria,AUS,Australia,134.3852,http://linked.data.gov.au/dataset/asgsed3/SAL/21916,0.678401975693,0.0137400062759
21917,Nerrina,2,Victoria,AUS,Australia,6.8022,http://linked.data.gov.au/dataset/asgsed3/SAL/21917,0.146735917942,0.000693462911876
21918,Nerring,2,Victoria,AUS,Australia,18.7568,http://linked.data.gov.au/dataset/asgsed3/SAL/21918,0.228307093998,0.00191122808867
21919,Netherby (Vic.),2,Victoria,AUS,Australia,422.9746,http://linked.data.gov.au/dataset/asgsed3/SAL/21919,1.16305822294,0.042317575347
21920,Neuarpurr,2,Victoria,AUS,Australia,271.7564,http://linked.data.gov.au/dataset/asgsed3/SAL/21920,0.862853087233,0.0274064855686
21921,New Gisborne,2,Victoria,AUS,Australia,26.2249,http://linked.data.gov.au/dataset/asgsed3/SAL/21921,0.264085053957,0.00267047310105
21922,Newborough,2,Victoria,AUS,Australia,19.4965,http://linked.data.gov.au/dataset/asgsed3/SAL/21922,0.252735362977,0.00200460490019
21923,Newbridge (Vic.),2,Victoria,AUS,Australia,96.3208,http://linked.data.gov.au/dataset/asgsed3/SAL/21923,0.508488451687,0.00971875465027
21924,Newbury,2,Victoria,AUS,Australia,5.7972,http://linked.data.gov.au/dataset/asgsed3/SAL/21924,0.133166975546,0.000590095778712
21925,Newcomb,2,Victoria,AUS,Australia,3.5924,http://linked.data.gov.au/dataset/asgsed3/SAL/21925,0.0790396338357,0.000369297434836
21926,Newfield,2,Victoria,AUS,Australia,25.5553,http://linked.data.gov.au/dataset/asgsed3/SAL/21926,0.266597697088,0.00264135057272
21927,Newham,2,Victoria,AUS,Australia,48.9959,http://linked.data.gov.au/dataset/asgsed3/SAL/21927,0.382086329264,0.00497930620641
21928,Newhaven,2,Victoria,AUS,Australia,8.6439,http://linked.data.gov.au/dataset/asgsed3/SAL/21928,0.21842860257,0.000892827247816
21929,Newington (Vic.),2,Victoria,AUS,Australia,2.3949,http://linked.data.gov.au/dataset/asgsed3/SAL/21929,0.0673763188404,0.000244247874789
21930,Newlands Arm,2,Victoria,AUS,Australia,2.8759,http://linked.data.gov.au/dataset/asgsed3/SAL/21930,0.152406336261,0.000294702989917
21931,Newlyn,2,Victoria,AUS,Australia,24.4249,http://linked.data.gov.au/dataset/asgsed3/SAL/21931,0.299911115537,0.00248604346196
21932,Newlyn North,2,Victoria,AUS,Australia,10.4074,http://linked.data.gov.au/dataset/asgsed3/SAL/21932,0.213187816392,0.00105899206042
21933,Newmerella,2,Victoria,AUS,Australia,55.2811,http://linked.data.gov.au/dataset/asgsed3/SAL/21933,0.506323478052,0.005651673806
21934,Newport (Vic.),2,Victoria,AUS,Australia,5.006,http://linked.data.gov.au/dataset/asgsed3/SAL/21934,0.170474267557,0.000512392359058
21935,Newry,2,Victoria,AUS,Australia,91.56760000000001,http://linked.data.gov.au/dataset/asgsed3/SAL/21935,0.711306858066,0.00937943198892
21936,Newstead (Vic.),2,Victoria,AUS,Australia,46.6858,http://linked.data.gov.au/dataset/asgsed3/SAL/21936,0.391353063859,0.00473256608127
21937,Newtown (Golden Plains - Vic.),2,Victoria,AUS,Australia,12.3747,http://linked.data.gov.au/dataset/asgsed3/SAL/21937,0.257459804157,0.00126429920168
21938,Newtown (Greater Geelong - Vic.),2,Victoria,AUS,Australia,5.8078,http://linked.data.gov.au/dataset/asgsed3/SAL/21938,0.117893468941,0.000596905206778
21939,Nhill,2,Victoria,AUS,Australia,942.8652,http://linked.data.gov.au/dataset/asgsed3/SAL/21939,1.56748075887,0.0946006043006
21940,Nichols Point,2,Victoria,AUS,Australia,24.0547,http://linked.data.gov.au/dataset/asgsed3/SAL/21940,0.223969891794,0.00235313209309
21941,Nicholson (Vic.),2,Victoria,AUS,Australia,68.2582,http://linked.data.gov.au/dataset/asgsed3/SAL/21941,0.541156790886,0.0069839864985
21942,Niddrie,2,Victoria,AUS,Australia,1.7768,http://linked.data.gov.au/dataset/asgsed3/SAL/21942,0.0719960520031,0.000181639081562
21943,Nilma,2,Victoria,AUS,Australia,4.1258,http://linked.data.gov.au/dataset/asgsed3/SAL/21943,0.115652374662,0.000424181300013
21944,Nilma North,2,Victoria,AUS,Australia,31.4556,http://linked.data.gov.au/dataset/asgsed3/SAL/21944,0.307290730949,0.00323203851469
21945,Ninda,2,Victoria,AUS,Australia,110.189,http://linked.data.gov.au/dataset/asgsed3/SAL/21945,0.568144470987,0.0109384740078
21946,Nine Mile (Vic.),2,Victoria,AUS,Australia,50.9169,http://linked.data.gov.au/dataset/asgsed3/SAL/21946,0.357800224075,0.00511818890766
21947,Nintingbool,2,Victoria,AUS,Australia,1.8979,http://linked.data.gov.au/dataset/asgsed3/SAL/21947,0.0645186686278,0.000193668588922
21948,Ninyeunook,2,Victoria,AUS,Australia,95.4712,http://linked.data.gov.au/dataset/asgsed3/SAL/21948,0.516403754676,0.00953780732065
21949,Nirranda,2,Victoria,AUS,Australia,27.5378,http://linked.data.gov.au/dataset/asgsed3/SAL/21949,0.275505316719,0.00284407545436
21950,Nirranda East,2,Victoria,AUS,Australia,5.9671,http://linked.data.gov.au/dataset/asgsed3/SAL/21950,0.167632114312,0.000616134520782
21951,Nirranda South,2,Victoria,AUS,Australia,33.8343,http://linked.data.gov.au/dataset/asgsed3/SAL/21951,0.353247816863,0.00349615127448
21952,Noble Park,2,Victoria,AUS,Australia,8.553000000000003,http://linked.data.gov.au/dataset/asgsed3/SAL/21952,0.159833136182,0.00087691984025
21953,Noble Park North,2,Victoria,AUS,Australia,3.7497,http://linked.data.gov.au/dataset/asgsed3/SAL/21953,0.104171042365,0.000384413131385
21954,Noojee,2,Victoria,AUS,Australia,134.5494,http://linked.data.gov.au/dataset/asgsed3/SAL/21954,0.84671698589,0.0137727109838
21955,Noorat,2,Victoria,AUS,Australia,31.6756,http://linked.data.gov.au/dataset/asgsed3/SAL/21955,0.326321894991,0.0032575513075
21956,Noorat East,2,Victoria,AUS,Australia,3.5077,http://linked.data.gov.au/dataset/asgsed3/SAL/21956,0.0894458461348,0.00036077497705
21957,Noorinbee,2,Victoria,AUS,Australia,212.0016,http://linked.data.gov.au/dataset/asgsed3/SAL/21957,0.837059125432,0.0216068748804
21958,Noorinbee North,2,Victoria,AUS,Australia,243.0336,http://linked.data.gov.au/dataset/asgsed3/SAL/21958,1.09347407785,0.0247403061064
21959,Noradjuha,2,Victoria,AUS,Australia,180.7874,http://linked.data.gov.au/dataset/asgsed3/SAL/21959,0.63788647136,0.0182633751592
21960,Norlane,2,Victoria,AUS,Australia,5.032,http://linked.data.gov.au/dataset/asgsed3/SAL/21960,0.121454314034,0.000516758024999
21961,Normanville (Vic.),2,Victoria,AUS,Australia,65.4397,http://linked.data.gov.au/dataset/asgsed3/SAL/21961,0.34391901817,0.0065248418638
21962,Norong,2,Victoria,AUS,Australia,102.5857,http://linked.data.gov.au/dataset/asgsed3/SAL/21962,0.465640678288,0.0102667637134
21963,North Bendigo,2,Victoria,AUS,Australia,4.1502,http://linked.data.gov.au/dataset/asgsed3/SAL/21963,0.109288428976,0.000418716055399
21964,North Blackwood,2,Victoria,AUS,Australia,12.2683,http://linked.data.gov.au/dataset/asgsed3/SAL/21964,0.162537101894,0.00124871508238
21965,North Geelong,2,Victoria,AUS,Australia,4.9328,http://linked.data.gov.au/dataset/asgsed3/SAL/21965,0.122880646077,0.000506792811718
21966,North Melbourne,2,Victoria,AUS,Australia,2.3554,http://linked.data.gov.au/dataset/asgsed3/SAL/21966,0.0697276664342,0.000240995714698
21967,North Shore (Vic.),2,Victoria,AUS,Australia,2.3141,http://linked.data.gov.au/dataset/asgsed3/SAL/21967,0.0780640171761,0.00023768384584
21968,North Wangaratta,2,Victoria,AUS,Australia,29.277,http://linked.data.gov.au/dataset/asgsed3/SAL/21968,0.5004991644,0.00293836073729
21969,North Warrandyte,2,Victoria,AUS,Australia,8.7661,http://linked.data.gov.au/dataset/asgsed3/SAL/21969,0.230318506967,0.000895883447332
21970,North Wonthaggi,2,Victoria,AUS,Australia,10.1661,http://linked.data.gov.au/dataset/asgsed3/SAL/21970,0.146812303582,0.0010509825999
21971,Northcote,2,Victoria,AUS,Australia,6.0094,http://linked.data.gov.au/dataset/asgsed3/SAL/21971,0.121195521588,0.000614536388058
21972,Northwood (Vic.),2,Victoria,AUS,Australia,50.6604,http://linked.data.gov.au/dataset/asgsed3/SAL/21972,0.431038310649,0.00512505971423
21973,Norval,2,Victoria,AUS,Australia,26.1869,http://linked.data.gov.au/dataset/asgsed3/SAL/21973,0.297900077665,0.00265969415584
21974,Notting Hill,2,Victoria,AUS,Australia,1.5902,http://linked.data.gov.au/dataset/asgsed3/SAL/21974,0.0651717788006,0.000162891299288
21975,Nowa Nowa,2,Victoria,AUS,Australia,237.9755,http://linked.data.gov.au/dataset/asgsed3/SAL/21975,0.815237372333,0.0243105701854
21976,Nowhere Creek,2,Victoria,AUS,Australia,17.3413,http://linked.data.gov.au/dataset/asgsed3/SAL/21976,0.208519235609,0.00175836980305
21977,Nowie,2,Victoria,AUS,Australia,125.7836,http://linked.data.gov.au/dataset/asgsed3/SAL/21977,0.60511426382,0.0124695909411
21978,Nug Nug,2,Victoria,AUS,Australia,48.7879,http://linked.data.gov.au/dataset/asgsed3/SAL/21978,0.438746336435,0.00491693364393
21979,Nuggetty,2,Victoria,AUS,Australia,29.1353,http://linked.data.gov.au/dataset/asgsed3/SAL/21979,0.252286548143,0.00294762313867
21980,Nulla Vale,2,Victoria,AUS,Australia,84.1794,http://linked.data.gov.au/dataset/asgsed3/SAL/21980,0.47142622213,0.00854065697938
21981,Nullawarre,2,Victoria,AUS,Australia,60.5131,http://linked.data.gov.au/dataset/asgsed3/SAL/21981,0.558476095246,0.00624716783845
21982,Nullawarre North,2,Victoria,AUS,Australia,22.6084,http://linked.data.gov.au/dataset/asgsed3/SAL/21982,0.221163370117,0.00233277434715
21983,Nullawil,2,Victoria,AUS,Australia,161.3395,http://linked.data.gov.au/dataset/asgsed3/SAL/21983,0.570746180085,0.0160994202791
21984,Numurkah,2,Victoria,AUS,Australia,192.5102,http://linked.data.gov.au/dataset/asgsed3/SAL/21984,0.815304780347,0.0192631465708
21985,Nunawading,2,Victoria,AUS,Australia,5.0785,http://linked.data.gov.au/dataset/asgsed3/SAL/21985,0.121785140481,0.000519620473963
21986,Nungurner,2,Victoria,AUS,Australia,22.3813,http://linked.data.gov.au/dataset/asgsed3/SAL/21986,0.257525087244,0.00229138121749
21987,Nunniong,2,Victoria,AUS,Australia,341.7264,http://linked.data.gov.au/dataset/asgsed3/SAL/21987,0.934499124619,0.0346942814931
21988,Nurcoung,2,Victoria,AUS,Australia,369.3055,http://linked.data.gov.au/dataset/asgsed3/SAL/21988,0.8894286814,0.0372050877579
21989,Nurrabiel,2,Victoria,AUS,Australia,188.497,http://linked.data.gov.au/dataset/asgsed3/SAL/21989,0.701676347541,0.0190693699217
21990,Nurran,2,Victoria,AUS,Australia,352.8283,http://linked.data.gov.au/dataset/asgsed3/SAL/21990,1.17711411151,0.0359494769742
21991,Nutfield,2,Victoria,AUS,Australia,7.0385,http://linked.data.gov.au/dataset/asgsed3/SAL/21991,0.145828522994,0.00071815006093
21992,Nyah,2,Victoria,AUS,Australia,29.0315,http://linked.data.gov.au/dataset/asgsed3/SAL/21992,0.344630491526,0.00287166762791
21993,Nyah West,2,Victoria,AUS,Australia,36.5777,http://linked.data.gov.au/dataset/asgsed3/SAL/21993,0.269044859395,0.00361958075337
21994,Nyarrin,2,Victoria,AUS,Australia,91.0555,http://linked.data.gov.au/dataset/asgsed3/SAL/21994,0.420555426302,0.00903303613294
21995,Nyerimilang,2,Victoria,AUS,Australia,22.0029,http://linked.data.gov.au/dataset/asgsed3/SAL/21995,0.261992456942,0.00225366320113
21996,Nyora (Vic.),2,Victoria,AUS,Australia,79.55169999999998,http://linked.data.gov.au/dataset/asgsed3/SAL/21996,0.51484656707,0.00819395596167
21997,Nyrraby,2,Victoria,AUS,Australia,123.1217,http://linked.data.gov.au/dataset/asgsed3/SAL/21997,0.484536349068,0.0121894021418
21998,Oak Park,2,Victoria,AUS,Australia,2.0317,http://linked.data.gov.au/dataset/asgsed3/SAL/21998,0.0973807133346,0.000207649617846
21999,Oaklands Junction,2,Victoria,AUS,Australia,36.154,http://linked.data.gov.au/dataset/asgsed3/SAL/21999,0.445355822406,0.00368833668579
22000,Oakleigh,2,Victoria,AUS,Australia,3.4766,http://linked.data.gov.au/dataset/asgsed3/SAL/22000,0.0945891998972,0.000356106814693
22001,Oakleigh East,2,Victoria,AUS,Australia,2.0578,http://linked.data.gov.au/dataset/asgsed3/SAL/22001,0.0762915618939,0.000210805880445
22002,Oakleigh South,2,Victoria,AUS,Australia,6.6515,http://linked.data.gov.au/dataset/asgsed3/SAL/22002,0.120799512286,0.000681571981264
22003,Oakvale,2,Victoria,AUS,Australia,67.0711,http://linked.data.gov.au/dataset/asgsed3/SAL/22003,0.403742897064,0.00669828095383
22004,Ocean Grange,2,Victoria,AUS,Australia,42.227,http://linked.data.gov.au/dataset/asgsed3/SAL/22004,0.562928274247,0.0043312724801
22005,Ocean Grove,2,Victoria,AUS,Australia,18.5052,http://linked.data.gov.au/dataset/asgsed3/SAL/22005,0.269351028772,0.00190484742422
22006,Officer,2,Victoria,AUS,Australia,28.0504,http://linked.data.gov.au/dataset/asgsed3/SAL/22006,0.279516386665,0.0028793729452
22007,Officer South,2,Victoria,AUS,Australia,20.0133,http://linked.data.gov.au/dataset/asgsed3/SAL/22007,0.241331022309,0.00205563461281
22008,Old Tallangatta,2,Victoria,AUS,Australia,1.3996,http://linked.data.gov.au/dataset/asgsed3/SAL/22008,0.0839283830183,0.000140255841206
22009,Olinda (Vic.),2,Victoria,AUS,Australia,17.7524,http://linked.data.gov.au/dataset/asgsed3/SAL/22009,0.257041546508,0.00181737633659
22010,Ombersley,2,Victoria,AUS,Australia,194.8346,http://linked.data.gov.au/dataset/asgsed3/SAL/22010,0.754703882798,0.020039522618
22011,Omeo,2,Victoria,AUS,Australia,591.295,http://linked.data.gov.au/dataset/asgsed3/SAL/22011,1.89886939323,0.0599440660581
22012,Omeo Valley,2,Victoria,AUS,Australia,17.7227,http://linked.data.gov.au/dataset/asgsed3/SAL/22012,0.266421025198,0.00179281761192
22013,Ondit,2,Victoria,AUS,Australia,33.1544,http://linked.data.gov.au/dataset/asgsed3/SAL/22013,0.276690299525,0.00341190596076
22014,Orbost,2,Victoria,AUS,Australia,208.6153,http://linked.data.gov.au/dataset/asgsed3/SAL/22014,0.945009193536,0.0212993892933
22015,Orford (Vic.),2,Victoria,AUS,Australia,108.4515,http://linked.data.gov.au/dataset/asgsed3/SAL/22015,0.609504479418,0.0111534414719
22016,Ormond,2,Victoria,AUS,Australia,2.0714,http://linked.data.gov.au/dataset/asgsed3/SAL/22016,0.0829636674351,0.000212183962796
22017,Orrvale,2,Victoria,AUS,Australia,11.4194,http://linked.data.gov.au/dataset/asgsed3/SAL/22017,0.14543024358,0.00114734552037
22018,Osbornes Flat,2,Victoria,AUS,Australia,12.1719,http://linked.data.gov.au/dataset/asgsed3/SAL/22018,0.268833163887,0.00122153820062
22019,Outtrim,2,Victoria,AUS,Australia,46.4158,http://linked.data.gov.au/dataset/asgsed3/SAL/22019,0.384004810517,0.00479525296342
22020,Ouyen,2,Victoria,AUS,Australia,1533.4624,http://linked.data.gov.au/dataset/asgsed3/SAL/22020,2.49942957895,0.151503840918
22021,Ovens,2,Victoria,AUS,Australia,27.746,http://linked.data.gov.au/dataset/asgsed3/SAL/22021,0.282251390182,0.00279454812464
22022,Oxley (Vic.),2,Victoria,AUS,Australia,47.8361,http://linked.data.gov.au/dataset/asgsed3/SAL/22022,0.461924450805,0.00480848122912
22023,Oxley Flats,2,Victoria,AUS,Australia,14.3512,http://linked.data.gov.au/dataset/asgsed3/SAL/22023,0.248933147053,0.00144167330305
22024,Ozenkadnook,2,Victoria,AUS,Australia,145.8449,http://linked.data.gov.au/dataset/asgsed3/SAL/22024,0.762979497552,0.0147318449917
22025,Paaratte,2,Victoria,AUS,Australia,12.7779,http://linked.data.gov.au/dataset/asgsed3/SAL/22025,0.229116163097,0.00132053940925
22026,Painswick,2,Victoria,AUS,Australia,35.4953,http://linked.data.gov.au/dataset/asgsed3/SAL/22026,0.379145827183,0.00358377424058
22027,Pakenham,2,Victoria,AUS,Australia,85.8497,http://linked.data.gov.au/dataset/asgsed3/SAL/22027,0.531277936837,0.00881453784301
22028,Pakenham South,2,Victoria,AUS,Australia,20.8311,http://linked.data.gov.au/dataset/asgsed3/SAL/22028,0.287937325136,0.0021406906978
22029,Pakenham Upper,2,Victoria,AUS,Australia,32.0173,http://linked.data.gov.au/dataset/asgsed3/SAL/22029,0.399126545883,0.00328447379279
22030,Panitya (Vic.),2,Victoria,AUS,Australia,572.0169,http://linked.data.gov.au/dataset/asgsed3/SAL/22030,1.42338297952,0.056563601051
22031,Panmure,2,Victoria,AUS,Australia,86.3862,http://linked.data.gov.au/dataset/asgsed3/SAL/22031,0.701131754846,0.00890068830379
22032,Panton Hill,2,Victoria,AUS,Australia,21.0901,http://linked.data.gov.au/dataset/asgsed3/SAL/22032,0.308952172005,0.00215304024333
22033,Paradise (Vic.),2,Victoria,AUS,Australia,169.4785,http://linked.data.gov.au/dataset/asgsed3/SAL/22033,0.86460053806,0.0171174958897
22034,Paradise Beach,2,Victoria,AUS,Australia,3.2974,http://linked.data.gov.au/dataset/asgsed3/SAL/22034,0.100431558823,0.000339135163068
22035,Paraparap,2,Victoria,AUS,Australia,36.315,http://linked.data.gov.au/dataset/asgsed3/SAL/22035,0.295376426165,0.0037399424799
22036,Park Orchards,2,Victoria,AUS,Australia,9.4751,http://linked.data.gov.au/dataset/asgsed3/SAL/22036,0.160727684612,0.000968988132496
22037,Parkdale,2,Victoria,AUS,Australia,3.5679,http://linked.data.gov.au/dataset/asgsed3/SAL/22037,0.0907440285343,0.000365950740271
22038,Parkville (Vic.),2,Victoria,AUS,Australia,3.9981,http://linked.data.gov.au/dataset/asgsed3/SAL/22038,0.0987522544078,0.000408896882934
22039,Parwan,2,Victoria,AUS,Australia,78.30769999999998,http://linked.data.gov.au/dataset/asgsed3/SAL/22039,0.420925484783,0.00800477217632
22040,Paschendale,2,Victoria,AUS,Australia,28.0255,http://linked.data.gov.au/dataset/asgsed3/SAL/22040,0.410406506701,0.00286169306178
22041,Pascoe Vale,2,Victoria,AUS,Australia,4.981,http://linked.data.gov.au/dataset/asgsed3/SAL/22041,0.12494200531,0.00050898666323
22042,Pascoe Vale South,2,Victoria,AUS,Australia,3.0421,http://linked.data.gov.au/dataset/asgsed3/SAL/22042,0.0931227937279,0.000310990483524
22043,Pastoria,2,Victoria,AUS,Australia,44.9363,http://linked.data.gov.au/dataset/asgsed3/SAL/22043,0.400306892363,0.0045616720975
22044,Pastoria East,2,Victoria,AUS,Australia,21.8046,http://linked.data.gov.au/dataset/asgsed3/SAL/22044,0.28591826497,0.00221242919387
22045,Patchewollock,2,Victoria,AUS,Australia,1143.6908,http://linked.data.gov.au/dataset/asgsed3/SAL/22045,1.88850659208,0.113521044918
22046,Patho,2,Victoria,AUS,Australia,156.2408,http://linked.data.gov.au/dataset/asgsed3/SAL/22046,0.879643303431,0.0156221538513
22047,Patterson Lakes,2,Victoria,AUS,Australia,4.268900000000001,http://linked.data.gov.au/dataset/asgsed3/SAL/22047,0.108613970872,0.000438344323552
22048,Patyah,2,Victoria,AUS,Australia,208.3341,http://linked.data.gov.au/dataset/asgsed3/SAL/22048,0.749779387022,0.0210649595471
22049,Paynesville (Vic.),2,Victoria,AUS,Australia,5.719,http://linked.data.gov.au/dataset/asgsed3/SAL/22049,0.144332687419,0.000585938452365
22050,Pearcedale,2,Victoria,AUS,Australia,33.677,http://linked.data.gov.au/dataset/asgsed3/SAL/22050,0.288600673246,0.00346357096394
22051,Pearsondale,2,Victoria,AUS,Australia,30.3381,http://linked.data.gov.au/dataset/asgsed3/SAL/22051,0.417421750939,0.00311748696866
22052,Peechelba,2,Victoria,AUS,Australia,79.2848,http://linked.data.gov.au/dataset/asgsed3/SAL/22052,0.528107968663,0.00794134130503
22053,Peechelba East,2,Victoria,AUS,Australia,32.5019,http://linked.data.gov.au/dataset/asgsed3/SAL/22053,0.369988536229,0.0032549831183
22054,Pelluebla,2,Victoria,AUS,Australia,36.8808,http://linked.data.gov.au/dataset/asgsed3/SAL/22054,0.310308816446,0.00369595389328
22055,Pennyroyal,2,Victoria,AUS,Australia,26.8875,http://linked.data.gov.au/dataset/asgsed3/SAL/22055,0.280906752461,0.00277451421696
22056,Penshurst (Vic.),2,Victoria,AUS,Australia,329.3675,http://linked.data.gov.au/dataset/asgsed3/SAL/22056,1.01256457298,0.0337261425552
22057,Pental Island,2,Victoria,AUS,Australia,79.0747,http://linked.data.gov.au/dataset/asgsed3/SAL/22057,1.12812015649,0.00784605573985
22058,Pentland Hills,2,Victoria,AUS,Australia,24.4493,http://linked.data.gov.au/dataset/asgsed3/SAL/22058,0.323718467909,0.00249640391035
22059,Percydale,2,Victoria,AUS,Australia,70.3408,http://linked.data.gov.au/dataset/asgsed3/SAL/22059,0.384908466218,0.00712744601509
22060,Peronne,2,Victoria,AUS,Australia,283.9917,http://linked.data.gov.au/dataset/asgsed3/SAL/22060,1.05343022079,0.0286238771307
22061,Perry Bridge,2,Victoria,AUS,Australia,141.3171,http://linked.data.gov.au/dataset/asgsed3/SAL/22061,0.759037906463,0.0144937174644
22062,Peterborough (Vic.),2,Victoria,AUS,Australia,40.1269,http://linked.data.gov.au/dataset/asgsed3/SAL/22062,0.450226382398,0.00414890958347
22063,Petticoat Creek,2,Victoria,AUS,Australia,0.996,http://linked.data.gov.au/dataset/asgsed3/SAL/22063,0.0584715361612,0.000103158394249
22064,Pheasant Creek (Vic.),2,Victoria,AUS,Australia,17.5345,http://linked.data.gov.au/dataset/asgsed3/SAL/22064,0.239368385499,0.00178600155223
22065,Piangil,2,Victoria,AUS,Australia,270.2637,http://linked.data.gov.au/dataset/asgsed3/SAL/22065,0.852775393894,0.0267032786966
22066,Picola,2,Victoria,AUS,Australia,250.4042,http://linked.data.gov.au/dataset/asgsed3/SAL/22066,1.04485913632,0.0250160120973
22067,Picola West,2,Victoria,AUS,Australia,29.9547,http://linked.data.gov.au/dataset/asgsed3/SAL/22067,0.239569248694,0.00299274407366
22068,Piedmont,2,Victoria,AUS,Australia,5.456,http://linked.data.gov.au/dataset/asgsed3/SAL/22068,0.170235205338,0.000558853061163
22069,Pier Milan,2,Victoria,AUS,Australia,134.0595,http://linked.data.gov.au/dataset/asgsed3/SAL/22069,0.50521624639,0.0132749813313
22070,Pigeon Ponds,2,Victoria,AUS,Australia,81.53,http://linked.data.gov.au/dataset/asgsed3/SAL/22070,0.543273263257,0.00828442116744
22071,Piggoreet,2,Victoria,AUS,Australia,10.5121,http://linked.data.gov.au/dataset/asgsed3/SAL/22071,0.190384881326,0.00107429705526
22072,Pimpinio,2,Victoria,AUS,Australia,174.2161,http://linked.data.gov.au/dataset/asgsed3/SAL/22072,0.65160379617,0.0175490542642
22073,Pine Grove (Vic.),2,Victoria,AUS,Australia,112.0945,http://linked.data.gov.au/dataset/asgsed3/SAL/22073,0.487504200095,0.0112341662401
22074,Pine Lodge (Vic.),2,Victoria,AUS,Australia,100.9105,http://linked.data.gov.au/dataset/asgsed3/SAL/22074,0.464437128309,0.0101315876833
22075,Pine Mountain (Vic.),2,Victoria,AUS,Australia,60.0651,http://linked.data.gov.au/dataset/asgsed3/SAL/22075,0.467834453576,0.00600471176147
22076,Pine View,2,Victoria,AUS,Australia,18.265,http://linked.data.gov.au/dataset/asgsed3/SAL/22076,0.2203106149,0.00182135250444
22077,Pioneer Bay,2,Victoria,AUS,Australia,0.2122,http://linked.data.gov.au/dataset/asgsed3/SAL/22077,0.0244963326303,2.1874914167e-05
22078,Pipers Creek,2,Victoria,AUS,Australia,27.2457,http://linked.data.gov.au/dataset/asgsed3/SAL/22078,0.316594084792,0.00276711383553
22079,Pira,2,Victoria,AUS,Australia,58.5019,http://linked.data.gov.au/dataset/asgsed3/SAL/22079,0.370828005646,0.00579373239642
22080,Piries,2,Victoria,AUS,Australia,36.8023,http://linked.data.gov.au/dataset/asgsed3/SAL/22080,0.476808160936,0.00373420527197
22081,Pirron Yallock,2,Victoria,AUS,Australia,41.5189,http://linked.data.gov.au/dataset/asgsed3/SAL/22081,0.373744256477,0.00427912906694
22082,Pitfield,2,Victoria,AUS,Australia,25.5711,http://linked.data.gov.au/dataset/asgsed3/SAL/22082,0.324884980806,0.00261682781239
22083,Pittong,2,Victoria,AUS,Australia,61.8721,http://linked.data.gov.au/dataset/asgsed3/SAL/22083,0.499704373249,0.00631898709204
22084,Plenty (Vic.),2,Victoria,AUS,Australia,10.9752,http://linked.data.gov.au/dataset/asgsed3/SAL/22084,0.2182607336,0.00112077822782
22085,Plumpton (Vic.),2,Victoria,AUS,Australia,13.4184,http://linked.data.gov.au/dataset/asgsed3/SAL/22085,0.178977987911,0.00137023189118
22086,Point Cook,2,Victoria,AUS,Australia,38.336,http://linked.data.gov.au/dataset/asgsed3/SAL/22086,0.328766184553,0.00392738492506
22087,Point Leo,2,Victoria,AUS,Australia,3.2475,http://linked.data.gov.au/dataset/asgsed3/SAL/22087,0.0794639496612,0.000334975749582
22088,Point Lonsdale,2,Victoria,AUS,Australia,14.1247,http://linked.data.gov.au/dataset/asgsed3/SAL/22088,0.260371748314,0.00145405668875
22089,Point Wilson,2,Victoria,AUS,Australia,55.0571,http://linked.data.gov.au/dataset/asgsed3/SAL/22089,0.476229185003,0.00564926644793
22090,Polisbet,2,Victoria,AUS,Australia,72.7385,http://linked.data.gov.au/dataset/asgsed3/SAL/22090,0.423951259988,0.00720658236315
22091,Pomborneit,2,Victoria,AUS,Australia,22.81,http://linked.data.gov.au/dataset/asgsed3/SAL/22091,0.283320382255,0.00234894496543
22092,Pomborneit East,2,Victoria,AUS,Australia,70.6979,http://linked.data.gov.au/dataset/asgsed3/SAL/22092,0.497632484389,0.00728070663126
22093,Pomborneit North,2,Victoria,AUS,Australia,59.1951,http://linked.data.gov.au/dataset/asgsed3/SAL/22093,0.492176002644,0.00608926857977
22094,Pomonal,2,Victoria,AUS,Australia,205.8246,http://linked.data.gov.au/dataset/asgsed3/SAL/22094,0.997995461541,0.0208992451698
22095,Pompapiel,2,Victoria,AUS,Australia,109.9389,http://linked.data.gov.au/dataset/asgsed3/SAL/22095,0.50798248736,0.0110397017886
22096,Poolaijelo,2,Victoria,AUS,Australia,169.8216,http://linked.data.gov.au/dataset/asgsed3/SAL/22096,0.68513591226,0.0172327142281
22097,Pootilla,2,Victoria,AUS,Australia,13.2494,http://linked.data.gov.au/dataset/asgsed3/SAL/22097,0.163762629788,0.00135055876322
22098,Poowong,2,Victoria,AUS,Australia,49.582,http://linked.data.gov.au/dataset/asgsed3/SAL/22098,0.40004464121,0.00510910711958
22099,Poowong East,2,Victoria,AUS,Australia,24.6702,http://linked.data.gov.au/dataset/asgsed3/SAL/22099,0.369282399714,0.00254180021308
22100,Poowong North,2,Victoria,AUS,Australia,31.1019,http://linked.data.gov.au/dataset/asgsed3/SAL/22100,0.393902110459,0.00320261479397
22101,Porcupine Ridge,2,Victoria,AUS,Australia,31.4475,http://linked.data.gov.au/dataset/asgsed3/SAL/22101,0.442588085084,0.00319480430253
22102,Porepunkah,2,Victoria,AUS,Australia,68.4934,http://linked.data.gov.au/dataset/asgsed3/SAL/22102,0.610153430676,0.00690544860251
22103,Port Albert,2,Victoria,AUS,Australia,31.2338,http://linked.data.gov.au/dataset/asgsed3/SAL/22103,1.25422938064,0.00323392626583
22104,Port Campbell,2,Victoria,AUS,Australia,72.8336,http://linked.data.gov.au/dataset/asgsed3/SAL/22104,0.603289795317,0.00753284163819
22105,Port Fairy,2,Victoria,AUS,Australia,113.0239,http://linked.data.gov.au/dataset/asgsed3/SAL/22105,0.781733830615,0.0116457227734
22106,Port Franklin,2,Victoria,AUS,Australia,2.8934,http://linked.data.gov.au/dataset/asgsed3/SAL/22106,0.111150765168,0.000299560910471
22107,Port Melbourne,2,Victoria,AUS,Australia,9.6687,http://linked.data.gov.au/dataset/asgsed3/SAL/22107,0.195207827854,0.000989503664466
22108,Port Welshpool,2,Victoria,AUS,Australia,8.8662,http://linked.data.gov.au/dataset/asgsed3/SAL/22108,0.182379767644,0.000917945231533
22109,Portarlington,2,Victoria,AUS,Australia,24.9287,http://linked.data.gov.au/dataset/asgsed3/SAL/22109,0.258618673501,0.00256169283752
22110,Portland (Vic.),2,Victoria,AUS,Australia,32.5002,http://linked.data.gov.au/dataset/asgsed3/SAL/22110,0.36444442241,0.00334995910744
22111,Portland North,2,Victoria,AUS,Australia,16.5646,http://linked.data.gov.au/dataset/asgsed3/SAL/22111,0.253606873406,0.00170601958381
22112,Portland West,2,Victoria,AUS,Australia,74.1692,http://linked.data.gov.au/dataset/asgsed3/SAL/22112,0.496939261541,0.00764549798958
22113,Portsea,2,Victoria,AUS,Australia,11.3277,http://linked.data.gov.au/dataset/asgsed3/SAL/22113,0.239070591714,0.00116701116418
22114,Pound Creek,2,Victoria,AUS,Australia,42.673,http://linked.data.gov.au/dataset/asgsed3/SAL/22114,0.515888324531,0.00441383142288
22115,Powelltown,2,Victoria,AUS,Australia,51.1039,http://linked.data.gov.au/dataset/asgsed3/SAL/22115,0.367831162978,0.00523192974373
22116,Powers Creek,2,Victoria,AUS,Australia,120.1605,http://linked.data.gov.au/dataset/asgsed3/SAL/22116,0.54818055048,0.0121990732914
22117,Powlett Plains,2,Victoria,AUS,Australia,118.4036,http://linked.data.gov.au/dataset/asgsed3/SAL/22117,0.57675526048,0.0119053571712
22118,Prahran,2,Victoria,AUS,Australia,1.8613,http://linked.data.gov.au/dataset/asgsed3/SAL/22118,0.0829023596113,0.000190514882622
22119,Prairie (Vic.),2,Victoria,AUS,Australia,81.32779999999998,http://linked.data.gov.au/dataset/asgsed3/SAL/22119,0.420002866838,0.00816007549053
22120,Pranjip,2,Victoria,AUS,Australia,68.0378,http://linked.data.gov.au/dataset/asgsed3/SAL/22120,0.386876794642,0.00686421884717
22121,Preston (Vic.),2,Victoria,AUS,Australia,11.4069,http://linked.data.gov.au/dataset/asgsed3/SAL/22121,0.179060717252,0.00116589232774
22122,Princes Hill,2,Victoria,AUS,Australia,0.4333,http://linked.data.gov.au/dataset/asgsed3/SAL/22122,0.0298889125419,4.4300666829e-05
22123,Princetown,2,Victoria,AUS,Australia,120.3038,http://linked.data.gov.au/dataset/asgsed3/SAL/22123,0.678765108159,0.0124495538813
22124,Puckapunyal,2,Victoria,AUS,Australia,412.6574,http://linked.data.gov.au/dataset/asgsed3/SAL/22124,1.05272015506,0.0417394483199
22125,Pura Pura,2,Victoria,AUS,Australia,93.0528,http://linked.data.gov.au/dataset/asgsed3/SAL/22125,0.898429738306,0.00952186276044
22126,Purdeet,2,Victoria,AUS,Australia,32.2956,http://linked.data.gov.au/dataset/asgsed3/SAL/22126,0.347932205881,0.00330993108893
22127,Purnim,2,Victoria,AUS,Australia,55.3651,http://linked.data.gov.au/dataset/asgsed3/SAL/22127,0.509470539119,0.00569972726729
22128,Purnim West,2,Victoria,AUS,Australia,5.7119,http://linked.data.gov.au/dataset/asgsed3/SAL/22128,0.129277746448,0.000588236873963
22129,Pyalong,2,Victoria,AUS,Australia,115.8073,http://linked.data.gov.au/dataset/asgsed3/SAL/22129,0.613851230865,0.011740662664
22130,Pyramid Hill,2,Victoria,AUS,Australia,332.85,http://linked.data.gov.au/dataset/asgsed3/SAL/22130,1.16429566221,0.0332906201074
22131,Quambatook,2,Victoria,AUS,Australia,334.8607,http://linked.data.gov.au/dataset/asgsed3/SAL/22131,1.07778292354,0.0334074892374
22132,Quandong,2,Victoria,AUS,Australia,57.1033,http://linked.data.gov.au/dataset/asgsed3/SAL/22132,0.341871362919,0.00584497516673
22133,Quantong,2,Victoria,AUS,Australia,35.216,http://linked.data.gov.au/dataset/asgsed3/SAL/22133,0.281484580585,0.0035535376486
22134,Quarry Hill,2,Victoria,AUS,Australia,2.4323,http://linked.data.gov.au/dataset/asgsed3/SAL/22134,0.067264523731,0.000245489129871
22135,Queenscliff (Vic.),2,Victoria,AUS,Australia,3.3401,http://linked.data.gov.au/dataset/asgsed3/SAL/22135,0.173558998386,0.000343841313338
22136,Raglan (Vic.),2,Victoria,AUS,Australia,124.2566,http://linked.data.gov.au/dataset/asgsed3/SAL/22136,0.620958755147,0.0126346468761
22137,Rainbow,2,Victoria,AUS,Australia,865.6137999999999,http://linked.data.gov.au/dataset/asgsed3/SAL/22137,1.62343501823,0.0864185909628
22138,Ranceby,2,Victoria,AUS,Australia,18.2775,http://linked.data.gov.au/dataset/asgsed3/SAL/22138,0.307438399513,0.0018842153026
22139,Rathscar,2,Victoria,AUS,Australia,47.5685,http://linked.data.gov.au/dataset/asgsed3/SAL/22139,0.38617190558,0.00481425375668
22140,Rathscar West,2,Victoria,AUS,Australia,22.2697,http://linked.data.gov.au/dataset/asgsed3/SAL/22140,0.300389557571,0.00225474787102
22141,Ravenhall,2,Victoria,AUS,Australia,13.6509,http://linked.data.gov.au/dataset/asgsed3/SAL/22141,0.1495788691,0.00139605303107
22142,Ravenswood (Vic.),2,Victoria,AUS,Australia,67.533,http://linked.data.gov.au/dataset/asgsed3/SAL/22142,0.427624375659,0.00682696169105
22143,Ravenswood South,2,Victoria,AUS,Australia,12.0396,http://linked.data.gov.au/dataset/asgsed3/SAL/22143,0.16683849013,0.00121780450077
22144,Rawson,2,Victoria,AUS,Australia,6.9068,http://linked.data.gov.au/dataset/asgsed3/SAL/22144,0.1336948502,0.00070809560649
22145,Raymond Island,2,Victoria,AUS,Australia,24.7899,http://linked.data.gov.au/dataset/asgsed3/SAL/22145,0.232479653256,0.00254006464627
22146,Raywood,2,Victoria,AUS,Australia,174.3145,http://linked.data.gov.au/dataset/asgsed3/SAL/22146,0.770387178547,0.0175374581928
22147,Red Cliffs,2,Victoria,AUS,Australia,206.6657,http://linked.data.gov.au/dataset/asgsed3/SAL/22147,1.04814806037,0.0202478971918
22148,Red Hill (Vic.),2,Victoria,AUS,Australia,23.5906,http://linked.data.gov.au/dataset/asgsed3/SAL/22148,0.253104706543,0.00243166811102
22149,Red Hill South,2,Victoria,AUS,Australia,15.1011,http://linked.data.gov.au/dataset/asgsed3/SAL/22149,0.205863153842,0.00155710259281
22150,Red Lion,2,Victoria,AUS,Australia,27.6882,http://linked.data.gov.au/dataset/asgsed3/SAL/22150,0.260556363992,0.00280912218889
22151,Redan,2,Victoria,AUS,Australia,2.201,http://linked.data.gov.au/dataset/asgsed3/SAL/22151,0.0737826673424,0.000224530674432
22152,Redbank (Vic.),2,Victoria,AUS,Australia,136.1661,http://linked.data.gov.au/dataset/asgsed3/SAL/22152,0.665895150675,0.0137681741215
22153,Redcastle,2,Victoria,AUS,Australia,62.5884,http://linked.data.gov.au/dataset/asgsed3/SAL/22153,0.627403732873,0.00631493902739
22154,Redesdale,2,Victoria,AUS,Australia,119.5648,http://linked.data.gov.au/dataset/asgsed3/SAL/22154,0.724254470187,0.0121051961331
22155,Reedy Creek (Vic.),2,Victoria,AUS,Australia,38.5786,http://linked.data.gov.au/dataset/asgsed3/SAL/22155,0.511782506836,0.00391820852782
22156,Reedy Dam,2,Victoria,AUS,Australia,73.54009999999998,http://linked.data.gov.au/dataset/asgsed3/SAL/22156,0.416895420374,0.00734687764486
22157,Reedy Flat,2,Victoria,AUS,Australia,41.1274,http://linked.data.gov.au/dataset/asgsed3/SAL/22157,0.344774606461,0.00418545137383
22158,Reedy Lake,2,Victoria,AUS,Australia,30.5241,http://linked.data.gov.au/dataset/asgsed3/SAL/22158,0.32484499338,0.00303838501033
22159,Reefton (Vic.),2,Victoria,AUS,Australia,174.9727,http://linked.data.gov.au/dataset/asgsed3/SAL/22159,0.687172095668,0.0178720987644
22160,Research,2,Victoria,AUS,Australia,9.6096,http://linked.data.gov.au/dataset/asgsed3/SAL/22160,0.193054374758,0.000981885141569
22161,Reservoir (Vic.),2,Victoria,AUS,Australia,19.0274,http://linked.data.gov.au/dataset/asgsed3/SAL/22161,0.283664445404,0.00194436780053
22162,Reynard,2,Victoria,AUS,Australia,386.6617,http://linked.data.gov.au/dataset/asgsed3/SAL/22162,1.02400178124,0.0393246729991
22163,Rheola,2,Victoria,AUS,Australia,35.6607,http://linked.data.gov.au/dataset/asgsed3/SAL/22163,0.407844478818,0.00359392424832
22164,Rhyll,2,Victoria,AUS,Australia,17.4334,http://linked.data.gov.au/dataset/asgsed3/SAL/22164,0.301006772862,0.00179984175052
22165,Rhymney,2,Victoria,AUS,Australia,53.2722,http://linked.data.gov.au/dataset/asgsed3/SAL/22165,0.442059167789,0.00540838492538
22166,Riachella,2,Victoria,AUS,Australia,27.5342,http://linked.data.gov.au/dataset/asgsed3/SAL/22166,0.220821009288,0.00278127534049
22167,Rich Avon,2,Victoria,AUS,Australia,57.9071,http://linked.data.gov.au/dataset/asgsed3/SAL/22167,0.3507396536,0.00582059774385
22168,Rich Avon East,2,Victoria,AUS,Australia,43.8307,http://linked.data.gov.au/dataset/asgsed3/SAL/22168,0.455600556891,0.00440970483369
22169,Rich Avon West,2,Victoria,AUS,Australia,97.433,http://linked.data.gov.au/dataset/asgsed3/SAL/22169,0.629679271569,0.00980095576614
22170,Richmond (Vic.),2,Victoria,AUS,Australia,4.4307,http://linked.data.gov.au/dataset/asgsed3/SAL/22170,0.100581592003,0.000453382481514
22171,Richmond Plains,2,Victoria,AUS,Australia,50.4648,http://linked.data.gov.au/dataset/asgsed3/SAL/22171,0.375768534794,0.00506940710126
22172,Riddells Creek,2,Victoria,AUS,Australia,72.59409999999998,http://linked.data.gov.au/dataset/asgsed3/SAL/22172,0.591030099899,0.00739154350987
22173,Riggs Creek,2,Victoria,AUS,Australia,32.9205,http://linked.data.gov.au/dataset/asgsed3/SAL/22173,0.277188135366,0.00331776531643
22174,Ringwood (Vic.),2,Victoria,AUS,Australia,10.1206,http://linked.data.gov.au/dataset/asgsed3/SAL/22174,0.218841916012,0.00103553492786
22175,Ringwood East,2,Victoria,AUS,Australia,4.7052,http://linked.data.gov.au/dataset/asgsed3/SAL/22175,0.123462003145,0.000481463557512
22176,Ringwood North,2,Victoria,AUS,Australia,5.2294,http://linked.data.gov.au/dataset/asgsed3/SAL/22176,0.140157960279,0.000534937151737
22177,Ripplebrook,2,Victoria,AUS,Australia,29.6314,http://linked.data.gov.au/dataset/asgsed3/SAL/22177,0.362694047564,0.00304746250961
22178,Rippleside,2,Victoria,AUS,Australia,0.4877,http://linked.data.gov.au/dataset/asgsed3/SAL/22178,0.0325628926983,5.011407544e-05
22179,Ripponlea,2,Victoria,AUS,Australia,0.2858,http://linked.data.gov.au/dataset/asgsed3/SAL/22179,0.0273019990279,2.9287985973e-05
22180,Riverside (Vic.),2,Victoria,AUS,Australia,27.0332,http://linked.data.gov.au/dataset/asgsed3/SAL/22180,0.23791694509,0.0027268150928
22181,Riverslea,2,Victoria,AUS,Australia,25.5469,http://linked.data.gov.au/dataset/asgsed3/SAL/22181,0.398941029231,0.00262057647549
22182,Robertsons Beach,2,Victoria,AUS,Australia,4.7128,http://linked.data.gov.au/dataset/asgsed3/SAL/22182,0.293345421842,0.000487785537521
22183,Robinvale,2,Victoria,AUS,Australia,75.34019999999998,http://linked.data.gov.au/dataset/asgsed3/SAL/22183,0.721767186278,0.00740572419164
22184,Rochester (Vic.),2,Victoria,AUS,Australia,86.3558,http://linked.data.gov.au/dataset/asgsed3/SAL/22184,0.465264850766,0.008670932611
22185,Rochford,2,Victoria,AUS,Australia,15.0849,http://linked.data.gov.au/dataset/asgsed3/SAL/22185,0.187253069282,0.00153326952206
22186,Rockbank,2,Victoria,AUS,Australia,4.3441,http://linked.data.gov.au/dataset/asgsed3/SAL/22186,0.103631037967,0.000444008584922
22187,Rocklands,2,Victoria,AUS,Australia,199.783,http://linked.data.gov.au/dataset/asgsed3/SAL/22187,1.33116951023,0.0202923772011
22188,Rocklyn,2,Victoria,AUS,Australia,17.4268,http://linked.data.gov.au/dataset/asgsed3/SAL/22188,0.243922922295,0.00177419846055
22189,Rocky Point (Vic.),2,Victoria,AUS,Australia,7.1011,http://linked.data.gov.au/dataset/asgsed3/SAL/22189,0.126062197648,0.000722011185769
22190,Rokeby (Vic.),2,Victoria,AUS,Australia,5.6884,http://linked.data.gov.au/dataset/asgsed3/SAL/22190,0.189282216279,0.000584025937908
22191,Rokewood,2,Victoria,AUS,Australia,186.7436,http://linked.data.gov.au/dataset/asgsed3/SAL/22191,0.85486275252,0.0191362684273
22192,Rokewood Junction,2,Victoria,AUS,Australia,28.5716,http://linked.data.gov.au/dataset/asgsed3/SAL/22192,0.296202293508,0.00292476316694
22193,Romsey,2,Victoria,AUS,Australia,81.22369999999998,http://linked.data.gov.au/dataset/asgsed3/SAL/22193,0.518165725273,0.00826018680373
22194,Rosanna,2,Victoria,AUS,Australia,3.3736,http://linked.data.gov.au/dataset/asgsed3/SAL/22194,0.0922730347163,0.000344890560776
22195,Rose River,2,Victoria,AUS,Australia,242.2372,http://linked.data.gov.au/dataset/asgsed3/SAL/22195,0.847414535337,0.0244932586721
22196,Rosebery (Vic.),2,Victoria,AUS,Australia,16.2202,http://linked.data.gov.au/dataset/asgsed3/SAL/22196,0.200291576679,0.00161794336878
22197,Rosebrook (Vic.),2,Victoria,AUS,Australia,8.9793,http://linked.data.gov.au/dataset/asgsed3/SAL/22197,0.166749205517,0.000925339044907
22198,Rosebud,2,Victoria,AUS,Australia,14.8663,http://linked.data.gov.au/dataset/asgsed3/SAL/22198,0.241619354813,0.00153249548789
22199,Rosedale (Vic.),2,Victoria,AUS,Australia,203.3481,http://linked.data.gov.au/dataset/asgsed3/SAL/22199,1.12594420056,0.0209093015361
22200,Roses Gap,2,Victoria,AUS,Australia,29.1236,http://linked.data.gov.au/dataset/asgsed3/SAL/22200,0.219121414639,0.00294729205639
22201,Rosewhite,2,Victoria,AUS,Australia,104.4992,http://linked.data.gov.au/dataset/asgsed3/SAL/22201,0.609131608042,0.0105211566672
22202,Roslynmead,2,Victoria,AUS,Australia,45.5504,http://linked.data.gov.au/dataset/asgsed3/SAL/22202,0.330187391142,0.0045607003133
22203,Ross Creek (Vic.),2,Victoria,AUS,Australia,40.3815,http://linked.data.gov.au/dataset/asgsed3/SAL/22203,0.386836175764,0.00412257493492
22204,Rossbridge,2,Victoria,AUS,Australia,50.8754,http://linked.data.gov.au/dataset/asgsed3/SAL/22204,0.400059274538,0.00518516723019
22205,Rostron,2,Victoria,AUS,Australia,35.6347,http://linked.data.gov.au/dataset/asgsed3/SAL/22205,0.287108401496,0.00359628770778
22206,Rowsley,2,Victoria,AUS,Australia,42.6462,http://linked.data.gov.au/dataset/asgsed3/SAL/22206,0.392617067755,0.00435835560085
22207,Rowville,2,Victoria,AUS,Australia,21.7653,http://linked.data.gov.au/dataset/asgsed3/SAL/22207,0.281443466171,0.00223029222034
22208,Roxburgh Park,2,Victoria,AUS,Australia,6.8798,http://linked.data.gov.au/dataset/asgsed3/SAL/22208,0.110941377738,0.000702218631588
22209,Rubicon,2,Victoria,AUS,Australia,257.9862,http://linked.data.gov.au/dataset/asgsed3/SAL/22209,0.78966554251,0.0262506787567
22210,Ruby,2,Victoria,AUS,Australia,19.6308,http://linked.data.gov.au/dataset/asgsed3/SAL/22210,0.231921050128,0.00202559833338
22211,Ruffy,2,Victoria,AUS,Australia,118.7273,http://linked.data.gov.au/dataset/asgsed3/SAL/22211,0.628208712131,0.0120118029531
22212,Running Creek (Vic.),2,Victoria,AUS,Australia,15.1731,http://linked.data.gov.au/dataset/asgsed3/SAL/22212,0.244413393454,0.00152716943724
22213,Runnymede (Vic.),2,Victoria,AUS,Australia,122.7625,http://linked.data.gov.au/dataset/asgsed3/SAL/22213,0.630219101803,0.0123562437054
22214,Rupanyup,2,Victoria,AUS,Australia,414.1511,http://linked.data.gov.au/dataset/asgsed3/SAL/22214,0.955493836474,0.0417279112234
22215,Rushworth,2,Victoria,AUS,Australia,172.5642,http://linked.data.gov.au/dataset/asgsed3/SAL/22215,0.823574817742,0.0173758245482
22216,Russells Bridge,2,Victoria,AUS,Australia,11.6645,http://linked.data.gov.au/dataset/asgsed3/SAL/22216,0.256057935989,0.0011965364409
22217,Rutherglen,2,Victoria,AUS,Australia,124.5615,http://linked.data.gov.au/dataset/asgsed3/SAL/22217,0.655823953603,0.0124597540089
22218,Ryans,2,Victoria,AUS,Australia,132.7261,http://linked.data.gov.au/dataset/asgsed3/SAL/22218,0.784900887493,0.0135351252014
22219,Ryanston,2,Victoria,AUS,Australia,54.1322,http://linked.data.gov.au/dataset/asgsed3/SAL/22219,0.419230622495,0.00559080488302
22220,Rye,2,Victoria,AUS,Australia,17.824,http://linked.data.gov.au/dataset/asgsed3/SAL/22220,0.201977891509,0.0018378318152
22221,Rythdale,2,Victoria,AUS,Australia,4.0183,http://linked.data.gov.au/dataset/asgsed3/SAL/22221,0.101493190511,0.000412946443965
22222,Safety Beach (Vic.),2,Victoria,AUS,Australia,5.9472,http://linked.data.gov.au/dataset/asgsed3/SAL/22222,0.127886418204,0.000612647795353
22223,Sailors Falls,2,Victoria,AUS,Australia,9.7745,http://linked.data.gov.au/dataset/asgsed3/SAL/22223,0.15119401625,0.000994588009399
22224,Sailors Gully,2,Victoria,AUS,Australia,4.1371,http://linked.data.gov.au/dataset/asgsed3/SAL/22224,0.0922361839261,0.000417229747138
22225,Sailors Hill,2,Victoria,AUS,Australia,1.8203,http://linked.data.gov.au/dataset/asgsed3/SAL/22225,0.0813444872897,0.000185148568175
22226,Sale,2,Victoria,AUS,Australia,43.7574,http://linked.data.gov.au/dataset/asgsed3/SAL/22226,0.514363196211,0.00449458780116
22227,Salisbury West,2,Victoria,AUS,Australia,64.3753,http://linked.data.gov.au/dataset/asgsed3/SAL/22227,0.496023535186,0.00647658436066
22228,Samaria,2,Victoria,AUS,Australia,39.1012,http://linked.data.gov.au/dataset/asgsed3/SAL/22228,0.37282675476,0.00394831266793
22229,San Remo (Vic.),2,Victoria,AUS,Australia,15.5903,http://linked.data.gov.au/dataset/asgsed3/SAL/22229,0.254617384283,0.00161062046629
22230,Sandford (Vic.),2,Victoria,AUS,Australia,89.6616,http://linked.data.gov.au/dataset/asgsed3/SAL/22230,0.625394836393,0.00915377651784
22231,Sandhill Lake,2,Victoria,AUS,Australia,56.2841,http://linked.data.gov.au/dataset/asgsed3/SAL/22231,0.459069527594,0.00560767778757
22232,Sandhurst,2,Victoria,AUS,Australia,3.1737,http://linked.data.gov.au/dataset/asgsed3/SAL/22232,0.0822876641106,0.000325873733583
22233,Sandon (Vic.),2,Victoria,AUS,Australia,35.5781,http://linked.data.gov.au/dataset/asgsed3/SAL/22233,0.308985694454,0.00360955250866
22234,Sandringham (Vic.),2,Victoria,AUS,Australia,3.7129,http://linked.data.gov.au/dataset/asgsed3/SAL/22234,0.111651328148,0.000380556311173
22235,Sandy Creek (Vic.),2,Victoria,AUS,Australia,94.6599,http://linked.data.gov.au/dataset/asgsed3/SAL/22235,0.599375009969,0.00950482508036
22236,Sandy Point (Vic.),2,Victoria,AUS,Australia,39.6321,http://linked.data.gov.au/dataset/asgsed3/SAL/22236,0.399205973628,0.00411035027543
22237,Sargood,2,Victoria,AUS,Australia,73.0755,http://linked.data.gov.au/dataset/asgsed3/SAL/22237,0.49837071306,0.00745420475718
22238,Sarsfield,2,Victoria,AUS,Australia,54.3645,http://linked.data.gov.au/dataset/asgsed3/SAL/22238,0.541624836743,0.00555824282554
22239,Sassafras (Vic.),2,Victoria,AUS,Australia,4.0305,http://linked.data.gov.au/dataset/asgsed3/SAL/22239,0.172527896519,0.000412678093197
22240,Sawmill Settlement,2,Victoria,AUS,Australia,5.5968,http://linked.data.gov.au/dataset/asgsed3/SAL/22240,0.124090436689,0.000567476566892
22241,Scarsdale,2,Victoria,AUS,Australia,66.4433,http://linked.data.gov.au/dataset/asgsed3/SAL/22241,0.585463791103,0.0067862980231
22242,Scoresby,2,Victoria,AUS,Australia,8.690200000000003,http://linked.data.gov.au/dataset/asgsed3/SAL/22242,0.204700632397,0.000890204400809
22243,Scotchmans Lead,2,Victoria,AUS,Australia,4.3043,http://linked.data.gov.au/dataset/asgsed3/SAL/22243,0.115886561535,0.000439545235331
22244,Scotsburn,2,Victoria,AUS,Australia,24.193,http://linked.data.gov.au/dataset/asgsed3/SAL/22244,0.261569201188,0.00247090115237
22245,Scotts Creek (Vic.),2,Victoria,AUS,Australia,93.4998,http://linked.data.gov.au/dataset/asgsed3/SAL/22245,0.64928494805,0.0096506578353
22246,Sea Lake,2,Victoria,AUS,Australia,219.6835,http://linked.data.gov.au/dataset/asgsed3/SAL/22246,0.780465891235,0.021821532371
22247,Seabrook,2,Victoria,AUS,Australia,1.6199,http://linked.data.gov.au/dataset/asgsed3/SAL/22247,0.0566681004593,0.000165894017289
22248,Seacombe,2,Victoria,AUS,Australia,82.44119999999998,http://linked.data.gov.au/dataset/asgsed3/SAL/22248,0.633625200273,0.00847184475983
22249,Seaford (Vic.),2,Victoria,AUS,Australia,12.3974,http://linked.data.gov.au/dataset/asgsed3/SAL/22249,0.168745190467,0.00127340113465
22250,Seaholme,2,Victoria,AUS,Australia,0.9473,http://linked.data.gov.au/dataset/asgsed3/SAL/22250,0.0424932303561,9.6994483295e-05
22251,Seaspray,2,Victoria,AUS,Australia,50.898,http://linked.data.gov.au/dataset/asgsed3/SAL/22251,0.406087355429,0.00524381313052
22252,Seaton (Vic.),2,Victoria,AUS,Australia,47.9174,http://linked.data.gov.au/dataset/asgsed3/SAL/22252,0.441932685824,0.00491101535438
22253,Seaview,2,Victoria,AUS,Australia,31.2685,http://linked.data.gov.au/dataset/asgsed3/SAL/22253,0.378340892013,0.00321951944035
22254,Sebastian,2,Victoria,AUS,Australia,30.3702,http://linked.data.gov.au/dataset/asgsed3/SAL/22254,0.306024147618,0.00305849452661
22255,Sebastopol (Vic.),2,Victoria,AUS,Australia,8.5216,http://linked.data.gov.au/dataset/asgsed3/SAL/22255,0.132819666948,0.000869453261083
22256,Seddon (Vic.),2,Victoria,AUS,Australia,0.9165,http://linked.data.gov.au/dataset/asgsed3/SAL/22256,0.0463915296083,9.37603287e-05
22257,Sedgwick,2,Victoria,AUS,Australia,55.9373,http://linked.data.gov.au/dataset/asgsed3/SAL/22257,0.366345546159,0.00565551739597
22258,Selby,2,Victoria,AUS,Australia,6.5584,http://linked.data.gov.au/dataset/asgsed3/SAL/22258,0.161569228595,0.000671968838415
22259,Selwyn (Vic.),2,Victoria,AUS,Australia,371.3654,http://linked.data.gov.au/dataset/asgsed3/SAL/22259,0.959462142229,0.0376267023898
22260,Separation Creek,2,Victoria,AUS,Australia,42.8016,http://linked.data.gov.au/dataset/asgsed3/SAL/22260,0.394140413869,0.00442586371476
22261,Serpentine (Vic.),2,Victoria,AUS,Australia,168.0871,http://linked.data.gov.au/dataset/asgsed3/SAL/22261,0.765561597507,0.0168911014933
22262,Serviceton,2,Victoria,AUS,Australia,429.9884,http://linked.data.gov.au/dataset/asgsed3/SAL/22262,1.08339729762,0.0431831240637
22263,Seville,2,Victoria,AUS,Australia,21.3766,http://linked.data.gov.au/dataset/asgsed3/SAL/22263,0.282139547331,0.0021866197845
22264,Seville East,2,Victoria,AUS,Australia,9.6982,http://linked.data.gov.au/dataset/asgsed3/SAL/22264,0.294116581833,0.000991847489534
22265,Seymour (Vic.),2,Victoria,AUS,Australia,79.30849999999998,http://linked.data.gov.au/dataset/asgsed3/SAL/22265,0.451650980017,0.00803024023995
22266,Shady Creek,2,Victoria,AUS,Australia,58.8755,http://linked.data.gov.au/dataset/asgsed3/SAL/22266,0.453292240275,0.00604716442895
22267,Shays Flat,2,Victoria,AUS,Australia,15.7063,http://linked.data.gov.au/dataset/asgsed3/SAL/22267,0.194823592766,0.0015913786439
22268,She Oaks,2,Victoria,AUS,Australia,22.0921,http://linked.data.gov.au/dataset/asgsed3/SAL/22268,0.313710214851,0.00226297516172
22269,Sheans Creek,2,Victoria,AUS,Australia,14.6491,http://linked.data.gov.au/dataset/asgsed3/SAL/22269,0.232433506183,0.00147862883734
22270,Sheep Hills,2,Victoria,AUS,Australia,142.369,http://linked.data.gov.au/dataset/asgsed3/SAL/22270,0.558279693334,0.014291880986
22271,Shelbourne,2,Victoria,AUS,Australia,129.7365,http://linked.data.gov.au/dataset/asgsed3/SAL/22271,0.544504529884,0.0131074078285
22272,Shelford,2,Victoria,AUS,Australia,178.1562,http://linked.data.gov.au/dataset/asgsed3/SAL/22272,0.807635625766,0.0182662890564
22273,Shelley (Vic.),2,Victoria,AUS,Australia,156.1452,http://linked.data.gov.au/dataset/asgsed3/SAL/22273,0.725916015533,0.0156472349127
22274,Shepherds Flat,2,Victoria,AUS,Australia,26.8167,http://linked.data.gov.au/dataset/asgsed3/SAL/22274,0.295658598541,0.00272440851089
22275,Shepparton,2,Victoria,AUS,Australia,42.9433,http://linked.data.gov.au/dataset/asgsed3/SAL/22275,0.395636096917,0.00431251967544
22276,Shepparton East,2,Victoria,AUS,Australia,38.4644,http://linked.data.gov.au/dataset/asgsed3/SAL/22276,0.339772642479,0.00386394055736
22277,Shepparton North,2,Victoria,AUS,Australia,22.4831,http://linked.data.gov.au/dataset/asgsed3/SAL/22277,0.232396848135,0.00225633107277
22278,Sherbrooke,2,Victoria,AUS,Australia,6.6593,http://linked.data.gov.au/dataset/asgsed3/SAL/22278,0.134062316904,0.000682055671671
22279,Shoreham,2,Victoria,AUS,Australia,19.9968,http://linked.data.gov.au/dataset/asgsed3/SAL/22279,0.244502810603,0.00206286365515
22280,Sidonia,2,Victoria,AUS,Australia,43.1584,http://linked.data.gov.au/dataset/asgsed3/SAL/22280,0.291959608331,0.00437826904077
22281,Silvan,2,Victoria,AUS,Australia,30.1745,http://linked.data.gov.au/dataset/asgsed3/SAL/22281,0.353166353879,0.00308835171997
22282,Silverleaves,2,Victoria,AUS,Australia,1.9196,http://linked.data.gov.au/dataset/asgsed3/SAL/22282,0.129069175434,0.000198079524879
22283,Simpson (Vic.),2,Victoria,AUS,Australia,203.4143,http://linked.data.gov.au/dataset/asgsed3/SAL/22283,0.885474101233,0.0210079576736
22284,Simpsons Creek,2,Victoria,AUS,Australia,27.6315,http://linked.data.gov.au/dataset/asgsed3/SAL/22284,0.256928066917,0.0028254140453
22285,Simson,2,Victoria,AUS,Australia,5.8879,http://linked.data.gov.au/dataset/asgsed3/SAL/22285,0.111706066194,0.000596027047309
22286,Skenes Creek,2,Victoria,AUS,Australia,7.1852,http://linked.data.gov.au/dataset/asgsed3/SAL/22286,0.166764711369,0.000744196708505
22287,Skenes Creek North,2,Victoria,AUS,Australia,6.7817,http://linked.data.gov.au/dataset/asgsed3/SAL/22287,0.137434883189,0.000702192084302
22288,Skibo,2,Victoria,AUS,Australia,10.1763,http://linked.data.gov.au/dataset/asgsed3/SAL/22288,0.144736721107,0.0010467025063
22289,Skinners Flat,2,Victoria,AUS,Australia,12.1285,http://linked.data.gov.au/dataset/asgsed3/SAL/22289,0.150534792236,0.00121769239892
22290,Skipton,2,Victoria,AUS,Australia,260.624,http://linked.data.gov.au/dataset/asgsed3/SAL/22290,0.933848902557,0.0266240578638
22291,Skye (Vic.),2,Victoria,AUS,Australia,16.6415,http://linked.data.gov.au/dataset/asgsed3/SAL/22291,0.2011458957,0.00170942623745
22292,Slaty Creek,2,Victoria,AUS,Australia,87.9231,http://linked.data.gov.au/dataset/asgsed3/SAL/22292,0.446577563482,0.00884830293766
22293,Smeaton,2,Victoria,AUS,Australia,82.25069999999998,http://linked.data.gov.au/dataset/asgsed3/SAL/22293,0.463639094137,0.00835939692572
22294,Smiths Beach,2,Victoria,AUS,Australia,0.7397,http://linked.data.gov.au/dataset/asgsed3/SAL/22294,0.0442767553682,7.6397598511e-05
22295,Smiths Gully,2,Victoria,AUS,Australia,14.7523,http://linked.data.gov.au/dataset/asgsed3/SAL/22295,0.261746410445,0.00150569006977
22296,Smokeytown,2,Victoria,AUS,Australia,2.2159,http://linked.data.gov.au/dataset/asgsed3/SAL/22296,0.0722029975164,0.000225491751084
22297,Smoko,2,Victoria,AUS,Australia,73.0398,http://linked.data.gov.au/dataset/asgsed3/SAL/22297,0.390199563132,0.00737655857443
22298,Smythes Creek,2,Victoria,AUS,Australia,25.9822,http://linked.data.gov.au/dataset/asgsed3/SAL/22298,0.274772106692,0.00265109812333
22299,Smythesdale,2,Victoria,AUS,Australia,40.9222,http://linked.data.gov.au/dataset/asgsed3/SAL/22299,0.438583343398,0.00417737232641
22300,Snake Island,2,Victoria,AUS,Australia,52.0346,http://linked.data.gov.au/dataset/asgsed3/SAL/22300,1.10338687649,0.00539227548422
22301,Snake Valley,2,Victoria,AUS,Australia,57.6232,http://linked.data.gov.au/dataset/asgsed3/SAL/22301,0.442497513636,0.00588030773288
22302,Soldiers Hill (Vic.),2,Victoria,AUS,Australia,1.5325,http://linked.data.gov.au/dataset/asgsed3/SAL/22302,0.056866154523,0.000156283543512
22303,Somers,2,Victoria,AUS,Australia,14.9111,http://linked.data.gov.au/dataset/asgsed3/SAL/22303,0.198122323214,0.00153741163788
22304,Somerton (Vic.),2,Victoria,AUS,Australia,5.4102,http://linked.data.gov.au/dataset/asgsed3/SAL/22304,0.11753778967,0.000552241038322
22305,Somerville (Vic.),2,Victoria,AUS,Australia,38.6505,http://linked.data.gov.au/dataset/asgsed3/SAL/22305,0.342392539868,0.00397697156727
22306,Sorrento (Vic.),2,Victoria,AUS,Australia,7.0136,http://linked.data.gov.au/dataset/asgsed3/SAL/22306,0.163696761821,0.000722704640807
22307,South Dudley,2,Victoria,AUS,Australia,1.5294,http://linked.data.gov.au/dataset/asgsed3/SAL/22307,0.0516695345839,0.000158123929073
22308,South Geelong,2,Victoria,AUS,Australia,2.4232,http://linked.data.gov.au/dataset/asgsed3/SAL/22308,0.0769546551289,0.000249118565845
22309,South Kingsville,2,Victoria,AUS,Australia,0.6368,http://linked.data.gov.au/dataset/asgsed3/SAL/22309,0.0401859712647,6.5165668506e-05
22310,South Melbourne,2,Victoria,AUS,Australia,2.1899,http://linked.data.gov.au/dataset/asgsed3/SAL/22310,0.0948551579707,0.000224121653116
22311,South Morang,2,Victoria,AUS,Australia,21.4539,http://linked.data.gov.au/dataset/asgsed3/SAL/22311,0.319181116754,0.00218985736244
22312,South Purrumbete,2,Victoria,AUS,Australia,41.2704,http://linked.data.gov.au/dataset/asgsed3/SAL/22312,0.349556206834,0.00425291449325
22313,South Wharf,2,Victoria,AUS,Australia,0.2902,http://linked.data.gov.au/dataset/asgsed3/SAL/22313,0.0250581436495,2.9692644749e-05
22314,South Yarra,2,Victoria,AUS,Australia,3.5475,http://linked.data.gov.au/dataset/asgsed3/SAL/22314,0.0943696979205,0.000363086595536
22315,Southbank,2,Victoria,AUS,Australia,1.564,http://linked.data.gov.au/dataset/asgsed3/SAL/22315,0.0679834215787,0.000160078643179
22316,Southern Cross (Vic.),2,Victoria,AUS,Australia,10.9622,http://linked.data.gov.au/dataset/asgsed3/SAL/22316,0.192392548013,0.00112879779697
22317,Spargo Creek,2,Victoria,AUS,Australia,12.6417,http://linked.data.gov.au/dataset/asgsed3/SAL/22317,0.211296375847,0.00128792679232
22318,Speed,2,Victoria,AUS,Australia,128.3877,http://linked.data.gov.au/dataset/asgsed3/SAL/22318,0.614817885569,0.0127397838876
22319,Spotswood,2,Victoria,AUS,Australia,3.1631,http://linked.data.gov.au/dataset/asgsed3/SAL/22319,0.104767043242,0.000323656657778
22320,Spring Gully (Vic.),2,Victoria,AUS,Australia,7.8352,http://linked.data.gov.au/dataset/asgsed3/SAL/22320,0.140560831123,0.00079113940428
22321,Spring Hill (Vic.),2,Victoria,AUS,Australia,47.4084,http://linked.data.gov.au/dataset/asgsed3/SAL/22321,0.503054814756,0.00481816784409
22322,Springbank,2,Victoria,AUS,Australia,24.5012,http://linked.data.gov.au/dataset/asgsed3/SAL/22322,0.287397152409,0.0024972408742
22323,Springdallah,2,Victoria,AUS,Australia,5.7769,http://linked.data.gov.au/dataset/asgsed3/SAL/22323,0.142122720088,0.000590553110036
22324,Springfield (Buloke - Vic.),2,Victoria,AUS,Australia,201.2805,http://linked.data.gov.au/dataset/asgsed3/SAL/22324,0.687132448413,0.0200130657602
22325,Springfield (Macedon Ranges - Vic.),2,Victoria,AUS,Australia,55.7531,http://linked.data.gov.au/dataset/asgsed3/SAL/22325,0.448749032982,0.00566836880578
22326,Springhurst,2,Victoria,AUS,Australia,118.4482,http://linked.data.gov.au/dataset/asgsed3/SAL/22326,0.601631764317,0.011870322834
22327,Springmount,2,Victoria,AUS,Australia,7.1952,http://linked.data.gov.au/dataset/asgsed3/SAL/22327,0.179626879948,0.000732310857549
22328,Springvale (Vic.),2,Victoria,AUS,Australia,11.0861,http://linked.data.gov.au/dataset/asgsed3/SAL/22328,0.164044370139,0.00113637983349
22329,Springvale South,2,Victoria,AUS,Australia,4.5878,http://linked.data.gov.au/dataset/asgsed3/SAL/22329,0.106182134692,0.000470384781437
22330,St Albans (Vic.),2,Victoria,AUS,Australia,12.8325,http://linked.data.gov.au/dataset/asgsed3/SAL/22330,0.162003825365,0.00131184054341
22331,St Albans Park,2,Victoria,AUS,Australia,3.1825,http://linked.data.gov.au/dataset/asgsed3/SAL/22331,0.075004478469,0.000327298074976
22332,St Andrews (Vic.),2,Victoria,AUS,Australia,39.79,http://linked.data.gov.au/dataset/asgsed3/SAL/22332,0.490653362553,0.00405882520891
22333,St Andrews Beach,2,Victoria,AUS,Australia,3.0785,http://linked.data.gov.au/dataset/asgsed3/SAL/22333,0.1100695267,0.000317548151168
22334,St Arnaud,2,Victoria,AUS,Australia,68.9702,http://linked.data.gov.au/dataset/asgsed3/SAL/22334,0.530649995701,0.00694784000943
22335,St Arnaud East,2,Victoria,AUS,Australia,71.6876,http://linked.data.gov.au/dataset/asgsed3/SAL/22335,0.426741776965,0.00722232560439
22336,St Arnaud North,2,Victoria,AUS,Australia,47.2598,http://linked.data.gov.au/dataset/asgsed3/SAL/22336,0.373874913525,0.00475919111251
22337,St Clair (Vic.),2,Victoria,AUS,Australia,17.421,http://linked.data.gov.au/dataset/asgsed3/SAL/22337,0.242192365843,0.00180106453645
22338,St Germains,2,Victoria,AUS,Australia,35.8096,http://linked.data.gov.au/dataset/asgsed3/SAL/22338,0.388258813021,0.00358866206378
22339,St Helena,2,Victoria,AUS,Australia,1.6385,http://linked.data.gov.au/dataset/asgsed3/SAL/22339,0.0873744940588,0.00016738791828
22340,St Helens (Vic.),2,Victoria,AUS,Australia,47.2116,http://linked.data.gov.au/dataset/asgsed3/SAL/22340,0.368649384214,0.00485901410668
22341,St Helens Plains,2,Victoria,AUS,Australia,134.4235,http://linked.data.gov.au/dataset/asgsed3/SAL/22341,0.60779577864,0.0135704147372
22342,St James (Vic.),2,Victoria,AUS,Australia,80.5661,http://linked.data.gov.au/dataset/asgsed3/SAL/22342,0.436534850574,0.00807896903486
22343,St Kilda (Vic.),2,Victoria,AUS,Australia,3.1785,http://linked.data.gov.au/dataset/asgsed3/SAL/22343,0.10658291461,0.000325514700936
22344,St Kilda East,2,Victoria,AUS,Australia,2.265,http://linked.data.gov.au/dataset/asgsed3/SAL/22344,0.0750369626489,0.000231894025523
22345,St Kilda West,2,Victoria,AUS,Australia,0.529,http://linked.data.gov.au/dataset/asgsed3/SAL/22345,0.0335458380632,5.4129202561e-05
22346,St Leonards (Vic.),2,Victoria,AUS,Australia,29.2447,http://linked.data.gov.au/dataset/asgsed3/SAL/22346,0.336276977479,0.00300686341599
22347,Staceys Bridge,2,Victoria,AUS,Australia,22.186,http://linked.data.gov.au/dataset/asgsed3/SAL/22347,0.279895018153,0.00229295865114
22348,Staffordshire Reef,2,Victoria,AUS,Australia,18.7951,http://linked.data.gov.au/dataset/asgsed3/SAL/22348,0.251543773915,0.00192105245281
22349,Staghorn Flat,2,Victoria,AUS,Australia,55.2669,http://linked.data.gov.au/dataset/asgsed3/SAL/22349,0.447926522361,0.00554091757713
22350,Stanhope (Vic.),2,Victoria,AUS,Australia,72.1914,http://linked.data.gov.au/dataset/asgsed3/SAL/22350,0.345275668412,0.00725792860485
22351,Stanley (Vic.),2,Victoria,AUS,Australia,113.9438,http://linked.data.gov.au/dataset/asgsed3/SAL/22351,0.595525215698,0.0114451803648
22352,Staughton Vale,2,Victoria,AUS,Australia,34.0775,http://linked.data.gov.au/dataset/asgsed3/SAL/22352,0.278549902745,0.00348800135085
22353,Stavely,2,Victoria,AUS,Australia,82.197,http://linked.data.gov.au/dataset/asgsed3/SAL/22353,0.507408279694,0.00838735145175
22354,Stawell,2,Victoria,AUS,Australia,93.1404,http://linked.data.gov.au/dataset/asgsed3/SAL/22354,0.753590675037,0.00943583215684
22355,Steels Creek,2,Victoria,AUS,Australia,30.2132,http://linked.data.gov.au/dataset/asgsed3/SAL/22355,0.279941242371,0.00308179854307
22356,Steiglitz (Vic.),2,Victoria,AUS,Australia,42.9342,http://linked.data.gov.au/dataset/asgsed3/SAL/22356,0.363954583494,0.00439582625294
22357,Stewarton (Vic.),2,Victoria,AUS,Australia,83.9273,http://linked.data.gov.au/dataset/asgsed3/SAL/22357,0.517210556269,0.00843284828078
22358,Stirling (Vic.),2,Victoria,AUS,Australia,188.8669,http://linked.data.gov.au/dataset/asgsed3/SAL/22358,0.597425364808,0.0192320245196
22359,Stockdale,2,Victoria,AUS,Australia,86.64289999999998,http://linked.data.gov.au/dataset/asgsed3/SAL/22359,0.657761611517,0.00886707136303
22360,Stockyard Hill,2,Victoria,AUS,Australia,114.7879,http://linked.data.gov.au/dataset/asgsed3/SAL/22360,0.560337367846,0.0117020588941
22361,Stonehaven,2,Victoria,AUS,Australia,27.6501,http://linked.data.gov.au/dataset/asgsed3/SAL/22361,0.284747403836,0.00284084513627
22362,Stoneleigh (Vic.),2,Victoria,AUS,Australia,98.2329,http://linked.data.gov.au/dataset/asgsed3/SAL/22362,0.437930500374,0.0100215807878
22363,Stony Creek (Central Goldfields - Vic.),2,Victoria,AUS,Australia,7.2039,http://linked.data.gov.au/dataset/asgsed3/SAL/22363,0.145552541357,0.000731401070675
22364,Stony Creek (South Gippsland - Vic.),2,Victoria,AUS,Australia,65.313,http://linked.data.gov.au/dataset/asgsed3/SAL/22364,0.528874643498,0.00675346378846
22365,Stonyford,2,Victoria,AUS,Australia,43.8654,http://linked.data.gov.au/dataset/asgsed3/SAL/22365,0.369704438057,0.00451956568508
22366,Stradbroke,2,Victoria,AUS,Australia,181.567,http://linked.data.gov.au/dataset/asgsed3/SAL/22366,0.741741010459,0.0186937470848
22367,Strangways,2,Victoria,AUS,Australia,20.1047,http://linked.data.gov.au/dataset/asgsed3/SAL/22367,0.248760402766,0.00203904645258
22368,Straten,2,Victoria,AUS,Australia,53.9492,http://linked.data.gov.au/dataset/asgsed3/SAL/22368,0.302694148404,0.00535144863261
22369,Stratford (Vic.),2,Victoria,AUS,Australia,153.698,http://linked.data.gov.au/dataset/asgsed3/SAL/22369,0.797873107775,0.0157561278835
22370,Strath Creek,2,Victoria,AUS,Australia,95.7117,http://linked.data.gov.au/dataset/asgsed3/SAL/22370,0.540826057644,0.00972027978441
22371,Strathallan,2,Victoria,AUS,Australia,69.7013,http://linked.data.gov.au/dataset/asgsed3/SAL/22371,0.373180946402,0.00698971985494
22372,Strathbogie,2,Victoria,AUS,Australia,168.6911,http://linked.data.gov.au/dataset/asgsed3/SAL/22372,0.738365968148,0.0170502224993
22373,Strathdale,2,Victoria,AUS,Australia,3.5189,http://linked.data.gov.au/dataset/asgsed3/SAL/22373,0.113127248071,0.000355117075047
22374,Strathdownie,2,Victoria,AUS,Australia,530.6208,http://linked.data.gov.au/dataset/asgsed3/SAL/22374,1.1256246833,0.0542347440637
22375,Strathewen,2,Victoria,AUS,Australia,20.4843,http://linked.data.gov.au/dataset/asgsed3/SAL/22375,0.292350726527,0.0020882937963
22376,Strathfieldsaye,2,Victoria,AUS,Australia,30.0796,http://linked.data.gov.au/dataset/asgsed3/SAL/22376,0.334692469031,0.00303735270714
22377,Strathkellar,2,Victoria,AUS,Australia,39.1703,http://linked.data.gov.au/dataset/asgsed3/SAL/22377,0.365072569866,0.00400189389272
22378,Strathlea,2,Victoria,AUS,Australia,30.9399,http://linked.data.gov.au/dataset/asgsed3/SAL/22378,0.296732167017,0.00313831659433
22379,Strathmerton,2,Victoria,AUS,Australia,178.9059,http://linked.data.gov.au/dataset/asgsed3/SAL/22379,0.679784762496,0.0178629321893
22380,Strathmore (Vic.),2,Victoria,AUS,Australia,3.4533,http://linked.data.gov.au/dataset/asgsed3/SAL/22380,0.134626710893,0.000352980750314
22381,Strathmore Heights,2,Victoria,AUS,Australia,0.6911,http://linked.data.gov.au/dataset/asgsed3/SAL/22381,0.0405703267835,7.0632663222e-05
22382,Strathtulloh,2,Victoria,AUS,Australia,12.0773,http://linked.data.gov.au/dataset/asgsed3/SAL/22382,0.187793078919,0.00123437662257
22383,Streatham,2,Victoria,AUS,Australia,156.2438,http://linked.data.gov.au/dataset/asgsed3/SAL/22383,0.913240611934,0.0159498981719
22384,Strzelecki (Vic.),2,Victoria,AUS,Australia,30.8461,http://linked.data.gov.au/dataset/asgsed3/SAL/22384,0.30610579965,0.00317861380496
22385,Stuart Mill,2,Victoria,AUS,Australia,144.6671,http://linked.data.gov.au/dataset/asgsed3/SAL/22385,0.711473763429,0.0146065231026
22386,Sugarloaf (Vic.),2,Victoria,AUS,Australia,1.9574,http://linked.data.gov.au/dataset/asgsed3/SAL/22386,0.0630313236686,0.000202668061114
22387,Sugarloaf Creek,2,Victoria,AUS,Australia,40.0006,http://linked.data.gov.au/dataset/asgsed3/SAL/22387,0.326214232518,0.00405592538004
22388,Suggan Buggan,2,Victoria,AUS,Australia,238.1069,http://linked.data.gov.au/dataset/asgsed3/SAL/22388,0.734070462615,0.0240814901543
22389,Sulky,2,Victoria,AUS,Australia,9.6483,http://linked.data.gov.au/dataset/asgsed3/SAL/22389,0.209841447876,0.000982625877579
22390,Summerlands,2,Victoria,AUS,Australia,3.6309,http://linked.data.gov.au/dataset/asgsed3/SAL/22390,0.148742039317,0.000375009199287
22391,Sunbury,2,Victoria,AUS,Australia,132.2233,http://linked.data.gov.au/dataset/asgsed3/SAL/22391,0.63778054986,0.0134811538147
22392,Sunday Creek,2,Victoria,AUS,Australia,9.9198,http://linked.data.gov.au/dataset/asgsed3/SAL/22392,0.186695363153,0.00100743553642
22393,Sunderland Bay,2,Victoria,AUS,Australia,0.3979,http://linked.data.gov.au/dataset/asgsed3/SAL/22393,0.033671047346,4.1102215089e-05
22394,Sunset Strip (Vic.),2,Victoria,AUS,Australia,0.368,http://linked.data.gov.au/dataset/asgsed3/SAL/22394,0.027447177322,3.8005850087e-05
22395,Sunshine (Vic.),2,Victoria,AUS,Australia,4.732,http://linked.data.gov.au/dataset/asgsed3/SAL/22395,0.142741530154,0.000484000371722
22396,Sunshine North,2,Victoria,AUS,Australia,8.0239,http://linked.data.gov.au/dataset/asgsed3/SAL/22396,0.118503506191,0.000820350768762
22397,Sunshine West,2,Victoria,AUS,Australia,9.5346,http://linked.data.gov.au/dataset/asgsed3/SAL/22397,0.172939359782,0.000975390745098
22398,Surf Beach (Vic.),2,Victoria,AUS,Australia,1.0537,http://linked.data.gov.au/dataset/asgsed3/SAL/22398,0.0638902692245,0.000108818617069
22399,Surrey Hills,2,Victoria,AUS,Australia,4.432400000000001,http://linked.data.gov.au/dataset/asgsed3/SAL/22399,0.106489705569,0.00045355351422
22400,Sutherland (Vic.),2,Victoria,AUS,Australia,67.3899,http://linked.data.gov.au/dataset/asgsed3/SAL/22400,0.37830455819,0.00678123787662
22401,Sutherlands Creek,2,Victoria,AUS,Australia,40.3649,http://linked.data.gov.au/dataset/asgsed3/SAL/22401,0.45006262668,0.00414074521844
22402,Sutton (Vic.),2,Victoria,AUS,Australia,58.7549,http://linked.data.gov.au/dataset/asgsed3/SAL/22402,0.336130263742,0.00585425199823
22403,Sutton Grange,2,Victoria,AUS,Australia,68.6978,http://linked.data.gov.au/dataset/asgsed3/SAL/22403,0.385492731731,0.00695333916611
22404,Swan Bay (Vic.),2,Victoria,AUS,Australia,11.3253,http://linked.data.gov.au/dataset/asgsed3/SAL/22404,0.245461807923,0.00116514481672
22405,Swan Hill,2,Victoria,AUS,Australia,126.5903,http://linked.data.gov.au/dataset/asgsed3/SAL/22405,0.606796477744,0.0125543659768
22406,Swan Hill West,2,Victoria,AUS,Australia,94.0941,http://linked.data.gov.au/dataset/asgsed3/SAL/22406,0.435584093026,0.00933205658865
22407,Swan Island,2,Victoria,AUS,Australia,2.9331,http://linked.data.gov.au/dataset/asgsed3/SAL/22407,0.149140159514,0.000301872000747
22408,Swan Marsh,2,Victoria,AUS,Australia,54.9744,http://linked.data.gov.au/dataset/asgsed3/SAL/22408,0.438700514652,0.00566757613751
22409,Swan Reach (Vic.),2,Victoria,AUS,Australia,41.6349,http://linked.data.gov.au/dataset/asgsed3/SAL/22409,0.365005765281,0.00426008157136
22410,Swanpool,2,Victoria,AUS,Australia,66.5265,http://linked.data.gov.au/dataset/asgsed3/SAL/22410,0.4768327932,0.00671099169664
22411,Swanwater,2,Victoria,AUS,Australia,48.3758,http://linked.data.gov.au/dataset/asgsed3/SAL/22411,0.29334885671,0.0048685893681
22412,Swanwater West,2,Victoria,AUS,Australia,48.2156,http://linked.data.gov.au/dataset/asgsed3/SAL/22412,0.334368202435,0.00485103237414
22413,Swifts Creek,2,Victoria,AUS,Australia,282.8628,http://linked.data.gov.au/dataset/asgsed3/SAL/22413,1.20901839257,0.028728153421
22414,Sydenham (Vic.),2,Victoria,AUS,Australia,3.5596,http://linked.data.gov.au/dataset/asgsed3/SAL/22414,0.0923112408576,0.000363696573897
22415,Sylvaterre,2,Victoria,AUS,Australia,36.1839,http://linked.data.gov.au/dataset/asgsed3/SAL/22415,0.273639020771,0.00362023320891
22416,Tabberabbera,2,Victoria,AUS,Australia,16.1878,http://linked.data.gov.au/dataset/asgsed3/SAL/22416,0.242250273283,0.00165069067233
22417,Tabilk,2,Victoria,AUS,Australia,80.6847,http://linked.data.gov.au/dataset/asgsed3/SAL/22417,0.480997850912,0.00815161544627
22418,Tabor,2,Victoria,AUS,Australia,37.6028,http://linked.data.gov.au/dataset/asgsed3/SAL/22418,0.324240465408,0.00384823612534
22419,Taggerty,2,Victoria,AUS,Australia,122.5768,http://linked.data.gov.au/dataset/asgsed3/SAL/22419,0.664032845632,0.0124646276773
22420,Tahara,2,Victoria,AUS,Australia,73.0132,http://linked.data.gov.au/dataset/asgsed3/SAL/22420,0.552177554091,0.00746324987051
22421,Tahara Bridge,2,Victoria,AUS,Australia,26.7069,http://linked.data.gov.au/dataset/asgsed3/SAL/22421,0.322787523971,0.00272806822134
22422,Tahara West,2,Victoria,AUS,Australia,25.6496,http://linked.data.gov.au/dataset/asgsed3/SAL/22422,0.262991315722,0.00262176052204
22423,Talbot (Vic.),2,Victoria,AUS,Australia,32.4678,http://linked.data.gov.au/dataset/asgsed3/SAL/22423,0.271311055536,0.00329440018127
22424,Talgarno,2,Victoria,AUS,Australia,141.8384,http://linked.data.gov.au/dataset/asgsed3/SAL/22424,0.85644722064,0.0141906917936
22425,Tallandoon,2,Victoria,AUS,Australia,84.1658,http://linked.data.gov.au/dataset/asgsed3/SAL/22425,0.75305975951,0.00845525097378
22426,Tallangatta,2,Victoria,AUS,Australia,55.5273,http://linked.data.gov.au/dataset/asgsed3/SAL/22426,0.464641684985,0.00556631433082
22427,Tallangatta East,2,Victoria,AUS,Australia,22.5807,http://linked.data.gov.au/dataset/asgsed3/SAL/22427,0.264763287019,0.00226311031805
22428,Tallangatta South,2,Victoria,AUS,Australia,267.0091,http://linked.data.gov.au/dataset/asgsed3/SAL/22428,1.12741210585,0.0267977207119
22429,Tallangatta Valley,2,Victoria,AUS,Australia,377.7358,http://linked.data.gov.au/dataset/asgsed3/SAL/22429,1.22792222243,0.0379153512923
22430,Tallarook,2,Victoria,AUS,Australia,177.9421,http://linked.data.gov.au/dataset/asgsed3/SAL/22430,0.793603605543,0.0180433342134
22431,Tallygaroopna,2,Victoria,AUS,Australia,84.4927,http://linked.data.gov.au/dataset/asgsed3/SAL/22431,0.476870427309,0.00846995879182
22432,Tambo Crossing,2,Victoria,AUS,Australia,48.6788,http://linked.data.gov.au/dataset/asgsed3/SAL/22432,0.366574078308,0.00495998593911
22433,Tambo Upper,2,Victoria,AUS,Australia,42.3451,http://linked.data.gov.au/dataset/asgsed3/SAL/22433,0.47920949858,0.00432990932663
22434,Tamboon,2,Victoria,AUS,Australia,508.2221,http://linked.data.gov.au/dataset/asgsed3/SAL/22434,1.18126222319,0.0519188229328
22435,Tamboritha,2,Victoria,AUS,Australia,67.1921,http://linked.data.gov.au/dataset/asgsed3/SAL/22435,0.49782147585,0.00684051232589
22436,Taminick,2,Victoria,AUS,Australia,89.7338,http://linked.data.gov.au/dataset/asgsed3/SAL/22436,0.586830691673,0.00901360256761
22437,Tamleugh,2,Victoria,AUS,Australia,60.1056,http://linked.data.gov.au/dataset/asgsed3/SAL/22437,0.346463825482,0.00605266187293
22438,Tamleugh North,2,Victoria,AUS,Australia,38.3161,http://linked.data.gov.au/dataset/asgsed3/SAL/22438,0.321673603553,0.00385535105995
22439,Tandarook,2,Victoria,AUS,Australia,19.2922,http://linked.data.gov.au/dataset/asgsed3/SAL/22439,0.298061074526,0.00198720966861
22440,Tandarra,2,Victoria,AUS,Australia,76.1031,http://linked.data.gov.au/dataset/asgsed3/SAL/22440,0.417411342217,0.00764843941026
22441,Tangambalanga,2,Victoria,AUS,Australia,30.7183,http://linked.data.gov.au/dataset/asgsed3/SAL/22441,0.365882126177,0.0030796691525
22442,Tanjil,2,Victoria,AUS,Australia,240.9863,http://linked.data.gov.au/dataset/asgsed3/SAL/22442,1.01438949324,0.024700454064
22443,Tanjil Bren,2,Victoria,AUS,Australia,79.36929999999998,http://linked.data.gov.au/dataset/asgsed3/SAL/22443,0.530667428976,0.0081253813371
22444,Tanjil South,2,Victoria,AUS,Australia,83.1648,http://linked.data.gov.au/dataset/asgsed3/SAL/22444,0.535834791438,0.0085424132313
22445,Tanwood,2,Victoria,AUS,Australia,18.6665,http://linked.data.gov.au/dataset/asgsed3/SAL/22445,0.204407006518,0.00188977224594
22446,Tanybryn,2,Victoria,AUS,Australia,45.9567,http://linked.data.gov.au/dataset/asgsed3/SAL/22446,0.404547705952,0.00475615334032
22447,Taradale (Vic.),2,Victoria,AUS,Australia,47.9579,http://linked.data.gov.au/dataset/asgsed3/SAL/22447,0.374727666175,0.0048637594228
22448,Tarcombe,2,Victoria,AUS,Australia,111.0889,http://linked.data.gov.au/dataset/asgsed3/SAL/22448,0.742429008464,0.0112426085364
22449,Tarilta,2,Victoria,AUS,Australia,7.1444,http://linked.data.gov.au/dataset/asgsed3/SAL/22449,0.170715490557,0.000724904830293
22450,Tarnagulla,2,Victoria,AUS,Australia,29.3418,http://linked.data.gov.au/dataset/asgsed3/SAL/22450,0.330488559205,0.0029617964124
22451,Tarneit,2,Victoria,AUS,Australia,38.1905,http://linked.data.gov.au/dataset/asgsed3/SAL/22451,0.3563448311,0.00390875196183
22452,Tarnook,2,Victoria,AUS,Australia,29.855,http://linked.data.gov.au/dataset/asgsed3/SAL/22452,0.261570762535,0.00300437224054
22453,Taroon,2,Victoria,AUS,Australia,13.356,http://linked.data.gov.au/dataset/asgsed3/SAL/22453,0.192998059762,0.00137609180231
22454,Tarra Valley,2,Victoria,AUS,Australia,35.992,http://linked.data.gov.au/dataset/asgsed3/SAL/22454,0.436917470672,0.00371531653325
22455,Tarranyurk,2,Victoria,AUS,Australia,119.1917,http://linked.data.gov.au/dataset/asgsed3/SAL/22455,0.640354817066,0.0119472584147
22456,Tarraville,2,Victoria,AUS,Australia,32.4134,http://linked.data.gov.au/dataset/asgsed3/SAL/22456,0.366082568971,0.00335313931799
22457,Tarrawarra,2,Victoria,AUS,Australia,13.6082,http://linked.data.gov.au/dataset/asgsed3/SAL/22457,0.223368922194,0.00138946156678
22458,Tarrawingee,2,Victoria,AUS,Australia,53.6514,http://linked.data.gov.au/dataset/asgsed3/SAL/22458,0.472354097742,0.00538859071091
22459,Tarrayoukyan,2,Victoria,AUS,Australia,93.5594,http://linked.data.gov.au/dataset/asgsed3/SAL/22459,0.627727527538,0.00950797719429
22460,Tarrengower,2,Victoria,AUS,Australia,25.7817,http://linked.data.gov.au/dataset/asgsed3/SAL/22460,0.29186502063,0.00261008044723
22461,Tarrenlea,2,Victoria,AUS,Australia,79.56319999999998,http://linked.data.gov.au/dataset/asgsed3/SAL/22461,0.545127584555,0.00812624994638
22462,Tarrington,2,Victoria,AUS,Australia,55.8735,http://linked.data.gov.au/dataset/asgsed3/SAL/22462,0.316873605764,0.00571342143421
22463,Tarrone,2,Victoria,AUS,Australia,88.5276,http://linked.data.gov.au/dataset/asgsed3/SAL/22463,0.664986296839,0.00910803832094
22464,Tarwin,2,Victoria,AUS,Australia,26.3786,http://linked.data.gov.au/dataset/asgsed3/SAL/22464,0.284553917941,0.00272798938016
22465,Tarwin Lower,2,Victoria,AUS,Australia,223.0418,http://linked.data.gov.au/dataset/asgsed3/SAL/22465,1.17914641593,0.0231176166287
22466,Tatong,2,Victoria,AUS,Australia,193.8972,http://linked.data.gov.au/dataset/asgsed3/SAL/22466,1.01975670134,0.0195688237184
22467,Tatura,2,Victoria,AUS,Australia,123.7327,http://linked.data.gov.au/dataset/asgsed3/SAL/22467,0.60950421035,0.0124365441445
22468,Tatura East,2,Victoria,AUS,Australia,15.6494,http://linked.data.gov.au/dataset/asgsed3/SAL/22468,0.183648751677,0.00157289799016
22469,Tatyoon,2,Victoria,AUS,Australia,249.8977,http://linked.data.gov.au/dataset/asgsed3/SAL/22469,0.867503847949,0.0254658844466
22470,Tawonga,2,Victoria,AUS,Australia,140.6154,http://linked.data.gov.au/dataset/asgsed3/SAL/22470,0.748893357415,0.0141769734717
22471,Tawonga South,2,Victoria,AUS,Australia,48.8349,http://linked.data.gov.au/dataset/asgsed3/SAL/22471,0.342608254373,0.00492878016239
22472,Taylor Bay,2,Victoria,AUS,Australia,11.1595,http://linked.data.gov.au/dataset/asgsed3/SAL/22472,0.222340275676,0.00113275924193
22473,Taylors Hill,2,Victoria,AUS,Australia,4.5852,http://linked.data.gov.au/dataset/asgsed3/SAL/22473,0.0896808045615,0.00046848430742
22474,Taylors Lakes,2,Victoria,AUS,Australia,7.4755,http://linked.data.gov.au/dataset/asgsed3/SAL/22474,0.141328328495,0.000763705505793
22475,Teal Point,2,Victoria,AUS,Australia,52.9446,http://linked.data.gov.au/dataset/asgsed3/SAL/22475,0.355238731409,0.00527118385859
22476,Tecoma,2,Victoria,AUS,Australia,1.8145,http://linked.data.gov.au/dataset/asgsed3/SAL/22476,0.113859033555,0.000185869413992
22477,Teddywaddy,2,Victoria,AUS,Australia,63.8932,http://linked.data.gov.au/dataset/asgsed3/SAL/22477,0.401030185497,0.00640206989141
22478,Teddywaddy West,2,Victoria,AUS,Australia,79.3575,http://linked.data.gov.au/dataset/asgsed3/SAL/22478,0.430929502575,0.00795179623778
22479,Teesdale (Vic.),2,Victoria,AUS,Australia,60.7586,http://linked.data.gov.au/dataset/asgsed3/SAL/22479,0.41971654816,0.00623420546238
22480,Telangatuk East,2,Victoria,AUS,Australia,293.6157,http://linked.data.gov.au/dataset/asgsed3/SAL/22480,1.00276161486,0.0297736552643
22481,Telford,2,Victoria,AUS,Australia,38.3444,http://linked.data.gov.au/dataset/asgsed3/SAL/22481,0.291918114299,0.00383763495971
22482,Telopea Downs,2,Victoria,AUS,Australia,881.9502,http://linked.data.gov.au/dataset/asgsed3/SAL/22482,1.23762869721,0.0881776397793
22483,Templestowe,2,Victoria,AUS,Australia,16.1176,http://linked.data.gov.au/dataset/asgsed3/SAL/22483,0.216359294554,0.00164778411099
22484,Templestowe Lower,2,Victoria,AUS,Australia,5.8949,http://linked.data.gov.au/dataset/asgsed3/SAL/22484,0.135589853723,0.000602713873529
22485,Tempy,2,Victoria,AUS,Australia,453.1693,http://linked.data.gov.au/dataset/asgsed3/SAL/22485,1.20641368434,0.0449032888119
22486,Tenby Point,2,Victoria,AUS,Australia,0.2364,http://linked.data.gov.au/dataset/asgsed3/SAL/22486,0.0303822001198,2.437317146e-05
22487,Tennyson (Vic.),2,Victoria,AUS,Australia,84.5287,http://linked.data.gov.au/dataset/asgsed3/SAL/22487,0.459327897223,0.00847949431096
22488,Terang,2,Victoria,AUS,Australia,119.3816,http://linked.data.gov.au/dataset/asgsed3/SAL/22488,0.690769162743,0.0122847800166
22489,Terip Terip,2,Victoria,AUS,Australia,51.042,http://linked.data.gov.au/dataset/asgsed3/SAL/22489,0.458273625501,0.00516726536144
22490,Terrappee,2,Victoria,AUS,Australia,78.4564,http://linked.data.gov.au/dataset/asgsed3/SAL/22490,0.510107954065,0.00785819018028
22491,Terrick Terrick,2,Victoria,AUS,Australia,58.2465,http://linked.data.gov.au/dataset/asgsed3/SAL/22491,0.38716836468,0.0058308673985
22492,Terrick Terrick East,2,Victoria,AUS,Australia,182.1201,http://linked.data.gov.au/dataset/asgsed3/SAL/22492,0.716135673517,0.0182299185738
22493,Tesbury,2,Victoria,AUS,Australia,23.9942,http://linked.data.gov.au/dataset/asgsed3/SAL/22493,0.302355900363,0.00247082567859
22494,Tetoora Road,2,Victoria,AUS,Australia,8.5069,http://linked.data.gov.au/dataset/asgsed3/SAL/22494,0.219898586325,0.000875854648421
22495,Thalia,2,Victoria,AUS,Australia,91.9287,http://linked.data.gov.au/dataset/asgsed3/SAL/22495,0.662200913573,0.00920016211005
22496,The Basin (Vic.),2,Victoria,AUS,Australia,5.7538,http://linked.data.gov.au/dataset/asgsed3/SAL/22496,0.151185734131,0.000589026825092
22497,The Cove,2,Victoria,AUS,Australia,7.4527,http://linked.data.gov.au/dataset/asgsed3/SAL/22497,0.149062504394,0.000769542488155
22498,The Gurdies,2,Victoria,AUS,Australia,17.0015,http://linked.data.gov.au/dataset/asgsed3/SAL/22498,0.214901935226,0.00175304641891
22499,The Heart,2,Victoria,AUS,Australia,44.361,http://linked.data.gov.au/dataset/asgsed3/SAL/22499,0.416190039486,0.00455749111496
22500,The Honeysuckles,2,Victoria,AUS,Australia,11.616,http://linked.data.gov.au/dataset/asgsed3/SAL/22500,0.174769181363,0.00119687833967
22501,The Patch,2,Victoria,AUS,Australia,3.9761,http://linked.data.gov.au/dataset/asgsed3/SAL/22501,0.116264053554,0.000407262325575
22502,The Sisters,2,Victoria,AUS,Australia,71.1721,http://linked.data.gov.au/dataset/asgsed3/SAL/22502,0.471668016534,0.00731838132691
22503,Thologolong,2,Victoria,AUS,Australia,93.4292,http://linked.data.gov.au/dataset/asgsed3/SAL/22503,0.520252308134,0.00933766220633
22504,Thomastown,2,Victoria,AUS,Australia,14.7441,http://linked.data.gov.au/dataset/asgsed3/SAL/22504,0.232078359586,0.00150589766871
22505,Thomson (Baw Baw - Vic.),2,Victoria,AUS,Australia,157.77,http://linked.data.gov.au/dataset/asgsed3/SAL/22505,0.854477340285,0.0161304629822
22506,Thomson (Greater Geelong - Vic.),2,Victoria,AUS,Australia,0.9554,http://linked.data.gov.au/dataset/asgsed3/SAL/22506,0.0507684206223,9.8196325845e-05
22507,Thoona,2,Victoria,AUS,Australia,80.566,http://linked.data.gov.au/dataset/asgsed3/SAL/22507,0.4373943255,0.00808791625422
22508,Thornbury,2,Victoria,AUS,Australia,5.1328,http://linked.data.gov.au/dataset/asgsed3/SAL/22508,0.133710693925,0.000524795671682
22509,Thornhill Park,2,Victoria,AUS,Australia,9.559,http://linked.data.gov.au/dataset/asgsed3/SAL/22509,0.148706059887,0.000976922116702
22510,Thornton (Vic.),2,Victoria,AUS,Australia,70.1427,http://linked.data.gov.au/dataset/asgsed3/SAL/22510,0.572292125006,0.00712522721014
22511,Thorpdale,2,Victoria,AUS,Australia,65.7048,http://linked.data.gov.au/dataset/asgsed3/SAL/22511,0.650406183876,0.00676722568548
22512,Thorpdale South,2,Victoria,AUS,Australia,8.5068,http://linked.data.gov.au/dataset/asgsed3/SAL/22512,0.170330948872,0.000876494508704
22513,Thowgla Valley,2,Victoria,AUS,Australia,127.1027,http://linked.data.gov.au/dataset/asgsed3/SAL/22513,0.570723049897,0.0127480760686
22514,Three Bridges,2,Victoria,AUS,Australia,35.8166,http://linked.data.gov.au/dataset/asgsed3/SAL/22514,0.368848855252,0.00366642389063
22515,Timbarra (Vic.),2,Victoria,AUS,Australia,152.7313,http://linked.data.gov.au/dataset/asgsed3/SAL/22515,0.711382622991,0.0155607431247
22516,Timboon,2,Victoria,AUS,Australia,81.6761,http://linked.data.gov.au/dataset/asgsed3/SAL/22516,0.608316573319,0.00843343116178
22517,Timboon West,2,Victoria,AUS,Australia,24.9962,http://linked.data.gov.au/dataset/asgsed3/SAL/22517,0.248968022963,0.00258263787484
22518,Timmering,2,Victoria,AUS,Australia,90.4305,http://linked.data.gov.au/dataset/asgsed3/SAL/22518,0.400242029438,0.00907851044663
22519,Timor (Vic.),2,Victoria,AUS,Australia,29.469,http://linked.data.gov.au/dataset/asgsed3/SAL/22519,0.306955219388,0.00298240410428
22520,Timor West,2,Victoria,AUS,Australia,27.6024,http://linked.data.gov.au/dataset/asgsed3/SAL/22520,0.266007728581,0.00279265990117
22521,Tinamba,2,Victoria,AUS,Australia,60.3296,http://linked.data.gov.au/dataset/asgsed3/SAL/22521,0.602818827013,0.00618565337287
22522,Tinamba West,2,Victoria,AUS,Australia,18.7253,http://linked.data.gov.au/dataset/asgsed3/SAL/22522,0.295511911818,0.0019187753375
22523,Tintaldra,2,Victoria,AUS,Australia,75.4363,http://linked.data.gov.au/dataset/asgsed3/SAL/22523,0.582149460277,0.00754586421763
22524,Tittybong,2,Victoria,AUS,Australia,50.7697,http://linked.data.gov.au/dataset/asgsed3/SAL/22524,0.423142091186,0.0050598117147
22525,Tol Tol,2,Victoria,AUS,Australia,59.7732,http://linked.data.gov.au/dataset/asgsed3/SAL/22525,0.488217767092,0.00587753686327
22526,Tolmie,2,Victoria,AUS,Australia,242.0785,http://linked.data.gov.au/dataset/asgsed3/SAL/22526,1.19713116145,0.0244848940094
22527,Tom Groggin,2,Victoria,AUS,Australia,512.742,http://linked.data.gov.au/dataset/asgsed3/SAL/22527,1.34844156562,0.0516360850699
22528,Tongala,2,Victoria,AUS,Australia,112.0085,http://linked.data.gov.au/dataset/asgsed3/SAL/22528,0.582880128884,0.0112303297907
22529,Tonghi Creek,2,Victoria,AUS,Australia,64.1272,http://linked.data.gov.au/dataset/asgsed3/SAL/22529,0.501997589231,0.00654347019299
22530,Tongio,2,Victoria,AUS,Australia,141.4276,http://linked.data.gov.au/dataset/asgsed3/SAL/22530,0.771512039692,0.0143484028773
22531,Tonimbuk,2,Victoria,AUS,Australia,38.3501,http://linked.data.gov.au/dataset/asgsed3/SAL/22531,0.379070434963,0.00393450685397
22532,Tooan,2,Victoria,AUS,Australia,266.923,http://linked.data.gov.au/dataset/asgsed3/SAL/22532,0.954267851414,0.026974697164
22533,Tooborac,2,Victoria,AUS,Australia,167.768,http://linked.data.gov.au/dataset/asgsed3/SAL/22533,0.824088876627,0.01699322452
22534,Toolamba,2,Victoria,AUS,Australia,68.2178,http://linked.data.gov.au/dataset/asgsed3/SAL/22534,0.551942035596,0.00686118007885
22535,Toolamba West,2,Victoria,AUS,Australia,16.5881,http://linked.data.gov.au/dataset/asgsed3/SAL/22535,0.176691935531,0.00166817597697
22536,Toolangi,2,Victoria,AUS,Australia,168.9456,http://linked.data.gov.au/dataset/asgsed3/SAL/22536,0.821587106739,0.0172196683684
22537,Toolern Vale,2,Victoria,AUS,Australia,97.9775,http://linked.data.gov.au/dataset/asgsed3/SAL/22537,0.493307315191,0.00999728687463
22538,Toolleen,2,Victoria,AUS,Australia,157.9837,http://linked.data.gov.au/dataset/asgsed3/SAL/22538,0.741814324309,0.0159357223925
22539,Toolome,2,Victoria,AUS,Australia,114.4129,http://linked.data.gov.au/dataset/asgsed3/SAL/22539,0.432773740831,0.0116765284732
22540,Toolondo,2,Victoria,AUS,Australia,183.2829,http://linked.data.gov.au/dataset/asgsed3/SAL/22540,0.657229546323,0.0185588360746
22541,Toolong,2,Victoria,AUS,Australia,32.6268,http://linked.data.gov.au/dataset/asgsed3/SAL/22541,0.3074575702,0.00336092925251
22542,Toombon,2,Victoria,AUS,Australia,248.9313,http://linked.data.gov.au/dataset/asgsed3/SAL/22542,1.06841484134,0.0254388916391
22543,Toongabbie (Vic.),2,Victoria,AUS,Australia,148.7576,http://linked.data.gov.au/dataset/asgsed3/SAL/22543,0.825602330928,0.0152659251095
22544,Toora (Vic.),2,Victoria,AUS,Australia,51.7609,http://linked.data.gov.au/dataset/asgsed3/SAL/22544,0.628774293996,0.00535659457689
22545,Toora North,2,Victoria,AUS,Australia,36.7221,http://linked.data.gov.au/dataset/asgsed3/SAL/22545,0.475869734096,0.00379752982814
22546,Tooradin,2,Victoria,AUS,Australia,27.7282,http://linked.data.gov.au/dataset/asgsed3/SAL/22546,0.287052891386,0.00285190207198
22547,Toorak,2,Victoria,AUS,Australia,4.272700000000001,http://linked.data.gov.au/dataset/asgsed3/SAL/22547,0.0930979205284,0.000437366490848
22548,Toorloo Arm,2,Victoria,AUS,Australia,182.618,http://linked.data.gov.au/dataset/asgsed3/SAL/22548,0.810931760457,0.0186800312062
22549,Toorongo,2,Victoria,AUS,Australia,168.2903,http://linked.data.gov.au/dataset/asgsed3/SAL/22549,0.63101277818,0.0172117411605
22550,Tootgarook,2,Victoria,AUS,Australia,3.4881,http://linked.data.gov.au/dataset/asgsed3/SAL/22550,0.083803240111,0.000359601378014
22551,Torquay (Vic.),2,Victoria,AUS,Australia,34.3055,http://linked.data.gov.au/dataset/asgsed3/SAL/22551,0.281079702037,0.0035335480435
22552,Torrita,2,Victoria,AUS,Australia,244.3885,http://linked.data.gov.au/dataset/asgsed3/SAL/22552,0.946929452493,0.0241708151411
22553,Torrumbarry,2,Victoria,AUS,Australia,141.044,http://linked.data.gov.au/dataset/asgsed3/SAL/22553,0.836409758097,0.0141061060729
22554,Torwood,2,Victoria,AUS,Australia,6.8737,http://linked.data.gov.au/dataset/asgsed3/SAL/22554,0.131075820287,0.00070751379731
22555,Tostaree,2,Victoria,AUS,Australia,41.353,http://linked.data.gov.au/dataset/asgsed3/SAL/22555,0.374396050398,0.00422936105279
22556,Tottenham (Vic.),2,Victoria,AUS,Australia,2.1524,http://linked.data.gov.au/dataset/asgsed3/SAL/22556,0.0672143995384,0.000220214878751
22557,Tottington,2,Victoria,AUS,Australia,60.639,http://linked.data.gov.au/dataset/asgsed3/SAL/22557,0.473550457207,0.00612038167471
22558,Tourello,2,Victoria,AUS,Australia,20.2996,http://linked.data.gov.au/dataset/asgsed3/SAL/22558,0.2176909707,0.00206446592907
22559,Towan,2,Victoria,AUS,Australia,123.9882,http://linked.data.gov.au/dataset/asgsed3/SAL/22559,0.486847231096,0.0122645839956
22560,Towaninny,2,Victoria,AUS,Australia,89.2577,http://linked.data.gov.au/dataset/asgsed3/SAL/22560,0.530061446029,0.00890474293646
22561,Towaninny South,2,Victoria,AUS,Australia,70.4543,http://linked.data.gov.au/dataset/asgsed3/SAL/22561,0.382526233245,0.00703723817814
22562,Tower Hill,2,Victoria,AUS,Australia,11.7203,http://linked.data.gov.au/dataset/asgsed3/SAL/22562,0.169746136284,0.00120751994937
22563,Towong,2,Victoria,AUS,Australia,77.21429999999998,http://linked.data.gov.au/dataset/asgsed3/SAL/22563,0.704959513344,0.00773048803351
22564,Towong Upper,2,Victoria,AUS,Australia,38.5938,http://linked.data.gov.au/dataset/asgsed3/SAL/22564,0.332889807838,0.00386785057761
22565,Trafalgar (Vic.),2,Victoria,AUS,Australia,67.9223,http://linked.data.gov.au/dataset/asgsed3/SAL/22565,0.637869972069,0.00698295880868
22566,Trafalgar East,2,Victoria,AUS,Australia,35.9353,http://linked.data.gov.au/dataset/asgsed3/SAL/22566,0.30282784744,0.00369456417854
22567,Trafalgar South,2,Victoria,AUS,Australia,41.5003,http://linked.data.gov.au/dataset/asgsed3/SAL/22567,0.4322484908,0.00427084775967
22568,Tragowel,2,Victoria,AUS,Australia,127.7898,http://linked.data.gov.au/dataset/asgsed3/SAL/22568,0.590968694864,0.0127486515626
22569,Traralgon,2,Victoria,AUS,Australia,56.2821,http://linked.data.gov.au/dataset/asgsed3/SAL/22569,0.457261259511,0.00578886306092
22570,Traralgon East,2,Victoria,AUS,Australia,34.8911,http://linked.data.gov.au/dataset/asgsed3/SAL/22570,0.321000619374,0.00358791525942
22571,Traralgon South,2,Victoria,AUS,Australia,17.5356,http://linked.data.gov.au/dataset/asgsed3/SAL/22571,0.299418228673,0.0018057373091
22572,Travancore,2,Victoria,AUS,Australia,0.4184,http://linked.data.gov.au/dataset/asgsed3/SAL/22572,0.0322457581928,4.2781248328e-05
22573,Trawalla,2,Victoria,AUS,Australia,73.4454,http://linked.data.gov.au/dataset/asgsed3/SAL/22573,0.523066742236,0.00747816172507
22574,Trawool,2,Victoria,AUS,Australia,41.3123,http://linked.data.gov.au/dataset/asgsed3/SAL/22574,0.392500343044,0.00418869177987
22575,Traynors Lagoon,2,Victoria,AUS,Australia,68.9051,http://linked.data.gov.au/dataset/asgsed3/SAL/22575,0.387203950621,0.00693822899023
22576,Tremont,2,Victoria,AUS,Australia,5.512,http://linked.data.gov.au/dataset/asgsed3/SAL/22576,0.142524505805,0.000564476726677
22577,Trentham,2,Victoria,AUS,Australia,51.3607,http://linked.data.gov.au/dataset/asgsed3/SAL/22577,0.425995749006,0.00522516265634
22578,Trentham East,2,Victoria,AUS,Australia,35.9996,http://linked.data.gov.au/dataset/asgsed3/SAL/22578,0.328260892442,0.00366379020539
22579,Tresco,2,Victoria,AUS,Australia,28.7574,http://linked.data.gov.au/dataset/asgsed3/SAL/22579,0.230285998971,0.00285691676343
22580,Tresco West,2,Victoria,AUS,Australia,37.1387,http://linked.data.gov.au/dataset/asgsed3/SAL/22580,0.278476844285,0.00368971151847
22581,Trida,2,Victoria,AUS,Australia,24.0787,http://linked.data.gov.au/dataset/asgsed3/SAL/22581,0.322704797155,0.00248067900221
22582,Truganina,2,Victoria,AUS,Australia,61.6796,http://linked.data.gov.au/dataset/asgsed3/SAL/22582,0.484737359875,0.00630973636496
22583,Tubbut,2,Victoria,AUS,Australia,114.5872,http://linked.data.gov.au/dataset/asgsed3/SAL/22583,0.657521098502,0.0116089499112
22584,Tuerong,2,Victoria,AUS,Australia,38.9285,http://linked.data.gov.au/dataset/asgsed3/SAL/22584,0.302534598986,0.00400914191491
22585,Tulkara,2,Victoria,AUS,Australia,13.8984,http://linked.data.gov.au/dataset/asgsed3/SAL/22585,0.160148458639,0.00140596142273
22586,Tullamarine,2,Victoria,AUS,Australia,7.4898,http://linked.data.gov.au/dataset/asgsed3/SAL/22586,0.165029930196,0.000765227010447
22587,Tungamah,2,Victoria,AUS,Australia,190.1485,http://linked.data.gov.au/dataset/asgsed3/SAL/22587,0.63311405216,0.0190447859186
22588,Turoar,2,Victoria,AUS,Australia,143.5608,http://linked.data.gov.au/dataset/asgsed3/SAL/22588,0.522974622383,0.0142058206996
22589,Turriff,2,Victoria,AUS,Australia,131.1047,http://linked.data.gov.au/dataset/asgsed3/SAL/22589,0.699762344704,0.0130204183655
22590,Turriff East,2,Victoria,AUS,Australia,48.0997,http://linked.data.gov.au/dataset/asgsed3/SAL/22590,0.294645652423,0.00477515664508
22591,Turtons Creek,2,Victoria,AUS,Australia,24.3006,http://linked.data.gov.au/dataset/asgsed3/SAL/22591,0.290772551511,0.00251123713788
22592,Tutye,2,Victoria,AUS,Australia,251.7415,http://linked.data.gov.au/dataset/asgsed3/SAL/22592,0.929024298555,0.0249140473915
22593,Tyaak,2,Victoria,AUS,Australia,12.0163,http://linked.data.gov.au/dataset/asgsed3/SAL/22593,0.184375165772,0.00121987779845
22594,Tyabb,2,Victoria,AUS,Australia,23.6157,http://linked.data.gov.au/dataset/asgsed3/SAL/22594,0.27176645234,0.00243100913
22595,Tyenna (Vic.),2,Victoria,AUS,Australia,33.6996,http://linked.data.gov.au/dataset/asgsed3/SAL/22595,0.246084477946,0.00334056219165
22596,Tyers,2,Victoria,AUS,Australia,46.3213,http://linked.data.gov.au/dataset/asgsed3/SAL/22596,0.477592674064,0.00476002565868
22597,Tylden,2,Victoria,AUS,Australia,54.3981,http://linked.data.gov.au/dataset/asgsed3/SAL/22597,0.493396124441,0.00553040640396
22598,Tynong,2,Victoria,AUS,Australia,21.331,http://linked.data.gov.au/dataset/asgsed3/SAL/22598,0.228563629052,0.00219080885434
22599,Tynong North,2,Victoria,AUS,Australia,48.3635,http://linked.data.gov.au/dataset/asgsed3/SAL/22599,0.393089214064,0.00496267844691
22600,Tyntynder,2,Victoria,AUS,Australia,32.5673,http://linked.data.gov.au/dataset/asgsed3/SAL/22600,0.294035233361,0.00322503439771
22601,Tyntynder South,2,Victoria,AUS,Australia,17.1369,http://linked.data.gov.au/dataset/asgsed3/SAL/22601,0.218649167452,0.0016977520729
22602,Tyrendarra,2,Victoria,AUS,Australia,122.8181,http://linked.data.gov.au/dataset/asgsed3/SAL/22602,0.572909979546,0.0126337253233
22603,Tyrendarra East,2,Victoria,AUS,Australia,14.7731,http://linked.data.gov.au/dataset/asgsed3/SAL/22603,0.168550006792,0.00152058168954
22604,Tyrrell,2,Victoria,AUS,Australia,99.43490000000001,http://linked.data.gov.au/dataset/asgsed3/SAL/22604,0.456880865831,0.00986987212594
22605,Tyrrell Downs,2,Victoria,AUS,Australia,201.0233,http://linked.data.gov.au/dataset/asgsed3/SAL/22605,0.627629863344,0.0199244103374
22606,Ullina,2,Victoria,AUS,Australia,35.1369,http://linked.data.gov.au/dataset/asgsed3/SAL/22606,0.293243282271,0.00356976897717
22607,Ullswater,2,Victoria,AUS,Australia,75.4966,http://linked.data.gov.au/dataset/asgsed3/SAL/22607,0.550548299742,0.00763483860272
22608,Ultima,2,Victoria,AUS,Australia,259.1797,http://linked.data.gov.au/dataset/asgsed3/SAL/22608,0.810609816674,0.0257409873989
22609,Ultima East,2,Victoria,AUS,Australia,45.2188,http://linked.data.gov.au/dataset/asgsed3/SAL/22609,0.280286536151,0.00448832067778
22610,Ulupna,2,Victoria,AUS,Australia,18.5695,http://linked.data.gov.au/dataset/asgsed3/SAL/22610,0.2889463474,0.00185234831307
22611,Undera,2,Victoria,AUS,Australia,136.5709,http://linked.data.gov.au/dataset/asgsed3/SAL/22611,0.810803003776,0.0136929579047
22612,Underbool,2,Victoria,AUS,Australia,353.7549,http://linked.data.gov.au/dataset/asgsed3/SAL/22612,1.05390936947,0.0349944410997
22613,Upotipotpon,2,Victoria,AUS,Australia,75.2527,http://linked.data.gov.au/dataset/asgsed3/SAL/22613,0.575724343295,0.00756949628215
22614,Upper Ferntree Gully,2,Victoria,AUS,Australia,3.3523,http://linked.data.gov.au/dataset/asgsed3/SAL/22614,0.108346752964,0.000343408123795
22615,Upper Gundowring,2,Victoria,AUS,Australia,68.868,http://linked.data.gov.au/dataset/asgsed3/SAL/22615,0.514543048989,0.00692888834065
22616,Upper Lurg,2,Victoria,AUS,Australia,30.8066,http://linked.data.gov.au/dataset/asgsed3/SAL/22616,0.320728609864,0.00310206095448
22617,Upper Plenty,2,Victoria,AUS,Australia,31.3922,http://linked.data.gov.au/dataset/asgsed3/SAL/22617,0.292802048924,0.00319531218025
22618,Upper Ryans Creek,2,Victoria,AUS,Australia,28.2037,http://linked.data.gov.au/dataset/asgsed3/SAL/22618,0.285311734042,0.00284323834738
22619,Upton Hill,2,Victoria,AUS,Australia,24.0325,http://linked.data.gov.au/dataset/asgsed3/SAL/22619,0.284731147057,0.00242957748257
22620,Upwey,2,Victoria,AUS,Australia,6.2172,http://linked.data.gov.au/dataset/asgsed3/SAL/22620,0.133844797099,0.000636966606569
22621,Valencia Creek,2,Victoria,AUS,Australia,79.65739999999998,http://linked.data.gov.au/dataset/asgsed3/SAL/22621,0.576264195213,0.00814712678936
22622,Vasey,2,Victoria,AUS,Australia,126.732,http://linked.data.gov.au/dataset/asgsed3/SAL/22622,0.690467345042,0.0128851201853
22623,Vaughan,2,Victoria,AUS,Australia,9.6186,http://linked.data.gov.au/dataset/asgsed3/SAL/22623,0.15887160866,0.000975734695714
22624,Vectis,2,Victoria,AUS,Australia,147.4932,http://linked.data.gov.au/dataset/asgsed3/SAL/22624,0.632318582219,0.0148738297886
22625,Ventnor (Vic.),2,Victoria,AUS,Australia,38.5084,http://linked.data.gov.au/dataset/asgsed3/SAL/22625,0.368185397443,0.00397636600269
22626,Venus Bay (Vic.),2,Victoria,AUS,Australia,17.3263,http://linked.data.gov.au/dataset/asgsed3/SAL/22626,0.287114703192,0.00179364360672
22627,Vermont,2,Victoria,AUS,Australia,4.6098,http://linked.data.gov.au/dataset/asgsed3/SAL/22627,0.102906526791,0.000471789687282
22628,Vermont South,2,Victoria,AUS,Australia,6.184,http://linked.data.gov.au/dataset/asgsed3/SAL/22628,0.137702658866,0.000633080512206
22629,Vervale,2,Victoria,AUS,Australia,7.0085,http://linked.data.gov.au/dataset/asgsed3/SAL/22629,0.141038366967,0.000720215545972
22630,Vesper,2,Victoria,AUS,Australia,18.0516,http://linked.data.gov.au/dataset/asgsed3/SAL/22630,0.226615577355,0.00184844183382
22631,Victoria Point (Vic.),2,Victoria,AUS,Australia,80.012,http://linked.data.gov.au/dataset/asgsed3/SAL/22631,0.432131745584,0.00815388437654
22632,Victoria Valley (Vic.),2,Victoria,AUS,Australia,185.496,http://linked.data.gov.au/dataset/asgsed3/SAL/22632,0.904952177609,0.0189075525138
22633,Viewbank,2,Victoria,AUS,Australia,4.5459,http://linked.data.gov.au/dataset/asgsed3/SAL/22633,0.114408901671,0.000464710643244
22634,Vinifera,2,Victoria,AUS,Australia,18.9119,http://linked.data.gov.au/dataset/asgsed3/SAL/22634,0.275225893222,0.00187215179582
22635,Violet Town,2,Victoria,AUS,Australia,194.6008,http://linked.data.gov.au/dataset/asgsed3/SAL/22635,0.913606547918,0.0196013738204
22636,Vite Vite,2,Victoria,AUS,Australia,98.1458,http://linked.data.gov.au/dataset/asgsed3/SAL/22636,0.599785160775,0.0100483389158
22637,Vite Vite North,2,Victoria,AUS,Australia,122.5209,http://linked.data.gov.au/dataset/asgsed3/SAL/22637,0.636604893409,0.0125321216694
22638,W Tree,2,Victoria,AUS,Australia,156.507,http://linked.data.gov.au/dataset/asgsed3/SAL/22638,0.638177047985,0.0159130223897
22639,Waaia,2,Victoria,AUS,Australia,72.6639,http://linked.data.gov.au/dataset/asgsed3/SAL/22639,0.45561614208,0.00726726132729
22640,Waanyarra,2,Victoria,AUS,Australia,62.0472,http://linked.data.gov.au/dataset/asgsed3/SAL/22640,0.396821303936,0.00626651631916
22641,Waarre,2,Victoria,AUS,Australia,7.9979,http://linked.data.gov.au/dataset/asgsed3/SAL/22641,0.191365545532,0.000826794894793
22642,Wabonga,2,Victoria,AUS,Australia,294.4829,http://linked.data.gov.au/dataset/asgsed3/SAL/22642,0.970983092218,0.0298193799757
22643,Waggarandall,2,Victoria,AUS,Australia,63.6376,http://linked.data.gov.au/dataset/asgsed3/SAL/22643,0.40933037463,0.00638046058323
22644,Wahgunyah,2,Victoria,AUS,Australia,36.5587,http://linked.data.gov.au/dataset/asgsed3/SAL/22644,0.366518472199,0.00365441052253
22645,Wahring,2,Victoria,AUS,Australia,111.0904,http://linked.data.gov.au/dataset/asgsed3/SAL/22645,0.56483087569,0.0112022523761
22646,Wail,2,Victoria,AUS,Australia,104.8042,http://linked.data.gov.au/dataset/asgsed3/SAL/22646,0.536066058428,0.0105458520585
22647,Wairewa,2,Victoria,AUS,Australia,72.281,http://linked.data.gov.au/dataset/asgsed3/SAL/22647,0.364028631271,0.00738372299403
22648,Waitchie,2,Victoria,AUS,Australia,312.9449,http://linked.data.gov.au/dataset/asgsed3/SAL/22648,0.858816603751,0.0310421542869
22649,Wal Wal,2,Victoria,AUS,Australia,151.0995,http://linked.data.gov.au/dataset/asgsed3/SAL/22649,0.645683672919,0.0152591557938
22650,Waldara,2,Victoria,AUS,Australia,8.412800000000002,http://linked.data.gov.au/dataset/asgsed3/SAL/22650,0.180989380702,0.000844267566414
22651,Walhalla,2,Victoria,AUS,Australia,101.2124,http://linked.data.gov.au/dataset/asgsed3/SAL/22651,0.534205622294,0.0103723713075
22652,Walhalla East,2,Victoria,AUS,Australia,98.1423,http://linked.data.gov.au/dataset/asgsed3/SAL/22652,0.560482471553,0.0100587608564
22653,Walkerville (Vic.),2,Victoria,AUS,Australia,39.117,http://linked.data.gov.au/dataset/asgsed3/SAL/22653,0.307763505112,0.00405685297357
22654,Walkerville North,2,Victoria,AUS,Australia,0.3814,http://linked.data.gov.au/dataset/asgsed3/SAL/22654,0.0452701101916,3.9569099591e-05
22655,Walkerville South,2,Victoria,AUS,Australia,1.1812,http://linked.data.gov.au/dataset/asgsed3/SAL/22655,0.0547771706739,0.000122584807177
22656,Wallace,2,Victoria,AUS,Australia,10.4881,http://linked.data.gov.au/dataset/asgsed3/SAL/22656,0.157763264442,0.00106954967926
22657,Wallacedale,2,Victoria,AUS,Australia,53.8738,http://linked.data.gov.au/dataset/asgsed3/SAL/22657,0.407169037964,0.00552104857782
22658,Wallagaraugh,2,Victoria,AUS,Australia,21.5192,http://linked.data.gov.au/dataset/asgsed3/SAL/22658,0.279017713359,0.00219100881921
22659,Wallaloo,2,Victoria,AUS,Australia,42.6174,http://linked.data.gov.au/dataset/asgsed3/SAL/22659,0.330162716179,0.00430102529604
22660,Wallaloo East,2,Victoria,AUS,Australia,88.7037,http://linked.data.gov.au/dataset/asgsed3/SAL/22660,0.519603142843,0.00895723913814
22661,Wallan,2,Victoria,AUS,Australia,69.6099,http://linked.data.gov.au/dataset/asgsed3/SAL/22661,0.411976623978,0.00708432471877
22662,Wallinduc,2,Victoria,AUS,Australia,90.7048,http://linked.data.gov.au/dataset/asgsed3/SAL/22662,0.535315089429,0.009288052741
22663,Wallington,2,Victoria,AUS,Australia,36.8959,http://linked.data.gov.au/dataset/asgsed3/SAL/22663,0.359584460741,0.0037961154208
22664,Wallup,2,Victoria,AUS,Australia,164.244,http://linked.data.gov.au/dataset/asgsed3/SAL/22664,0.569818986858,0.0164903399596
22665,Walmer (Vic.),2,Victoria,AUS,Australia,73.1275,http://linked.data.gov.au/dataset/asgsed3/SAL/22665,0.470982122781,0.00740046092649
22666,Walpa,2,Victoria,AUS,Australia,28.0428,http://linked.data.gov.au/dataset/asgsed3/SAL/22666,0.350554590415,0.00286855392482
22667,Walpeup,2,Victoria,AUS,Australia,462.7314,http://linked.data.gov.au/dataset/asgsed3/SAL/22667,0.999126496224,0.0457450459405
22668,Walwa,2,Victoria,AUS,Australia,109.3397,http://linked.data.gov.au/dataset/asgsed3/SAL/22668,0.698164753194,0.010928044258
22669,Wandana Heights,2,Victoria,AUS,Australia,2.6028,http://linked.data.gov.au/dataset/asgsed3/SAL/22669,0.0683497916986,0.000267622518851
22670,Wandella (Vic.),2,Victoria,AUS,Australia,78.4174,http://linked.data.gov.au/dataset/asgsed3/SAL/22670,0.471059300471,0.00781271660045
22671,Wandiligong,2,Victoria,AUS,Australia,43.9889,http://linked.data.gov.au/dataset/asgsed3/SAL/22671,0.498163940377,0.00444108358451
22672,Wandin East,2,Victoria,AUS,Australia,9.2944,http://linked.data.gov.au/dataset/asgsed3/SAL/22672,0.137613416932,0.000950970070953
22673,Wandin North,2,Victoria,AUS,Australia,16.6238,http://linked.data.gov.au/dataset/asgsed3/SAL/22673,0.235961172308,0.00170015742266
22674,Wando Bridge,2,Victoria,AUS,Australia,65.8704,http://linked.data.gov.au/dataset/asgsed3/SAL/22674,0.500224889375,0.00670644863719
22675,Wando Vale,2,Victoria,AUS,Australia,108.0255,http://linked.data.gov.au/dataset/asgsed3/SAL/22675,0.610152635772,0.0110052290991
22676,Wandong,2,Victoria,AUS,Australia,33.8719,http://linked.data.gov.au/dataset/asgsed3/SAL/22676,0.391937042347,0.00344466858866
22677,Wandown,2,Victoria,AUS,Australia,95.9397,http://linked.data.gov.au/dataset/asgsed3/SAL/22677,0.441725410935,0.00945299759642
22678,Wangandary,2,Victoria,AUS,Australia,42.9802,http://linked.data.gov.au/dataset/asgsed3/SAL/22678,0.354319796804,0.00431365915952
22679,Wangarabell,2,Victoria,AUS,Australia,51.2363,http://linked.data.gov.au/dataset/asgsed3/SAL/22679,0.440936211918,0.00521326284028
22680,Wangaratta (Vic.),2,Victoria,AUS,Australia,48.7989,http://linked.data.gov.au/dataset/asgsed3/SAL/22680,0.485028986409,0.00490032322583
22681,Wangaratta South,2,Victoria,AUS,Australia,49.5007,http://linked.data.gov.au/dataset/asgsed3/SAL/22681,0.395634685805,0.00497221450497
22682,Wangie,2,Victoria,AUS,Australia,126.6291,http://linked.data.gov.au/dataset/asgsed3/SAL/22682,0.660315944192,0.0126110131171
22683,Wangoom,2,Victoria,AUS,Australia,41.922,http://linked.data.gov.au/dataset/asgsed3/SAL/22683,0.368326654132,0.00431936285671
22684,Wannon,2,Victoria,AUS,Australia,85.9398,http://linked.data.gov.au/dataset/asgsed3/SAL/22684,0.541044245673,0.00877439058968
22685,Wantirna,2,Victoria,AUS,Australia,8.2599,http://linked.data.gov.au/dataset/asgsed3/SAL/22685,0.150959820601,0.000845574958466
22686,Wantirna South,2,Victoria,AUS,Australia,14.1612,http://linked.data.gov.au/dataset/asgsed3/SAL/22686,0.255606359198,0.00145013115229
22687,Waranga Shores,2,Victoria,AUS,Australia,117.4685,http://linked.data.gov.au/dataset/asgsed3/SAL/22687,0.46904258754,0.0118228791484
22688,Waratah Bay,2,Victoria,AUS,Australia,9.2439,http://linked.data.gov.au/dataset/asgsed3/SAL/22688,0.169394545216,0.000958591887981
22689,Warburton (Vic.),2,Victoria,AUS,Australia,132.5435,http://linked.data.gov.au/dataset/asgsed3/SAL/22689,0.725904459824,0.0135465644098
22690,Wareek,2,Victoria,AUS,Australia,65.7335,http://linked.data.gov.au/dataset/asgsed3/SAL/22690,0.450211666132,0.00665395675472
22691,Wargan,2,Victoria,AUS,Australia,435.6001,http://linked.data.gov.au/dataset/asgsed3/SAL/22691,1.10954968925,0.0426003488549
22692,Warmur,2,Victoria,AUS,Australia,105.1248,http://linked.data.gov.au/dataset/asgsed3/SAL/22692,0.534523720419,0.0105191160161
22693,Warncoort,2,Victoria,AUS,Australia,59.9273,http://linked.data.gov.au/dataset/asgsed3/SAL/22693,0.448421999147,0.00617341584289
22694,Warne,2,Victoria,AUS,Australia,84.66079999999998,http://linked.data.gov.au/dataset/asgsed3/SAL/22694,0.430654600179,0.00843892558781
22695,Warneet,2,Victoria,AUS,Australia,3.2629,http://linked.data.gov.au/dataset/asgsed3/SAL/22695,0.116389778686,0.000335716586146
22696,Warrabkook,2,Victoria,AUS,Australia,64.9415,http://linked.data.gov.au/dataset/asgsed3/SAL/22696,0.471058204005,0.00665984422766
22697,Warracknabeal,2,Victoria,AUS,Australia,290.4197,http://linked.data.gov.au/dataset/asgsed3/SAL/22697,0.755721031679,0.029111528046
22698,Warragul,2,Victoria,AUS,Australia,55.3164,http://linked.data.gov.au/dataset/asgsed3/SAL/22698,0.537142775825,0.00568565744237
22699,Warragul South,2,Victoria,AUS,Australia,27.75,http://linked.data.gov.au/dataset/asgsed3/SAL/22699,0.39054305059,0.00285464907557
22700,Warragul West,2,Victoria,AUS,Australia,4.0745,http://linked.data.gov.au/dataset/asgsed3/SAL/22700,0.113373409938,0.000418891672399
22701,Warrak,2,Victoria,AUS,Australia,67.8638,http://linked.data.gov.au/dataset/asgsed3/SAL/22701,0.401398197081,0.00689541806982
22702,Warrandyte,2,Victoria,AUS,Australia,17.3425,http://linked.data.gov.au/dataset/asgsed3/SAL/22702,0.307764246475,0.00177293813969
22703,Warrandyte South,2,Victoria,AUS,Australia,4.5289,http://linked.data.gov.au/dataset/asgsed3/SAL/22703,0.130493567711,0.000463059585114
22704,Warranwood,2,Victoria,AUS,Australia,2.9969,http://linked.data.gov.au/dataset/asgsed3/SAL/22704,0.0781659553127,0.000306492339718
22705,Warrayure,2,Victoria,AUS,Australia,35.3998,http://linked.data.gov.au/dataset/asgsed3/SAL/22705,0.313021954468,0.00361740483983
22706,Warrenbayne,2,Victoria,AUS,Australia,129.3212,http://linked.data.gov.au/dataset/asgsed3/SAL/22706,0.570147710754,0.013041804689
22707,Warrenheip,2,Victoria,AUS,Australia,11.8647,http://linked.data.gov.au/dataset/asgsed3/SAL/22707,0.19018452959,0.0012101226219
22708,Warrenmang,2,Victoria,AUS,Australia,145.9749,http://linked.data.gov.au/dataset/asgsed3/SAL/22708,0.962297164709,0.0147907877595
22709,Warrion,2,Victoria,AUS,Australia,35.8265,http://linked.data.gov.au/dataset/asgsed3/SAL/22709,0.310350460701,0.0036860195077
22710,Warrnambool,2,Victoria,AUS,Australia,65.516,http://linked.data.gov.au/dataset/asgsed3/SAL/22710,0.450994262778,0.00675378418957
22711,Warrock,2,Victoria,AUS,Australia,83.2975,http://linked.data.gov.au/dataset/asgsed3/SAL/22711,0.603450913983,0.00847988196413
22712,Warrong,2,Victoria,AUS,Australia,83.0732,http://linked.data.gov.au/dataset/asgsed3/SAL/22712,0.477415750848,0.00854383744315
22713,Wartook,2,Victoria,AUS,Australia,131.6718,http://linked.data.gov.au/dataset/asgsed3/SAL/22713,0.740897203352,0.0133320576396
22714,Watchem,2,Victoria,AUS,Australia,112.941,http://linked.data.gov.au/dataset/asgsed3/SAL/22714,0.5470200975,0.0113104357385
22715,Watchem West,2,Victoria,AUS,Australia,133.2358,http://linked.data.gov.au/dataset/asgsed3/SAL/22715,0.661203694871,0.0133449946478
22716,Watchupga,2,Victoria,AUS,Australia,119.4075,http://linked.data.gov.au/dataset/asgsed3/SAL/22716,0.510633600378,0.0119003644208
22717,Waterford Park,2,Victoria,AUS,Australia,0.1896,http://linked.data.gov.au/dataset/asgsed3/SAL/22717,0.0207240900217,1.9265863604e-05
22718,Waterholes,2,Victoria,AUS,Australia,24.3662,http://linked.data.gov.au/dataset/asgsed3/SAL/22718,0.272997944505,0.00248763903219
22719,Waterloo (Vic.),2,Victoria,AUS,Australia,73.6961,http://linked.data.gov.au/dataset/asgsed3/SAL/22719,0.567353561276,0.00749513675875
22720,Waterways,2,Victoria,AUS,Australia,1.6949,http://linked.data.gov.au/dataset/asgsed3/SAL/22720,0.0573220690761,0.000173886215451
22721,Watsonia,2,Victoria,AUS,Australia,2.3005,http://linked.data.gov.au/dataset/asgsed3/SAL/22721,0.079990559738,0.000235061333572
22722,Watsonia North,2,Victoria,AUS,Australia,1.4503,http://linked.data.gov.au/dataset/asgsed3/SAL/22722,0.0566770342849,0.000148157388328
22723,Watsons Creek (Vic.),2,Victoria,AUS,Australia,1.7467,http://linked.data.gov.au/dataset/asgsed3/SAL/22723,0.0837881292676,0.000178362088008
22724,Wattle Bank,2,Victoria,AUS,Australia,16.1193,http://linked.data.gov.au/dataset/asgsed3/SAL/22724,0.173427091153,0.00166635510459
22725,Wattle Creek,2,Victoria,AUS,Australia,13.178,http://linked.data.gov.au/dataset/asgsed3/SAL/22725,0.182318952245,0.00133342429517
22726,Wattle Flat (Vic.),2,Victoria,AUS,Australia,10.9708,http://linked.data.gov.au/dataset/asgsed3/SAL/22726,0.189671614878,0.00111757986684
22727,Wattle Glen,2,Victoria,AUS,Australia,8.9885,http://linked.data.gov.au/dataset/asgsed3/SAL/22727,0.204715675445,0.000917919343398
22728,Wattle Hill (Vic.),2,Victoria,AUS,Australia,11.6282,http://linked.data.gov.au/dataset/asgsed3/SAL/22728,0.207248198031,0.00120505893954
22729,Waubra,2,Victoria,AUS,Australia,71.5327,http://linked.data.gov.au/dataset/asgsed3/SAL/22729,0.462274396194,0.00727292321387
22730,Waurn Ponds,2,Victoria,AUS,Australia,17.4461,http://linked.data.gov.au/dataset/asgsed3/SAL/22730,0.195270024817,0.00179427771283
22731,Waygara,2,Victoria,AUS,Australia,37.5885,http://linked.data.gov.au/dataset/asgsed3/SAL/22731,0.307405284325,0.0038436475781
22732,Weatherboard,2,Victoria,AUS,Australia,14.0276,http://linked.data.gov.au/dataset/asgsed3/SAL/22732,0.177492162014,0.0014280932899
22733,Wedderburn (Vic.),2,Victoria,AUS,Australia,206.5536,http://linked.data.gov.au/dataset/asgsed3/SAL/22733,0.844819182748,0.0207551418808
22734,Wedderburn Junction,2,Victoria,AUS,Australia,47.5287,http://linked.data.gov.au/dataset/asgsed3/SAL/22734,0.329478868538,0.00477643233091
22735,Wee Wee Rup,2,Victoria,AUS,Australia,16.8746,http://linked.data.gov.au/dataset/asgsed3/SAL/22735,0.215057058421,0.00168380248367
22736,Weeaproinah,2,Victoria,AUS,Australia,11.5824,http://linked.data.gov.au/dataset/asgsed3/SAL/22736,0.185865605597,0.00119830558478
22737,Weering,2,Victoria,AUS,Australia,77.5139,http://linked.data.gov.au/dataset/asgsed3/SAL/22737,0.489477397419,0.00796134215777
22738,Weerite,2,Victoria,AUS,Australia,74.16889999999998,http://linked.data.gov.au/dataset/asgsed3/SAL/22738,0.52851269601,0.00763101734603
22739,Wehla,2,Victoria,AUS,Australia,99.8615,http://linked.data.gov.au/dataset/asgsed3/SAL/22739,0.579944486577,0.0100585255726
22740,Weir Views,2,Victoria,AUS,Australia,5.7297,http://linked.data.gov.au/dataset/asgsed3/SAL/22740,0.189645979812,0.000585582109559
22741,Wellsford,2,Victoria,AUS,Australia,54.659,http://linked.data.gov.au/dataset/asgsed3/SAL/22741,0.378133608324,0.00551351271451
22742,Welshmans Reef,2,Victoria,AUS,Australia,31.115,http://linked.data.gov.au/dataset/asgsed3/SAL/22742,0.296713158115,0.00315236768121
22743,Welshpool (Vic.),2,Victoria,AUS,Australia,53.4507,http://linked.data.gov.au/dataset/asgsed3/SAL/22743,0.506400731852,0.00553217782572
22744,Wemen,2,Victoria,AUS,Australia,105.5599,http://linked.data.gov.au/dataset/asgsed3/SAL/22744,0.559561857725,0.0103986809532
22745,Wendouree,2,Victoria,AUS,Australia,9.5099,http://linked.data.gov.au/dataset/asgsed3/SAL/22745,0.13671206395,0.000969440564144
22746,Wensleydale,2,Victoria,AUS,Australia,83.37489999999998,http://linked.data.gov.au/dataset/asgsed3/SAL/22746,0.403368074022,0.0085952629332
22747,Wentworth (Vic.),2,Victoria,AUS,Australia,153.8933,http://linked.data.gov.au/dataset/asgsed3/SAL/22747,0.748866499318,0.0156420511146
22748,Werneth,2,Victoria,AUS,Australia,146.7626,http://linked.data.gov.au/dataset/asgsed3/SAL/22748,0.801247231652,0.0150397176361
22749,Werona,2,Victoria,AUS,Australia,38.7494,http://linked.data.gov.au/dataset/asgsed3/SAL/22749,0.324421366879,0.00393514788013
22750,Werribee,2,Victoria,AUS,Australia,42.8849,http://linked.data.gov.au/dataset/asgsed3/SAL/22750,0.394909682429,0.00439340242645
22751,Werribee South,2,Victoria,AUS,Australia,36.9392,http://linked.data.gov.au/dataset/asgsed3/SAL/22751,0.310797914142,0.00378584514063
22752,Werrimull,2,Victoria,AUS,Australia,728.3692999999998,http://linked.data.gov.au/dataset/asgsed3/SAL/22752,1.11458169216,0.0714168443998
22753,Wesburn,2,Victoria,AUS,Australia,41.2781,http://linked.data.gov.au/dataset/asgsed3/SAL/22753,0.519969099235,0.00422143343887
22754,West Bendigo,2,Victoria,AUS,Australia,1.9555,http://linked.data.gov.au/dataset/asgsed3/SAL/22754,0.0697578054909,0.00019733646021
22755,West Creek,2,Victoria,AUS,Australia,20.1748,http://linked.data.gov.au/dataset/asgsed3/SAL/22755,0.281848382524,0.00208495675324
22756,West Footscray,2,Victoria,AUS,Australia,3.7455,http://linked.data.gov.au/dataset/asgsed3/SAL/22756,0.0954864835773,0.000383192075421
22757,West Melbourne,2,Victoria,AUS,Australia,6.5822,http://linked.data.gov.au/dataset/asgsed3/SAL/22757,0.139927522336,0.000673426022135
22758,West Wodonga,2,Victoria,AUS,Australia,44.0897,http://linked.data.gov.au/dataset/asgsed3/SAL/22758,0.421558026027,0.004413108204
22759,Westbury (Vic.),2,Victoria,AUS,Australia,18.5178,http://linked.data.gov.au/dataset/asgsed3/SAL/22759,0.248936105507,0.00190305782416
22760,Westby,2,Victoria,AUS,Australia,20.5557,http://linked.data.gov.au/dataset/asgsed3/SAL/22760,0.205565466916,0.00204551259081
22761,Westmeadows,2,Victoria,AUS,Australia,4.8437,http://linked.data.gov.au/dataset/asgsed3/SAL/22761,0.161177343056,0.00049472820066
22762,Westmere,2,Victoria,AUS,Australia,85.7247,http://linked.data.gov.au/dataset/asgsed3/SAL/22762,0.54258098047,0.00875529140227
22763,Whanregarwen,2,Victoria,AUS,Australia,73.8151,http://linked.data.gov.au/dataset/asgsed3/SAL/22763,0.526932862609,0.0074935309432
22764,Wharparilla,2,Victoria,AUS,Australia,53.1542,http://linked.data.gov.au/dataset/asgsed3/SAL/22764,0.480250542507,0.00531920778887
22765,Wheatsheaf,2,Victoria,AUS,Australia,27.5739,http://linked.data.gov.au/dataset/asgsed3/SAL/22765,0.312558619784,0.00280367974211
22766,Wheelers Hill,2,Victoria,AUS,Australia,10.4255,http://linked.data.gov.au/dataset/asgsed3/SAL/22766,0.172116092821,0.00106800184129
22767,Whipstick,2,Victoria,AUS,Australia,22.3829,http://linked.data.gov.au/dataset/asgsed3/SAL/22767,0.279305458289,0.00225575386908
22768,Whirily,2,Victoria,AUS,Australia,139.9893,http://linked.data.gov.au/dataset/asgsed3/SAL/22768,0.590918658208,0.0139788090435
22769,White Hills (Vic.),2,Victoria,AUS,Australia,5.7589,http://linked.data.gov.au/dataset/asgsed3/SAL/22769,0.159652572508,0.000580945817084
22770,Whiteheads Creek,2,Victoria,AUS,Australia,139.2482,http://linked.data.gov.au/dataset/asgsed3/SAL/22770,0.60790384131,0.0141068837811
22771,Whitelaw,2,Victoria,AUS,Australia,4.2675,http://linked.data.gov.au/dataset/asgsed3/SAL/22771,0.111895276824,0.000440308329368
22772,Whitfield (Vic.),2,Victoria,AUS,Australia,57.6719,http://linked.data.gov.au/dataset/asgsed3/SAL/22772,0.43442653889,0.00581968762239
22773,Whitlands,2,Victoria,AUS,Australia,62.9432,http://linked.data.gov.au/dataset/asgsed3/SAL/22773,0.484193453336,0.00635730599809
22774,Whittington,2,Victoria,AUS,Australia,1.5599,http://linked.data.gov.au/dataset/asgsed3/SAL/22774,0.0544278728312,0.00016037897614
22775,Whittlesea,2,Victoria,AUS,Australia,106.2401,http://linked.data.gov.au/dataset/asgsed3/SAL/22775,0.578729042876,0.010820350382
22776,Whoorel,2,Victoria,AUS,Australia,18.7909,http://linked.data.gov.au/dataset/asgsed3/SAL/22776,0.208804405337,0.00193710439694
22777,Whorouly,2,Victoria,AUS,Australia,49.1241,http://linked.data.gov.au/dataset/asgsed3/SAL/22777,0.415305554409,0.00494222802015
22778,Whorouly East,2,Victoria,AUS,Australia,19.2164,http://linked.data.gov.au/dataset/asgsed3/SAL/22778,0.219654791995,0.00193400040785
22779,Whorouly South,2,Victoria,AUS,Australia,83.7365,http://linked.data.gov.au/dataset/asgsed3/SAL/22779,0.537651746497,0.00843272931479
22780,Whroo,2,Victoria,AUS,Australia,164.18,http://linked.data.gov.au/dataset/asgsed3/SAL/22780,0.777974640673,0.0165528536224
22781,Wickliffe,2,Victoria,AUS,Australia,171.6454,http://linked.data.gov.au/dataset/asgsed3/SAL/22781,0.953557548374,0.0175353575083
22782,Wilby,2,Victoria,AUS,Australia,110.4186,http://linked.data.gov.au/dataset/asgsed3/SAL/22782,0.489031713707,0.0110583412579
22783,Wild Dog Valley (Vic.),2,Victoria,AUS,Australia,13.9836,http://linked.data.gov.au/dataset/asgsed3/SAL/22783,0.205095417156,0.0014414920098
22784,Wildwood,2,Victoria,AUS,Australia,41.4046,http://linked.data.gov.au/dataset/asgsed3/SAL/22784,0.449234794474,0.00422219010117
22785,Wilkur,2,Victoria,AUS,Australia,121.1685,http://linked.data.gov.au/dataset/asgsed3/SAL/22785,0.551759862275,0.0121185158281
22786,Willangie,2,Victoria,AUS,Australia,174.8277,http://linked.data.gov.au/dataset/asgsed3/SAL/22786,0.609267324621,0.017412664688
22787,Willatook,2,Victoria,AUS,Australia,64.5745,http://linked.data.gov.au/dataset/asgsed3/SAL/22787,0.478451505351,0.00663712311483
22788,Willaura,2,Victoria,AUS,Australia,444.6927,http://linked.data.gov.au/dataset/asgsed3/SAL/22788,1.15933431877,0.0453236039238
22789,Willaura North,2,Victoria,AUS,Australia,112.7011,http://linked.data.gov.au/dataset/asgsed3/SAL/22789,0.546595626948,0.0114670054407
22790,Willenabrina,2,Victoria,AUS,Australia,123.0309,http://linked.data.gov.au/dataset/asgsed3/SAL/22790,0.456493758293,0.0123056533072
22791,Williams Landing,2,Victoria,AUS,Australia,3.8324,http://linked.data.gov.au/dataset/asgsed3/SAL/22791,0.0820625417993,0.000392406809098
22792,Williamstown (Vic.),2,Victoria,AUS,Australia,5.5782,http://linked.data.gov.au/dataset/asgsed3/SAL/22792,0.177942341673,0.00057119355275
22793,Williamstown North,2,Victoria,AUS,Australia,1.7947,http://linked.data.gov.au/dataset/asgsed3/SAL/22793,0.0779286261658,0.000183719402109
22794,Willow Grove,2,Victoria,AUS,Australia,78.28919999999998,http://linked.data.gov.au/dataset/asgsed3/SAL/22794,0.538304358598,0.0080382957943
22795,Willowmavin,2,Victoria,AUS,Australia,57.3445,http://linked.data.gov.au/dataset/asgsed3/SAL/22795,0.444845308006,0.0058238670362
22796,Willowvale (Vic.),2,Victoria,AUS,Australia,33.1975,http://linked.data.gov.au/dataset/asgsed3/SAL/22796,0.338727538667,0.00339834075853
22797,Willung,2,Victoria,AUS,Australia,76.3006,http://linked.data.gov.au/dataset/asgsed3/SAL/22797,0.661141435323,0.00785472831514
22798,Willung South,2,Victoria,AUS,Australia,112.2253,http://linked.data.gov.au/dataset/asgsed3/SAL/22798,0.835767851948,0.0115620482436
22799,Wilsons Hill,2,Victoria,AUS,Australia,20.5917,http://linked.data.gov.au/dataset/asgsed3/SAL/22799,0.194200267061,0.00207729370547
22800,Wilsons Promontory,2,Victoria,AUS,Australia,486.6341,http://linked.data.gov.au/dataset/asgsed3/SAL/22800,2.37094963829,0.0505733948347
22801,Wimbledon Heights,2,Victoria,AUS,Australia,0.3363,http://linked.data.gov.au/dataset/asgsed3/SAL/22801,0.02600901883,3.4731046308e-05
22802,Winchelsea,2,Victoria,AUS,Australia,235.9652,http://linked.data.gov.au/dataset/asgsed3/SAL/22802,0.806776079559,0.0242808805003
22803,Winchelsea South,2,Victoria,AUS,Australia,38.7732,http://linked.data.gov.au/dataset/asgsed3/SAL/22803,0.329353608031,0.00399456367784
22804,Windermere (Vic.),2,Victoria,AUS,Australia,42.3572,http://linked.data.gov.au/dataset/asgsed3/SAL/22804,0.29447812078,0.00431501076208
22805,Windsor (Vic.),2,Victoria,AUS,Australia,1.0586,http://linked.data.gov.au/dataset/asgsed3/SAL/22805,0.0571767885075,0.000108339920484
22806,Wingan River,2,Victoria,AUS,Australia,708.3644,http://linked.data.gov.au/dataset/asgsed3/SAL/22806,1.39662178622,0.0723089031033
22807,Wingeel,2,Victoria,AUS,Australia,62.9276,http://linked.data.gov.au/dataset/asgsed3/SAL/22807,0.421701574374,0.00646231457964
22808,Winjallok,2,Victoria,AUS,Australia,52.9341,http://linked.data.gov.au/dataset/asgsed3/SAL/22808,0.37872794974,0.00534855728481
22809,Winlaton,2,Victoria,AUS,Australia,31.6381,http://linked.data.gov.au/dataset/asgsed3/SAL/22809,0.331781785739,0.00314225760331
22810,Winnambool,2,Victoria,AUS,Australia,106.4618,http://linked.data.gov.au/dataset/asgsed3/SAL/22810,0.437746922478,0.0105071889893
22811,Winnap,2,Victoria,AUS,Australia,106.1557,http://linked.data.gov.au/dataset/asgsed3/SAL/22811,0.745654398946,0.0108742641933
22812,Winnindoo,2,Victoria,AUS,Australia,69.5043,http://linked.data.gov.au/dataset/asgsed3/SAL/22812,0.419420439768,0.00713670438072
22813,Winslow,2,Victoria,AUS,Australia,42.1596,http://linked.data.gov.au/dataset/asgsed3/SAL/22813,0.365780761073,0.00433853223386
22814,Winter Valley,2,Victoria,AUS,Australia,4.9151,http://linked.data.gov.au/dataset/asgsed3/SAL/22814,0.100826955795,0.000501362848533
22815,Winton (Vic.),2,Victoria,AUS,Australia,35.649,http://linked.data.gov.au/dataset/asgsed3/SAL/22815,0.314962051145,0.00358691128585
22816,Winton North,2,Victoria,AUS,Australia,97.9217,http://linked.data.gov.au/dataset/asgsed3/SAL/22816,0.467805893599,0.00984426669988
22817,Wirrate,2,Victoria,AUS,Australia,63.9902,http://linked.data.gov.au/dataset/asgsed3/SAL/22817,0.387748086199,0.00645870774466
22818,Wiseleigh,2,Victoria,AUS,Australia,11.4819,http://linked.data.gov.au/dataset/asgsed3/SAL/22818,0.19015432427,0.00117322422089
22819,Wodonga,2,Victoria,AUS,Australia,37.4663,http://linked.data.gov.au/dataset/asgsed3/SAL/22819,0.418263244712,0.00375066651133
22820,Wollert,2,Victoria,AUS,Australia,53.892,http://linked.data.gov.au/dataset/asgsed3/SAL/22820,0.362160849994,0.00549787828482
22821,Wombat Creek (Vic.),2,Victoria,AUS,Australia,82.274,http://linked.data.gov.au/dataset/asgsed3/SAL/22821,0.418022871933,0.00841281554267
22822,Wombelano,2,Victoria,AUS,Australia,134.5417,http://linked.data.gov.au/dataset/asgsed3/SAL/22822,0.733216534639,0.0136230014044
22823,Won Wron,2,Victoria,AUS,Australia,148.2528,http://linked.data.gov.au/dataset/asgsed3/SAL/22823,0.720929221178,0.0153022654818
22824,Wonga,2,Victoria,AUS,Australia,14.2234,http://linked.data.gov.au/dataset/asgsed3/SAL/22824,0.207585366208,0.00147087822453
22825,Wonga Park,2,Victoria,AUS,Australia,23.2172,http://linked.data.gov.au/dataset/asgsed3/SAL/22825,0.340324788757,0.00237308112651
22826,Wongarra,2,Victoria,AUS,Australia,33.0513,http://linked.data.gov.au/dataset/asgsed3/SAL/22826,0.444106911542,0.00342142554908
22827,Wongungarra,2,Victoria,AUS,Australia,494.4658,http://linked.data.gov.au/dataset/asgsed3/SAL/22827,1.33930838779,0.0502226234666
22828,Wonnangatta,2,Victoria,AUS,Australia,177.1601,http://linked.data.gov.au/dataset/asgsed3/SAL/22828,0.894678725068,0.0179661736448
22829,Wonthaggi,2,Victoria,AUS,Australia,53.3853,http://linked.data.gov.au/dataset/asgsed3/SAL/22829,0.447922742322,0.00552196269261
22830,Wonwondah,2,Victoria,AUS,Australia,157.5193,http://linked.data.gov.au/dataset/asgsed3/SAL/22830,0.616620732665,0.0159225060942
22831,Wonyip,2,Victoria,AUS,Australia,35.8834,http://linked.data.gov.au/dataset/asgsed3/SAL/22831,0.441885084933,0.00370797469671
22832,Wood Wood,2,Victoria,AUS,Australia,7.9125,http://linked.data.gov.au/dataset/asgsed3/SAL/22832,0.134446948955,0.000782229592553
22833,Woodend (Vic.),2,Victoria,AUS,Australia,69.5064,http://linked.data.gov.au/dataset/asgsed3/SAL/22833,0.520380937792,0.00706952012476
22834,Woodend North,2,Victoria,AUS,Australia,20.1537,http://linked.data.gov.au/dataset/asgsed3/SAL/22834,0.27242424475,0.00204871684478
22835,Woodfield,2,Victoria,AUS,Australia,47.1798,http://linked.data.gov.au/dataset/asgsed3/SAL/22835,0.444357922544,0.00477957199697
22836,Woodford (Vic.),2,Victoria,AUS,Australia,9.2006,http://linked.data.gov.au/dataset/asgsed3/SAL/22836,0.186306219762,0.000947767054133
22837,Woodglen,2,Victoria,AUS,Australia,10.2354,http://linked.data.gov.au/dataset/asgsed3/SAL/22837,0.169584062297,0.00104670979196
22838,Woodhouse,2,Victoria,AUS,Australia,65.27,http://linked.data.gov.au/dataset/asgsed3/SAL/22838,0.465572783801,0.00667712524244
22839,Woodleigh (Vic.),2,Victoria,AUS,Australia,32.2705,http://linked.data.gov.au/dataset/asgsed3/SAL/22839,0.267276945441,0.00332773244167
22840,Woods Point (Vic.),2,Victoria,AUS,Australia,230.8874,http://linked.data.gov.au/dataset/asgsed3/SAL/22840,1.00435373789,0.0235454484282
22841,Woodside (Vic.),2,Victoria,AUS,Australia,261.3124,http://linked.data.gov.au/dataset/asgsed3/SAL/22841,1.43200308791,0.0269965206747
22842,Woodside Beach,2,Victoria,AUS,Australia,6.294,http://linked.data.gov.au/dataset/asgsed3/SAL/22842,0.138284609032,0.000650384831832
22843,Woodstock (Vic.),2,Victoria,AUS,Australia,27.2386,http://linked.data.gov.au/dataset/asgsed3/SAL/22843,0.215833985904,0.00277708899008
22844,Woodstock On Loddon,2,Victoria,AUS,Australia,44.1164,http://linked.data.gov.au/dataset/asgsed3/SAL/22844,0.455554461694,0.00445251819144
22845,Woodstock West,2,Victoria,AUS,Australia,38.3942,http://linked.data.gov.au/dataset/asgsed3/SAL/22845,0.310712015921,0.0038777921478
22846,Woodvale (Vic.),2,Victoria,AUS,Australia,75.973,http://linked.data.gov.au/dataset/asgsed3/SAL/22846,0.457040802716,0.00765668770699
22847,Wool Wool,2,Victoria,AUS,Australia,83.5908,http://linked.data.gov.au/dataset/asgsed3/SAL/22847,0.485856017797,0.00860054583729
22848,Woolamai,2,Victoria,AUS,Australia,36.8459,http://linked.data.gov.au/dataset/asgsed3/SAL/22848,0.33730530769,0.00380562582725
22849,Woolenook,2,Victoria,AUS,Australia,60.2265,http://linked.data.gov.au/dataset/asgsed3/SAL/22849,0.377257027753,0.00615281598132
22850,Woolshed Flat (Vic.),2,Victoria,AUS,Australia,39.5949,http://linked.data.gov.au/dataset/asgsed3/SAL/22850,0.365791829244,0.00397400209016
22851,Woolsthorpe,2,Victoria,AUS,Australia,247.3717,http://linked.data.gov.au/dataset/asgsed3/SAL/22851,0.879391596745,0.0254244214075
22852,Woomelang,2,Victoria,AUS,Australia,227.6811,http://linked.data.gov.au/dataset/asgsed3/SAL/22852,0.674711505492,0.0226681317654
22853,Wooragee,2,Victoria,AUS,Australia,91.895,http://linked.data.gov.au/dataset/asgsed3/SAL/22853,0.489229259732,0.00921897878961
22854,Woorarra East,2,Victoria,AUS,Australia,10.1559,http://linked.data.gov.au/dataset/asgsed3/SAL/22854,0.200276105487,0.00105032150489
22855,Woorarra West,2,Victoria,AUS,Australia,8.2007,http://linked.data.gov.au/dataset/asgsed3/SAL/22855,0.146584955178,0.000847967729735
22856,Wooreen,2,Victoria,AUS,Australia,19.1605,http://linked.data.gov.au/dataset/asgsed3/SAL/22856,0.298070174913,0.00197640247168
22857,Woori Yallock,2,Victoria,AUS,Australia,27.0531,http://linked.data.gov.au/dataset/asgsed3/SAL/22857,0.421459066513,0.00276684850313
22858,Woorinen,2,Victoria,AUS,Australia,13.1841,http://linked.data.gov.au/dataset/asgsed3/SAL/22858,0.168253791924,0.00130600562265
22859,Woorinen North,2,Victoria,AUS,Australia,17.0071,http://linked.data.gov.au/dataset/asgsed3/SAL/22859,0.186419239568,0.00168414719069
22860,Woorinen South,2,Victoria,AUS,Australia,32.8501,http://linked.data.gov.au/dataset/asgsed3/SAL/22860,0.315272101952,0.00325513484396
22861,Woorndoo,2,Victoria,AUS,Australia,318.3018,http://linked.data.gov.au/dataset/asgsed3/SAL/22861,1.21119725627,0.0325975743539
22862,Wooroonook,2,Victoria,AUS,Australia,94.6151,http://linked.data.gov.au/dataset/asgsed3/SAL/22862,0.551653010836,0.00948681976881
22863,Woosang,2,Victoria,AUS,Australia,49.9519,http://linked.data.gov.au/dataset/asgsed3/SAL/22863,0.447750803718,0.00501346061969
22864,Wootong Vale,2,Victoria,AUS,Australia,37.0825,http://linked.data.gov.au/dataset/asgsed3/SAL/22864,0.399152112407,0.0037793674376
22865,Worrowing,2,Victoria,AUS,Australia,77.82609999999998,http://linked.data.gov.au/dataset/asgsed3/SAL/22865,0.381801135295,0.00794781376439
22866,Wrathung,2,Victoria,AUS,Australia,116.8566,http://linked.data.gov.au/dataset/asgsed3/SAL/22866,0.438358307181,0.0119223625896
22867,Wrixon,2,Victoria,AUS,Australia,106.9055,http://linked.data.gov.au/dataset/asgsed3/SAL/22867,0.427842491744,0.0109193178854
22868,Wroxham,2,Victoria,AUS,Australia,55.4786,http://linked.data.gov.au/dataset/asgsed3/SAL/22868,0.352622790887,0.00564137950007
22869,Wuk Wuk,2,Victoria,AUS,Australia,50.6932,http://linked.data.gov.au/dataset/asgsed3/SAL/22869,0.401840754611,0.00518217440132
22870,Wulgulmerang,2,Victoria,AUS,Australia,153.3183,http://linked.data.gov.au/dataset/asgsed3/SAL/22870,0.837159345338,0.0155262725242
22871,Wulgulmerang East,2,Victoria,AUS,Australia,145.5848,http://linked.data.gov.au/dataset/asgsed3/SAL/22871,0.811759614485,0.0147563965779
22872,Wulgulmerang West,2,Victoria,AUS,Australia,364.3782,http://linked.data.gov.au/dataset/asgsed3/SAL/22872,1.41050233708,0.0369957539614
22873,Wunghnu,2,Victoria,AUS,Australia,53.8017,http://linked.data.gov.au/dataset/asgsed3/SAL/22873,0.353897280566,0.00538905088132
22874,Wurdiboluc,2,Victoria,AUS,Australia,25.7731,http://linked.data.gov.au/dataset/asgsed3/SAL/22874,0.246408562881,0.00265398223388
22875,Wurruk,2,Victoria,AUS,Australia,4.8548,http://linked.data.gov.au/dataset/asgsed3/SAL/22875,0.135203698958,0.000498715143084
22876,Wy Yung,2,Victoria,AUS,Australia,36.6846,http://linked.data.gov.au/dataset/asgsed3/SAL/22876,0.592038618215,0.00375237824283
22877,Wycheproof,2,Victoria,AUS,Australia,219.9851,http://linked.data.gov.au/dataset/asgsed3/SAL/22877,0.69180740564,0.0220042321163
22878,Wycheproof South,2,Victoria,AUS,Australia,46.5796,http://linked.data.gov.au/dataset/asgsed3/SAL/22878,0.345989931367,0.00466373811901
22879,Wychitella,2,Victoria,AUS,Australia,91.3336,http://linked.data.gov.au/dataset/asgsed3/SAL/22879,0.521070986195,0.00915985381937
22880,Wychitella North,2,Victoria,AUS,Australia,48.9003,http://linked.data.gov.au/dataset/asgsed3/SAL/22880,0.362467186218,0.00490035766261
22881,Wye River,2,Victoria,AUS,Australia,35.8732,http://linked.data.gov.au/dataset/asgsed3/SAL/22881,0.33910750825,0.00371095922961
22882,Wyelangta,2,Victoria,AUS,Australia,77.32259999999998,http://linked.data.gov.au/dataset/asgsed3/SAL/22882,0.574891924231,0.00800215708241
22883,Wyndham Vale,2,Victoria,AUS,Australia,26.0748,http://linked.data.gov.au/dataset/asgsed3/SAL/22883,0.355419508019,0.0026695164757
22884,Wyuna (Vic.),2,Victoria,AUS,Australia,95.3128,http://linked.data.gov.au/dataset/asgsed3/SAL/22884,0.751331493559,0.00955159981544
22885,Wyuna East,2,Victoria,AUS,Australia,24.1383,http://linked.data.gov.au/dataset/asgsed3/SAL/22885,0.223454035108,0.00242000522948
22886,Yaapeet,2,Victoria,AUS,Australia,399.3822,http://linked.data.gov.au/dataset/asgsed3/SAL/22886,0.919528995723,0.0397639833519
22887,Yabba North,2,Victoria,AUS,Australia,63.7862,http://linked.data.gov.au/dataset/asgsed3/SAL/22887,0.343662315614,0.00639408714208
22888,Yabba South,2,Victoria,AUS,Australia,36.6205,http://linked.data.gov.au/dataset/asgsed3/SAL/22888,0.273572454884,0.0036734396184
22889,Yackandandah,2,Victoria,AUS,Australia,141.2452,http://linked.data.gov.au/dataset/asgsed3/SAL/22889,0.863828371083,0.014177779631
22890,Yalca,2,Victoria,AUS,Australia,158.5572,http://linked.data.gov.au/dataset/asgsed3/SAL/22890,0.656468892181,0.0158344643354
22891,Yalla-Y-Poora,2,Victoria,AUS,Australia,58.4406,http://linked.data.gov.au/dataset/asgsed3/SAL/22891,0.405437452373,0.00595682298064
22892,Yallambie,2,Victoria,AUS,Australia,2.9327,http://linked.data.gov.au/dataset/asgsed3/SAL/22892,0.106906906531,0.000299726360081
22893,Yallourn,2,Victoria,AUS,Australia,28.7936,http://linked.data.gov.au/dataset/asgsed3/SAL/22893,0.350513881451,0.00296111297487
22894,Yallourn North,2,Victoria,AUS,Australia,80.7719,http://linked.data.gov.au/dataset/asgsed3/SAL/22894,0.594823865432,0.0082998660332
22895,Yalmy,2,Victoria,AUS,Australia,701.9301,http://linked.data.gov.au/dataset/asgsed3/SAL/22895,1.59786773375,0.07144558602
22896,Yambuk,2,Victoria,AUS,Australia,96.4596,http://linked.data.gov.au/dataset/asgsed3/SAL/22896,0.626396186747,0.0099366788282
22897,Yambuna,2,Victoria,AUS,Australia,47.6721,http://linked.data.gov.au/dataset/asgsed3/SAL/22897,0.438311153362,0.00477395355716
22898,Yan Yean,2,Victoria,AUS,Australia,28.3934,http://linked.data.gov.au/dataset/asgsed3/SAL/22898,0.237529730919,0.00289504664019
22899,Yanac,2,Victoria,AUS,Australia,344.33,http://linked.data.gov.au/dataset/asgsed3/SAL/22899,0.949064292442,0.0344544890121
22900,Yanakie,2,Victoria,AUS,Australia,90.7496,http://linked.data.gov.au/dataset/asgsed3/SAL/22900,0.523100872383,0.00941097646098
22901,Yando,2,Victoria,AUS,Australia,49.0569,http://linked.data.gov.au/dataset/asgsed3/SAL/22901,0.438969654628,0.00490800570931
22902,Yandoit,2,Victoria,AUS,Australia,33.5469,http://linked.data.gov.au/dataset/asgsed3/SAL/22902,0.288680648517,0.00340493612114
22903,Yandoit Hills,2,Victoria,AUS,Australia,11.0584,http://linked.data.gov.au/dataset/asgsed3/SAL/22903,0.202055498985,0.00112262618536
22904,Yangery,2,Victoria,AUS,Australia,11.2924,http://linked.data.gov.au/dataset/asgsed3/SAL/22904,0.180261462162,0.00116326140987
22905,Yangoura,2,Victoria,AUS,Australia,203.3972,http://linked.data.gov.au/dataset/asgsed3/SAL/22905,0.710753941362,0.0208134241318
22906,Yannathan,2,Victoria,AUS,Australia,36.2473,http://linked.data.gov.au/dataset/asgsed3/SAL/22906,0.449134121991,0.00372931072711
22907,Yapeen,2,Victoria,AUS,Australia,22.4986,http://linked.data.gov.au/dataset/asgsed3/SAL/22907,0.26799841011,0.00228104860254
22908,Yarck,2,Victoria,AUS,Australia,86.6632,http://linked.data.gov.au/dataset/asgsed3/SAL/22908,0.477524392905,0.00878349906151
22909,Yarpturk,2,Victoria,AUS,Australia,8.8014,http://linked.data.gov.au/dataset/asgsed3/SAL/22909,0.16119824309,0.00090628401582
22910,Yarra Glen,2,Victoria,AUS,Australia,35.1767,http://linked.data.gov.au/dataset/asgsed3/SAL/22910,0.378945765638,0.00359126299787
22911,Yarra Junction,2,Victoria,AUS,Australia,17.5184,http://linked.data.gov.au/dataset/asgsed3/SAL/22911,0.228065368371,0.00179195201023
22912,Yarraberb,2,Victoria,AUS,Australia,29.6365,http://linked.data.gov.au/dataset/asgsed3/SAL/22912,0.442669944158,0.00298386070905
22913,Yarragon,2,Victoria,AUS,Australia,67.9841,http://linked.data.gov.au/dataset/asgsed3/SAL/22913,0.614855357798,0.00699092659686
22914,Yarragon South,2,Victoria,AUS,Australia,40.3594,http://linked.data.gov.au/dataset/asgsed3/SAL/22914,0.438557389495,0.00415376860446
22915,Yarram,2,Victoria,AUS,Australia,110.9074,http://linked.data.gov.au/dataset/asgsed3/SAL/22915,0.790184129124,0.0114627145521
22916,Yarrambat,2,Victoria,AUS,Australia,15.3453,http://linked.data.gov.au/dataset/asgsed3/SAL/22916,0.283490329544,0.00156645305442
22917,Yarraville,2,Victoria,AUS,Australia,5.6587,http://linked.data.gov.au/dataset/asgsed3/SAL/22917,0.131753712432,0.000579074763294
22918,Yarrawalla,2,Victoria,AUS,Australia,74.45539999999998,http://linked.data.gov.au/dataset/asgsed3/SAL/22918,0.521786973394,0.0074566909093
22919,Yarrawonga (Vic.),2,Victoria,AUS,Australia,94.6968,http://linked.data.gov.au/dataset/asgsed3/SAL/22919,0.528932950468,0.00946987665461
22920,Yarrawonga South,2,Victoria,AUS,Australia,33.8928,http://linked.data.gov.au/dataset/asgsed3/SAL/22920,0.297144094729,0.00339134209073
22921,Yarroweyah,2,Victoria,AUS,Australia,59.5656,http://linked.data.gov.au/dataset/asgsed3/SAL/22921,0.326841978498,0.00594999451098
22922,Yatchaw,2,Victoria,AUS,Australia,50.7881,http://linked.data.gov.au/dataset/asgsed3/SAL/22922,0.355073346229,0.0051984472945
22923,Yawong Hills,2,Victoria,AUS,Australia,25.3159,http://linked.data.gov.au/dataset/asgsed3/SAL/22923,0.235216355425,0.00254549301328
22924,Yea,2,Victoria,AUS,Australia,177.2851,http://linked.data.gov.au/dataset/asgsed3/SAL/22924,0.755283108597,0.0180110651613
22925,Yellingbo,2,Victoria,AUS,Australia,42.4012,http://linked.data.gov.au/dataset/asgsed3/SAL/22925,0.46740137622,0.00434028980634
22926,Yelta (Vic.),2,Victoria,AUS,Australia,12.9534,http://linked.data.gov.au/dataset/asgsed3/SAL/22926,0.253595710014,0.00126593661552
22927,Yendon,2,Victoria,AUS,Australia,22.2291,http://linked.data.gov.au/dataset/asgsed3/SAL/22927,0.274811858468,0.00226925172462
22928,Yeo,2,Victoria,AUS,Australia,31.1542,http://linked.data.gov.au/dataset/asgsed3/SAL/22928,0.276106807743,0.00321149691959
22929,Yeodene,2,Victoria,AUS,Australia,49.4382,http://linked.data.gov.au/dataset/asgsed3/SAL/22929,0.347785829156,0.00509817366146
22930,Yering,2,Victoria,AUS,Australia,24.6363,http://linked.data.gov.au/dataset/asgsed3/SAL/22930,0.310936349275,0.00251651579276
22931,Yeungroon,2,Victoria,AUS,Australia,93.9286,http://linked.data.gov.au/dataset/asgsed3/SAL/22931,0.529407903963,0.00943566843619
22932,Yeungroon East,2,Victoria,AUS,Australia,39.2098,http://linked.data.gov.au/dataset/asgsed3/SAL/22932,0.316503443678,0.00393674825707
22933,Yielima,2,Victoria,AUS,Australia,129.0524,http://linked.data.gov.au/dataset/asgsed3/SAL/22933,0.597054061415,0.0128838779065
22934,Yinnar,2,Victoria,AUS,Australia,26.5982,http://linked.data.gov.au/dataset/asgsed3/SAL/22934,0.367121481652,0.00274053081386
22935,Yinnar South,2,Victoria,AUS,Australia,47.5785,http://linked.data.gov.au/dataset/asgsed3/SAL/22935,0.369770363007,0.00490455340807
22936,York Plains (Vic.),2,Victoria,AUS,Australia,10.3975,http://linked.data.gov.au/dataset/asgsed3/SAL/22936,0.17738765822,0.00104708145052
22937,Youanmite,2,Victoria,AUS,Australia,71.7487,http://linked.data.gov.au/dataset/asgsed3/SAL/22937,0.382077678979,0.00718679940192
22938,Youarang,2,Victoria,AUS,Australia,43.7732,http://linked.data.gov.au/dataset/asgsed3/SAL/22938,0.317605492035,0.00438341389872
22939,Yulecart,2,Victoria,AUS,Australia,73.49379999999998,http://linked.data.gov.au/dataset/asgsed3/SAL/22939,0.535034521457,0.00751405373337
22940,Yundool,2,Victoria,AUS,Australia,31.6396,http://linked.data.gov.au/dataset/asgsed3/SAL/22940,0.256625885729,0.0031735595585
22941,Yuroke,2,Victoria,AUS,Australia,8.8851,http://linked.data.gov.au/dataset/asgsed3/SAL/22941,0.158951213415,0.000906293541891
22942,Yuulong,2,Victoria,AUS,Australia,52.1657,http://linked.data.gov.au/dataset/asgsed3/SAL/22942,0.447415787409,0.00540386957887
22943,Zeerust,2,Victoria,AUS,Australia,18.0294,http://linked.data.gov.au/dataset/asgsed3/SAL/22943,0.211342168378,0.00180832354613
22944,Zumsteins,2,Victoria,AUS,Australia,256.5582,http://linked.data.gov.au/dataset/asgsed3/SAL/22944,0.810459172519,0.0260114517094
29494,No usual address (Vic.),2,Victoria,AUS,Australia,0.0,http://linked.data.gov.au/dataset/asgsed3/SAL/29494,0.0,0.0
29797,Migratory - Offshore - Shipping (Vic.),2,Victoria,AUS,Australia,0.0,http://linked.data.gov.au/dataset/asgsed3/SAL/29797,0.0,0.0
