ï»¿Locality,2013,2014,2015,2016,2017,2018,2019,2020,2021,2022,2023,2024,2025Updating,2023-24 change_percentage,2014-24 Percentage, 2014-24 Anual Percentage,SAL_CODE21
ABBOTSFORD,792500.0,862500.0,925000.0,1187500.0,1280000.0,1192500.0,1050000.0,1200000,1365000,1346000,1257500.0,1232500.0,1292500.0,2.0,43.0,3.6,20002
ABERFELDIE,947500.0,1045000.0,1207500.0,1300000.0,1471000.0,1498500.0,1390000.0,1520000,1858000,1900000,1631000.0,1950000.0,1950000.0,20.0,87.0,6.4,20003
AINTREE,,,600000.0,600000.0,571000.0,557500.0,575000.0,616000,713500,756000,735000.0,730000.0,730000.0,1.0,0.0,,20011
AIREYS INLET,664000.0,625500.0,680000.0,715000.0,737500.0,869000.0,985000.0,1132500,1775000,1725000,1637500.0,1605000.0,1605000.0,2.0,157.0,9.9,20013
AIRPORT WEST,532000.0,575000.0,635000.0,742000.0,845000.0,845000.0,795000.0,812500,960000,911000,952500.0,940000.0,940000.0,1.0,63.0,5.0,20015
ALBANVALE,313000.0,328000.0,345000.0,439000.0,526500.0,546000.0,512000.0,545000,610000,600000,595000.0,613000.0,613000.0,3.0,87.0,6.5,20017
ALBERT PARK,1360000.0,1503000.0,1700000.0,1775000.0,2150000.0,2070000.0,1990000.0,1900000,2355000,2475000,2287500.0,2225000.0,2225000.0,3.0,48.0,4.0,20018
ALBION,379000.0,432000.0,481000.0,593000.0,730000.0,755000.0,675000.0,727500,832500,830000,765000.0,735000.0,735000.0,4.0,70.0,5.5,20021
ALEXANDRA,261000.0,247500.0,285000.0,275000.0,291500.0,335000.0,325000.0,380000,440000,550000,477500.0,512500.0,512500.0,7.0,107.0,7.6,20022
ALFREDTON,361500.0,362000.0,340500.0,375000.0,412500.0,439000.0,480000.0,512000,605000,650000,640000.0,605000.0,605000.0,5.0,67.0,5.3,20023
ALLANSFORD,310000.0,242500.0,259000.0,275000.0,280000.0,245000.0,300000.0,371000,445000,573500,600000.0,540000.0,540000.0,10.0,123.0,8.3,20028
ALPHINGTON,1080000.0,1029000.0,1296500.0,1272500.0,1560000.0,1612500.0,1455000.0,1865000,2280000,2195000,2110000.0,2080000.0,2080000.0,1.0,102.0,7.3,20034
ALTONA,572500.0,646500.0,718000.0,832500.0,950000.0,932500.0,890000.0,914000,1162500,1180000,1142500.0,1170000.0,1170000.0,2.0,81.0,6.1,20035
ALTONA MEADOWS,390000.0,413000.0,440000.0,495000.0,626500.0,631500.0,615000.0,640000,720000,740000,690000.0,717000.0,717000.0,4.0,74.0,5.7,20036
ALTONA NORTH,510000.0,555000.0,642500.0,725000.0,825000.0,835000.0,790000.0,830000,905000,942500,881000.0,917000.0,917000.0,4.0,65.0,5.1,20037
ANGLESEA,550000.0,612500.0,635000.0,652500.0,788000.0,870000.0,915000.0,1100000,1440000,1717500,1550000.0,1460000.0,1460000.0,6.0,138.0,9.1,20046
APOLLO BAY,450000.0,457500.0,435000.0,480000.0,545000.0,555000.0,915000.0,710000,924500,1000000,1080000.0,900000.0,900000.0,17.0,97.0,7.0,20049
ARARAT,180000.0,200000.0,210000.0,204500.0,199000.0,199000.0,215000.0,244000,313000,380000,375000.0,380000.0,380000.0,1.0,90.0,6.6,20053
ARDEER,330000.0,360000.0,381500.0,517500.0,595000.0,629000.0,572000.0,615000,719000,682000,628500.0,680000.0,680000.0,8.0,89.0,6.6,20062
ARMADALE,1675000.0,1750000.0,2172500.0,2364000.0,2300000.0,2341500.0,2490000.0,2625000,2700000,2735500,2740000.0,2380000.0,2380000.0,13.0,36.0,3.1,20066
ARMSTRONG CREEK,467500.0,441500.0,440000.0,450000.0,471000.0,535000.0,529500.0,545500,660000,720000,675000.0,657000.0,657000.0,3.0,49.0,4.1,20068
ASCOT (GREATER BENDIGO),349500.0,344500.0,350000.0,371000.0,358000.0,380000.0,415500.0,470000,562500,595000,609500.0,607500.0,607500.0,0.0,76.0,5.8,20073
ASCOT VALE,735000.0,810000.0,885000.0,1010000.0,1185000.0,1197500.0,1100000.0,1210000,1245000,1325000,1300500.0,1300000.0,1300000.0,0.0,60.0,4.8,20075
ASHBURTON,1000000.0,1200000.0,1435000.0,1567500.0,1812500.0,1712500.0,1641500.0,1600000,2000000,1986000,2015000.0,1907000.0,1907000.0,5.0,59.0,4.7,20077
ASHWOOD,775000.0,888000.0,1140000.0,1230000.0,1359000.0,1210000.0,1100000.0,1250500,1450000,1567500,1455000.0,1442500.0,1442500.0,1.0,62.0,5.0,20078
ASPENDALE,620000.0,690000.0,795500.0,891000.0,1125000.0,980000.0,994000.0,1120000,1321500,1440000,1360000.0,1315000.0,1315000.0,3.0,91.0,6.7,20079
ASPENDALE GARDENS,586500.0,632000.0,715000.0,775000.0,882500.0,935000.0,844000.0,970000,1130500,1150000,1117000.0,1210500.0,1210500.0,8.0,92.0,6.7,20080
ATTWOOD,540000.0,515000.0,620000.0,660000.0,742500.0,750000.0,767500.0,750000,970000,990500,950000.0,930000.0,930000.0,2.0,81.0,6.1,20082
AVENEL,231000.0,302000.0,245000.0,250000.0,355000.0,349000.0,370000.0,450000,455000,497500,557500.0,547500.0,547500.0,2.0,81.0,6.1,20086
AVOCA,182500.0,180000.0,182500.0,165000.0,212500.0,220000.0,219500.0,290000,325000,375000,350000.0,390000.0,390000.0,11.0,117.0,8.0,20087
AVONDALE HEIGHTS,532500.0,562500.0,650000.0,750000.0,845500.0,830000.0,810000.0,842500,965500,990000,938500.0,980500.0,980500.0,4.0,74.0,5.7,20089
AVONSLEIGH,420000.0,355000.0,397500.0,501000.0,562000.0,540000.0,532500.0,615000,752500,837500,725000.0,717500.0,717500.0,1.0,102.0,7.3,20091
AXEDALE,240000.0,357500.0,327500.0,340000.0,350000.0,355000.0,387500.0,390000,505000,520000,,,,,,,20093
BACCHUS MARSH,335500.0,348000.0,355000.0,376000.0,415500.0,480000.0,500000.0,520000,597000,665000,640000.0,610000.0,610000.0,5.0,75.0,5.8,20095
BADGER CREEK,315000.0,325000.0,345000.0,379000.0,465000.0,500000.0,498000.0,550000,665000,715000,732500.0,650500.0,650500.0,11.0,100.0,7.2,20097
BAIRNSDALE,235000.0,244000.0,246500.0,255000.0,272500.0,279000.0,274000.0,290000,350000,440000,435000.0,430000.0,430000.0,1.0,76.0,5.8,20103
BALACLAVA,860500.0,942000.0,1100000.0,1242500.0,1385500.0,1190000.0,1405000.0,1418000,1550000,1560000,1500000.0,1377500.0,1377500.0,8.0,46.0,3.9,20105
BALLAN,352000.0,330000.0,359000.0,370000.0,417000.0,462000.0,450000.0,505000,603500,640000,607500.0,630000.0,630000.0,4.0,91.0,6.7,20108
BALLARAT CENTRAL,322000.0,327500.0,353000.0,385000.0,430000.0,447500.0,515000.0,560000,710000,687500,611500.0,575000.0,575000.0,6.0,76.0,5.8,20111
BALLARAT EAST,265000.0,265000.0,275000.0,295000.0,310000.0,340000.0,360000.0,398000,490000,530000,520000.0,466000.0,466000.0,10.0,76.0,5.8,20112
BALLARAT NORTH,296000.0,312000.0,315000.0,339500.0,346500.0,389000.0,417500.0,425000,566500,627500,620000.0,540000.0,540000.0,13.0,73.0,5.6,20113
BALNARRING,525000.0,544000.0,595000.0,670000.0,815000.0,814500.0,825000.0,938500,1275000,1330000,1250000.0,1305000.0,1305000.0,4.0,140.0,9.1,20120
BALNARRING BEACH,750000.0,700000.0,887500.0,904000.0,890000.0,1115000.0,1275000.0,1250000,1635000,1847500,2150000.0,1650000.0,1650000.0,23.0,136.0,9.0,20121
BALWYN,1530000.0,1780000.0,2210000.0,2180000.0,2340000.0,2420000.0,2377500.0,2260000,2750000,2862000,2965000.0,2868000.0,2868000.0,3.0,61.0,4.9,20123
BALWYN NORTH,1240000.0,1452000.0,1850000.0,1800000.0,1950000.0,1810000.0,1720000.0,1900000,2255500,2229000,2382500.0,2310000.0,2310000.0,3.0,59.0,4.8,20124
BANDIANA,339000.0,355000.0,377500.0,370000.0,375000.0,390000.0,374000.0,380000,447000,599500,599000.0,615000.0,615000.0,3.0,73.0,5.6,20129
BANNOCKBURN,370000.0,405000.0,393000.0,382000.0,430000.0,487500.0,530000.0,555000,680000,729500,710000.0,712500.0,712500.0,0.0,76.0,5.8,20133
BARANDUDA,345000.0,330000.0,323000.0,350000.0,350000.0,403500.0,395000.0,436000,487000,650000,610000.0,642500.0,642500.0,5.0,95.0,6.9,20136
BARWON HEADS,742500.0,715000.0,775000.0,842500.0,916000.0,965000.0,1024000.0,1280000,1590000,1800000,1836500.0,1463000.0,1463000.0,20.0,105.0,7.4,20162
BAXTER,330500.0,325000.0,340000.0,403000.0,530000.0,542500.0,530000.0,567500,710000,717500,692500.0,725000.0,725000.0,5.0,123.0,8.4,20169
BAYSWATER,458500.0,525000.0,632500.0,693000.0,800500.0,753000.0,720000.0,745500,870000,902000,870000.0,862000.0,862000.0,1.0,64.0,5.1,20173
BAYSWATER NORTH,468500.0,490000.0,580000.0,628000.0,737500.0,713000.0,695000.0,731000,855500,869500,843000.0,899000.0,899000.0,7.0,83.0,6.3,20174
BEACONSFIELD,486500.0,525000.0,559000.0,585000.0,694500.0,730000.0,685000.0,711000,892000,940000,920000.0,990000.0,990000.0,8.0,89.0,6.5,20175
BEACONSFIELD UPPER,470000.0,507500.0,602500.0,630000.0,725500.0,903500.0,787500.0,818000,900000,1205000,1202500.0,1010000.0,1010000.0,16.0,99.0,7.1,20176
BEAUFORT,186000.0,220000.0,205000.0,237500.0,220000.0,225000.0,242500.0,325000,390000,415000,405000.0,380000.0,380000.0,6.0,73.0,5.6,20181
BEAUMARIS,1072000.0,1129500.0,1345000.0,1455000.0,1611000.0,1674000.0,1587500.0,1725000,2100000,2061000,2055000.0,2061000.0,2061000.0,0.0,82.0,6.2,20182
BEECHWORTH,295000.0,295000.0,332000.0,345000.0,399000.0,400000.0,478500.0,487500,645000,707000,720000.0,780000.0,780000.0,8.0,164.0,10.2,20186
BELGRAVE,410000.0,426000.0,482500.0,545000.0,620000.0,676000.0,636000.0,680000,784000,850000,815000.0,800000.0,800000.0,2.0,88.0,6.5,20188
BELGRAVE HEIGHTS,430000.0,480000.0,590500.0,624000.0,687500.0,701500.0,685000.0,737500,902500,1055500,850000.0,1025000.0,1025000.0,21.0,114.0,7.9,20189
BELGRAVE SOUTH,548000.0,541000.0,555500.0,565000.0,689000.0,782500.0,665500.0,845000,1085000,919000,,,,,,,20190
BELL PARK,314000.0,323500.0,340000.0,360000.0,400000.0,452500.0,482000.0,500000,620500,640000,610000.0,620000.0,620000.0,2.0,92.0,6.7,20191
BELL POST HILL,328000.0,333500.0,344500.0,355000.0,435000.0,487000.0,475000.0,507000,657500,675000,620000.0,670000.0,670000.0,8.0,101.0,7.2,20192
BELLFIELD (BANYULE),516000.0,582500.0,700000.0,778000.0,897000.0,882500.0,790000.0,775000,992500,965000,950000.0,951000.0,951000.0,0.0,63.0,5.0,20198
BENALLA,228000.0,235500.0,222500.0,231500.0,250000.0,284000.0,290000.0,302000,394000,430500,425000.0,440000.0,440000.0,4.0,87.0,6.4,20204
BENDIGO,340000.0,376500.0,372000.0,400000.0,400000.0,400000.0,420000.0,500000,600000,690000,540000.0,620000.0,620000.0,15.0,65.0,5.1,20208
BENTLEIGH,900000.0,1050000.0,1245000.0,1380000.0,1470000.0,1394000.0,1376000.0,1510000,1742500,1723000,1691000.0,1641500.0,1641500.0,3.0,56.0,4.6,20214
BENTLEIGH EAST,750000.0,850000.0,1000500.0,1115000.0,1256000.0,1205000.0,1200000.0,1255000,1480000,1490000,1430000.0,1497000.0,1497000.0,5.0,76.0,5.8,20215
BERWICK,453000.0,487500.0,535000.0,583000.0,670000.0,690000.0,670000.0,700000,812000,870000,850000.0,870000.0,870000.0,2.0,79.0,6.0,20224
BEVERIDGE,396000.0,351500.0,400000.0,430000.0,495000.0,540000.0,580000.0,531000,630000,650000,650000.0,670000.0,670000.0,3.0,91.0,6.7,20233
BIRCHIP,120000.0,90000.0,121500.0,55000.0,100000.0,100000.0,108500.0,121500,130000,170000,225000.0,186000.0,186000.0,17.0,107.0,7.5,20244
BIRREGURRA,255000.0,337500.0,302500.0,345000.0,382500.0,412500.0,463000.0,489500,692500,700000,825000.0,700000.0,700000.0,15.0,107.0,7.6,20247
BITTERN,402000.0,390000.0,382500.0,464000.0,526500.0,650000.0,577500.0,630000,750000,832500,850000.0,830000.0,830000.0,2.0,113.0,7.8,20248
BLACK HILL,283500.0,321500.0,300000.0,315000.0,370000.0,405000.0,492500.0,491000,550000,642500,626000.0,566000.0,566000.0,10.0,76.0,5.8,20249
BLACK ROCK,1237500.0,1400000.0,1545000.0,1745000.0,2017500.0,2029000.0,1793000.0,1920000,2600000,2565000,2300000.0,2400000.0,2400000.0,4.0,71.0,5.5,20251
BLACKBURN,860500.0,936000.0,1200500.0,1241000.0,1410000.0,1370500.0,1305000.0,1405000,1639500,1549500,1569000.0,1517000.0,1517000.0,3.0,62.0,5.0,20252
BLACKBURN NORTH,692000.0,790000.0,921500.0,1040000.0,1140500.0,1038000.0,1017500.0,1090000,1300000,1230000,1284500.0,1273000.0,1273000.0,1.0,61.0,4.9,20253
BLACKBURN SOUTH,697500.0,780000.0,920500.0,1050000.0,1200000.0,1063500.0,1034000.0,1100500,1338500,1288000,1355000.0,1350000.0,1350000.0,0.0,73.0,5.6,20254
BLAIRGOWRIE,609000.0,627500.0,621500.0,770000.0,883000.0,990500.0,921500.0,1143500,1562500,1725000,1655000.0,1495000.0,1495000.0,10.0,138.0,9.1,20257
BLIND BIGHT,362500.0,343000.0,401000.0,440000.0,514000.0,546000.0,552500.0,570000,668500,705000,806000.0,705000.0,705000.0,13.0,106.0,7.5,20260
BONBEACH,580000.0,635000.0,700000.0,778000.0,882500.0,910000.0,855000.0,930000,1115000,1177500,1120000.0,1025000.0,1025000.0,8.0,61.0,4.9,20278
BONNIE BROOK,,,,,,,,307000,492500,645000,665000.0,663000.0,663000.0,0.0,,,20282
BONNIE DOON,250000.0,275000.0,290000.0,290000.0,315000.0,417500.0,410000.0,372500,565000,670000,630000.0,640000.0,640000.0,2.0,133.0,8.8,20283
BONSHAW,309000.0,309000.0,309000.0,322500.0,235000.0,400000.0,379000.0,435000,525000,565000,560000.0,515000.0,515000.0,8.0,67.0,5.2,20284
BOOLARRA,196500.0,260000.0,212500.0,202500.0,255000.0,250000.0,247500.0,255000,355000,362500,450000.0,444000.0,444000.0,1.0,71.0,5.5,20288
BOORT,157500.0,162500.0,130000.0,200500.0,215000.0,180000.0,185000.0,165000,240000,227500,270000.0,299000.0,299000.0,11.0,84.0,6.3,20300
BORONIA,459500.0,500500.0,592500.0,648500.0,735000.0,742500.0,680000.0,715000,845000,830000,855000.0,849500.0,849500.0,1.0,70.0,5.4,20304
BOTANIC RIDGE,492000.0,519000.0,565000.0,600000.0,690000.0,730000.0,700000.0,727000,847000,920000,872500.0,902500.0,902500.0,3.0,74.0,5.7,20307
BOX HILL,855000.0,1067000.0,1350000.0,1360500.0,1752500.0,1700500.0,1545000.0,1512500,1630500,1726000,1680000.0,1705000.0,1705000.0,1.0,60.0,4.8,20314
BOX HILL NORTH,746000.0,857500.0,1060000.0,1146000.0,1321000.0,1188000.0,1200000.0,1191500,1321000,1320000,1333000.0,1340000.0,1340000.0,1.0,56.0,4.6,20315
BOX HILL SOUTH,785000.0,910000.0,1153000.0,1255000.0,1409000.0,1285500.0,1177500.0,1252500,1560000,1440000,1500000.0,1480000.0,1480000.0,1.0,63.0,5.0,20316
BRAYBROOK,424000.0,479500.0,550000.0,629000.0,665000.0,728500.0,646500.0,669500,739000,794500,720000.0,725500.0,725500.0,1.0,51.0,4.2,20324
BREAKWATER,255000.0,251500.0,267500.0,277500.0,335000.0,385000.0,405000.0,410000,534500,580000,575000.0,515000.0,515000.0,10.0,105.0,7.4,20326
BRIAGOLONG,226000.0,200000.0,215000.0,265000.0,257000.0,264000.0,315000.0,277500,400000,415000,436500.0,420000.0,420000.0,4.0,110.0,7.7,20330
BRIAR HILL,572500.0,633000.0,680000.0,721500.0,833000.0,880000.0,823500.0,863000,1015000,984500,1001000.0,950000.0,950000.0,5.0,50.0,4.1,20331
BRIGHT,325000.0,339500.0,392500.0,429500.0,495000.0,590000.0,580000.0,700000,909500,1195000,1100000.0,1040000.0,1040000.0,5.0,206.0,11.8,20336
BRIGHTON,1802500.0,1940000.0,2307500.0,2740000.0,3050000.0,2888000.0,2675000.0,3148500,3515000,3457500,3280000.0,3405500.0,3405500.0,4.0,76.0,5.8,20337
BRIGHTON EAST,1230000.0,1300500.0,1600000.0,1750000.0,1890000.0,1880000.0,1700000.0,1950000,2265000,2316500,2425000.0,2200000.0,2200000.0,9.0,69.0,5.4,20338
BROADFORD,291000.0,267000.0,270000.0,287500.0,330000.0,396500.0,415000.0,454000,505000,570000,550000.0,520000.0,520000.0,5.0,95.0,6.9,20345
BROADMEADOWS,325000.0,345000.0,370000.0,416500.0,546000.0,575000.0,525500.0,551500,590000,600000,560000.0,585000.0,585000.0,4.0,70.0,5.4,20346
BROOKFIELD,330000.0,350500.0,340000.0,360000.0,425000.0,491500.0,445000.0,500000,539000,570000,560000.0,550000.0,550000.0,2.0,57.0,4.6,20351
BROOKLYN,491500.0,540000.0,602000.0,700500.0,834000.0,695000.0,672500.0,712500,850000,810000,740000.0,810000.0,810000.0,9.0,50.0,4.1,20352
BROWN HILL,310000.0,281500.0,270000.0,338000.0,350000.0,405000.0,449000.0,487500,600000,601000,745000.0,625000.0,625000.0,16.0,122.0,8.3,20356
BRUNSWICK,750000.0,812500.0,861000.0,947000.0,1200000.0,1100000.0,1037500.0,1100000,1350000,1330000,1300000.0,1300000.0,1300000.0,0.0,60.0,4.8,20361
BRUNSWICK EAST,767000.0,820000.0,888000.0,998000.0,1150000.0,1170000.0,1011500.0,1286500,1440000,1350000,1403000.0,1353000.0,1353000.0,4.0,65.0,5.1,20362
BRUNSWICK WEST,745000.0,790000.0,863000.0,1002500.0,1155000.0,1160000.0,1061000.0,1180000,1324000,1285500,1277500.0,1327500.0,1327500.0,4.0,68.0,5.3,20363
BRUTHEN,198000.0,182500.0,205000.0,207000.0,229500.0,261000.0,229000.0,345000,285000,455000,495000.0,322500.0,322500.0,35.0,77.0,5.9,20364
BULLEEN,780000.0,861000.0,1095000.0,1170000.0,1300000.0,1230000.0,1105000.0,1177000,1355000,1386000,1400000.0,1300000.0,1300000.0,7.0,51.0,4.2,20386
BUNDALONG,337500.0,336500.0,372500.0,425000.0,373000.0,462000.0,515000.0,725000,674500,2519000,968000.0,755000.0,755000.0,22.0,124.0,8.4,20395
BUNDOORA,530000.0,553500.0,600500.0,652000.0,753000.0,730000.0,735000.0,745000,865000,853000,855000.0,865000.0,865000.0,1.0,56.0,4.6,20399
BUNINYONG,348000.0,385000.0,364500.0,381000.0,470000.0,467500.0,475000.0,587500,666000,770000,680000.0,698500.0,698500.0,3.0,81.0,6.1,20409
BUNYIP,332500.0,325000.0,420000.0,357500.0,437500.0,550000.0,500500.0,541500,652500,750000,730000.0,700000.0,700000.0,4.0,115.0,8.0,20411
BURNLEY,836000.0,1100000.0,999000.0,1215000.0,1405000.0,1277500.0,1188500.0,1497500,1595000,1565000,1582500.0,1429000.0,1429000.0,10.0,30.0,2.7,20418
BURNSIDE,390000.0,401000.0,415000.0,518500.0,572500.0,605000.0,605000.0,660000,720000,780000,752500.0,730000.0,730000.0,3.0,82.0,6.2,20419
BURNSIDE HEIGHTS,427000.0,442500.0,460000.0,522000.0,590000.0,633000.0,591000.0,652500,701000,749000,740000.0,749000.0,749000.0,1.0,69.0,5.4,20420
BURWOOD,780000.0,921000.0,1190000.0,1219000.0,1357000.0,1320000.0,1170000.0,1277500,1430000,1381000,1495000.0,1370000.0,1370000.0,8.0,49.0,4.1,20426
BURWOOD EAST,685500.0,782000.0,982500.0,1021000.0,1126500.0,1005000.0,1106000.0,1168500,1250500,1259000,1281000.0,1285500.0,1285500.0,0.0,64.0,5.1,20427
CAIRNLEA,480000.0,545000.0,540000.0,608500.0,710000.0,734000.0,752500.0,807500,850000,941500,940000.0,932500.0,932500.0,1.0,71.0,5.5,20441
CALIFORNIA GULLY,252500.0,262000.0,255000.0,255000.0,250000.0,275000.0,287000.0,318000,415000,463000,461000.0,458000.0,458000.0,1.0,75.0,5.7,20444
CAMBERWELL,1382000.0,1655000.0,1912500.0,2090000.0,2300000.0,2155000.0,2070000.0,2072500,2569000,2650000,2538000.0,2600000.0,2600000.0,2.0,57.0,4.6,20453
CAMPBELLFIELD,330000.0,338000.0,374500.0,420000.0,507000.0,550000.0,533000.0,537500,602500,605000,605000.0,620000.0,620000.0,2.0,83.0,6.3,20455
CAMPBELLS CREEK,382000.0,345000.0,387500.0,426500.0,380000.0,460500.0,500000.0,522500,652500,710000,722500.0,680000.0,680000.0,6.0,97.0,7.0,20457
CAMPERDOWN,220000.0,186000.0,218000.0,217500.0,240000.0,235000.0,280000.0,292500,362500,415000,470000.0,429000.0,429000.0,9.0,131.0,8.7,20460
CANADIAN,322500.0,297000.0,345000.0,339000.0,334500.0,373000.0,375000.0,422500,490000,580000,529000.0,490000.0,490000.0,7.0,65.0,5.1,20461
CANTERBURY,1950000.0,2100000.0,2523000.0,2620000.0,3140000.0,2533000.0,2902500.0,2705000,3389000,3460000,3380000.0,3212500.0,3212500.0,5.0,53.0,4.3,20468
CAPE PATERSON,337000.0,332000.0,350000.0,358000.0,407500.0,442000.0,540000.0,635500,782500,880000,804500.0,845000.0,845000.0,5.0,155.0,9.8,20473
CAPE SCHANCK,620000.0,557500.0,660000.0,667500.0,972500.0,845000.0,940000.0,1095500,1350000,2250000,1524000.0,1472500.0,1472500.0,3.0,164.0,10.2,20474
CAPEL SOUND,350000.0,366000.0,390000.0,442500.0,542500.0,550000.0,520000.0,582500,775000,815000,740000.0,722500.0,722500.0,2.0,97.0,7.0,20476
CARDIGAN,177500.0,216500.0,225000.0,225000.0,242500.0,622500.0,863500.0,727500,1090000,1150000,1045000.0,1190000.0,1190000.0,14.0,450.0,18.6,20485
CARLTON,1002500.0,1020000.0,830000.0,1050000.0,1470000.0,1625000.0,1308000.0,1452500,1492500,1512500,1500000.0,1390000.0,1390000.0,7.0,36.0,3.1,20495
CARLTON NORTH,890500.0,1095000.0,1177500.0,1360000.0,1628000.0,1445000.0,1555000.0,1500000,1712000,1660000,1490000.0,1515000.0,1515000.0,2.0,38.0,3.3,20496
CARNEGIE,865000.0,1007500.0,1300000.0,1348500.0,1510000.0,1445000.0,1313500.0,1420000,1776000,1685000,1675000.0,1715000.0,1715000.0,2.0,70.0,5.5,20498
CAROLINE SPRINGS,435000.0,460000.0,480000.0,530000.0,611000.0,620000.0,620000.0,650000,720000,750000,731000.0,743500.0,743500.0,2.0,62.0,4.9,20500
CARRUM,510000.0,536000.0,611000.0,750000.0,835500.0,860000.0,770000.0,830500,967000,965000,1030000.0,1040000.0,1040000.0,1.0,94.0,6.9,20507
CARRUM DOWNS,330000.0,346000.0,370000.0,430000.0,525000.0,575000.0,537000.0,575000,665000,705000,697500.0,716500.0,716500.0,3.0,107.0,7.5,20508
CASTERTON,97500.0,99000.0,100000.0,126500.0,142000.0,132500.0,150000.0,161500,200000,300000,290000.0,275000.0,275000.0,5.0,178.0,10.8,20513
CASTLEMAINE,372500.0,369500.0,380000.0,410000.0,435000.0,499000.0,520000.0,556500,680500,725000,727000.0,747000.0,747000.0,3.0,102.0,7.3,20516
CAULFIELD,1172500.0,1322000.0,1650000.0,1715000.0,1885000.0,1701000.0,1762500.0,1818500,2060000,2079000,1786000.0,2335000.0,2335000.0,31.0,77.0,5.9,20521
CAULFIELD NORTH,1415000.0,1480000.0,1875000.0,2181000.0,2285000.0,1960000.0,2112000.0,2360000,2697500,2650000,2620000.0,2450000.0,2450000.0,6.0,66.0,5.2,20523
CAULFIELD SOUTH,1050000.0,1200000.0,1375000.0,1517500.0,1690000.0,1600000.0,1494500.0,1750000,1950000,1845000,1970000.0,1800000.0,1800000.0,9.0,50.0,4.1,20524
CHADSTONE,719000.0,823500.0,925000.0,1017500.0,1131000.0,1050000.0,958000.0,1095000,1255000,1172500,1295000.0,1224000.0,1224000.0,6.0,49.0,4.0,20528
CHARLEMONT,,,,,157000.0,455000.0,465000.0,530000,628000,650000,610000.0,612000.0,612000.0,0.0,,,20533
CHARLTON,120000.0,131000.0,179500.0,160000.0,136000.0,150000.0,147000.0,149500,195000,300000,320000.0,297000.0,297000.0,7.0,127.0,8.5,20535
CHELSEA,577500.0,580000.0,730000.0,890000.0,914000.0,905000.0,856500.0,980000,1167500,1142500,1180000.0,1210000.0,1210000.0,3.0,109.0,7.6,20537
CHELSEA HEIGHTS,465000.0,513000.0,598000.0,641000.0,750000.0,778000.0,750000.0,805000,977500,935000,906500.0,932500.0,932500.0,3.0,82.0,6.2,20538
CHELTENHAM,690000.0,774000.0,867000.0,942500.0,1170000.0,1105000.0,1035000.0,1130000,1306000,1350000,1335000.0,1332500.0,1332500.0,0.0,72.0,5.6,20539
CHILTERN,171500.0,187500.0,220000.0,250000.0,240000.0,260000.0,223500.0,321000,330000,395000,390000.0,462000.0,462000.0,18.0,146.0,9.4,20551
CHIRNSIDE PARK,450000.0,490500.0,542500.0,627000.0,735000.0,700000.0,680500.0,750000,900000,925000,900000.0,890500.0,890500.0,1.0,82.0,6.1,20556
CHURCHILL,182000.0,178500.0,172500.0,182000.0,175000.0,180000.0,185000.0,226000,305000,360000,345000.0,355000.0,355000.0,3.0,99.0,7.1,20561
CLARINDA,525000.0,606500.0,682500.0,751000.0,866000.0,802500.0,820000.0,851500,1024500,1060000,950000.0,985500.0,985500.0,4.0,62.0,5.0,20566
CLAYTON,645000.0,750000.0,976000.0,1010500.0,1250000.0,1255000.0,1158000.0,1055000,1200000,1123000,1170000.0,1165000.0,1165000.0,0.0,55.0,4.5,20569
CLAYTON SOUTH,526500.0,580000.0,687500.0,755000.0,850500.0,850000.0,832000.0,830000,982500,975000,950000.0,961500.0,961500.0,1.0,66.0,5.2,20570
CLIFTON HILL,867000.0,965000.0,1085000.0,1220000.0,1390000.0,1364500.0,1348000.0,1375000,1750000,1710000,1785000.0,1505000.0,1505000.0,16.0,56.0,4.5,20574
CLIFTON SPRINGS,337500.0,344000.0,345000.0,365000.0,420000.0,472000.0,485000.0,518500,666000,710000,670000.0,672000.0,672000.0,0.0,95.0,6.9,20575
CLUNES,219000.0,237500.0,245000.0,255000.0,263000.0,354000.0,320000.0,357500,450000,500000,510000.0,500000.0,500000.0,2.0,111.0,7.7,20580
CLYDE,397000.0,406000.0,397000.0,435000.0,430000.0,505000.0,542500.0,572000,613000,682500,676500.0,695000.0,695000.0,3.0,71.0,5.5,20581
CLYDE NORTH,409000.0,380000.0,410000.0,491000.0,550000.0,595000.0,570000.0,605000,660000,730500,720000.0,725000.0,725000.0,1.0,91.0,6.7,20582
COBBLEBANK,335500.0,323000.0,318000.0,328000.0,374000.0,460000.0,480000.0,510000,565000,645000,646500.0,625000.0,625000.0,3.0,94.0,6.8,20590
COBDEN,162500.0,145000.0,178500.0,177000.0,263000.0,225000.0,237000.0,272000,349000,386000,395000.0,355000.0,355000.0,10.0,145.0,9.4,20591
COBRAM,218000.0,230000.0,236000.0,265000.0,255000.0,255000.0,272500.0,300000,370000,414000,437500.0,405000.0,405000.0,7.0,76.0,5.8,20592
COBURG,633000.0,710000.0,778000.0,876000.0,1000000.0,966500.0,935500.0,1085000,1257500,1216500,1183000.0,1150000.0,1150000.0,3.0,62.0,4.9,20596
COBURG NORTH,540000.0,600000.0,665000.0,780000.0,822000.0,814000.0,805000.0,899000,1008500,1020000,985000.0,1071000.0,1071000.0,9.0,79.0,6.0,20597
COCKATOO,355000.0,365000.0,385500.0,430000.0,539500.0,591000.0,580000.0,610000,730500,770000,760000.0,737500.0,737500.0,3.0,102.0,7.3,20600
COHUNA,139000.0,175000.0,175000.0,157500.0,180000.0,177500.0,204000.0,232500,260000,285000,325000.0,350000.0,350000.0,8.0,100.0,7.2,20604
COLAC,226500.0,235000.0,246500.0,259500.0,282500.0,320000.0,315000.0,350000,420000,500000,481000.0,463000.0,463000.0,4.0,97.0,7.0,20607
COLDSTREAM,385000.0,405000.0,441000.0,521000.0,597500.0,660000.0,635000.0,648000,767000,780000,805000.0,826000.0,826000.0,3.0,104.0,7.4,20613
COLERAINE,118000.0,95000.0,96000.0,90000.0,133000.0,114000.0,144000.0,127000,174000,282000,205000.0,265000.0,265000.0,29.0,179.0,10.8,20614
COLLINGWOOD,741000.0,775000.0,914000.0,920000.0,1205000.0,1110000.0,1060000.0,1155000,1251500,1302000,1225000.0,1184000.0,1184000.0,3.0,53.0,4.3,20616
CONNEWARRE,612500.0,722500.0,800000.0,892000.0,955000.0,1200000.0,1345000.0,1647500,1625000,2570000,,,,,,,20621
COOLAROO,290000.0,290000.0,302500.0,340000.0,451000.0,480000.0,441000.0,477000,500000,530000,530500.0,540000.0,540000.0,2.0,86.0,6.4,20624
COONGULLA,150000.0,205000.0,189000.0,185000.0,192000.0,242000.0,335000.0,285000,280000,377500,,,,,,,20628
CORINELLA,330000.0,270000.0,370000.0,325000.0,391000.0,450000.0,357500.0,510000,670000,777500,695000.0,657500.0,657500.0,5.0,144.0,9.3,20639
CORIO,230000.0,242000.0,240000.0,250000.0,305000.0,370000.0,351500.0,390000,457000,520000,480000.0,488000.0,488000.0,2.0,102.0,7.3,20640
CORONET BAY,251000.0,249000.0,240000.0,266000.0,325500.0,345000.0,370000.0,407500,522500,635000,580000.0,520000.0,520000.0,10.0,109.0,7.6,20644
CORRYONG,166500.0,135000.0,160000.0,164000.0,180000.0,162500.0,236000.0,226500,240000,310000,320000.0,316500.0,316500.0,1.0,134.0,8.9,20648
COWES,387500.0,357500.0,412500.0,400000.0,440000.0,541000.0,557500.0,589500,880000,875000,800000.0,801000.0,801000.0,0.0,124.0,8.4,20657
CRAIGIEBURN,360000.0,362000.0,390000.0,425000.0,502500.0,546500.0,525000.0,560000,616000,660000,650000.0,660000.0,660000.0,2.0,82.0,6.2,20661
CRANBOURNE,315000.0,331500.0,360000.0,406000.0,510000.0,540000.0,500000.0,510000,618000,660000,655000.0,660000.0,660000.0,1.0,99.0,7.1,20662
CRANBOURNE EAST,390000.0,410000.0,437000.0,460000.0,535000.0,574500.0,567000.0,590000,670000,720000,708000.0,720000.0,720000.0,2.0,76.0,5.8,20663
CRANBOURNE NORTH,370000.0,375000.0,410000.0,455000.0,541000.0,600000.0,570000.0,587500,653500,720000,710000.0,732000.0,732000.0,3.0,95.0,6.9,20664
CRANBOURNE SOUTH,455000.0,455000.0,685000.0,685000.0,600000.0,425000.0,632500.0,634000,710000,795000,721000.0,730000.0,730000.0,1.0,60.0,4.8,20665
CRANBOURNE WEST,330000.0,335000.0,350000.0,410000.0,510500.0,540000.0,508000.0,510000,600000,680000,660000.0,685000.0,685000.0,4.0,104.0,7.4,20666
CREMORNE,821000.0,886500.0,1030000.0,1072000.0,1230000.0,1420000.0,1290000.0,1410000,1500000,1315000,1335000.0,1237500.0,1237500.0,7.0,40.0,3.4,20670
CRESWICK,245000.0,270000.0,265000.0,292500.0,311500.0,324000.0,350000.0,387500,500000,545000,525000.0,515000.0,515000.0,2.0,91.0,6.7,20672
CRIB POINT,355000.0,339000.0,350000.0,402000.0,502500.0,555000.0,527500.0,578500,740000,785000,755000.0,745000.0,745000.0,1.0,120.0,8.2,20674
CROYDON,470000.0,525000.0,605000.0,695000.0,809000.0,792500.0,735000.0,787500,920000,900000,920000.0,923000.0,923000.0,0.0,76.0,5.8,20682
CROYDON HILLS,571500.0,606000.0,697000.0,730000.0,875000.0,877500.0,835000.0,920000,1100000,1107000,1182500.0,1190000.0,1190000.0,1.0,96.0,7.0,20683
CROYDON NORTH,540500.0,600000.0,702500.0,790500.0,872000.0,840000.0,827500.0,860500,1050000,1069000,1075000.0,1095000.0,1095000.0,2.0,83.0,6.2,20684
CROYDON SOUTH,442000.0,530000.0,600000.0,655000.0,800000.0,757500.0,715500.0,740000,890000,864000,890000.0,915000.0,915000.0,3.0,73.0,5.6,20685
CURLEWIS,385500.0,382500.0,387000.0,405000.0,426000.0,495000.0,565000.0,572500,650000,705000,670000.0,650000.0,650000.0,3.0,70.0,5.4,20697
DALLAS,280000.0,295000.0,321500.0,345000.0,430000.0,490000.0,451500.0,467500,526500,524500,510000.0,550000.0,550000.0,8.0,86.0,6.4,20702
DALYSTON,245000.0,260000.0,257000.0,255000.0,273500.0,305000.0,373000.0,421000,536000,580000,527500.0,540000.0,540000.0,2.0,108.0,7.6,20706
DANDENONG,405000.0,439000.0,485000.0,555500.0,620000.0,640000.0,601000.0,630000,700000,740000,693000.0,720500.0,720500.0,4.0,64.0,5.1,20707
DANDENONG NORTH,390000.0,415500.0,481000.0,551000.0,633500.0,640000.0,606500.0,640000,729000,738500,725000.0,756000.0,756000.0,4.0,82.0,6.2,20708
DARLEY,330500.0,360000.0,377500.0,371500.0,430000.0,505000.0,520000.0,500000,610000,710000,707000.0,640000.0,640000.0,9.0,78.0,5.9,20712
DAYLESFORD,385000.0,401500.0,442500.0,464000.0,502000.0,552500.0,592500.0,692500,835000,910000,899000.0,847500.0,847500.0,6.0,111.0,7.8,20721
DEANSIDE,,,,,340000.0,456500.0,335000.0,499500,540000,585000,640000.0,665000.0,665000.0,4.0,,,20724
DEEPDENE,1981000.0,2215000.0,2750000.0,2600000.0,2862500.0,2692500.0,2858000.0,3150000,3262500,3001000,3030500.0,3633000.0,3633000.0,20.0,64.0,5.1,20728
DEER PARK,348000.0,365000.0,390000.0,441000.0,552500.0,580000.0,550000.0,580000,630000,635000,640000.0,657500.0,657500.0,3.0,80.0,6.1,20729
DELACOMBE,280000.0,292000.0,290000.0,319000.0,325000.0,360000.0,390000.0,410000,525000,570000,527500.0,525000.0,525000.0,0.0,80.0,6.0,20730
DELAHEY,372500.0,370000.0,400000.0,458000.0,545000.0,575000.0,530000.0,575000,645000,650000,639000.0,642500.0,642500.0,1.0,74.0,5.7,20731
DENNINGTON,320000.0,315000.0,345000.0,342500.0,345000.0,355000.0,360000.0,395000,485000,616500,583500.0,615000.0,615000.0,5.0,95.0,6.9,20737
DERRIMUT,417000.0,435000.0,466000.0,530000.0,635000.0,615000.0,649000.0,658000,715000,770000,740000.0,750000.0,750000.0,1.0,72.0,5.6,20743
DIAMOND CREEK,513000.0,550000.0,580000.0,646500.0,755000.0,782500.0,750500.0,797500,1000000,994500,983500.0,1090000.0,1090000.0,11.0,98.0,7.1,20752
DIGGERS REST,280000.0,325000.0,325000.0,360000.0,440500.0,500000.0,515000.0,560000,614000,657500,660000.0,655000.0,655000.0,1.0,102.0,7.3,20754
DIMBOOLA,89000.0,90500.0,109500.0,107000.0,122500.0,130000.0,120000.0,154000,200000,247000,281000.0,260000.0,260000.0,7.0,187.0,11.1,20756
DINGLEY VILLAGE,553500.0,607000.0,690000.0,775500.0,887000.0,840500.0,810000.0,934000,1050000,1112000,1090000.0,1124500.0,1124500.0,3.0,85.0,6.4,20758
DINNER PLAIN,390000.0,309000.0,359000.0,400000.0,412500.0,510000.0,520000.0,565000,765000,975000,1200000.0,1097500.0,1097500.0,9.0,255.0,13.5,20760
DONALD,140000.0,120000.0,125000.0,145000.0,122000.0,145000.0,135500.0,145000,170000,225000,240000.0,240000.0,240000.0,0.0,100.0,7.2,20770
DONCASTER,850500.0,999000.0,1176000.0,1297500.0,1366500.0,1320000.0,1270000.0,1280000,1502000,1500000,1547500.0,1480500.0,1480500.0,4.0,48.0,4.0,20771
DONCASTER EAST,789000.0,894500.0,1113500.0,1230000.0,1360000.0,1222000.0,1198000.0,1255000,1500000,1535000,1630000.0,1603500.0,1603500.0,2.0,79.0,6.0,20772
DONNYBROOK,,,,,,530000.0,540000.0,620000,600000,665000,650000.0,650000.0,650000.0,0.0,,,20773
DONVALE,735000.0,840000.0,964000.0,970000.0,1200000.0,1182500.0,1140000.0,1195000,1337500,1440000,1438000.0,1514000.0,1514000.0,5.0,80.0,6.1,20774
DOREEN,415000.0,430000.0,440000.0,470000.0,550000.0,601000.0,598000.0,623500,705000,741500,728000.0,751000.0,751000.0,3.0,75.0,5.7,20779
DOVETON,302000.0,310500.0,348000.0,405000.0,490000.0,543500.0,472000.0,500000,582500,625000,561500.0,600000.0,600000.0,7.0,93.0,6.8,20783
DROMANA,462000.0,492000.0,551000.0,583000.0,690000.0,786000.0,715000.0,762500,1000000,1100000,1055000.0,1000000.0,1000000.0,5.0,103.0,7.4,20788
DROUIN,300000.0,311000.0,320000.0,347000.0,390000.0,455000.0,440000.0,467000,565000,620000,621500.0,605000.0,605000.0,3.0,95.0,6.9,20790
DRYSDALE,380000.0,401500.0,410000.0,410000.0,440000.0,522500.0,575500.0,590000,682500,747000,717000.0,685000.0,685000.0,4.0,71.0,5.5,20802
DUNOLLY,182500.0,170000.0,167500.0,180000.0,179000.0,206500.0,234500.0,209500,265000,320000,335000.0,325000.0,325000.0,3.0,91.0,6.7,20813
EAGLE POINT,227000.0,267000.0,341500.0,255000.0,250000.0,290000.0,354000.0,394500,409500,580000,530000.0,570000.0,570000.0,8.0,113.0,7.9,20822
EAGLEHAWK,264000.0,273000.0,283000.0,270000.0,295000.0,315000.0,321500.0,360000,440000,510000,485000.0,514500.0,514500.0,6.0,88.0,6.5,20823
EAGLEMONT,1340000.0,1522000.0,1740000.0,1901000.0,1963000.0,1955000.0,1863000.0,2029000,2385000,2425000,2551000.0,2200000.0,2200000.0,14.0,45.0,3.8,20825
EAST BAIRNSDALE,226000.0,160000.0,202500.0,212500.0,222000.0,227000.0,235000.0,320000,355000,380000,347500.0,392500.0,392500.0,13.0,145.0,9.4,20827
EAST BENDIGO,285000.0,330000.0,300000.0,303500.0,335000.0,318000.0,390000.0,389500,465000,570000,551500.0,571500.0,571500.0,4.0,73.0,5.6,20828
EAST GEELONG,450000.0,426500.0,440000.0,515500.0,600000.0,637500.0,632500.0,815000,920000,846000,835000.0,795000.0,795000.0,5.0,86.0,6.4,20829
EAST MELBOURNE,1790000.0,1850000.0,2750000.0,3655000.0,3585000.0,2675000.0,3090000.0,2862500,3300000,3127500,3171500.0,3650000.0,3650000.0,15.0,97.0,7.0,20830
EAST WARBURTON,289500.0,275000.0,305000.0,369000.0,392500.0,428500.0,458000.0,532500,645000,620000,660000.0,570000.0,570000.0,14.0,107.0,7.6,20833
EASTWOOD,335000.0,342000.0,335000.0,357500.0,380000.0,385000.0,410000.0,417000,535000,590000,599000.0,595000.0,595000.0,1.0,74.0,5.7,20836
ECHUCA,285000.0,285000.0,300000.0,310000.0,320000.0,365000.0,372500.0,412000,467500,555000,580000.0,560000.0,560000.0,3.0,96.0,7.0,20838
EDENHOPE,160000.0,130000.0,115000.0,144500.0,160000.0,147000.0,169500.0,143000,206500,225000,266000.0,255000.0,255000.0,4.0,96.0,7.0,20844
EDITHVALE,615000.0,670000.0,766000.0,930000.0,1058500.0,1047500.0,950000.0,1029500,1240000,1362500,1270500.0,1310000.0,1310000.0,3.0,96.0,6.9,20848
EILDON,210000.0,205000.0,208500.0,210000.0,225000.0,258000.0,251500.0,285000,350000,430000,450000.0,422500.0,422500.0,6.0,106.0,7.5,20850
ELLIMINYT,332000.0,313000.0,318000.0,364000.0,366500.0,385000.0,445000.0,470000,517000,675000,750000.0,575000.0,575000.0,23.0,84.0,6.3,20859
ELMORE,184000.0,178000.0,200000.0,220000.0,162000.0,227500.0,235000.0,245000,332500,405000,358000.0,324000.0,324000.0,10.0,82.0,6.2,20862
ELSTERNWICK,1365000.0,1315000.0,1621000.0,1723500.0,2087500.0,1970000.0,1825000.0,2081000,2175000,2265000,2240000.0,1953000.0,1953000.0,13.0,49.0,4.0,20864
ELTHAM,631500.0,670000.0,750000.0,815000.0,930000.0,942500.0,928000.0,995000,1234500,1255000,1190000.0,1245500.0,1245500.0,5.0,86.0,6.4,20865
ELTHAM NORTH,622000.0,680000.0,758000.0,854500.0,900000.0,930500.0,930000.0,1050000,1237500,1237000,1250000.0,1244000.0,1244000.0,0.0,83.0,6.2,20866
ELWOOD,1350000.0,1412500.0,1631000.0,1841500.0,1900000.0,2140000.0,1950000.0,2110000,2216500,2605000,2210000.0,2075000.0,2075000.0,6.0,47.0,3.9,20867
EMERALD,440000.0,449500.0,502000.0,545000.0,660500.0,730000.0,660000.0,732500,881000,950000,860000.0,902500.0,902500.0,5.0,101.0,7.2,20868
ENDEAVOUR HILLS,400000.0,432000.0,496500.0,550000.0,630500.0,651000.0,620000.0,672000,750000,815000,790500.0,815000.0,815000.0,3.0,89.0,6.6,20871
EPPING,366500.0,386500.0,400000.0,455000.0,556500.0,600000.0,546000.0,577000,654000,677000,668000.0,680500.0,680500.0,2.0,76.0,5.8,20878
EPSOM,322500.0,342500.0,340000.0,340000.0,352000.0,357000.0,371500.0,431000,530000,600000,585000.0,595000.0,595000.0,2.0,74.0,5.7,20879
ESSENDON,870000.0,942000.0,1228000.0,1365000.0,1400000.0,1691000.0,1450000.0,1520000,1750000,1841000,1795000.0,1741500.0,1741500.0,3.0,85.0,6.3,20885
ESSENDON NORTH,725000.0,840000.0,808000.0,875000.0,1100000.0,1145000.0,1100000.0,1260000,1400000,1510000,1212000.0,1231000.0,1231000.0,2.0,47.0,3.9,20887
ESSENDON WEST,720000.0,785000.0,920000.0,962500.0,1296000.0,1221000.0,1180000.0,1275000,1390000,1265500,1165000.0,1675000.0,1675000.0,44.0,113.0,7.9,20888
EUMEMMERRING,353000.0,365000.0,408500.0,450500.0,517500.0,622000.0,540000.0,550000,628000,750500,645000.0,645000.0,645000.0,0.0,77.0,5.9,20889
EUREKA,243500.0,259000.0,247500.0,275000.0,251500.0,315500.0,360000.0,412500,430000,490000,523000.0,425000.0,425000.0,19.0,64.0,5.1,20891
EUROA,208000.0,230000.0,235500.0,265000.0,239000.0,270000.0,309000.0,360000,407500,475000,492500.0,550000.0,550000.0,12.0,139.0,9.1,20892
EYNESBURY,390500.0,390000.0,403500.0,459000.0,484000.0,550000.0,558500.0,600000,676500,710000,667500.0,715000.0,715000.0,7.0,83.0,6.2,20899
FAIRFIELD,915000.0,945000.0,1111500.0,1303000.0,1496000.0,1316000.0,1295000.0,1395500,1700000,1800000,1585000.0,1625000.0,1625000.0,3.0,72.0,5.6,20901
FAWKNER,410000.0,444000.0,510000.0,587500.0,705000.0,720000.0,665000.0,715000,815000,770000,770000.0,780000.0,780000.0,1.0,76.0,5.8,20909
FERNTREE GULLY,451000.0,505000.0,599000.0,660000.0,749000.0,732500.0,692000.0,750000,865000,873000,890000.0,888500.0,888500.0,0.0,76.0,5.8,20917
FERNY CREEK,497500.0,492500.0,621000.0,735000.0,798000.0,830000.0,800000.0,908000,1120000,940000,906500.0,1092500.0,1092500.0,21.0,122.0,8.3,20918
FINGAL,677500.0,730000.0,857500.0,840000.0,1000000.0,1350000.0,1240000.0,1312500,1807500,1975000,1995000.0,1762500.0,1762500.0,12.0,141.0,9.2,20920
FITZROY,945000.0,1130000.0,1297500.0,1600000.0,1625000.0,1450000.0,1400000.0,1400000,1520000,1502500,1530000.0,1750000.0,1750000.0,14.0,55.0,4.5,20924
FITZROY NORTH,976000.0,1014000.0,1188000.0,1279000.0,1450000.0,1475000.0,1385000.0,1600000,1706000,1632500,1605000.0,1540000.0,1540000.0,4.0,52.0,4.3,20925
FLEMINGTON,735500.0,730000.0,830000.0,918000.0,1100000.0,926500.0,1000000.0,1028500,1250000,1103500,1017000.0,1085000.0,1085000.0,7.0,49.0,4.0,20929
FLINDERS,765000.0,808000.0,839000.0,1225000.0,1525000.0,1697500.0,1670000.0,2085000,2667500,3342000,2800000.0,2500000.0,2500000.0,11.0,209.0,12.0,20930
FLORA HILL,310000.0,323500.0,321000.0,325000.0,335000.0,352500.0,370000.0,395000,481000,550000,520000.0,530000.0,530000.0,2.0,64.0,5.1,20931
FLOWERDALE,292500.0,170000.0,255000.0,237500.0,310000.0,390000.0,287500.0,400000,475000,530000,595000.0,635000.0,635000.0,7.0,274.0,14.1,20932
FOOTSCRAY,600000.0,645000.0,690500.0,775000.0,883500.0,899000.0,812000.0,863500,962500,990000,920000.0,960000.0,960000.0,4.0,49.0,4.1,20935
FOREST HILL,650500.0,721000.0,892000.0,933500.0,1060000.0,935000.0,900000.0,986000,1207500,1155500,1251000.0,1200000.0,1200000.0,4.0,66.0,5.2,20937
FOSTER,298000.0,315000.0,325000.0,315000.0,320000.0,333500.0,330000.0,387500,457500,595000,590000.0,567500.0,567500.0,4.0,80.0,6.1,20940
FRANKSTON,350000.0,372000.0,426000.0,474000.0,600000.0,605000.0,581000.0,621500,750000,764500,736000.0,740000.0,740000.0,1.0,99.0,7.1,20947
FRANKSTON NORTH,255000.0,269000.0,297000.0,352000.0,470000.0,502000.0,423000.0,450000,580000,610000,574000.0,595000.0,595000.0,4.0,121.0,8.3,20948
FRANKSTON SOUTH,535000.0,560000.0,620000.0,690000.0,815500.0,855000.0,817500.0,860000,1150000,1200000,1160000.0,1150000.0,1150000.0,1.0,105.0,7.5,20949
FRASER RISE,455000.0,490000.0,465000.0,483000.0,541000.0,615000.0,595000.0,620000,675000,719000,715000.0,702500.0,702500.0,2.0,43.0,3.7,20950
FYANSFORD,386500.0,478000.0,688000.0,592500.0,610000.0,650000.0,660000.0,800500,845000,1065000,950000.0,972500.0,972500.0,2.0,103.0,7.4,20960
GARDENVALE,1150000.0,1180000.0,1348000.0,1857500.0,1880000.0,1830000.0,1740000.0,1900000,2120000,2005000,2300000.0,1810000.0,1810000.0,21.0,53.0,4.4,20965
GARFIELD,405000.0,355000.0,370000.0,405000.0,414500.0,540000.0,518000.0,590000,715000,789000,815000.0,690000.0,690000.0,15.0,94.0,6.9,20966
GEELONG,500000.0,512000.0,607500.0,590000.0,735000.0,757500.0,720000.0,883500,950000,900000,991500.0,870000.0,870000.0,12.0,70.0,5.4,20973
GEELONG WEST,440000.0,469000.0,490000.0,543500.0,654000.0,713000.0,675000.0,749500,882500,997000,910000.0,860000.0,860000.0,5.0,83.0,6.3,20974
GEMBROOK,344000.0,400000.0,440000.0,525000.0,565000.0,610000.0,650000.0,680000,789500,862500,852500.0,890000.0,890000.0,4.0,123.0,8.3,20979
GISBORNE,496000.0,510000.0,550000.0,635000.0,655000.0,770000.0,730000.0,810000,898500,1052500,1000000.0,915000.0,915000.0,9.0,79.0,6.0,21001
GLADSTONE PARK,392500.0,400000.0,460000.0,525000.0,645000.0,630000.0,636500.0,640000,728000,730000,710000.0,712500.0,712500.0,0.0,78.0,5.9,21004
GLEN HUNTLY,977500.0,1135000.0,1350000.0,1330000.0,1415000.0,1253000.0,1440000.0,1342500,2002500,1570000,1735500.0,1535000.0,1535000.0,12.0,35.0,3.1,21009
GLEN IRIS,1310000.0,1500000.0,1800000.0,1935000.0,2025000.0,1927500.0,1967000.0,2136000,2492500,2500000,2500000.0,2370000.0,2370000.0,5.0,58.0,4.7,21010
GLEN WAVERLEY,815000.0,960000.0,1212500.0,1221000.0,1337500.0,1300000.0,1287500.0,1304000,1558500,1560000,1659000.0,1660000.0,1660000.0,0.0,73.0,5.6,21013
GLENGARRY,232500.0,283000.0,286000.0,277500.0,310000.0,300000.0,324000.0,388000,490000,576500,590000.0,450000.0,450000.0,24.0,59.0,4.7,21025
GLENROWAN,230000.0,239000.0,225000.0,272500.0,300000.0,265000.0,372500.0,375000,500000,517000,595000.0,575500.0,575500.0,3.0,141.0,9.2,21045
GLENROY,454000.0,500000.0,560000.0,600000.0,730000.0,725000.0,700000.0,740000,835000,850000,792500.0,827000.0,827000.0,4.0,65.0,5.2,21047
GOLDEN BEACH,169500.0,172500.0,180000.0,212500.0,209500.0,225500.0,220000.0,270000,325000,355000,395000.0,410000.0,410000.0,4.0,138.0,9.1,21054
GOLDEN POINT (BALLARAT),265000.0,265000.0,259500.0,295000.0,302500.0,347500.0,370000.0,430000,510000,545000,570000.0,467500.0,467500.0,18.0,76.0,5.8,21056
GOLDEN SQUARE,295000.0,305000.0,306000.0,315000.0,320000.0,334000.0,340000.0,377500,469500,542500,515000.0,520000.0,520000.0,1.0,70.0,5.5,21058
GORDON,278500.0,303000.0,290000.0,330000.0,404000.0,402500.0,495000.0,618000,632500,690000,675000.0,600000.0,600000.0,11.0,98.0,7.1,21073
GOUGHS BAY,257500.0,247500.0,265000.0,235000.0,257500.0,345500.0,299500.0,360000,499500,710000,580000.0,540000.0,540000.0,7.0,118.0,8.1,21077
GOWANBRAE,620000.0,557500.0,573000.0,619000.0,790000.0,727500.0,700500.0,739000,940000,902500,865000.0,1025000.0,1025000.0,18.0,84.0,6.3,21079
GRANTVILLE,215000.0,255000.0,250000.0,272500.0,339500.0,402500.0,397500.0,440000,540000,620000,595000.0,590000.0,590000.0,1.0,131.0,8.8,21089
GREENSBOROUGH,534000.0,574000.0,635000.0,717000.0,830000.0,815000.0,798000.0,850000,1001000,1000000,980000.0,1020000.0,1020000.0,4.0,78.0,5.9,21104
GREENVALE,550000.0,539500.0,500000.0,510000.0,650000.0,720000.0,715000.0,720000,820000,881000,840000.0,870000.0,870000.0,4.0,61.0,4.9,21105
GROVEDALE,352000.0,362000.0,370000.0,400000.0,432000.0,495000.0,505000.0,550000,655000,700000,660000.0,665000.0,665000.0,1.0,84.0,6.3,21114
HADFIELD,461500.0,500000.0,550000.0,624500.0,740500.0,741500.0,730000.0,745000,890000,888000,850000.0,850500.0,850500.0,0.0,70.0,5.5,21124
HALLAM,362500.0,380000.0,424000.0,455000.0,580000.0,630000.0,550000.0,600000,700000,720000,720000.0,750000.0,750000.0,4.0,97.0,7.0,21125
HALLS GAP,184500.0,224500.0,245000.0,272500.0,280000.0,355000.0,320000.0,350000,465000,570000,555000.0,620500.0,620500.0,12.0,176.0,10.7,21127
HAMILTON,192500.0,200000.0,200000.0,216000.0,190000.0,225000.0,209500.0,255000,339000,357000,370000.0,380000.0,380000.0,3.0,90.0,6.6,21129
HAMLYN HEIGHTS,363500.0,366500.0,382500.0,415000.0,500000.0,545000.0,540000.0,563500,708000,769500,745000.0,696500.0,696500.0,7.0,90.0,6.6,21130
HAMPTON,1270000.0,1340000.0,1650000.0,1800000.0,2020000.0,1905000.0,1900000.0,2000000,2420000,2341000,2385000.0,2480000.0,2480000.0,4.0,85.0,6.3,21131
HAMPTON EAST,770000.0,862500.0,1020000.0,1200000.0,1340000.0,1230000.0,1211500.0,1290500,1512500,1610000,1490000.0,1430000.0,1430000.0,4.0,66.0,5.2,21132
HAMPTON PARK,330000.0,337500.0,370000.0,410000.0,505000.0,550000.0,501500.0,539000,620000,665000,644000.0,675000.0,675000.0,5.0,100.0,7.2,21133
HARCOURT,309000.0,358000.0,295000.0,377500.0,385000.0,375000.0,420000.0,527500,604000,705000,697500.0,660000.0,660000.0,5.0,84.0,6.3,21137
HARKNESS,330000.0,340000.0,350000.0,360000.0,420000.0,485000.0,475000.0,490000,535000,595000,580000.0,570000.0,570000.0,2.0,68.0,5.3,21140
HASTINGS,345000.0,368000.0,365000.0,400000.0,507500.0,519500.0,506000.0,562000,651000,736500,715000.0,670000.0,670000.0,6.0,82.0,6.2,21145
HAWTHORN,1575000.0,1606500.0,1916500.0,2245000.0,2650000.0,2506500.0,2200000.0,2525000,2900000,2495000,2910000.0,2900000.0,2900000.0,0.0,81.0,6.1,21152
HAWTHORN EAST,1247500.0,1554000.0,1850000.0,1890000.0,2350000.0,2221500.0,2087500.0,2383000,2300000,2655000,2770000.0,2585000.0,2585000.0,7.0,66.0,5.2,21153
HEALESVILLE,385500.0,400000.0,447500.0,457000.0,550000.0,601000.0,580000.0,602500,750000,810000,800000.0,775000.0,775000.0,3.0,94.0,6.8,21158
HEATHCOTE,227500.0,260000.0,240000.0,268500.0,275000.0,310000.0,335000.0,365000,390000,480000,485000.0,502500.0,502500.0,4.0,93.0,6.8,21160
HEATHCOTE JUNCTION,372500.0,422000.0,380000.0,437500.0,567000.0,594500.0,600000.0,738000,885000,905000,,,,,,,21161
HEATHERTON,630000.0,712000.0,771000.0,845000.0,981000.0,935000.0,965000.0,964000,1140000,1147000,1150000.0,1100000.0,1100000.0,4.0,55.0,4.4,21163
HEATHMONT,589000.0,638000.0,760000.0,789000.0,925000.0,932000.0,873000.0,930000,1094000,1077000,1068000.0,1035000.0,1035000.0,3.0,62.0,5.0,21165
HEIDELBERG,772500.0,831000.0,1060000.0,1150000.0,1280000.0,1114000.0,1107500.0,1283000,1500000,1435000,1437500.0,1374000.0,1374000.0,4.0,65.0,5.2,21167
HEIDELBERG HEIGHTS,536000.0,554000.0,675500.0,750000.0,843000.0,820000.0,790000.0,805000,1000000,1030000,1000000.0,960000.0,960000.0,4.0,73.0,5.6,21168
HEIDELBERG WEST,425500.0,461000.0,580000.0,630000.0,730000.0,700000.0,670000.0,719500,810000,803500,751000.0,797000.0,797000.0,6.0,73.0,5.6,21169
HEPBURN,291000.0,330000.0,395000.0,377000.0,440000.0,425000.0,452500.0,535000,695000,675000,737500.0,717500.0,717500.0,3.0,117.0,8.1,21172
HEPBURN SPRINGS,340000.0,350000.0,380000.0,418000.0,515000.0,490000.0,595000.0,570000,825000,900000,780000.0,963000.0,963000.0,23.0,175.0,10.7,21173
HERNE HILL,350000.0,357000.0,368500.0,402000.0,490000.0,550000.0,534000.0,600000,738000,765000,715000.0,686500.0,686500.0,4.0,92.0,6.8,21174
HEYFIELD,200000.0,180000.0,182500.0,195000.0,178500.0,193000.0,195000.0,230000,330000,370000,390000.0,335000.0,335000.0,14.0,86.0,6.4,21179
HEYWOOD,142000.0,150000.0,173000.0,160000.0,164000.0,166000.0,178000.0,185000,240000,322500,330000.0,330000.0,330000.0,0.0,120.0,8.2,21181
HIGHETT,750000.0,850000.0,992500.0,1175000.0,1318500.0,1275000.0,1234000.0,1325000,1585000,1477500,1455000.0,1456000.0,1456000.0,0.0,71.0,5.5,21185
HIGHTON,477000.0,510000.0,505000.0,555000.0,622500.0,681000.0,690000.0,744000,887000,950000,913500.0,863500.0,863500.0,5.0,69.0,5.4,21187
HILLSIDE (BRIMBANK),380000.0,365000.0,450000.0,437500.0,535000.0,645000.0,525500.0,545000,620000,655000,,,,,,,21193
HILLSIDE (MELTON),433500.0,445000.0,471000.0,537000.0,622000.0,648500.0,643500.0,690000,740000,800000,758000.0,789500.0,789500.0,4.0,77.0,5.9,21193
HOPETOUN,88000.0,95500.0,75000.0,80000.0,92000.0,86000.0,66000.0,150000,157000,189000,171000.0,211500.0,211500.0,24.0,121.0,8.3,21201
HOPPERS CROSSING,321500.0,340000.0,365500.0,415000.0,516000.0,552000.0,526500.0,550000,585000,620000,615000.0,620000.0,620000.0,1.0,82.0,6.2,21203
HORSHAM,215000.0,215000.0,240000.0,245000.0,262500.0,255000.0,269000.0,260000,345000,379000,400000.0,382500.0,382500.0,4.0,78.0,5.9,21206
HUGHESDALE,820000.0,856000.0,1165000.0,1222500.0,1407000.0,1260000.0,1150500.0,1300000,1507500,1500000,1422000.0,1421000.0,1421000.0,0.0,66.0,5.2,21214
HUNTINGDALE,659000.0,728000.0,835000.0,924500.0,1132000.0,1010000.0,914000.0,1090000,1299500,1250000,1195000.0,1200000.0,1200000.0,0.0,65.0,5.1,21218
HUNTLY,337500.0,325000.0,355000.0,340000.0,335000.0,357500.0,367500.0,383000,486500,570000,565000.0,561000.0,561000.0,1.0,73.0,5.6,21219
HURSTBRIDGE,482000.0,482000.0,547500.0,614500.0,714000.0,731000.0,700000.0,775000,900000,950000,890500.0,920500.0,920500.0,3.0,91.0,6.7,21223
INDENTED HEAD,390000.0,385000.0,382500.0,395000.0,455000.0,575500.0,606000.0,590000,752500,995000,820000.0,822500.0,822500.0,0.0,114.0,7.9,21229
INGLEWOOD,160000.0,145000.0,200000.0,152500.0,182500.0,180000.0,185000.0,214000,320000,390000,325000.0,330000.0,330000.0,2.0,128.0,8.6,21231
INVERLOCH,431000.0,440000.0,425000.0,442500.0,495000.0,598000.0,590000.0,665000,891000,992500,955000.0,850000.0,850000.0,11.0,93.0,6.8,21235
INVERMAY PARK,378000.0,387000.0,405000.0,377500.0,391000.0,465000.0,475000.0,485000,680000,670000,695000.0,572500.0,572500.0,18.0,48.0,4.0,21237
IRONBARK,277000.0,280000.0,292500.0,365000.0,280000.0,320000.0,304000.0,438500,523000,525000,530000.0,485000.0,485000.0,8.0,73.0,5.6,21241
IRYMPLE,248000.0,228500.0,268000.0,257500.0,291000.0,310000.0,386500.0,354000,431000,455000,500000.0,560000.0,560000.0,12.0,145.0,9.4,21245
IVANHOE,1090000.0,1203000.0,1120000.0,1400000.0,1537500.0,1600000.0,1590000.0,1640000,1900000,1922500,1745000.0,1850000.0,1850000.0,6.0,54.0,4.4,21246
IVANHOE EAST,1310000.0,1513000.0,1535000.0,1764500.0,1975000.0,1914000.0,1775000.0,2055000,2225000,2262500,2286500.0,2512500.0,2512500.0,10.0,66.0,5.2,21247
JACANA,334000.0,342500.0,375000.0,423000.0,571500.0,555000.0,512500.0,555000,626000,642500,593000.0,600000.0,600000.0,1.0,75.0,5.8,21248
JACKASS FLAT,287500.0,345000.0,350500.0,345500.0,299000.0,310000.0,331500.0,401000,460000,520000,515000.0,544000.0,544000.0,6.0,58.0,4.7,21250
JAMIESON,205000.0,210000.0,258500.0,220000.0,266500.0,265000.0,311500.0,345000,410000,625000,582500.0,682000.0,682000.0,17.0,225.0,12.5,21253
JAN JUC,555000.0,595000.0,615000.0,716000.0,850000.0,905000.0,870000.0,964000,1337000,1400000,1290000.0,1250000.0,1250000.0,3.0,110.0,7.7,21254
JEPARIT,80500.0,63000.0,89000.0,124000.0,66500.0,77000.0,81000.0,110000,129000,150000,215000.0,157500.0,157500.0,27.0,150.0,9.6,21265
JUNCTION VILLAGE,312000.0,320000.0,370000.0,389000.0,436000.0,509000.0,483500.0,515000,605000,635000,650000.0,670000.0,670000.0,3.0,109.0,7.7,21277
JUNORTOUN,490000.0,508500.0,417500.0,490000.0,512500.0,506500.0,530000.0,599000,682000,885000,865000.0,822000.0,822000.0,5.0,62.0,4.9,21279
KALIMNA,230000.0,285000.0,300000.0,270000.0,276500.0,326500.0,292500.0,350000,467000,510000,462500.0,385000.0,385000.0,17.0,35.0,3.1,21282
KALKALLO,,450000.0,180000.0,432500.0,529500.0,548000.0,535000.0,555000,606000,645000,630500.0,640000.0,640000.0,2.0,0.0,,21284
KALLISTA,425000.0,465000.0,523000.0,567500.0,676000.0,737500.0,700000.0,715000,910000,1000000,832500.0,865000.0,865000.0,4.0,86.0,6.4,21286
KALORAMA,442500.0,451000.0,496000.0,533000.0,670000.0,686500.0,645000.0,697500,822500,1022500,885000.0,952500.0,952500.0,8.0,111.0,7.8,21287
KANGAROO FLAT,292500.0,300000.0,303000.0,300000.0,310000.0,325000.0,340000.0,380000,465000,535000,500000.0,532000.0,532000.0,6.0,77.0,5.9,21293
KANGAROO GROUND SOUTH,615000.0,655000.0,650000.0,670000.0,853500.0,930000.0,815500.0,970000,1217000,1130000,1100000.0,1138000.0,1138000.0,3.0,74.0,5.7,21294
KANIVA,75000.0,87500.0,100000.0,125000.0,157500.0,164000.0,169500.0,115000,174000,205000,200000.0,231500.0,231500.0,16.0,165.0,10.2,21295
KATUNGA,229000.0,155000.0,156000.0,167500.0,92000.0,180000.0,330000.0,225000,200000,327500,,,,,,,21310
KEALBA,370000.0,390000.0,400000.0,470000.0,595000.0,612000.0,596000.0,600000,660000,705000,670000.0,700000.0,700000.0,4.0,79.0,6.0,21312
KEILOR,572500.0,633000.0,703000.0,805000.0,845000.0,817000.0,836500.0,885000,1070500,1000000,1132500.0,1110000.0,1110000.0,2.0,75.0,5.8,21314
KEILOR DOWNS,403500.0,429000.0,496500.0,562000.0,670000.0,661000.0,630000.0,660000,767500,760500,770000.0,766500.0,766500.0,0.0,79.0,6.0,21315
KEILOR EAST,560000.0,599000.0,651000.0,720000.0,843000.0,830000.0,835000.0,842000,1000000,1000000,990000.0,1055000.0,1055000.0,7.0,76.0,5.8,21316
KEILOR LODGE,490000.0,500000.0,555500.0,607500.0,760000.0,715000.0,740000.0,757500,865000,880000,920000.0,1014500.0,1014500.0,10.0,103.0,7.3,21317
KEILOR PARK,455000.0,512500.0,565000.0,650000.0,741000.0,770000.0,704000.0,735000,820500,892500,795000.0,840000.0,840000.0,6.0,64.0,5.1,21319
KENNINGTON,351500.0,345000.0,334000.0,355000.0,372000.0,383500.0,374000.0,428500,550000,593000,610000.0,575500.0,575500.0,6.0,67.0,5.3,21326
KENSINGTON,690000.0,737500.0,823500.0,908000.0,1019000.0,1020000.0,978000.0,1106500,1165000,1200000,1045000.0,1097000.0,1097000.0,5.0,49.0,4.0,21327
KERANG,152000.0,145000.0,152000.0,167000.0,160000.0,177000.0,170000.0,200000,239000,275500,282500.0,310000.0,310000.0,10.0,114.0,7.9,21328
KEW,1751000.0,1950000.0,2080000.0,2207500.0,2317500.0,2380000.0,2310000.0,2251500,2780000,2920000,2910000.0,2805000.0,2805000.0,4.0,44.0,3.7,21336
KEW EAST,1210000.0,1314000.0,1600000.0,1655000.0,1876000.0,1800000.0,1837000.0,1785000,1990000,2040000,2200000.0,2229000.0,2229000.0,1.0,70.0,5.4,21337
KEYSBOROUGH,435000.0,456500.0,559500.0,650000.0,730000.0,745000.0,735000.0,750000,849000,891000,914000.0,931000.0,931000.0,2.0,104.0,7.4,21339
KIALLA,360000.0,365000.0,367500.0,374000.0,390000.0,418000.0,450000.0,482500,543000,640000,650000.0,670000.0,670000.0,3.0,84.0,6.3,21340
KILCUNDA,375000.0,320000.0,400000.0,480000.0,504000.0,496000.0,533000.0,702500,865000,900000,815000.0,965000.0,965000.0,18.0,202.0,11.7,21345
KILLARA (WODONGA),351000.0,346000.0,360000.0,425000.0,400000.0,420000.0,453500.0,447500,560000,658500,650000.0,655000.0,655000.0,1.0,89.0,6.6,21347
KILMORE,327500.0,319000.0,336500.0,333000.0,387500.0,440000.0,435000.0,477000,548000,600000,590000.0,616000.0,616000.0,4.0,93.0,6.8,21352
KILSYTH,435000.0,460000.0,548500.0,620000.0,698500.0,685500.0,645000.0,677500,781000,840000,810000.0,815000.0,815000.0,1.0,77.0,5.9,21354
KILSYTH SOUTH,542500.0,575000.0,676000.0,738000.0,845000.0,826000.0,780500.0,870000,977500,1080000,1045000.0,1105000.0,1105000.0,6.0,92.0,6.8,21355
KINGLAKE,330000.0,318000.0,340000.0,346000.0,458000.0,480000.0,555000.0,600000,640000,770000,662500.0,775000.0,775000.0,17.0,144.0,9.3,21358
KINGS PARK,315000.0,325000.0,355000.0,415000.0,532500.0,550000.0,510000.0,550000,600000,630000,599500.0,615500.0,615500.0,3.0,89.0,6.6,21362
KINGSBURY,470000.0,502500.0,560000.0,610000.0,731000.0,730000.0,660000.0,732500,850000,782000,792500.0,862500.0,862500.0,9.0,72.0,5.6,21363
KINGSVILLE,635000.0,703500.0,785000.0,925000.0,1020000.0,990000.0,1010000.0,970000,1225000,1287500,1200000.0,1122500.0,1122500.0,6.0,60.0,4.8,21365
KNOXFIELD,500000.0,580000.0,681000.0,741000.0,870000.0,815000.0,760000.0,810000,980000,970000,950000.0,931000.0,931000.0,2.0,60.0,4.8,21374
KOO WEE RUP,315000.0,335000.0,345000.0,400000.0,450500.0,508500.0,550000.0,540000,610000,700000,670000.0,666500.0,666500.0,1.0,99.0,7.1,21380
KOONDROOK,147500.0,155000.0,198500.0,165000.0,247500.0,268000.0,212500.0,254000,320000,320000,320000.0,385000.0,385000.0,20.0,148.0,9.5,21384
KOROIT,275000.0,300000.0,296000.0,294000.0,325000.0,352000.0,347500.0,390000,490000,580000,612500.0,600000.0,600000.0,2.0,100.0,7.2,21396
KORUMBURRA,236000.0,222500.0,262500.0,257500.0,292000.0,317500.0,320000.0,391000,480000,525000,550000.0,550000.0,550000.0,0.0,147.0,9.5,21399
KURUNJANG,287000.0,280000.0,289500.0,310000.0,370000.0,435000.0,420000.0,432000,485000,550000,520000.0,520000.0,520000.0,0.0,86.0,6.4,21411
KYABRAM,237000.0,235000.0,240000.0,234000.0,239000.0,261000.0,263000.0,280000,319500,400000,455000.0,450000.0,450000.0,1.0,91.0,6.7,21412
KYNETON,369000.0,400000.0,425500.0,455000.0,495000.0,550000.0,595000.0,614000,755000,897500,775000.0,780000.0,780000.0,1.0,95.0,6.9,21414
LAKE BOGA,200000.0,143500.0,245000.0,222500.0,182500.0,232500.0,239000.0,230000,320000,391000,446000.0,555000.0,555000.0,24.0,287.0,14.5,21427
LAKE BUNGA,197500.0,162500.0,270000.0,270000.0,392500.0,380000.0,300000.0,350000,600000,650000,,,,,,,21429
LAKE GARDENS,445000.0,445000.0,461000.0,485000.0,461500.0,575000.0,552500.0,607500,705000,738500,785000.0,745000.0,745000.0,5.0,67.0,5.3,21435
LAKE TYERS BEACH,270000.0,354000.0,330000.0,268500.0,362500.0,300000.0,357500.0,375000,505000,645000,590000.0,552500.0,552500.0,6.0,56.0,4.6,21444
LAKE WENDOUREE,634000.0,650000.0,685000.0,700000.0,795000.0,775000.0,855000.0,1000000,1230000,1275000,1312500.0,1292500.0,1292500.0,2.0,99.0,7.1,21447
LAKES ENTRANCE,269500.0,254000.0,255500.0,280000.0,281500.0,328000.0,300000.0,350000,422500,540000,510000.0,520000.0,520000.0,2.0,105.0,7.4,21449
LALOR,365000.0,385000.0,445000.0,499500.0,625500.0,625000.0,590000.0,623000,700000,700000,680500.0,700000.0,700000.0,3.0,82.0,6.2,21452
LANCEFIELD,377500.0,362000.0,360000.0,360000.0,416000.0,456000.0,500000.0,540000,685000,671500,625000.0,670000.0,670000.0,7.0,85.0,6.3,21456
LANG LANG,285000.0,295000.0,316500.0,355000.0,390000.0,475000.0,495000.0,540000,657000,720000,707500.0,715000.0,715000.0,1.0,142.0,9.3,21459
LANGWARRIN,385000.0,420000.0,450000.0,503000.0,600000.0,642500.0,610000.0,660000,805000,860000,835000.0,858000.0,858000.0,3.0,104.0,7.4,21467
LARA,350000.0,340000.0,348000.0,355000.0,430000.0,515000.0,495000.0,535000,682500,700000,685000.0,678000.0,678000.0,1.0,99.0,7.1,21469
LAUNCHING PLACE,330000.0,337500.0,366000.0,435000.0,490000.0,531000.0,554000.0,572500,688500,778500,650000.0,689000.0,689000.0,6.0,104.0,7.4,21473
LAVERTON,325000.0,358000.0,377500.0,429000.0,535000.0,579000.0,529000.0,560000,605000,610000,582500.0,590000.0,590000.0,1.0,65.0,5.1,21476
LENEVA,361500.0,372500.0,370500.0,376000.0,397500.0,387500.0,426000.0,470000,554000,650000,685000.0,675000.0,675000.0,1.0,81.0,6.1,21488
LEONGATHA,300000.0,295500.0,305000.0,305000.0,320000.0,360000.0,370000.0,426000,505000,589000,580000.0,572500.0,572500.0,1.0,94.0,6.8,21490
LEOPOLD,360000.0,366500.0,365000.0,407000.0,447000.0,500500.0,510000.0,535000,652000,709000,682500.0,662000.0,662000.0,3.0,81.0,6.1,21493
LILYDALE,469000.0,482500.0,534000.0,633500.0,710500.0,705000.0,675500.0,710000,844500,870000,925000.0,865000.0,865000.0,6.0,79.0,6.0,21504
LINDENOW,200000.0,226000.0,212500.0,212000.0,245000.0,313500.0,282500.0,282500,385000,466000,372500.0,470000.0,470000.0,26.0,108.0,7.6,21509
LISMORE,110000.0,109000.0,115000.0,141500.0,155000.0,132500.0,144500.0,220000,176000,277500,,,,,,,21516
LOCH SPORT,166000.0,153500.0,145000.0,178000.0,182000.0,230000.0,245000.0,247000,324500,392500,390000.0,365000.0,365000.0,6.0,138.0,9.0,21524
LONG GULLY,230000.0,255000.0,244000.0,240000.0,256000.0,269000.0,280000.0,299500,385000,451500,400000.0,450000.0,450000.0,13.0,76.0,5.8,21534
LONGWARRY,289500.0,297500.0,307000.0,334000.0,377000.0,403000.0,406000.0,427500,512500,575000,572500.0,585000.0,585000.0,2.0,97.0,7.0,21538
LORNE,840000.0,815000.0,895000.0,765000.0,1150000.0,1275000.0,1297500.0,1497500,1960000,2200000,2030000.0,1930000.0,1930000.0,5.0,137.0,9.0,21542
LOVELY BANKS,360500.0,406500.0,388500.0,470000.0,460000.0,525000.0,570000.0,565000,662500,767500,690000.0,758500.0,758500.0,10.0,87.0,6.4,21544
LOWER PLENTY,680500.0,675000.0,770000.0,900000.0,980000.0,1055000.0,950000.0,909500,1220000,1350000,1344500.0,1340000.0,1340000.0,0.0,99.0,7.1,21547
LUCAS,348000.0,355000.0,389000.0,345000.0,349500.0,395000.0,431000.0,465000,582500,705000,640000.0,635000.0,635000.0,1.0,79.0,6.0,21550
LUCKNOW,235000.0,229000.0,230000.0,244500.0,261500.0,280000.0,275000.0,314500,355000,449000,400000.0,562500.0,562500.0,41.0,146.0,9.4,21551
LYNBROOK,430000.0,460000.0,500000.0,542500.0,595000.0,640000.0,623000.0,660000,750000,810000,785000.0,797500.0,797500.0,2.0,73.0,5.7,21554
LYNDHURST,465000.0,482500.0,550000.0,585000.0,625000.0,695000.0,665500.0,701500,815500,950000,905000.0,900500.0,900500.0,1.0,86.0,6.4,21555
LYSTERFIELD,681500.0,670000.0,780000.0,857500.0,995500.0,976500.0,956500.0,994500,1132000,1267500,1307500.0,1331000.0,1331000.0,2.0,99.0,7.1,21558
LYSTERFIELD SOUTH,931500.0,1000000.0,1018500.0,1240000.0,1300000.0,1275000.0,775000.0,1410000,1618000,1844000,,,,,,,21559
MACEDON,490000.0,460000.0,532500.0,585000.0,696000.0,815000.0,800000.0,883000,1130000,1073000,1105000.0,1100000.0,1100000.0,0.0,139.0,9.1,21562
MACLEOD,647500.0,705000.0,755000.0,868000.0,950000.0,922500.0,922500.0,972500,1156500,1135000,1150000.0,1196500.0,1196500.0,4.0,70.0,5.4,21564
MADDINGLEY,316500.0,320000.0,332500.0,345000.0,395000.0,442000.0,460000.0,521000,560000,635000,630000.0,620000.0,620000.0,2.0,94.0,6.8,21569
MAFFRA,229000.0,215000.0,230000.0,258000.0,251500.0,261500.0,255000.0,315000,338000,376500,425000.0,435000.0,435000.0,2.0,102.0,7.3,21571
MAIDEN GULLY,440000.0,415000.0,430000.0,477000.0,471000.0,495500.0,514000.0,579000,725000,760000,797500.0,760000.0,760000.0,5.0,83.0,6.2,21574
MAIDSTONE,535000.0,587500.0,630000.0,695000.0,825000.0,798500.0,779000.0,789500,852500,888000,890000.0,850500.0,850500.0,4.0,45.0,3.8,21575
MALDON,315000.0,325000.0,339000.0,385000.0,426500.0,420000.0,510000.0,546500,624500,735500,742500.0,740000.0,740000.0,0.0,128.0,8.6,21583
MALLACOOTA,285000.0,285000.0,288500.0,325000.0,345000.0,280000.0,406500.0,415000,488500,527500,555000.0,490000.0,490000.0,12.0,72.0,5.6,21584
MALMSBURY,292500.0,317500.0,397500.0,344000.0,447000.0,465000.0,475000.0,505000,757500,785000,767500.0,680500.0,680500.0,11.0,114.0,7.9,21585
MALVERN,1508500.0,1946000.0,2230000.0,2332000.0,2750000.0,2661000.0,2570000.0,2865000,3001000,2935000,3020000.0,3306000.0,3306000.0,9.0,70.0,5.4,21586
MALVERN EAST,1200000.0,1380000.0,1610000.0,1729000.0,1824000.0,1900000.0,1789000.0,1895000,2112500,2282500,2192500.0,2057500.0,2057500.0,6.0,49.0,4.1,21587
MAMBOURIN,,,,,,,,329500,597500,641000,632500.0,631000.0,631000.0,0.0,,,21588
MANIFOLD HEIGHTS,532500.0,489000.0,489500.0,620000.0,721500.0,785500.0,715000.0,825000,924500,1087500,1050000.0,1260000.0,1260000.0,20.0,158.0,9.9,21593
MANOR LAKES,340500.0,360000.0,385000.0,417500.0,490000.0,526000.0,533000.0,570000,595500,645000,640000.0,640000.0,640000.0,0.0,78.0,5.9,21597
MANSFIELD,364000.0,347000.0,367500.0,359000.0,385000.0,430000.0,452500.0,510000,640000,732500,783000.0,750000.0,750000.0,4.0,116.0,8.0,21599
MARIBYRNONG,714000.0,750500.0,837500.0,940000.0,1056000.0,1050000.0,961500.0,936500,1165000,1170000,1110000.0,1250000.0,1250000.0,13.0,67.0,5.2,21604
MARLO,295000.0,285000.0,335500.0,305000.0,432500.0,385000.0,355000.0,405000,435000,686000,,,,,,,21608
MARONG,310000.0,345000.0,364000.0,330000.0,348000.0,365000.0,420000.0,465000,560000,650000,625000.0,650000.0,650000.0,4.0,88.0,6.5,21612
MARSHALL,360000.0,382500.0,377000.0,400000.0,430000.0,468000.0,486500.0,510000,600000,682000,610000.0,625000.0,625000.0,2.0,63.0,5.0,21615
MARYBOROUGH,194000.0,200000.0,192500.0,206500.0,194000.0,229500.0,236000.0,269500,341500,393000,399500.0,388000.0,388000.0,3.0,94.0,6.9,21618
MARYSVILLE,180000.0,125000.0,320000.0,332500.0,383000.0,477500.0,462500.0,475000,675000,755000,692500.0,660000.0,660000.0,5.0,428.0,18.1,21620
MCCRAE,530000.0,535000.0,597500.0,689000.0,775000.0,847500.0,795000.0,952500,1200000,1285000,1325000.0,1300000.0,1300000.0,2.0,143.0,9.3,21625
MCKENZIE HILL,397000.0,140000.0,429500.0,475000.0,471500.0,495000.0,536500.0,544500,700000,755000,833000.0,835000.0,835000.0,0.0,496.0,19.6,21628
MCKINNON,1025000.0,1220000.0,1500000.0,1657500.0,1720000.0,1555000.0,1520500.0,1675000,2010000,1994000,2000000.0,1830000.0,1830000.0,9.0,50.0,4.1,21629
MEADOW HEIGHTS,317000.0,322500.0,350500.0,370000.0,451000.0,510000.0,474000.0,499000,557500,580000,561000.0,595000.0,595000.0,6.0,84.0,6.3,21635
MELTON,245000.0,240000.0,255000.0,280500.0,369000.0,415000.0,385000.0,390000,455000,500000,470500.0,471000.0,471000.0,0.0,96.0,7.0,21642
MELTON SOUTH,230000.0,238000.0,260000.0,276000.0,377000.0,417000.0,390000.0,420000,460000,515000,495000.0,514000.0,514000.0,4.0,116.0,8.0,21643
MELTON WEST,285500.0,290000.0,295000.0,330000.0,409000.0,453000.0,428000.0,470000,515000,551000,550000.0,525000.0,525000.0,5.0,81.0,6.1,21644
MENTONE,705000.0,810000.0,950000.0,982500.0,1097500.0,1080000.0,1031000.0,1050000,1367500,1475000,1332500.0,1320000.0,1320000.0,1.0,63.0,5.0,21648
MENZIES CREEK,515000.0,428000.0,580000.0,597000.0,640000.0,760000.0,682500.0,745000,1020000,960000,876500.0,1010000.0,1010000.0,15.0,136.0,9.0,21649
MERBEIN,140500.0,167000.0,180000.0,170000.0,183500.0,180000.0,210000.0,201500,227500,320000,300000.0,345000.0,345000.0,15.0,107.0,7.5,21653
MERNDA,375000.0,370000.0,410000.0,430000.0,525000.0,573500.0,552000.0,570000,670000,680000,670000.0,700000.0,700000.0,4.0,89.0,6.6,21659
MERRIGUM,160500.0,149000.0,209500.0,164500.0,160000.0,190000.0,270000.0,179000,255000,266500,275000.0,262500.0,262500.0,5.0,76.0,5.8,21665
METUNG,337500.0,287500.0,299000.0,360000.0,347500.0,371500.0,455000.0,480000,517500,747500,771000.0,691500.0,691500.0,10.0,141.0,9.2,21673
MICKLEHAM,213000.0,168000.0,390000.0,437000.0,500000.0,520000.0,525000.0,565000,623000,680000,680000.0,675500.0,675500.0,1.0,302.0,14.9,21675
MIDDLE PARK,1587500.0,2125000.0,2317000.0,2238500.0,2390000.0,2685000.0,2775000.0,2680000,2864000,2750000,2485000.0,2563500.0,2563500.0,3.0,21.0,1.9,21677
MILDURA,225500.0,245000.0,252000.0,260000.0,264000.0,281500.0,310000.0,337000,380000,425000,436000.0,460000.0,460000.0,6.0,88.0,6.5,21682
MILL PARK,408000.0,430500.0,480000.0,560000.0,668500.0,657000.0,654000.0,690000,754500,786000,780000.0,785000.0,785000.0,1.0,82.0,6.2,21683
MILLGROVE,245000.0,260000.0,275000.0,293500.0,343000.0,411000.0,415000.0,425000,540000,600000,564000.0,590000.0,590000.0,5.0,127.0,8.5,21685
MINERS REST,330000.0,327500.0,335000.0,334000.0,370000.0,400000.0,427500.0,440000,530000,599500,590000.0,575000.0,575000.0,3.0,76.0,5.8,21691
MINYIP,73500.0,95000.0,93000.0,82500.0,94000.0,81000.0,114500.0,75000,151500,155000,164500.0,179500.0,179500.0,9.0,89.0,6.6,21698
MIRBOO NORTH,265000.0,250000.0,262000.0,275000.0,264000.0,307500.0,327500.0,376000,475000,565000,560000.0,494000.0,494000.0,12.0,98.0,7.0,21703
MITCHAM,650000.0,730000.0,885500.0,941000.0,1070000.0,998000.0,942000.0,1066500,1212500,1200000,1210000.0,1180000.0,1180000.0,2.0,62.0,4.9,21706
MITCHELL PARK,267000.0,267500.0,260000.0,259000.0,263000.0,304500.0,313000.0,330000,400000,486500,462500.0,440000.0,440000.0,5.0,65.0,5.1,21707
MOE,155000.0,170000.0,162500.0,173000.0,175000.0,200000.0,210000.0,250000,315000,370000,365000.0,360000.0,360000.0,1.0,112.0,7.8,21716
MONBULK,395000.0,425000.0,471500.0,521500.0,608000.0,650000.0,630000.0,650000,790000,799000,770000.0,790000.0,790000.0,3.0,86.0,6.4,21727
MONT ALBERT,1316000.0,1490000.0,1863000.0,1921000.0,2100000.0,1990000.0,1690000.0,2170000,2372500,2320000,2499000.0,2428000.0,2428000.0,3.0,63.0,5.0,21732
MONT ALBERT NORTH,995000.0,1100000.0,1400000.0,1490000.0,1565000.0,1460000.0,1380000.0,1437000,1580000,1643000,1709000.0,1572500.0,1572500.0,8.0,43.0,3.6,21733
MONTMORENCY,570000.0,614000.0,732000.0,780500.0,890000.0,926000.0,860000.0,913000,1162000,1110000,1120000.0,1150000.0,1150000.0,3.0,87.0,6.5,21735
MONTROSE,445000.0,476500.0,559000.0,625000.0,700500.0,737500.0,707500.0,730000,842500,913500,846000.0,883500.0,883500.0,4.0,86.0,6.4,21736
MOONEE PONDS,830500.0,920000.0,1006000.0,1110500.0,1310000.0,1360000.0,1300000.0,1290000,1545000,1582500,1542500.0,1512500.0,1512500.0,2.0,64.0,5.1,21742
MOORABBIN,682000.0,768000.0,855000.0,980000.0,1160000.0,1130000.0,1065000.0,1075000,1400000,1391500,1300000.0,1286500.0,1286500.0,1.0,67.0,5.3,21746
MOOROOLBARK,440000.0,465000.0,558500.0,620000.0,725000.0,720000.0,670000.0,720000,836000,870000,820000.0,857500.0,857500.0,5.0,84.0,6.3,21755
MOOROOPNA,207500.0,215000.0,230000.0,215500.0,225000.0,230000.0,247500.0,268500,335000,385000,377500.0,400000.0,400000.0,6.0,86.0,6.4,21756
MORDIALLOC,680000.0,755000.0,850000.0,933000.0,1120000.0,1046500.0,1017500.0,1089000,1375000,1296500,1400000.0,1392500.0,1392500.0,1.0,84.0,6.3,21760
MORNINGTON,525000.0,558000.0,641000.0,745000.0,800000.0,850000.0,810000.0,894000,1100000,1160000,1080000.0,1100000.0,1100000.0,2.0,97.0,7.0,21763
MORTLAKE,129500.0,152500.0,120000.0,152000.0,170000.0,165000.0,164000.0,220000,290500,327500,349000.0,354500.0,354500.0,2.0,133.0,8.8,21767
MORWELL,160000.0,150000.0,151000.0,153000.0,170000.0,167000.0,179000.0,200000,275000,325000,333500.0,335000.0,335000.0,0.0,123.0,8.4,21769
MOUNT BEAUTY,180000.0,200000.0,189500.0,183000.0,258000.0,267500.0,295000.0,330000,446000,572500,550000.0,600000.0,600000.0,9.0,200.0,11.6,21772
MOUNT CLEAR,286000.0,288000.0,322500.0,345000.0,345000.0,379000.0,396500.0,414000,505000,515000,522500.0,505000.0,505000.0,3.0,75.0,5.8,21783
MOUNT COTTRELL,1800000.0,1800000.0,1800000.0,1800000.0,1800000.0,1800000.0,927500.0,927500,540000,622000,602000.0,662000.0,662000.0,10.0,63.0,9.5,21786
MOUNT DANDENONG,450000.0,610000.0,612500.0,641000.0,847000.0,647500.0,690000.0,791000,850000,1045000,887500.0,852500.0,852500.0,4.0,40.0,3.4,21787
MOUNT DUNEED,286000.0,532000.0,545000.0,425000.0,497500.0,555000.0,557000.0,593000,696000,750000,720000.0,707500.0,707500.0,2.0,33.0,2.9,21790
MOUNT ELIZA,750000.0,777500.0,832000.0,950000.0,1137500.0,1220000.0,1180000.0,1313000,1700000,1730500,1700000.0,1587500.0,1587500.0,7.0,104.0,7.4,21793
MOUNT EVELYN,406000.0,428500.0,493500.0,551000.0,640000.0,671500.0,636000.0,710000,820000,877500,830000.0,825000.0,825000.0,1.0,93.0,6.8,21795
MOUNT HELEN,344000.0,368000.0,342000.0,355000.0,376000.0,420000.0,417000.0,472500,610000,632500,580000.0,642500.0,642500.0,11.0,75.0,5.7,21798
MOUNT MACEDON,662500.0,600000.0,635000.0,750000.0,665000.0,859000.0,775000.0,1043000,1623500,1330000,1446000.0,989000.0,989000.0,32.0,65.0,5.1,21801
MOUNT MARTHA,730000.0,745000.0,785000.0,965000.0,1050000.0,1202500.0,1262500.0,1420000,1845000,1880000,1820000.0,1870000.0,1870000.0,3.0,151.0,9.6,21803
MOUNT PLEASANT,276500.0,269500.0,293500.0,297500.0,293000.0,350000.0,377500.0,415000,498000,530000,500000.0,472500.0,472500.0,6.0,75.0,5.8,21807
MOUNT WAVERLEY,820000.0,950000.0,1267500.0,1265000.0,1416000.0,1320000.0,1270500.0,1300000,1511000,1509000,1600000.0,1615000.0,1615000.0,1.0,70.0,5.4,21816
MULGRAVE,577500.0,627000.0,765500.0,786000.0,900500.0,860000.0,840000.0,850000,1000000,996000,1040000.0,1057000.0,1057000.0,2.0,69.0,5.4,21827
MURCHISON,186000.0,155000.0,165000.0,187000.0,254500.0,225000.0,244500.0,291500,400000,450000,340000.0,465000.0,465000.0,37.0,200.0,11.6,21832
MURRUMBEENA,870000.0,982500.0,1204000.0,1286000.0,1420000.0,1343500.0,1241500.0,1405000,1695000,1670000,1650000.0,1706000.0,1706000.0,3.0,74.0,5.7,21849
MURTOA,95000.0,110000.0,91000.0,97500.0,115000.0,110000.0,119000.0,130000,145000,244500,267500.0,280000.0,280000.0,5.0,155.0,9.8,21850
MYRTLEFORD,220000.0,245000.0,242000.0,270500.0,265000.0,295000.0,325000.0,385000,530000,609000,592500.0,582500.0,582500.0,2.0,138.0,9.0,21863
NAGAMBIE,312500.0,378000.0,360500.0,336000.0,330000.0,385000.0,414000.0,460000,545000,655000,645000.0,630000.0,630000.0,2.0,67.0,5.2,21867
NARRE WARREN,370000.0,386000.0,430000.0,487000.0,590000.0,614000.0,587000.0,610000,700000,740000,727000.0,750000.0,750000.0,3.0,94.0,6.9,21893
NARRE WARREN NORTH,680000.0,822500.0,771500.0,900000.0,1108000.0,1180000.0,1070000.0,1167500,1421500,1600000,1580000.0,1685000.0,1685000.0,7.0,105.0,7.4,21895
NARRE WARREN SOUTH,410000.0,440000.0,476000.0,530000.0,620000.0,636500.0,625000.0,660000,750000,802500,820000.0,815000.0,815000.0,1.0,85.0,6.4,21896
NATHALIA,165000.0,190500.0,178000.0,185000.0,232500.0,210000.0,229000.0,256000,265000,350000,370000.0,397500.0,397500.0,7.0,109.0,7.6,21898
NEERIM SOUTH,340000.0,336500.0,280000.0,330000.0,320000.0,406500.0,413000.0,473500,530000,600000,665000.0,640000.0,640000.0,4.0,90.0,6.6,21911
NERRINA,455000.0,482500.0,522500.0,517500.0,570000.0,575000.0,617500.0,630000,580000,795000,685000.0,733000.0,733000.0,7.0,52.0,4.3,21917
NEW GISBORNE,500000.0,510000.0,498000.0,545000.0,625000.0,757500.0,695000.0,720000,798500,875000,850000.0,835000.0,835000.0,2.0,64.0,5.1,21921
NEWBOROUGH,213000.0,215000.0,220000.0,224500.0,220000.0,250000.0,255000.0,290000,359000,437500,427000.0,428500.0,428500.0,0.0,99.0,7.1,21922
NEWCOMB,280000.0,292000.0,290500.0,310000.0,375000.0,453500.0,435000.0,476000,584000,605000,567500.0,562000.0,562000.0,1.0,92.0,6.8,21925
NEWINGTON,320000.0,341000.0,345000.0,372500.0,422500.0,465000.0,490000.0,735000,720000,672500,675000.0,617500.0,617500.0,9.0,81.0,6.1,21929
NEWLANDS ARM,320000.0,302000.0,332500.0,380000.0,380000.0,367500.0,443000.0,470000,550000,619500,675000.0,595000.0,595000.0,12.0,98.0,7.1,21930
NEWPORT,695000.0,740000.0,825000.0,950000.0,1080000.0,1059000.0,1055000.0,1090000,1286500,1280000,1275000.0,1300000.0,1300000.0,2.0,76.0,5.8,21934
NEWSTEAD,300000.0,297500.0,365000.0,362000.0,420000.0,318500.0,436000.0,470000,540000,625000,,,,,,,21936
NEWTOWN (GREATER,570000.0,620000.0,642500.0,712500.0,780000.0,843000.0,832000.0,945000,1175000,1200000,,,,,,,21938
NHILL,110000.0,125000.0,128000.0,140000.0,126500.0,149000.0,137000.0,158500,180000,210000,205000.0,265000.0,265000.0,29.0,112.0,7.8,21939
NICHOLS POINT,316500.0,304000.0,370000.0,396000.0,346000.0,470000.0,430000.0,475000,510000,661000,590000.0,700000.0,700000.0,19.0,130.0,8.7,21940
NIDDRIE,700000.0,747500.0,832500.0,910000.0,1100000.0,1070000.0,1070000.0,1000500,1246000,1305000,1190000.0,1210000.0,1210000.0,2.0,62.0,4.9,21942
NOBLE PARK,400000.0,440000.0,510000.0,600000.0,680000.0,680000.0,625500.0,675000,751000,753500,732000.0,778500.0,778500.0,6.0,77.0,5.9,21952
NOBLE PARK NORTH,383000.0,420000.0,491500.0,563000.0,640000.0,660000.0,610000.0,655500,750000,795000,737500.0,772500.0,772500.0,5.0,84.0,6.3,21953
NORLANE,202500.0,215000.0,216000.0,236500.0,290000.0,355000.0,350000.0,372000,450000,481500,455000.0,462000.0,462000.0,1.0,115.0,7.9,21960
NORTH BENDIGO,271000.0,280000.0,286000.0,279000.0,302000.0,310000.0,325000.0,374000,460500,513000,515000.0,497500.0,497500.0,3.0,78.0,5.9,21963
NORTH GEELONG,272500.0,301000.0,335000.0,338500.0,422000.0,495000.0,500000.0,550500,597500,675000,646500.0,640000.0,640000.0,1.0,113.0,7.8,21965
NORTH MELBOURNE,802500.0,832000.0,943000.0,1200000.0,1380000.0,1185000.0,1375000.0,1151500,1311500,1310000,1220000.0,1311000.0,1311000.0,7.0,58.0,4.7,21966
NORTH WONTHAGGI,230000.0,268500.0,274500.0,259500.0,294000.0,369000.0,389000.0,419000,557500,665000,625000.0,552000.0,552000.0,12.0,105.0,7.4,21970
NORTHCOTE,820000.0,931500.0,1008500.0,1190000.0,1325000.0,1345000.0,1305000.0,1411000,1653000,1650000,1610000.0,1600000.0,1600000.0,1.0,72.0,5.6,21971
NOTTING HILL,566500.0,660000.0,780000.0,872500.0,993000.0,957500.0,880000.0,930000,1141000,1058000,1106000.0,1196000.0,1196000.0,8.0,81.0,6.1,21974
NUMURKAH,195000.0,215000.0,219000.0,195000.0,219000.0,225000.0,250000.0,239000,310000,350000,360000.0,394500.0,394500.0,10.0,83.0,6.3,21984
NUNAWADING,637500.0,721500.0,880000.0,970000.0,1090000.0,986000.0,951000.0,1038500,1250000,1146000,1189000.0,1152500.0,1152500.0,3.0,60.0,4.8,21985
NYAH WEST,94000.0,107500.0,146500.0,130000.0,133500.0,136000.0,85000.0,129000,202500,215000,248000.0,210000.0,210000.0,15.0,95.0,6.9,21993
OAK PARK,576500.0,626000.0,660000.0,822500.0,853500.0,878500.0,840000.0,911500,1150000,1140000,1085000.0,1122500.0,1122500.0,3.0,79.0,6.0,21998
OAKLEIGH,753500.0,801500.0,1002000.0,1050000.0,1210000.0,1250000.0,1101000.0,1255000,1389000,1422000,1336500.0,1311000.0,1311000.0,2.0,64.0,5.0,22000
OAKLEIGH EAST,672000.0,820000.0,990000.0,983000.0,1195000.0,992500.0,954500.0,995000,1187500,1155000,1150000.0,1165000.0,1165000.0,1.0,42.0,3.6,22001
OAKLEIGH SOUTH,603000.0,700000.0,830000.0,890000.0,1030000.0,960000.0,906500.0,983500,1129000,1053500,1130000.0,1195000.0,1195000.0,6.0,71.0,5.5,22002
OCEAN GROVE,459000.0,515000.0,516500.0,555000.0,637000.0,691000.0,695000.0,790000,975500,1143500,989000.0,970000.0,970000.0,2.0,88.0,6.5,22005
OFFICER,346000.0,339000.0,375000.0,440000.0,480000.0,548000.0,540000.0,570000,650000,700000,726000.0,718000.0,718000.0,1.0,112.0,7.8,22006
OFFICER SOUTH,,,,,283000.0,569500.0,714000.0,770000,703000,850000,865000.0,772500.0,772500.0,11.0,,,22007
OLINDA,496000.0,520000.0,553500.0,620000.0,705000.0,760000.0,746500.0,757500,1125000,905000,935000.0,967500.0,967500.0,3.0,86.0,6.4,22009
OMEO,210000.0,190000.0,212500.0,150000.0,183000.0,183500.0,250000.0,238000,339000,385000,,,,,,,22011
ORBOST,156000.0,150000.0,145000.0,162500.0,159000.0,165000.0,185500.0,220000,240000,344000,340000.0,356000.0,356000.0,5.0,137.0,9.0,22014
ORMOND,997500.0,1187500.0,1300000.0,1550000.0,1604500.0,1600000.0,1475000.0,1590000,1900000,1847500,1805000.0,1855500.0,1855500.0,3.0,56.0,4.6,22016
OUYEN,75000.0,77500.0,105500.0,130000.0,130000.0,93000.0,99000.0,121000,155500,170000,184500.0,235000.0,235000.0,27.0,203.0,11.7,22020
PAKENHAM,335000.0,350000.0,367000.0,400000.0,470000.0,520000.0,485000.0,525000,600000,652000,640000.0,655000.0,655000.0,2.0,87.0,6.5,22027
PARADISE BEACH,163500.0,178000.0,188500.0,200000.0,180000.0,199000.0,200000.0,248000,321500,415000,372500.0,305000.0,305000.0,18.0,71.0,5.5,22034
PARK ORCHARDS,952500.0,1103000.0,1225000.0,1335000.0,1450000.0,1480000.0,1510000.0,1530000,1920000,1965000,1740000.0,1936000.0,1936000.0,11.0,76.0,5.8,22036
PARKDALE,760000.0,860000.0,965000.0,1100000.0,1300000.0,1245000.0,1157500.0,1200500,1540500,1592500,1374000.0,1480000.0,1480000.0,8.0,72.0,5.6,22037
PARKVILLE,1200000.0,1525000.0,1360500.0,2130000.0,2287500.0,2430000.0,1480000.0,1950000,2301500,1910000,2488500.0,1745000.0,1745000.0,30.0,14.0,1.4,22038
PASCOE VALE,580000.0,655000.0,720000.0,805000.0,891000.0,901000.0,855000.0,947500,1050000,1110000,1025000.0,1047500.0,1047500.0,2.0,60.0,4.8,22041
PASCOE VALE SOUTH,650500.0,701000.0,745000.0,840000.0,975000.0,955000.0,950000.0,1006000,1299500,1157500,1130000.0,1222500.0,1222500.0,8.0,74.0,5.7,22042
PATTERSON LAKES,647500.0,734000.0,785000.0,807500.0,1021500.0,1022500.0,923000.0,1082500,1300000,1470500,1387500.0,1385000.0,1385000.0,0.0,89.0,6.6,22047
PAYNESVILLE,283000.0,305000.0,305000.0,309000.0,336500.0,351500.0,346000.0,397000,465000,565000,515000.0,502500.0,502500.0,2.0,65.0,5.1,22049
PEARCEDALE,385000.0,445000.0,470000.0,534000.0,607000.0,660000.0,660000.0,660000,790000,820000,850000.0,941500.0,941500.0,11.0,112.0,7.8,22050
PENSHURST,144000.0,132500.0,191000.0,152000.0,125000.0,165000.0,165000.0,175000,194000,310000,300000.0,282500.0,282500.0,6.0,113.0,7.9,22056
PETERBOROUGH,287500.0,307500.0,296500.0,340000.0,315000.0,450000.0,419000.0,550000,625000,701000,702500.0,765000.0,765000.0,9.0,149.0,9.5,22062
PIONEER BAY,200000.0,220000.0,240000.0,216000.0,275000.0,308000.0,310000.0,355000,354000,491500,554000.0,544000.0,544000.0,2.0,147.0,9.5,22077
PLENTY,773000.0,750000.0,915500.0,935000.0,1145000.0,1350000.0,1301000.0,1202500,1605000,1543000,1762500.0,1532500.0,1532500.0,13.0,104.0,7.4,22084
POINT COOK,450000.0,445000.0,465000.0,505000.0,590000.0,630000.0,635000.0,664000,739000,780000,770000.0,780000.0,780000.0,1.0,75.0,5.8,22086
POINT LONSDALE,700000.0,707500.0,655000.0,641000.0,780000.0,840000.0,827500.0,880000,1300000,1505000,1366500.0,1200000.0,1200000.0,12.0,70.0,5.4,22088
POREPUNKAH,347000.0,285000.0,323000.0,330000.0,447000.0,464500.0,530000.0,615000,757500,1035000,940000.0,790000.0,790000.0,16.0,177.0,10.7,22102
PORT ALBERT,262500.0,190000.0,197500.0,218500.0,270000.0,240000.0,250000.0,315000,425000,485000,,,,,,,22103
PORT FAIRY,400000.0,425000.0,447500.0,473500.0,500000.0,651000.0,620000.0,670000,950000,1140000,912500.0,937500.0,937500.0,3.0,121.0,8.2,22105
PORT MELBOURNE,995000.0,917500.0,1252500.0,1380000.0,1485000.0,1488000.0,1400000.0,1600000,1802500,1646000,1755000.0,1600000.0,1600000.0,9.0,74.0,5.7,22107
PORTARLINGTON,390000.0,414500.0,409000.0,460000.0,515000.0,640000.0,625000.0,690000,829500,985000,932500.0,890000.0,890000.0,5.0,115.0,7.9,22109
PORTLAND,235000.0,210000.0,220000.0,220000.0,230000.0,234500.0,266000.0,295000,370000,450000,439000.0,415000.0,415000.0,5.0,98.0,7.0,22110
PORTLAND NORTH,300000.0,248000.0,330000.0,340000.0,360000.0,367500.0,276000.0,507000,470000,667500,750000.0,539000.0,539000.0,28.0,117.0,8.1,22111
PORTSEA,1195000.0,1305000.0,1800000.0,1701000.0,1925000.0,2180000.0,1950000.0,2530000,3765000,3825000,3255000.0,3330000.0,3330000.0,2.0,155.0,9.8,22113
PRAHRAN,990000.0,1175000.0,1350000.0,1430000.0,1525000.0,1578000.0,1520000.0,1643500,1831000,1840000,1760000.0,1590000.0,1590000.0,10.0,35.0,3.1,22118
PRESTON,632500.0,690000.0,791000.0,882000.0,996000.0,980000.0,940000.0,1026000,1251000,1160000,1145000.0,1185000.0,1185000.0,3.0,72.0,5.6,22121
PRINCES HILL,1216500.0,1210000.0,1280000.0,1555000.0,1767500.0,1650000.0,2035000.0,1600000,2015000,1892500,1665000.0,1722500.0,1722500.0,3.0,42.0,3.6,22122
PYRAMID HILL,112500.0,117000.0,112500.0,112500.0,112500.0,100000.0,120000.0,117500,128000,230000,202500.0,241500.0,241500.0,19.0,106.0,7.5,22130
QUAMBATOOK,134000.0,79000.0,66500.0,105000.0,135000.0,93500.0,90500.0,110000,150000,157000,,,,,,,22131
QUARRY HILL,385000.0,355000.0,377500.0,349000.0,362000.0,407500.0,395000.0,430000,540500,613500,596000.0,625000.0,625000.0,5.0,76.0,5.8,22134
QUEENSCLIFF,630000.0,695000.0,700000.0,795000.0,763000.0,950000.0,950000.0,969000,1372000,1725000,1687500.0,1280000.0,1280000.0,24.0,84.0,6.3,22135
RAINBOW,62000.0,77000.0,68000.0,59500.0,82500.0,99000.0,75000.0,82000,112000,137000,175000.0,200000.0,200000.0,14.0,160.0,10.0,22137
RAYMOND ISLAND,297500.0,280000.0,285000.0,330000.0,289500.0,360000.0,300000.0,416500,450000,535000,540000.0,500000.0,500000.0,7.0,79.0,6.0,22145
RED CLIFFS,163000.0,151500.0,175000.0,165000.0,223500.0,211500.0,217500.0,270000,311000,325000,335000.0,397500.0,397500.0,19.0,162.0,10.1,22147
RED HILL,515000.0,675000.0,645000.0,677500.0,815000.0,930000.0,860000.0,900000,1550000,1960000,,,,,,,22148
REDAN,250000.0,245000.0,246500.0,255000.0,287500.0,330000.0,357000.0,900000,455000,515000,485000.0,447500.0,447500.0,8.0,83.0,6.2,22151
RESEARCH,605500.0,685000.0,686000.0,825500.0,950000.0,915000.0,937500.0,1178000,1201000,1520000,1030000.0,1310000.0,1310000.0,27.0,91.0,6.7,22160
RESERVOIR,510000.0,541000.0,615000.0,707500.0,812500.0,790000.0,754000.0,795000,945000,940000,870000.0,905000.0,905000.0,4.0,67.0,5.3,22161
RHYLL,393000.0,482000.0,402000.0,460000.0,527500.0,657500.0,565000.0,579000,757500,911000,752500.0,970000.0,970000.0,29.0,101.0,7.2,22164
RICHMOND,900000.0,961000.0,1150000.0,1265000.0,1302500.0,1311000.0,1260000.0,1365000,1490000,1400000,1400000.0,1395000.0,1395000.0,0.0,45.0,3.8,22170
RIDDELLS CREEK,450000.0,417500.0,456500.0,500000.0,580000.0,675000.0,710000.0,680000,870000,872500,865000.0,815000.0,815000.0,6.0,95.0,6.9,22172
RINGWOOD,552000.0,660000.0,777500.0,837500.0,910500.0,896500.0,801000.0,900000,1018000,1038000,999500.0,1025000.0,1025000.0,3.0,55.0,4.5,22174
RINGWOOD EAST,547000.0,612000.0,750000.0,806000.0,901000.0,881000.0,809000.0,861000,1050000,975000,1000000.0,1065000.0,1065000.0,7.0,74.0,5.7,22175
RINGWOOD NORTH,630500.0,662000.0,783500.0,844000.0,960500.0,920000.0,870000.0,957500,1183000,1200000,1217500.0,1207500.0,1207500.0,1.0,82.0,6.2,22176
RIPPLESIDE,575000.0,530000.0,640000.0,739000.0,725000.0,750000.0,825000.0,862000,1100000,1205000,1050000.0,1055000.0,1055000.0,0.0,99.0,7.1,22178
RIPPONLEA,985000.0,1000000.0,1360000.0,1700000.0,1787500.0,1564000.0,1350000.0,2001000,1892500,1560000,1457500.0,1805000.0,1805000.0,24.0,81.0,6.1,22179
ROBINVALE,152500.0,160000.0,184500.0,170000.0,197000.0,220000.0,231500.0,235000,340000,315000,350000.0,390000.0,390000.0,11.0,144.0,9.3,22183
ROCHESTER,189500.0,215000.0,235000.0,239000.0,242500.0,236000.0,255000.0,237000,350000,440000,262500.0,300000.0,300000.0,14.0,40.0,3.4,22184
ROCKBANK,309000.0,280000.0,300000.0,347000.0,455000.0,500000.0,497000.0,465000,565000,620000,625000.0,635000.0,635000.0,2.0,127.0,8.5,22186
ROMSEY,387500.0,396000.0,420000.0,428000.0,470000.0,550000.0,580500.0,630000,780000,839000,755000.0,785000.0,785000.0,4.0,98.0,7.1,22193
ROSANNA,717500.0,781500.0,905000.0,980000.0,1175000.0,1100000.0,1032500.0,1121500,1382500,1216000,1294000.0,1380000.0,1380000.0,7.0,77.0,5.9,22194
ROSEBUD,367000.0,365000.0,389000.0,445000.0,536000.0,590000.0,550000.0,595000,780000,820500,750000.0,725500.0,725500.0,3.0,99.0,7.1,22198
ROSEDALE,215000.0,215000.0,197000.0,230000.0,247000.0,280000.0,247000.0,250000,365000,420000,475000.0,452000.0,452000.0,5.0,110.0,7.7,22199
ROWVILLE,570000.0,617500.0,710000.0,778000.0,867000.0,838000.0,815500.0,838000,1000000,1080000,1090000.0,1055000.0,1055000.0,3.0,71.0,5.5,22207
ROXBURGH PARK,365000.0,385000.0,400000.0,435000.0,515000.0,546000.0,543000.0,572500,615000,652000,632500.0,660000.0,660000.0,4.0,71.0,5.5,22208
RUSHWORTH,161000.0,158000.0,177000.0,200000.0,192500.0,198000.0,205000.0,226000,301000,352500,367000.0,385000.0,385000.0,5.0,144.0,9.3,22215
RUTHERGLEN,232000.0,195000.0,230000.0,255000.0,262000.0,270000.0,282500.0,350000,402500,486500,479000.0,550000.0,550000.0,15.0,182.0,10.9,22217
RYE,425500.0,460000.0,488000.0,550000.0,659000.0,705000.0,690000.0,793500,1100000,1195000,1100000.0,1010000.0,1010000.0,8.0,120.0,8.2,22220
SAFETY BEACH,515000.0,516500.0,595000.0,665000.0,780000.0,825000.0,810000.0,897500,1109000,1241000,1220500.0,1200000.0,1200000.0,2.0,132.0,8.8,22222
SAILORS GULLY,253000.0,262500.0,235000.0,225000.0,232000.0,290000.0,280000.0,300000,390000,505500,469000.0,500000.0,500000.0,7.0,90.0,6.6,22224
SALE,290000.0,300000.0,298000.0,295500.0,300000.0,309500.0,325000.0,345000,399000,487000,480000.0,485000.0,485000.0,1.0,62.0,4.9,22226
SAN REMO,410000.0,407000.0,420000.0,460000.0,497000.0,515000.0,554500.0,597500,850000,1020000,952500.0,924500.0,924500.0,3.0,127.0,8.6,22229
SANDHURST,545000.0,549000.0,617500.0,678500.0,730000.0,837500.0,812500.0,780000,950000,1009000,1075000.0,998500.0,998500.0,7.0,82.0,6.2,22232
SANDRINGHAM,1210000.0,1305000.0,1490000.0,1760000.0,1862500.0,1850000.0,1665000.0,1850000,2420000,2400000,2100000.0,2082500.0,2082500.0,1.0,60.0,4.8,22234
SANDY POINT,352500.0,380000.0,370000.0,359000.0,407500.0,410000.0,410000.0,517500,755000,820000,,,,,,,22236
SASSAFRAS,632500.0,556000.0,562000.0,653500.0,775500.0,750000.0,805000.0,770000,860000,1020000,959000.0,940000.0,940000.0,2.0,69.0,5.4,22239
SCORESBY,509000.0,570000.0,661000.0,700000.0,878500.0,835000.0,766500.0,785000,951500,975500,955500.0,970000.0,970000.0,2.0,70.0,5.5,22242
SEA LAKE,80000.0,75000.0,90000.0,75000.0,70000.0,110000.0,100000.0,106500,125000,173000,187500.0,166500.0,166500.0,11.0,122.0,8.3,22246
SEABROOK,422500.0,402500.0,456000.0,509000.0,635000.0,672500.0,626500.0,652500,730000,755000,741500.0,764500.0,764500.0,3.0,90.0,6.6,22247
SEAFORD,419500.0,450000.0,475000.0,580500.0,700000.0,696000.0,655000.0,700000,850000,880000,830000.0,842000.0,842000.0,1.0,87.0,6.5,22249
SEAHOLME,640000.0,670000.0,802500.0,870000.0,1157500.0,1015000.0,1020000.0,937500,1209500,1135000,1439500.0,1300000.0,1300000.0,10.0,94.0,6.9,22250
SEASPRAY,152000.0,164000.0,240000.0,175000.0,215000.0,210000.0,265000.0,260000,335000,390000,,,,,,,22251
SEBASTOPOL,242000.0,235500.0,244500.0,247500.0,256000.0,289000.0,315000.0,341000,420000,480000,455000.0,417000.0,417000.0,8.0,77.0,5.9,22255
SEDDON,675000.0,730000.0,830000.0,934500.0,982500.0,1018500.0,960000.0,1100000,1244000,1055000,1100000.0,1100000.0,1100000.0,0.0,51.0,4.2,22256
SELBY,420000.0,420000.0,469500.0,527500.0,600000.0,637500.0,601500.0,720000,904500,771500,837500.0,850000.0,850000.0,1.0,102.0,7.3,22258
SEVILLE,400000.0,397500.0,450000.0,511500.0,611500.0,634500.0,630000.0,626000,775000,812500,870000.0,835000.0,835000.0,4.0,110.0,7.7,22263
SEVILLE EAST,339500.0,350000.0,395000.0,440000.0,482500.0,551500.0,580000.0,600000,720000,700000,755000.0,705000.0,705000.0,7.0,101.0,7.3,22264
SEYMOUR,220000.0,213000.0,225000.0,242500.0,277000.0,295000.0,300000.0,325000,390000,447500,467500.0,445000.0,445000.0,5.0,109.0,7.6,22265
SHEPPARTON,247000.0,243000.0,250000.0,265000.0,261000.0,275000.0,282000.0,310000,370000,430000,445000.0,465000.0,465000.0,4.0,92.0,6.7,22275
SHEPPARTON NORTH,346000.0,375000.0,348000.0,361000.0,347000.0,334000.0,393000.0,379000,425000,612000,610000.0,652500.0,652500.0,7.0,74.0,5.7,22277
SHOREHAM,607000.0,620000.0,903000.0,868500.0,970000.0,1160000.0,1400000.0,1077000,1767500,2180000,2100000.0,1770000.0,1770000.0,16.0,185.0,11.1,22279
SILVERLEAVES,508000.0,460500.0,484000.0,446500.0,515000.0,721000.0,618500.0,775000,982000,990500,1137500.0,975000.0,975000.0,14.0,112.0,7.8,22282
SKIPTON,155000.0,117500.0,137000.0,169000.0,187500.0,159500.0,200000.0,219500,270000,360000,,,,,,,22290
SKYE,395000.0,413000.0,430000.0,479000.0,570000.0,611000.0,597500.0,610000,740000,770000,760000.0,782500.0,782500.0,3.0,89.0,6.6,22291
SMITHS BEACH,372500.0,390000.0,455000.0,470000.0,458500.0,589000.0,624500.0,695000,837000,990000,957500.0,870000.0,870000.0,9.0,123.0,8.4,22294
SMYTHES CREEK,,380000.0,380000.0,380000.0,380000.0,426500.0,430000.0,440500,545000,590000,550000.0,525000.0,525000.0,5.0,38.0,3.3,22298
SOLDIERS HILL,283000.0,341000.0,310000.0,374000.0,423500.0,447500.0,480000.0,557500,568000,705000,570000.0,600000.0,600000.0,5.0,76.0,5.8,22302
SOMERS,657500.0,755000.0,696500.0,755500.0,820000.0,888500.0,950000.0,980000,1707000,1765000,1550000.0,1280000.0,1280000.0,17.0,70.0,5.4,22303
SOMERVILLE,385000.0,395000.0,425000.0,465000.0,580000.0,615000.0,600000.0,640000,780000,812000,765000.0,812500.0,812500.0,6.0,106.0,7.5,22305
SORRENTO,770000.0,795000.0,859000.0,1130000.0,1300000.0,1380000.0,1470000.0,1665000,2207500,2355000,2200000.0,1862500.0,1862500.0,15.0,134.0,8.9,22306
SOUTH GEELONG,420500.0,470000.0,425000.0,495000.0,650000.0,676000.0,702500.0,835000,1000000,970000,882000.0,879000.0,879000.0,0.0,87.0,6.5,22308
SOUTH KINGSVILLE,619500.0,671000.0,742000.0,903000.0,980000.0,1000000.0,859000.0,992000,1100000,972500,1240000.0,1065000.0,1065000.0,14.0,59.0,4.7,22309
SOUTH MELBOURNE,1030000.0,1200000.0,1310000.0,1595000.0,1532500.0,1465000.0,1355000.0,1580000,1710000,1882500,1640000.0,1532500.0,1532500.0,7.0,28.0,2.5,22310
SOUTH MORANG,415000.0,420000.0,450000.0,502000.0,610500.0,634500.0,625500.0,623000,718000,760000,710000.0,751000.0,751000.0,6.0,79.0,6.0,22311
SOUTH YARRA,1352500.0,1450000.0,1700000.0,1890000.0,2040000.0,1851000.0,1850000.0,2059000,2353000,2035500,2400000.0,2260000.0,2260000.0,6.0,56.0,4.5,22314
SPOTSWOOD,680000.0,640000.0,795000.0,917500.0,1027500.0,1080000.0,950000.0,985000,1260000,1255000,1105000.0,1125000.0,1125000.0,2.0,76.0,5.8,22319
SPRING GULLY,345000.0,350000.0,350000.0,350000.0,390000.0,400000.0,386500.0,440000,552500,610000,700000.0,640000.0,640000.0,9.0,83.0,6.2,22320
SPRINGVALE,451500.0,530000.0,629500.0,685000.0,750000.0,780000.0,746500.0,785000,855000,886000,870000.0,850000.0,850000.0,2.0,60.0,4.8,22328
SPRINGVALE SOUTH,430000.0,475000.0,562000.0,630000.0,720000.0,720000.0,679000.0,725000,800000,820000,810500.0,850500.0,850500.0,5.0,79.0,6.0,22329
ST ALBANS,350000.0,373500.0,428000.0,500000.0,610000.0,626500.0,594000.0,600000,675000,682000,645000.0,652000.0,652000.0,1.0,75.0,5.7,22330
ST ALBANS PARK,335000.0,330000.0,329000.0,331000.0,379000.0,450000.0,422000.0,455000,600000,650000,585000.0,585000.0,585000.0,0.0,77.0,5.9,22331
ST ANDREWS BEACH,480000.0,495000.0,560000.0,695000.0,855000.0,902500.0,930000.0,1207500,1745500,1582500,1525000.0,1541000.0,1541000.0,1.0,211.0,12.0,22333
ST ARNAUD,140000.0,145000.0,141000.0,142500.0,145000.0,145000.0,175000.0,170000,225000,310000,280000.0,275000.0,275000.0,2.0,90.0,6.6,22334
ST HELENA,612500.0,623000.0,711000.0,800000.0,893500.0,910000.0,905000.0,930000,1137500,1202500,1175000.0,1195000.0,1195000.0,2.0,92.0,6.7,22339
ST KILDA,892000.0,1225000.0,1164000.0,1305000.0,1551000.0,1755000.0,1600000.0,1330000,1705500,1710000,1503000.0,1515000.0,1515000.0,1.0,24.0,2.1,22343
ST KILDA EAST,1050500.0,1037500.0,1382500.0,1677500.0,1460000.0,1620000.0,1560500.0,1650000,1840000,1785000,1667500.0,1690500.0,1690500.0,1.0,63.0,5.0,22344
ST KILDA WEST,1142500.0,2235000.0,2013000.0,1797000.0,2380000.0,1942500.0,2465000.0,2630000,3300000,2742500,2855000.0,1975000.0,1975000.0,31.0,12.0,1.2,22345
ST LEONARDS                             ,350000.0,357000.0,375000.0,421500.0,2380000.0,571500.0,562500.0,572000,705000,805000,,,,,,,22346
STANHOPE,150000.0,131000.0,152500.0,147000.0,181000.0,161500.0,187500.0,201500,255000,223500,352500.0,356500.0,356500.0,1.0,173.0,10.6,22350
STAWELL,162500.0,172500.0,177000.0,177000.0,188000.0,190000.0,189000.0,227000,290000,355000,319000.0,315000.0,315000.0,1.0,83.0,6.2,22354
STRATFORD,230000.0,261500.0,260500.0,272500.0,265000.0,258000.0,316500.0,320000,397500,472000,480000.0,500000.0,500000.0,4.0,91.0,6.7,22369
STRATHDALE,392500.0,380000.0,410500.0,445000.0,380000.0,420000.0,451000.0,507000,640000,671500,637500.0,620000.0,620000.0,3.0,63.0,5.0,22373
STRATHFIELDSAYE,377000.0,397500.0,408000.0,425000.0,455000.0,444000.0,476500.0,535000,636000,702500,717500.0,700000.0,700000.0,2.0,76.0,5.8,22376
STRATHMERTON,166000.0,172500.0,190000.0,182500.0,140000.0,187500.0,195000.0,205000,265000,325000,365000.0,330000.0,330000.0,10.0,91.0,6.7,22379
STRATHMORE,827500.0,865000.0,997500.0,1140000.0,1230000.0,1357500.0,1320000.0,1360000,1576000,1605000,1416500.0,1612000.0,1612000.0,14.0,86.0,6.4,22380
STRATHMORE HEIGHTS,621000.0,640000.0,700000.0,808000.0,970000.0,885000.0,800000.0,835000,962500,952500,1056000.0,972500.0,972500.0,8.0,52.0,4.3,22381
STRATHTULLOH,350000.0,440000.0,425000.0,430000.0,359000.0,425000.0,507500.0,522500,585500,609000,638000.0,629000.0,629000.0,1.0,43.0,3.6,22382
SUNBURY,355000.0,360000.0,370000.0,395000.0,492000.0,546000.0,533500.0,570000,645000,670000,660000.0,665000.0,665000.0,1.0,85.0,6.3,22391
SUNDERLAND BAY,324500.0,333000.0,287000.0,360000.0,357500.0,455000.0,413500.0,525000,717000,677500,672500.0,625000.0,625000.0,7.0,88.0,6.5,22393
SUNSET STRIP,301500.0,310000.0,301500.0,340000.0,345000.0,390000.0,460000.0,511000,602500,754000,700000.0,640000.0,640000.0,9.0,106.0,7.5,22394
SUNSHINE,435000.0,483500.0,530500.0,675000.0,765000.0,742000.0,720000.0,750000,870000,856500,800000.0,820000.0,820000.0,3.0,70.0,5.4,22395
SUNSHINE NORTH,400000.0,425500.0,495000.0,560000.0,653000.0,673500.0,647000.0,690000,720000,750000,724500.0,750000.0,750000.0,4.0,76.0,5.8,22396
SUNSHINE WEST,384500.0,395000.0,450000.0,520000.0,639000.0,635000.0,635000.0,657000,745000,751500,700000.0,685000.0,685000.0,2.0,73.0,5.7,22397
SURF BEACH,375000.0,360000.0,355000.0,414000.0,425000.0,480000.0,525000.0,559000,706500,895000,805000.0,716500.0,716500.0,11.0,99.0,7.1,22398
SURREY HILLS,1323000.0,1450000.0,1750000.0,1800500.0,2170000.0,1900000.0,1890000.0,1880000,2310000,2301500,2402500.0,2271000.0,2271000.0,5.0,57.0,4.6,22399
SWAN HILL,225000.0,230000.0,248000.0,262500.0,252000.0,267000.0,285000.0,319500,362000,405000,435000.0,472500.0,472500.0,9.0,105.0,7.5,22405
SYDENHAM,425000.0,415000.0,440000.0,505000.0,590000.0,620000.0,595000.0,635000,690000,699000,741500.0,704000.0,704000.0,5.0,70.0,5.4,22414
TALLANGATTA,154000.0,200000.0,233000.0,216000.0,275000.0,245000.0,257500.0,280000,350000,436000,470000.0,460000.0,460000.0,2.0,130.0,8.7,22426
TANGAMBALANGA,265000.0,245000.0,219500.0,276000.0,172500.0,292000.0,282500.0,459000,502500,593000,557500.0,675500.0,675500.0,21.0,176.0,10.7,22441
TARNEIT,371000.0,395000.0,400000.0,445000.0,515000.0,570000.0,550000.0,570000,602000,650000,652000.0,650000.0,650000.0,0.0,65.0,5.1,22451
TATURA,230000.0,237500.0,233000.0,228000.0,262000.0,250000.0,276500.0,303500,357500,450000,475000.0,430000.0,430000.0,9.0,81.0,6.1,22467
TAWONGA SOUTH,219500.0,235000.0,257500.0,298000.0,254000.0,310000.0,422500.0,380000,545000,641000,553000.0,606500.0,606500.0,10.0,158.0,9.9,22471
TAYLORS HILL,487500.0,510000.0,530000.0,600000.0,686000.0,723000.0,702000.0,754000,840000,908000,906500.0,885000.0,885000.0,2.0,74.0,5.7,22473
TAYLORS LAKES,490000.0,510000.0,561500.0,635000.0,720000.0,763500.0,750000.0,777500,883500,936000,922500.0,945000.0,945000.0,2.0,85.0,6.4,22474
TECOMA,415000.0,478000.0,510000.0,601500.0,709000.0,700000.0,662500.0,742500,920000,837500,838000.0,865000.0,865000.0,3.0,81.0,6.1,22476
TEMPLESTOWE,865000.0,951500.0,1180000.0,1260000.0,1415000.0,1308000.0,1292500.0,1381500,1603000,1621500,1695000.0,1650000.0,1650000.0,3.0,73.0,5.7,22483
TEMPLESTOWE LOWER,750000.0,830000.0,1060000.0,1105500.0,1302000.0,1150000.0,1080000.0,1189000,1432500,1390000,1410000.0,1362000.0,1362000.0,3.0,64.0,5.1,22484
TERANG,161500.0,195000.0,206500.0,150000.0,188500.0,194000.0,188500.0,232500,309000,365000,382500.0,400000.0,400000.0,5.0,105.0,7.4,22488
THE BASIN,430000.0,463500.0,550000.0,595000.0,610000.0,682500.0,695000.0,739000,875000,864000,850000.0,881000.0,881000.0,4.0,90.0,6.6,22496
THE PATCH,393500.0,486500.0,505000.0,570500.0,665000.0,730000.0,755000.0,760000,882500,872000,,,,,,,22501
THOMASTOWN,390000.0,420000.0,437000.0,493000.0,654000.0,636000.0,592000.0,620000,720000,710000,691000.0,720000.0,720000.0,4.0,71.0,5.5,22504
THOMSON (GREATER,282000.0,290000.0,290000.0,309000.0,365000.0,411000.0,400500.0,435000,580000,575000,,,,,,,22506
THORNBURY,729000.0,841000.0,918000.0,1079500.0,1230000.0,1137500.0,1150000.0,1252500,1500000,1455000,1410000.0,1430000.0,1430000.0,1.0,70.0,5.5,22508
THORNHILL PARK,,,,441000.0,447000.0,578000.0,535000.0,540000,550000,600000,610000.0,590000.0,590000.0,3.0,,,22509
TIMBOON,184000.0,210000.0,240000.0,215000.0,220000.0,247000.0,260000.0,412500,425000,440000,476500.0,446500.0,446500.0,6.0,113.0,7.8,22516
TONGALA,185000.0,179000.0,165000.0,204000.0,200000.0,275000.0,234500.0,236500,305000,377000,405500.0,450000.0,450000.0,11.0,151.0,9.7,22528
TOONGABBIE,234000.0,261500.0,235000.0,315000.0,286500.0,280500.0,270000.0,320000,445000,525000,569000.0,631500.0,631500.0,11.0,141.0,9.2,22543
TOORA,171500.0,155000.0,230000.0,195000.0,190000.0,241500.0,275000.0,300000,430000,430000,450000.0,395000.0,395000.0,12.0,155.0,9.8,22544
TOORADIN,420000.0,480000.0,471000.0,411000.0,599000.0,702000.0,700000.0,755000,800000,910000,880000.0,830000.0,830000.0,6.0,73.0,5.6,22546
TOORAK,2875000.0,3391000.0,4000000.0,4900000.0,5100000.0,4700000.0,4600000.0,5500000,6340000,6205000,6629000.0,6060000.0,6060000.0,9.0,79.0,6.0,22547
TOOTGAROOK,387000.0,402500.0,405000.0,460000.0,591000.0,600500.0,586000.0,671000,874000,950000,885000.0,865000.0,865000.0,2.0,115.0,8.0,22550
TORQUAY,580000.0,580000.0,620000.0,665000.0,720000.0,810000.0,815000.0,870000,1200000,1350000,1264000.0,1200000.0,1200000.0,5.0,107.0,7.5,22551
TRAFALGAR,283000.0,311000.0,310000.0,312500.0,333500.0,375000.0,396500.0,435000,485000,590000,560000.0,570000.0,570000.0,2.0,83.0,6.3,22565
TRARALGON,269000.0,275000.0,273000.0,268000.0,288500.0,298000.0,326500.0,340000,408000,484000,500000.0,507000.0,507000.0,1.0,84.0,6.3,22569
TRARALGON EAST,435000.0,440000.0,432500.0,445000.0,455000.0,425000.0,470000.0,501500,640000,722000,785000.0,830000.0,830000.0,6.0,89.0,6.6,22570
TRENTHAM,407500.0,340000.0,422500.0,455000.0,475000.0,603000.0,614000.0,632500,825000,1050000,910000.0,980000.0,980000.0,8.0,188.0,11.2,22577
TRUGANINA,360000.0,390000.0,391000.0,430000.0,519500.0,570000.0,575000.0,580000,615000,652000,650000.0,650000.0,650000.0,0.0,67.0,5.2,22582
TULLAMARINE,395000.0,412000.0,472500.0,530000.0,655000.0,665500.0,612000.0,640000,755000,760000,720000.0,739000.0,739000.0,3.0,79.0,6.0,22586
TYABB,370500.0,366000.0,395000.0,430000.0,510500.0,548000.0,586500.0,590000,736000,745500,730000.0,750000.0,750000.0,3.0,105.0,7.4,22594
UPPER FERNTREE GULLY,435000.0,500000.0,515000.0,582000.0,685000.0,700000.0,642500.0,735000,865000,885000,852000.0,850000.0,850000.0,0.0,70.0,5.4,22614
UPWEY,425000.0,476000.0,515000.0,585000.0,680000.0,710000.0,702500.0,760500,899000,890000,880000.0,861000.0,861000.0,2.0,81.0,6.1,22620
VENTNOR,370000.0,377500.0,423500.0,420000.0,465000.0,490000.0,540000.0,619500,770000,867500,800000.0,880000.0,880000.0,10.0,133.0,8.8,22625
VENUS BAY,242500.0,237000.0,236000.0,258000.0,262500.0,305000.0,330000.0,375000,579500,672500,613500.0,511000.0,511000.0,17.0,116.0,8.0,22626
VERMONT,610000.0,725000.0,855000.0,900000.0,1065000.0,980000.0,935500.0,1000000,1226500,1200000,1235000.0,1288000.0,1288000.0,4.0,78.0,5.9,22627
VERMONT SOUTH,722500.0,815000.0,1000000.0,1082500.0,1200500.0,1150000.0,1165000.0,1200000,1420000,1418000,1510000.0,1482500.0,1482500.0,2.0,82.0,6.2,22628
VIEWBANK,630000.0,725000.0,829500.0,920000.0,1000000.0,933000.0,920000.0,985000,1238000,1220000,1195000.0,1200000.0,1200000.0,0.0,66.0,5.2,22633
VIOLET TOWN,215000.0,199500.0,200000.0,238500.0,217000.0,242500.0,287500.0,328500,381500,385000,520000.0,555000.0,555000.0,7.0,178.0,10.8,22635
WAHGUNYAH,190000.0,213500.0,267000.0,290000.0,270000.0,240000.0,355000.0,320000,379000,517500,375000.0,540000.0,540000.0,44.0,153.0,9.7,22644
WALLAN,341500.0,356000.0,362000.0,375000.0,425000.0,490000.0,480000.0,520000,580000,625000,620000.0,620000.0,620000.0,0.0,74.0,5.7,22661
WANDANA HEIGHTS,540000.0,582000.0,590000.0,592500.0,645000.0,700000.0,766500.0,827000,925000,1135000,1015000.0,930000.0,930000.0,8.0,60.0,4.8,22669
WANDIN NORTH,407500.0,439500.0,480000.0,496500.0,665000.0,665000.0,630000.0,715000,765000,805000,773000.0,865000.0,865000.0,12.0,97.0,7.0,22673
WANDONG,397500.0,332000.0,297500.0,400000.0,492500.0,494000.0,452500.0,640000,700000,719000,,,,,,,22676
WANGARATTA,240000.0,255000.0,272000.0,270500.0,270000.0,320000.0,319000.0,356500,425000,530000,525000.0,529000.0,529000.0,1.0,107.0,7.6,22680
WANTIRNA,576000.0,667500.0,764000.0,801000.0,953000.0,906500.0,850000.0,907000,1065000,1105000,1150000.0,1085000.0,1085000.0,6.0,63.0,5.0,22685
WANTIRNA SOUTH,579000.0,676500.0,829000.0,875000.0,1005000.0,1000000.0,988500.0,1015000,1223500,1225000,1333000.0,1265000.0,1265000.0,5.0,87.0,6.5,22686
WARBURTON,310000.0,315000.0,325000.0,366000.0,418000.0,495000.0,512500.0,543000,675000,733500,695000.0,642500.0,642500.0,8.0,104.0,7.4,22689
WARRACKNABEAL,107500.0,110000.0,110000.0,123500.0,113000.0,112500.0,118000.0,141000,180000,228500,240000.0,199500.0,199500.0,17.0,81.0,6.1,22697
WARRAGUL,315000.0,320000.0,342000.0,340000.0,365000.0,449000.0,460000.0,498000,580000,653500,647000.0,640000.0,640000.0,1.0,100.0,7.2,22698
WARRANDYTE,640000.0,760000.0,829000.0,890000.0,1042500.0,1110000.0,994000.0,996000,1285000,1300000,1271000.0,1360000.0,1360000.0,7.0,79.0,6.0,22702
WARRANWOOD,605500.0,665000.0,790000.0,865000.0,943500.0,1010000.0,935000.0,962000,1145000,1350000,1197500.0,1349500.0,1349500.0,13.0,103.0,7.3,22704
WARRNAMBOOL,325000.0,323000.0,330000.0,320000.0,330000.0,350000.0,370000.0,415000,520000,602000,,,,,,,22710
WATERWAYS,667000.0,845000.0,902000.0,1050000.0,1127500.0,1110000.0,1285000.0,1408000,1445000,1600000,1704500.0,1495000.0,1495000.0,12.0,77.0,5.9,22720
WATSONIA,505000.0,555000.0,607500.0,698000.0,835000.0,795000.0,736000.0,790000,980000,908500,875500.0,1000500.0,1000500.0,14.0,80.0,6.1,22721
WATSONIA NORTH,510000.0,572500.0,635000.0,702500.0,790000.0,770000.0,726500.0,795000,962500,897500,930000.0,925000.0,925000.0,1.0,62.0,4.9,22722
WATTLE GLEN,475000.0,500500.0,569000.0,580000.0,620000.0,810000.0,778500.0,810000,924000,950000,890000.0,1050000.0,1050000.0,18.0,110.0,7.7,22727
WAURN PONDS,446500.0,470000.0,480000.0,501000.0,530000.0,621500.0,641500.0,671000,727500,801500,830000.0,775500.0,775500.0,7.0,65.0,5.1,22730
WEDDERBURN,154000.0,137500.0,110000.0,150000.0,155000.0,130000.0,138500.0,150000,179000,310000,300000.0,237000.0,237000.0,21.0,72.0,5.6,22733
WEIR VIEWS,327500.0,388000.0,389000.0,418000.0,440000.0,470000.0,465000.0,495500,525500,575000,560000.0,566000.0,566000.0,1.0,46.0,3.8,22740
WENDOUREE,243000.0,247000.0,250000.0,252500.0,267500.0,326000.0,335000.0,370000,465000,495000,470000.0,440000.0,440000.0,6.0,78.0,5.9,22745
WERRIBEE,309000.0,315000.0,335000.0,403000.0,470000.0,510000.0,500000.0,515500,570000,612000,610000.0,615000.0,615000.0,1.0,95.0,6.9,22750
WERRIBEE SOUTH,538000.0,585000.0,680000.0,540000.0,650000.0,735000.0,744500.0,650000,822500,880000,930000.0,862500.0,862500.0,7.0,47.0,4.0,22751
WESBURN,312500.0,288500.0,395000.0,455000.0,455000.0,463500.0,530000.0,532000,665000,661000,642500.0,721000.0,721000.0,12.0,150.0,9.6,22753
WEST FOOTSCRAY,553000.0,637500.0,697000.0,798000.0,887500.0,875000.0,785000.0,835000,1051500,960500,915000.0,927500.0,927500.0,1.0,45.0,3.8,22756
WEST MELBOURNE,905000.0,916000.0,1005000.0,1104500.0,1350000.0,1370000.0,1017500.0,1215000,1280000,1387500,1215000.0,1231000.0,1231000.0,1.0,34.0,3.0,22757
WEST WODONGA,272500.0,296000.0,306000.0,308500.0,321000.0,322000.0,342500.0,370000,428000,515000,545000.0,549500.0,549500.0,1.0,86.0,6.4,22758
WESTMEADOWS,386500.0,419000.0,470000.0,500000.0,566000.0,620000.0,620000.0,605000,716000,700000,727500.0,670000.0,670000.0,8.0,60.0,4.8,22761
WHEELERS HILL,740000.0,805000.0,999000.0,1050000.0,1160000.0,1118500.0,1010000.0,1173500,1371000,1450000,1510000.0,1400000.0,1400000.0,7.0,74.0,5.7,22766
WHITE HILLS,280000.0,306000.0,297500.0,305000.0,300000.0,313500.0,330000.0,355000,470000,510000,495000.0,512500.0,512500.0,4.0,67.0,5.3,22769
WHITTINGTON,259000.0,262000.0,280000.0,265000.0,316500.0,395000.0,377500.0,408000,485000,532500,500000.0,524000.0,524000.0,5.0,100.0,7.2,22774
WHITTLESEA,375000.0,375000.0,400000.0,448500.0,469500.0,577500.0,581000.0,610000,675000,740000,760000.0,700000.0,700000.0,8.0,87.0,6.4,22775
WILLIAMS LANDING,470000.0,450000.0,510000.0,530000.0,600000.0,685000.0,657000.0,680000,760000,795000,799500.0,797500.0,797500.0,0.0,77.0,5.9,22791
WILLIAMSTOWN,920000.0,970000.0,1120000.0,1282500.0,1440000.0,1415000.0,1350000.0,1402500,1592500,1650500,1605000.0,1597500.0,1597500.0,0.0,65.0,5.1,22792
WILLIAMSTOWN NORTH,768000.0,803500.0,862500.0,1135500.0,1003000.0,880000.0,965000.0,905000,1250000,1021500,1287500.0,1300000.0,1300000.0,1.0,62.0,4.9,22793
WILLOW GROVE,235000.0,172500.0,135000.0,195000.0,230000.0,280000.0,388000.0,427500,427500,452500,600000.0,481500.0,481500.0,20.0,179.0,10.8,22794
WIMBLEDON HEIGHTS,271500.0,310000.0,291500.0,299000.0,334000.0,410000.0,386500.0,435000,592000,670000,620000.0,589000.0,589000.0,5.0,90.0,6.6,22801
WINCHELSEA,287000.0,287500.0,262000.0,267000.0,357000.0,391000.0,430000.0,480000,552500,640000,650000.0,645000.0,645000.0,1.0,124.0,8.4,22802
WINDSOR,835000.0,956500.0,1094000.0,1505000.0,1420000.0,1422500.0,1350000.0,1350000,1645000,1650000,1500000.0,1432500.0,1432500.0,5.0,50.0,4.1,22805
WINTER VALLEY,344500.0,360000.0,365000.0,362500.0,375000.0,405000.0,435000.0,470000,573500,617500,580000.0,553000.0,553000.0,5.0,54.0,4.4,22814
WODONGA,282500.0,295000.0,295000.0,315000.0,341500.0,350000.0,331500.0,348000,439500,520000,540000.0,540000.0,540000.0,0.0,83.0,6.2,22819
WOLLERT,400000.0,395000.0,432000.0,460000.0,520000.0,538000.0,570000.0,573000,625000,703500,705000.0,690000.0,690000.0,2.0,75.0,5.7,22820
WONGA PARK,674500.0,673500.0,735000.0,801000.0,962500.0,1150000.0,1102000.0,1077500,1248000,1415000,1265000.0,1330000.0,1330000.0,5.0,97.0,7.0,22825
WONTHAGGI,225000.0,251000.0,262000.0,265000.0,284500.0,339000.0,375000.0,405000,550000,602000,552500.0,545000.0,545000.0,1.0,118.0,8.1,22829
WOODEND,470000.0,460000.0,482500.0,460000.0,560000.0,665000.0,747500.0,765000,895000,870000,965000.0,868000.0,868000.0,10.0,89.0,6.6,22833
WOORI YALLOCK,330000.0,317000.0,358000.0,391500.0,480000.0,520000.0,510000.0,552000,635000,670000,649000.0,660000.0,660000.0,2.0,108.0,7.6,22857
WY YUNG,285000.0,285000.0,290000.0,333500.0,328000.0,315000.0,349000.0,370000,453000,492500,547500.0,503000.0,503000.0,8.0,76.0,5.8,22876
WYCHEPROOF,95000.0,103000.0,100000.0,82500.0,100000.0,124500.0,141500.0,131000,170000,185000,203500.0,265000.0,265000.0,30.0,157.0,9.9,22877
WYNDHAM VALE,288000.0,306000.0,325000.0,365000.0,435500.0,474000.0,460500.0,480000,525000,580000,583000.0,585000.0,585000.0,0.0,91.0,6.7,22883
YACKANDANDAH,327500.0,318000.0,300000.0,392500.0,445500.0,472500.0,497500.0,490000,669000,653000,760000.0,774000.0,774000.0,2.0,143.0,9.3,22889
YALLAMBIE,532500.0,579500.0,665000.0,713500.0,781000.0,810000.0,792500.0,832500,990000,1023000,942000.0,1032500.0,1032500.0,10.0,78.0,5.9,22892
YALLOURN NORTH,135000.0,149500.0,153000.0,165500.0,180000.0,172000.0,191000.0,206000,263000,325000,319500.0,330000.0,330000.0,3.0,121.0,8.2,22894
YARRA GLEN,420000.0,460000.0,530000.0,540000.0,620000.0,670000.0,670000.0,732500,850500,800000,784500.0,820000.0,820000.0,5.0,78.0,6.0,22910
YARRA JUNCTION,406500.0,357500.0,417500.0,422500.0,537500.0,562500.0,582500.0,595000,687000,710000,702500.0,715000.0,715000.0,2.0,100.0,7.2,22911
YARRAGON,258000.0,297000.0,284000.0,300000.0,280000.0,390000.0,410000.0,414000,582500,595000,645000.0,610000.0,610000.0,5.0,105.0,7.5,22913
YARRAM,190000.0,202500.0,245000.0,230000.0,225000.0,218000.0,240000.0,260000,360000,470000,390000.0,422500.0,422500.0,8.0,109.0,7.6,22915
YARRAVILLE,696000.0,710000.0,810000.0,900500.0,1000000.0,1045000.0,971000.0,1030000,1185000,1210000,1100000.0,1146500.0,1146500.0,4.0,61.0,4.9,22917
YARRAWONGA,302500.0,297000.0,300500.0,320000.0,324500.0,345000.0,375000.0,456500,564500,670000,640000.0,645000.0,645000.0,1.0,117.0,8.1,22919
YEA,260000.0,255000.0,260000.0,305000.0,385000.0,390000.0,435500.0,422500,570000,617500,550000.0,525000.0,525000.0,5.0,106.0,7.5,22924
YINNAR,220000.0,240000.0,182500.0,230000.0,270000.0,245000.0,255000.0,292500,465000,550500,567500.0,480000.0,480000.0,15.0,100.0,7.2,22934
