ï»¿industry_code,Industry,SA2_CODE21,SA2_NAME21,Non employing,1_4 Employees,5_19 Employees,20_199 Employees,200 plus Employees,Total,SAL_CODE21
A,"Agriculture, Forestry and Fishing",201011001,Alfredton,47 ,5 ,0.0,3.0,0.0,53 ,20023
A,"Agriculture, Forestry and Fishing",201011002,Ballarat,81 ,18 ,0.0,0.0,0.0,101 ,20023
A,"Agriculture, Forestry and Fishing",201011005,Buninyong,26 ,6 ,0.0,0.0,0.0,33 ,20409
A,"Agriculture, Forestry and Fishing",201011006,Delacombe,16 ,5 ,3.0,0.0,0.0,24 ,20023
A,"Agriculture, Forestry and Fishing",201011007,Smythes Creek,37 ,6 ,3.0,3.0,0.0,45 ,20262
A,"Agriculture, Forestry and Fishing",201011008,Wendouree - Miners Rest,41 ,6 ,9.0,3.0,0.0,58 ,20023
A,"Agriculture, Forestry and Fishing",201011481,Ballarat East - Warrenheip,11 ,7 ,0.0,0.0,0.0,18 ,20104
A,"Agriculture, Forestry and Fishing",201011482,Ballarat North - Invermay,36 ,12 ,3.0,0.0,0.0,51 ,22745
A,"Agriculture, Forestry and Fishing",201011483,Canadian - Mount Clear,9 ,0 ,3.0,0.0,0.0,12 ,20111
A,"Agriculture, Forestry and Fishing",201011484,Sebastopol - Redan,12 ,3 ,0.0,0.0,0.0,16 ,20730
A,"Agriculture, Forestry and Fishing",201021009,Bacchus Marsh Surrounds,110 ,23 ,3.0,0.0,0.0,136 ,20076
A,"Agriculture, Forestry and Fishing",201021010,Creswick - Clunes,173 ,62 ,17.0,0.0,0.0,254 ,20262
A,"Agriculture, Forestry and Fishing",201021011,Daylesford,154 ,20 ,5.0,0.0,0.0,179 ,20256
A,"Agriculture, Forestry and Fishing",201021012,Gordon (Vic.),174 ,42 ,21.0,0.0,0.0,238 ,20409
A,"Agriculture, Forestry and Fishing",201031013,Avoca,147 ,61 ,13.0,3.0,0.0,222 ,20008
A,"Agriculture, Forestry and Fishing",201031014,Beaufort,159 ,71 ,12.0,0.0,0.0,242 ,20262
A,"Agriculture, Forestry and Fishing",201031015,Golden Plains - North,53 ,25 ,13.0,0.0,0.0,91 ,21123
A,"Agriculture, Forestry and Fishing",201031016,Maryborough (Vic.),28 ,13 ,3.0,0.0,0.0,44 ,20009
A,"Agriculture, Forestry and Fishing",201031017,Maryborough Surrounds,105 ,37 ,13.0,3.0,0.0,157 ,20459
A,"Agriculture, Forestry and Fishing",202011018,Bendigo,28 ,5 ,3.0,0.0,0.0,37 ,20208
A,"Agriculture, Forestry and Fishing",202011019,California Gully - Eaglehawk,21 ,0 ,0.0,0.0,0.0,24 ,20444
A,"Agriculture, Forestry and Fishing",202011020,East Bendigo - Kennington,25 ,4 ,3.0,0.0,0.0,32 ,20208
A,"Agriculture, Forestry and Fishing",202011021,Flora Hill - Spring Gully,14 ,0 ,0.0,0.0,0.0,15 ,20208
A,"Agriculture, Forestry and Fishing",202011022,Kangaroo Flat - Golden Square,10 ,0 ,0.0,0.0,0.0,13 ,20208
A,"Agriculture, Forestry and Fishing",202011023,Maiden Gully,21 ,4 ,0.0,3.0,0.0,27 ,20444
A,"Agriculture, Forestry and Fishing",202011024,Strathfieldsaye,31 ,4 ,0.0,0.0,0.0,37 ,20828
A,"Agriculture, Forestry and Fishing",202011025,White Hills - Ascot,38 ,7 ,3.0,3.0,0.0,48 ,20208
A,"Agriculture, Forestry and Fishing",202021026,Bendigo Surrounds - South,107 ,20 ,4.0,0.0,0.0,132 ,20835
A,"Agriculture, Forestry and Fishing",202021027,Castlemaine,16 ,5 ,3.0,0.0,0.0,23 ,20955
A,"Agriculture, Forestry and Fishing",202021028,Castlemaine Surrounds,185 ,40 ,16.0,3.0,0.0,242 ,20459
A,"Agriculture, Forestry and Fishing",202021029,Heathcote,80 ,13 ,7.0,3.0,0.0,101 ,20877
A,"Agriculture, Forestry and Fishing",202021030,Kyneton,170 ,21 ,3.0,3.0,0.0,196 ,20076
A,"Agriculture, Forestry and Fishing",202021031,Woodend,57 ,8 ,3.0,0.0,0.0,67 ,20076
A,"Agriculture, Forestry and Fishing",202031032,Bendigo Surrounds - North,151 ,46 ,12.0,3.0,0.0,211 ,20828
A,"Agriculture, Forestry and Fishing",202031033,Loddon,451 ,121 ,28.0,0.0,0.0,602 ,20177
A,"Agriculture, Forestry and Fishing",203011034,Bannockburn,60 ,12 ,5.0,0.0,0.0,77 ,20133
A,"Agriculture, Forestry and Fishing",203011035,Golden Plains - South,195 ,74 ,16.0,4.0,0.0,289 ,20217
A,"Agriculture, Forestry and Fishing",203011036,Winchelsea,256 ,49 ,11.0,3.0,0.0,319 ,20151
A,"Agriculture, Forestry and Fishing",203021037,Belmont,7 ,3 ,0.0,0.0,0.0,10 ,20201
A,"Agriculture, Forestry and Fishing",203021039,Geelong,33 ,8 ,3.0,0.0,0.0,45 ,20201
A,"Agriculture, Forestry and Fishing",203021040,Geelong West - Hamlyn Heights,18 ,5 ,0.0,3.0,0.0,26 ,20165
A,"Agriculture, Forestry and Fishing",203021042,Highton,28 ,5 ,0.0,0.0,0.0,35 ,20151
A,"Agriculture, Forestry and Fishing",203021043,Lara,71 ,23 ,6.0,0.0,0.0,101 ,20115
A,"Agriculture, Forestry and Fishing",203021044,Leopold,21 ,4 ,0.0,0.0,0.0,25 ,20621
A,"Agriculture, Forestry and Fishing",203021045,Newcomb - Moolap,12 ,5 ,0.0,0.0,0.0,19 ,20326
A,"Agriculture, Forestry and Fishing",203021046,Newtown (Vic.),18 ,3 ,0.0,3.0,0.0,22 ,20960
A,"Agriculture, Forestry and Fishing",203021047,North Geelong - Bell Park,12 ,3 ,0.0,0.0,0.0,15 ,20165
A,"Agriculture, Forestry and Fishing",203021485,Charlemont,7 ,0 ,0.0,0.0,0.0,9 ,21790
A,"Agriculture, Forestry and Fishing",203021486,Corio - Lovely Banks,17 ,7 ,0.0,3.0,0.0,28 ,20165
A,"Agriculture, Forestry and Fishing",203021487,Grovedale - Mount Duneed,24 ,3 ,0.0,3.0,0.0,27 ,20954
A,"Agriculture, Forestry and Fishing",203021488,Norlane,3 ,0 ,0.0,0.0,0.0,4 ,20191
A,"Agriculture, Forestry and Fishing",203031048,Clifton Springs,30 ,7 ,0.0,0.0,0.0,38 ,20697
A,"Agriculture, Forestry and Fishing",203031049,Lorne - Anglesea,17 ,3 ,3.0,0.0,0.0,20 ,20046
A,"Agriculture, Forestry and Fishing",203031051,Portarlington,29 ,3 ,4.0,0.0,0.0,37 ,20193
A,"Agriculture, Forestry and Fishing",203031052,Point Lonsdale - Queenscliff,30 ,6 ,0.0,0.0,0.0,37 ,22663
A,"Agriculture, Forestry and Fishing",203031053,Torquay,56 ,8 ,0.0,3.0,0.0,67 ,20046
A,"Agriculture, Forestry and Fishing",203031489,Barwon Heads - Armstrong Creek,26 ,3 ,3.0,0.0,0.0,33 ,21790
A,"Agriculture, Forestry and Fishing",203031490,Ocean Grove,43 ,6 ,4.0,0.0,0.0,53 ,20621
A,"Agriculture, Forestry and Fishing",204011054,Alexandra,186 ,29 ,3.0,5.0,0.0,223 ,20005
A,"Agriculture, Forestry and Fishing",204011055,Euroa,396 ,63 ,12.0,0.0,0.0,473 ,20283
A,"Agriculture, Forestry and Fishing",204011056,Kilmore - Broadford,109 ,10 ,3.0,0.0,0.0,122 ,21980
A,"Agriculture, Forestry and Fishing",204011057,Mansfield (Vic.),223 ,59 ,13.0,3.0,0.0,297 ,20283
A,"Agriculture, Forestry and Fishing",204011058,Nagambie,131 ,40 ,11.0,3.0,0.0,185 ,20652
A,"Agriculture, Forestry and Fishing",204011059,Seymour,28 ,10 ,5.0,0.0,0.0,44 ,20086
A,"Agriculture, Forestry and Fishing",204011060,Seymour Surrounds,155 ,20 ,5.0,0.0,0.0,180 ,22154
A,"Agriculture, Forestry and Fishing",204011061,Upper Yarra Valley,0 ,0 ,0.0,0.0,0.0,0 ,20452
A,"Agriculture, Forestry and Fishing",204011062,Yea,190 ,38 ,5.0,0.0,0.0,233 ,20005
A,"Agriculture, Forestry and Fishing",204021063,Benalla,107 ,14 ,9.0,0.0,0.0,131 ,20096
A,"Agriculture, Forestry and Fishing",204021064,Benalla Surrounds,318 ,65 ,7.0,0.0,0.0,391 ,20283
A,"Agriculture, Forestry and Fishing",204021065,Rutherglen,113 ,19 ,5.0,3.0,0.0,140 ,20296
A,"Agriculture, Forestry and Fishing",204021066,Wangaratta,95 ,9 ,4.0,0.0,0.0,108 ,21349
A,"Agriculture, Forestry and Fishing",204021067,Wangaratta Surrounds,631 ,90 ,22.0,7.0,0.0,750 ,20060
A,"Agriculture, Forestry and Fishing",204031068,Beechworth,68 ,18 ,8.0,0.0,0.0,94 ,20551
A,"Agriculture, Forestry and Fishing",204031069,Bright - Mount Beauty,141 ,37 ,9.0,0.0,0.0,187 ,21210
A,"Agriculture, Forestry and Fishing",204031070,Chiltern - Indigo Valley,111 ,13 ,0.0,0.0,0.0,125 ,20357
A,"Agriculture, Forestry and Fishing",204031071,Myrtleford,141 ,28 ,5.0,3.0,0.0,176 ,20312
A,"Agriculture, Forestry and Fishing",204031072,Towong,391 ,92 ,14.0,0.0,0.0,497 ,20883
A,"Agriculture, Forestry and Fishing",204031073,West Wodonga,55 ,7 ,0.0,0.0,0.0,63 ,21230
A,"Agriculture, Forestry and Fishing",204031075,Yackandandah,200 ,22 ,11.0,0.0,0.0,233 ,22351
A,"Agriculture, Forestry and Fishing",204031491,Baranduda - Leneva,71 ,11 ,3.0,0.0,0.0,85 ,21230
A,"Agriculture, Forestry and Fishing",204031492,Wodonga,37 ,3 ,3.0,0.0,0.0,43 ,21222
A,"Agriculture, Forestry and Fishing",205011076,Drouin,224 ,42 ,15.0,3.0,0.0,284 ,20081
A,"Agriculture, Forestry and Fishing",205011077,Mount Baw Baw Region,262 ,52 ,11.0,0.0,0.0,326 ,20452
A,"Agriculture, Forestry and Fishing",205011078,Trafalgar (Vic.),239 ,39 ,17.0,4.0,0.0,299 ,20391
A,"Agriculture, Forestry and Fishing",205011079,Warragul,315 ,46 ,9.0,3.0,0.0,373 ,20081
A,"Agriculture, Forestry and Fishing",205021080,Alps - East,0 ,0 ,0.0,0.0,0.0,0 ,20719
A,"Agriculture, Forestry and Fishing",205021081,Bairnsdale,116 ,18 ,8.0,0.0,0.0,143 ,20103
A,"Agriculture, Forestry and Fishing",205021082,Bruthen - Omeo,390 ,77 ,31.0,5.0,0.0,503 ,20265
A,"Agriculture, Forestry and Fishing",205021083,Lake King,0 ,0 ,0.0,0.0,0.0,0 ,20822
A,"Agriculture, Forestry and Fishing",205021084,Lakes Entrance,75 ,15 ,11.0,3.0,0.0,103 ,20290
A,"Agriculture, Forestry and Fishing",205021085,Orbost,255 ,55 ,14.0,0.0,0.0,325 ,20360
A,"Agriculture, Forestry and Fishing",205021086,Paynesville,55 ,15 ,5.0,0.0,0.0,76 ,20103
A,"Agriculture, Forestry and Fishing",205031087,Foster,409 ,145 ,23.0,3.0,0.0,579 ,20010
A,"Agriculture, Forestry and Fishing",205031088,French Island,14 ,3 ,0.0,0.0,0.0,16 ,20856
A,"Agriculture, Forestry and Fishing",205031089,Korumburra,348 ,55 ,15.0,0.0,0.0,419 ,20081
A,"Agriculture, Forestry and Fishing",205031090,Leongatha,476 ,76 ,7.0,0.0,0.0,561 ,20024
A,"Agriculture, Forestry and Fishing",205031091,Phillip Island,37 ,9 ,0.0,3.0,0.0,48 ,20475
A,"Agriculture, Forestry and Fishing",205031092,Wilsons Promontory,0 ,0 ,0.0,0.0,0.0,0 ,22800
A,"Agriculture, Forestry and Fishing",205031093,Wonthaggi - Inverloch,327 ,50 ,8.0,0.0,0.0,386 ,21235
A,"Agriculture, Forestry and Fishing",205041094,Churchill,168 ,16 ,4.0,0.0,0.0,189 ,20585
A,"Agriculture, Forestry and Fishing",205041095,Moe - Newborough,42 ,7 ,0.0,0.0,0.0,50 ,21716
A,"Agriculture, Forestry and Fishing",205041096,Morwell,13 ,0 ,3.0,3.0,0.0,19 ,22596
A,"Agriculture, Forestry and Fishing",205041098,Yallourn North - Glengarry,70 ,12 ,0.0,0.0,0.0,83 ,20286
A,"Agriculture, Forestry and Fishing",205041493,Traralgon - East,37 ,8 ,0.0,0.0,0.0,47 ,21027
A,"Agriculture, Forestry and Fishing",205041494,Traralgon - West,24 ,3 ,0.0,3.0,0.0,30 ,21027
A,"Agriculture, Forestry and Fishing",205051099,Alps - West,6 ,0 ,0.0,0.0,0.0,7 ,21210
A,"Agriculture, Forestry and Fishing",205051100,Longford - Loch Sport,111 ,30 ,9.0,3.0,0.0,153 ,20938
A,"Agriculture, Forestry and Fishing",205051101,Maffra,385 ,88 ,30.0,4.0,0.0,508 ,22542
A,"Agriculture, Forestry and Fishing",205051102,Rosedale,238 ,55 ,17.0,6.0,0.0,316 ,22543
A,"Agriculture, Forestry and Fishing",205051103,Sale,77 ,13 ,3.0,0.0,0.0,93 ,20586
A,"Agriculture, Forestry and Fishing",205051104,Yarram,237 ,48 ,21.0,4.0,0.0,310 ,20242
A,"Agriculture, Forestry and Fishing",206011106,Brunswick East,3 ,0 ,0.0,0.0,0.0,3 ,20361
A,"Agriculture, Forestry and Fishing",206011107,Brunswick West,4 ,0 ,0.0,0.0,0.0,4 ,20361
A,"Agriculture, Forestry and Fishing",206011109,Pascoe Vale South,7 ,0 ,0.0,0.0,0.0,8 ,20596
A,"Agriculture, Forestry and Fishing",206011495,Brunswick - North,0 ,0 ,0.0,0.0,0.0,3 ,20361
A,"Agriculture, Forestry and Fishing",206011496,Brunswick - South,8 ,4 ,0.0,0.0,0.0,12 ,20361
A,"Agriculture, Forestry and Fishing",206011497,Coburg - East,6 ,3 ,3.0,0.0,0.0,10 ,20361
A,"Agriculture, Forestry and Fishing",206011498,Coburg - West,4 ,0 ,0.0,0.0,0.0,4 ,20361
A,"Agriculture, Forestry and Fishing",206021110,Alphington - Fairfield,7 ,3 ,0.0,0.0,0.0,10 ,21971
A,"Agriculture, Forestry and Fishing",206021112,Thornbury,5 ,0 ,0.0,0.0,0.0,5 ,20362
A,"Agriculture, Forestry and Fishing",206021499,Northcote - East,4 ,0 ,0.0,0.0,0.0,4 ,21971
A,"Agriculture, Forestry and Fishing",206021500,Northcote - West,4 ,0 ,0.0,0.0,0.0,4 ,20362
A,"Agriculture, Forestry and Fishing",206031113,Ascot Vale,11 ,3 ,0.0,0.0,0.0,14 ,20075
A,"Agriculture, Forestry and Fishing",206031115,Flemington,8 ,0 ,0.0,0.0,0.0,9 ,20075
A,"Agriculture, Forestry and Fishing",206031116,Moonee Ponds,17 ,3 ,3.0,0.0,0.0,20 ,20075
A,"Agriculture, Forestry and Fishing",206031501,Essendon (West) - Aberfeldie,11 ,0 ,0.0,3.0,0.0,12 ,20885
A,"Agriculture, Forestry and Fishing",206031502,Essendon - East,9 ,0 ,0.0,0.0,0.0,10 ,20363
A,"Agriculture, Forestry and Fishing",206041117,Carlton,18 ,4 ,0.0,0.0,0.0,22 ,20496
A,"Agriculture, Forestry and Fishing",206041118,Docklands,30 ,7 ,3.0,5.0,0.0,44 ,21640
A,"Agriculture, Forestry and Fishing",206041119,East Melbourne,23 ,9 ,4.0,0.0,0.0,36 ,20495
A,"Agriculture, Forestry and Fishing",206041120,Flemington Racecourse,0 ,0 ,0.0,0.0,0.0,0 ,20075
A,"Agriculture, Forestry and Fishing",206041121,Kensington (Vic.),6 ,0 ,0.0,0.0,0.0,6 ,20929
A,"Agriculture, Forestry and Fishing",206041124,Parkville,3 ,0 ,0.0,0.0,0.0,4 ,20361
A,"Agriculture, Forestry and Fishing",206041125,South Yarra - West,21 ,0 ,3.0,0.0,0.0,25 ,21640
A,"Agriculture, Forestry and Fishing",206041127,West Melbourne - Industrial,4 ,0 ,0.0,0.0,0.0,4 ,20935
A,"Agriculture, Forestry and Fishing",206041503,Melbourne CBD - East,34 ,6 ,5.0,0.0,0.0,47 ,20495
A,"Agriculture, Forestry and Fishing",206041504,Melbourne CBD - North,7 ,3 ,0.0,0.0,0.0,9 ,20495
A,"Agriculture, Forestry and Fishing",206041505,Melbourne CBD - West,87 ,29 ,11.0,5.0,3.0,134 ,21640
A,"Agriculture, Forestry and Fishing",206041506,North Melbourne,10 ,3 ,0.0,0.0,0.0,14 ,22038
A,"Agriculture, Forestry and Fishing",206041507,Royal Botanic Gardens Victoria,0 ,0 ,0.0,0.0,0.0,0 ,21640
A,"Agriculture, Forestry and Fishing",206041508,Southbank (West) - South Wharf,17 ,7 ,0.0,0.0,0.0,26 ,21640
A,"Agriculture, Forestry and Fishing",206041509,Southbank - East,13 ,0 ,3.0,0.0,0.0,17 ,21640
A,"Agriculture, Forestry and Fishing",206041510,West Melbourne - Residential,7 ,0 ,0.0,0.0,0.0,9 ,21640
A,"Agriculture, Forestry and Fishing",206051128,Albert Park,48 ,5 ,4.0,0.0,0.0,57 ,21640
A,"Agriculture, Forestry and Fishing",206051129,Elwood,11 ,0 ,3.0,0.0,0.0,12 ,22343
A,"Agriculture, Forestry and Fishing",206051130,Port Melbourne,18 ,5 ,3.0,3.0,0.0,27 ,22107
A,"Agriculture, Forestry and Fishing",206051134,St Kilda East,6 ,0 ,3.0,0.0,0.0,8 ,22118
A,"Agriculture, Forestry and Fishing",206051511,Port Melbourne Industrial,9 ,0 ,4.0,0.0,0.0,18 ,20766
A,"Agriculture, Forestry and Fishing",206051512,South Melbourne,29 ,10 ,3.0,0.0,0.0,42 ,21640
A,"Agriculture, Forestry and Fishing",206051513,St Kilda - Central,10 ,0 ,0.0,0.0,0.0,11 ,22805
A,"Agriculture, Forestry and Fishing",206051514,St Kilda - West,7 ,0 ,0.0,0.0,0.0,7 ,21640
A,"Agriculture, Forestry and Fishing",206061135,Armadale,18 ,4 ,0.0,3.0,0.0,23 ,22118
A,"Agriculture, Forestry and Fishing",206061136,Prahran - Windsor,9 ,7 ,0.0,0.0,0.0,17 ,21640
A,"Agriculture, Forestry and Fishing",206061138,Toorak,35 ,7 ,5.0,0.0,0.0,47 ,22118
A,"Agriculture, Forestry and Fishing",206061515,South Yarra - North,27 ,8 ,3.0,3.0,0.0,37 ,21640
A,"Agriculture, Forestry and Fishing",206061516,South Yarra - South,11 ,5 ,0.0,0.0,0.0,17 ,22118
A,"Agriculture, Forestry and Fishing",206071139,Abbotsford,15 ,0 ,0.0,0.0,0.0,16 ,20901
A,"Agriculture, Forestry and Fishing",206071140,Carlton North - Princes Hill,6 ,0 ,0.0,0.0,0.0,7 ,20361
A,"Agriculture, Forestry and Fishing",206071141,Collingwood,8 ,0 ,0.0,0.0,0.0,10 ,20925
A,"Agriculture, Forestry and Fishing",206071142,Fitzroy,6 ,0 ,0.0,3.0,0.0,8 ,20925
A,"Agriculture, Forestry and Fishing",206071143,Fitzroy North,7 ,3 ,0.0,0.0,0.0,8 ,20362
A,"Agriculture, Forestry and Fishing",206071145,Clifton Hill - Alphington,13 ,3 ,0.0,0.0,0.0,15 ,20925
A,"Agriculture, Forestry and Fishing",206071517,Richmond (South) - Cremorne,36 ,5 ,3.0,3.0,0.0,44 ,20830
A,"Agriculture, Forestry and Fishing",206071518,Richmond - North,14 ,3 ,0.0,0.0,0.0,18 ,20830
A,"Agriculture, Forestry and Fishing",207011146,Ashburton (Vic.),6 ,0 ,0.0,0.0,0.0,6 ,20077
A,"Agriculture, Forestry and Fishing",207011147,Balwyn,26 ,5 ,0.0,0.0,0.0,31 ,21336
A,"Agriculture, Forestry and Fishing",207011148,Balwyn North,14 ,3 ,0.0,0.0,0.0,17 ,21336
A,"Agriculture, Forestry and Fishing",207011149,Camberwell,35 ,6 ,0.0,0.0,0.0,41 ,21010
A,"Agriculture, Forestry and Fishing",207011150,Glen Iris - East,20 ,3 ,0.0,0.0,0.0,24 ,20077
A,"Agriculture, Forestry and Fishing",207011152,Hawthorn East,26 ,7 ,0.0,0.0,0.0,33 ,21586
A,"Agriculture, Forestry and Fishing",207011154,Kew East,8 ,0 ,0.0,0.0,0.0,10 ,20034
A,"Agriculture, Forestry and Fishing",207011155,Surrey Hills (West) - Canterbury,23 ,6 ,0.0,0.0,0.0,29 ,21336
A,"Agriculture, Forestry and Fishing",207011519,Hawthorn - North,31 ,3 ,0.0,0.0,0.0,35 ,22170
A,"Agriculture, Forestry and Fishing",207011520,Hawthorn - South,20 ,0 ,3.0,0.0,0.0,25 ,22547
A,"Agriculture, Forestry and Fishing",207011521,Kew - South,15 ,0 ,0.0,0.0,0.0,16 ,21152
A,"Agriculture, Forestry and Fishing",207011522,Kew - West,24 ,3 ,3.0,0.0,0.0,29 ,20034
A,"Agriculture, Forestry and Fishing",207021156,Bulleen,6 ,0 ,0.0,0.0,0.0,6 ,20124
A,"Agriculture, Forestry and Fishing",207021157,Doncaster,12 ,3 ,0.0,0.0,0.0,16 ,20124
A,"Agriculture, Forestry and Fishing",207021159,Templestowe,12 ,3 ,3.0,0.0,0.0,15 ,20771
A,"Agriculture, Forestry and Fishing",207021160,Templestowe Lower,3 ,0 ,0.0,0.0,0.0,3 ,20386
A,"Agriculture, Forestry and Fishing",207021424,Doncaster East - North,7 ,0 ,0.0,0.0,0.0,8 ,20771
A,"Agriculture, Forestry and Fishing",207021425,Doncaster East - South,8 ,0 ,0.0,0.0,0.0,10 ,20771
A,"Agriculture, Forestry and Fishing",207031161,Blackburn,13 ,3 ,0.0,0.0,0.0,15 ,20315
A,"Agriculture, Forestry and Fishing",207031162,Blackburn South,5 ,0 ,0.0,0.0,0.0,5 ,20426
A,"Agriculture, Forestry and Fishing",207031163,Box Hill,9 ,3 ,0.0,0.0,0.0,10 ,21732
A,"Agriculture, Forestry and Fishing",207031164,Box Hill North,8 ,3 ,0.0,0.0,0.0,10 ,20123
A,"Agriculture, Forestry and Fishing",207031165,Burwood (Vic.),9 ,3 ,0.0,0.0,0.0,12 ,21010
A,"Agriculture, Forestry and Fishing",207031166,Burwood East,0 ,0 ,0.0,0.0,0.0,3 ,20426
A,"Agriculture, Forestry and Fishing",207031167,Surrey Hills (East) - Mont Albert,11 ,3 ,0.0,0.0,0.0,14 ,21732
A,"Agriculture, Forestry and Fishing",208011168,Beaumaris,11 ,0 ,0.0,0.0,0.0,11 ,20182
A,"Agriculture, Forestry and Fishing",208011169,Brighton (Vic.),48 ,7 ,0.0,0.0,0.0,56 ,20337
A,"Agriculture, Forestry and Fishing",208011170,Brighton East,13 ,0 ,0.0,0.0,0.0,14 ,20337
A,"Agriculture, Forestry and Fishing",208011171,Highett (West) - Cheltenham,0 ,3 ,0.0,0.0,0.0,3 ,20182
A,"Agriculture, Forestry and Fishing",208011172,Hampton,14 ,5 ,0.0,0.0,0.0,20 ,20337
A,"Agriculture, Forestry and Fishing",208011173,Sandringham - Black Rock,21 ,3 ,3.0,0.0,0.0,24 ,20182
A,"Agriculture, Forestry and Fishing",208021174,Bentleigh - McKinnon,17 ,3 ,0.0,0.0,0.0,18 ,20338
A,"Agriculture, Forestry and Fishing",208021176,Carnegie,6 ,3 ,0.0,0.0,0.0,7 ,21587
A,"Agriculture, Forestry and Fishing",208021177,Caulfield - North,14 ,0 ,3.0,0.0,0.0,16 ,20105
A,"Agriculture, Forestry and Fishing",208021178,Caulfield - South,8 ,0 ,0.0,0.0,0.0,8 ,20864
A,"Agriculture, Forestry and Fishing",208021179,Elsternwick,5 ,0 ,0.0,0.0,0.0,5 ,20337
A,"Agriculture, Forestry and Fishing",208021180,Hughesdale,3 ,0 ,0.0,0.0,0.0,0 ,21587
A,"Agriculture, Forestry and Fishing",208021181,Murrumbeena,3 ,0 ,0.0,0.0,0.0,3 ,21587
A,"Agriculture, Forestry and Fishing",208021182,Ormond - Glen Huntly,5 ,0 ,0.0,0.0,0.0,6 ,20338
A,"Agriculture, Forestry and Fishing",208021426,Bentleigh East - North,3 ,0 ,0.0,0.0,0.0,4 ,20214
A,"Agriculture, Forestry and Fishing",208021427,Bentleigh East - South,4 ,0 ,0.0,0.0,0.0,4 ,20214
A,"Agriculture, Forestry and Fishing",208031183,Aspendale Gardens - Waterways,3 ,0 ,0.0,0.0,0.0,4 ,20079
A,"Agriculture, Forestry and Fishing",208031184,Braeside,3 ,0 ,0.0,0.0,0.0,4 ,20079
A,"Agriculture, Forestry and Fishing",208031185,Carrum - Patterson Lakes,8 ,3 ,0.0,0.0,0.0,9 ,20131
A,"Agriculture, Forestry and Fishing",208031186,Chelsea - Bonbeach,3 ,0 ,0.0,0.0,0.0,0 ,20538
A,"Agriculture, Forestry and Fishing",208031187,Chelsea Heights,0 ,0 ,3.0,0.0,0.0,3 ,20080
A,"Agriculture, Forestry and Fishing",208031188,Highett (East) - Cheltenham,16 ,0 ,0.0,0.0,0.0,17 ,20539
A,"Agriculture, Forestry and Fishing",208031189,Edithvale - Aspendale,6 ,0 ,3.0,0.0,0.0,8 ,20079
A,"Agriculture, Forestry and Fishing",208031190,Mentone,5 ,3 ,0.0,0.0,0.0,6 ,20182
A,"Agriculture, Forestry and Fishing",208031191,Moorabbin - Heatherton,9 ,5 ,3.0,3.0,0.0,18 ,20539
A,"Agriculture, Forestry and Fishing",208031192,Moorabbin Airport,0 ,0 ,0.0,0.0,0.0,0 ,20539
A,"Agriculture, Forestry and Fishing",208031193,Mordialloc - Parkdale,8 ,3 ,0.0,0.0,0.0,9 ,21648
A,"Agriculture, Forestry and Fishing",208041194,Malvern - Glen Iris,42 ,12 ,3.0,3.0,0.0,58 ,20066
A,"Agriculture, Forestry and Fishing",208041195,Malvern East,24 ,3 ,0.0,3.0,0.0,29 ,20523
A,"Agriculture, Forestry and Fishing",209011196,Bundoora - East,0 ,0 ,0.0,0.0,0.0,0 ,20399
A,"Agriculture, Forestry and Fishing",209011197,Greensborough,9 ,0 ,3.0,0.0,0.0,10 ,21104
A,"Agriculture, Forestry and Fishing",209011198,Heidelberg - Rosanna,5 ,3 ,0.0,0.0,0.0,7 ,21246
A,"Agriculture, Forestry and Fishing",209011199,Heidelberg West,4 ,0 ,0.0,0.0,0.0,5 ,22121
A,"Agriculture, Forestry and Fishing",209011200,Ivanhoe,12 ,3 ,0.0,0.0,0.0,15 ,22508
A,"Agriculture, Forestry and Fishing",209011201,Ivanhoe East - Eaglemont,13 ,0 ,0.0,0.0,0.0,14 ,21246
A,"Agriculture, Forestry and Fishing",209011202,Montmorency - Briar Hill,10 ,0 ,0.0,0.0,0.0,13 ,22484
A,"Agriculture, Forestry and Fishing",209011203,Viewbank - Yallambie,3 ,0 ,0.0,0.0,0.0,4 ,20386
A,"Agriculture, Forestry and Fishing",209011204,Watsonia,0 ,0 ,0.0,0.0,0.0,3 ,20399
A,"Agriculture, Forestry and Fishing",209021205,Kingsbury,3 ,0 ,0.0,3.0,0.0,4 ,20399
A,"Agriculture, Forestry and Fishing",209021428,Preston - East,6 ,4 ,0.0,0.0,0.0,11 ,22121
A,"Agriculture, Forestry and Fishing",209021429,Preston - West,0 ,0 ,0.0,0.0,0.0,3 ,20596
A,"Agriculture, Forestry and Fishing",209021523,Reservoir - North East,0 ,0 ,0.0,0.0,0.0,0 ,20399
A,"Agriculture, Forestry and Fishing",209021524,Reservoir - North West,4 ,0 ,0.0,0.0,0.0,4 ,22161
A,"Agriculture, Forestry and Fishing",209021525,Reservoir - South East,3 ,0 ,0.0,0.0,0.0,3 ,22121
A,"Agriculture, Forestry and Fishing",209021526,Reservoir - South West,6 ,0 ,0.0,0.0,0.0,6 ,20597
A,"Agriculture, Forestry and Fishing",209031209,Eltham,8 ,3 ,0.0,3.0,0.0,13 ,22483
A,"Agriculture, Forestry and Fishing",209031210,Hurstbridge,4 ,0 ,0.0,0.0,0.0,5 ,20752
A,"Agriculture, Forestry and Fishing",209031211,Kinglake,36 ,14 ,3.0,0.0,0.0,53 ,20916
A,"Agriculture, Forestry and Fishing",209031212,Panton Hill - St Andrews,44 ,5 ,3.0,3.0,0.0,54 ,21358
A,"Agriculture, Forestry and Fishing",209031213,Plenty - Yarrambat,4 ,5 ,0.0,0.0,0.0,9 ,20399
A,"Agriculture, Forestry and Fishing",209031214,Research - North Warrandyte,19 ,0 ,0.0,0.0,0.0,20 ,20865
A,"Agriculture, Forestry and Fishing",209031215,Wattle Glen - Diamond Creek,6 ,0 ,0.0,0.0,0.0,8 ,20865
A,"Agriculture, Forestry and Fishing",209041216,Bundoora - North,3 ,3 ,3.0,0.0,0.0,6 ,20399
A,"Agriculture, Forestry and Fishing",209041217,Bundoora - West,0 ,0 ,0.0,0.0,0.0,0 ,20399
A,"Agriculture, Forestry and Fishing",209041220,Mill Park - North,3 ,3 ,0.0,0.0,0.0,3 ,21683
A,"Agriculture, Forestry and Fishing",209041221,Mill Park - South,3 ,0 ,0.0,0.0,0.0,3 ,20399
A,"Agriculture, Forestry and Fishing",209041223,Thomastown,14 ,0 ,0.0,0.0,0.0,14 ,20399
A,"Agriculture, Forestry and Fishing",209041224,Wallan,36 ,7 ,3.0,0.0,0.0,45 ,20345
A,"Agriculture, Forestry and Fishing",209041225,Whittlesea,52 ,6 ,0.0,0.0,0.0,58 ,20576
A,"Agriculture, Forestry and Fishing",209041431,Epping - East,3 ,0 ,0.0,0.0,0.0,3 ,22311
A,"Agriculture, Forestry and Fishing",209041432,Epping - South,3 ,0 ,0.0,0.0,0.0,3 ,21683
A,"Agriculture, Forestry and Fishing",209041433,Epping (Vic.) - West,3 ,0 ,0.0,0.0,0.0,0 ,20878
A,"Agriculture, Forestry and Fishing",209041435,South Morang - North,0 ,3 ,0.0,0.0,0.0,4 ,20779
A,"Agriculture, Forestry and Fishing",209041436,South Morang - South,3 ,0 ,0.0,0.0,0.0,3 ,22916
A,"Agriculture, Forestry and Fishing",209041437,Wollert,9 ,0 ,0.0,0.0,0.0,9 ,22311
A,"Agriculture, Forestry and Fishing",209041527,Doreen - North,5 ,0 ,0.0,0.0,0.0,6 ,20779
A,"Agriculture, Forestry and Fishing",209041528,Doreen - South,3 ,0 ,0.0,0.0,0.0,0 ,20779
A,"Agriculture, Forestry and Fishing",209041529,Lalor - East,0 ,0 ,0.0,0.0,0.0,3 ,22504
A,"Agriculture, Forestry and Fishing",209041530,Lalor - West,3 ,0 ,3.0,0.0,0.0,5 ,22504
A,"Agriculture, Forestry and Fishing",209041531,Mernda - North,5 ,0 ,0.0,0.0,0.0,6 ,20779
A,"Agriculture, Forestry and Fishing",209041532,Mernda - South,6 ,0 ,0.0,0.0,0.0,7 ,20779
A,"Agriculture, Forestry and Fishing",210011226,Airport West,3 ,3 ,0.0,0.0,0.0,4 ,20886
A,"Agriculture, Forestry and Fishing",210011227,Essendon Airport,0 ,0 ,0.0,0.0,0.0,0 ,22380
A,"Agriculture, Forestry and Fishing",210011228,Keilor,11 ,5 ,3.0,0.0,0.0,19 ,20015
A,"Agriculture, Forestry and Fishing",210011230,Niddrie - Essendon West,5 ,0 ,0.0,0.0,0.0,6 ,20885
A,"Agriculture, Forestry and Fishing",210011231,Strathmore,7 ,3 ,0.0,0.0,0.0,9 ,20885
A,"Agriculture, Forestry and Fishing",210011533,Avondale Heights,4 ,0 ,0.0,0.0,0.0,4 ,21604
A,"Agriculture, Forestry and Fishing",210011534,Keilor East,4 ,0 ,0.0,0.0,0.0,6 ,20888
A,"Agriculture, Forestry and Fishing",210021232,Gisborne,47 ,8 ,3.0,3.0,0.0,59 ,20076
A,"Agriculture, Forestry and Fishing",210021233,Macedon,13 ,3 ,0.0,0.0,0.0,18 ,20387
A,"Agriculture, Forestry and Fishing",210021234,Riddells Creek,22 ,3 ,0.0,0.0,0.0,26 ,21176
A,"Agriculture, Forestry and Fishing",210021235,Romsey,191 ,20 ,13.0,0.0,0.0,224 ,20172
A,"Agriculture, Forestry and Fishing",210031236,Coburg North,0 ,0 ,0.0,0.0,0.0,0 ,20596
A,"Agriculture, Forestry and Fishing",210031237,Fawkner,3 ,3 ,0.0,0.0,0.0,5 ,20597
A,"Agriculture, Forestry and Fishing",210031439,Gowanbrae,0 ,0 ,0.0,0.0,0.0,0 ,22381
A,"Agriculture, Forestry and Fishing",210031440,Hadfield,0 ,0 ,0.0,0.0,0.0,0 ,22041
A,"Agriculture, Forestry and Fishing",210031535,Glenroy - East,3 ,0 ,0.0,0.0,0.0,0 ,22041
A,"Agriculture, Forestry and Fishing",210031536,Glenroy - West,0 ,0 ,0.0,0.0,0.0,3 ,22381
A,"Agriculture, Forestry and Fishing",210031537,Oak Park,3 ,0 ,0.0,0.0,0.0,3 ,22042
A,"Agriculture, Forestry and Fishing",210031538,Pascoe Vale,6 ,0 ,0.0,0.0,0.0,7 ,22042
A,"Agriculture, Forestry and Fishing",210041240,Sunbury,26 ,3 ,3.0,0.0,0.0,30 ,20567
A,"Agriculture, Forestry and Fishing",210041539,Diggers Rest,8 ,3 ,0.0,0.0,0.0,10 ,20754
A,"Agriculture, Forestry and Fishing",210041540,Sunbury - South,14 ,3 ,0.0,3.0,0.0,17 ,21318
A,"Agriculture, Forestry and Fishing",210041541,Sunbury - West,16 ,0 ,0.0,0.0,0.0,16 ,20754
A,"Agriculture, Forestry and Fishing",210051242,Broadmeadows,4 ,0 ,0.0,0.0,0.0,4 ,20909
A,"Agriculture, Forestry and Fishing",210051243,Campbellfield - Coolaroo,8 ,3 ,0.0,0.0,0.0,11 ,22161
A,"Agriculture, Forestry and Fishing",210051245,Gladstone Park - Westmeadows,6 ,0 ,0.0,0.0,0.0,7 ,22586
A,"Agriculture, Forestry and Fishing",210051246,Greenvale - Bulla,17 ,6 ,0.0,0.0,0.0,24 ,21675
A,"Agriculture, Forestry and Fishing",210051247,Meadow Heights,3 ,0 ,0.0,0.0,0.0,3 ,20624
A,"Agriculture, Forestry and Fishing",210051248,Melbourne Airport,0 ,0 ,0.0,0.0,0.0,4 ,21319
A,"Agriculture, Forestry and Fishing",210051250,Tullamarine,0 ,0 ,0.0,0.0,0.0,3 ,22586
A,"Agriculture, Forestry and Fishing",210051441,Craigieburn - Central,0 ,0 ,0.0,0.0,0.0,3 ,20661
A,"Agriculture, Forestry and Fishing",210051442,Craigieburn - North,6 ,0 ,0.0,0.0,0.0,6 ,21675
A,"Agriculture, Forestry and Fishing",210051443,Craigieburn - South,3 ,0 ,0.0,0.0,0.0,3 ,20878
A,"Agriculture, Forestry and Fishing",210051445,Mickleham - Yuroke,15 ,3 ,0.0,0.0,0.0,18 ,20233
A,"Agriculture, Forestry and Fishing",210051542,Craigieburn - North West,3 ,0 ,0.0,0.0,0.0,3 ,21675
A,"Agriculture, Forestry and Fishing",210051543,Craigieburn - West,0 ,0 ,0.0,0.0,0.0,0 ,21675
A,"Agriculture, Forestry and Fishing",210051544,Roxburgh Park (South) - Somerton,6 ,0 ,0.0,0.0,0.0,7 ,20878
A,"Agriculture, Forestry and Fishing",210051545,Roxburgh Park - North,3 ,0 ,0.0,0.0,0.0,0 ,20661
A,"Agriculture, Forestry and Fishing",211011251,Bayswater,4 ,0 ,3.0,0.0,0.0,7 ,20173
A,"Agriculture, Forestry and Fishing",211011254,Knoxfield - Scoresby,5 ,0 ,0.0,0.0,0.0,6 ,21013
A,"Agriculture, Forestry and Fishing",211011255,Lysterfield,4 ,0 ,0.0,0.0,0.0,5 ,20917
A,"Agriculture, Forestry and Fishing",211011256,Rowville - Central,3 ,0 ,0.0,0.0,0.0,3 ,21374
A,"Agriculture, Forestry and Fishing",211011257,Rowville - North,0 ,0 ,0.0,0.0,0.0,0 ,20917
A,"Agriculture, Forestry and Fishing",211011258,Rowville - South,3 ,0 ,0.0,0.0,0.0,4 ,22207
A,"Agriculture, Forestry and Fishing",211011259,Wantirna,3 ,3 ,3.0,0.0,0.0,6 ,22628
A,"Agriculture, Forestry and Fishing",211011260,Wantirna South,3 ,3 ,0.0,0.0,0.0,5 ,21013
A,"Agriculture, Forestry and Fishing",211011446,Boronia,4 ,0 ,0.0,0.0,0.0,5 ,20173
A,"Agriculture, Forestry and Fishing",211011447,Ferntree Gully - North,3 ,0 ,0.0,0.0,0.0,4 ,20304
A,"Agriculture, Forestry and Fishing",211011448,Ferntree Gully (South) - Upper Ferntree Gully,5 ,0 ,0.0,3.0,0.0,6 ,20917
A,"Agriculture, Forestry and Fishing",211011449,The Basin,3 ,0 ,3.0,0.0,0.0,3 ,20304
A,"Agriculture, Forestry and Fishing",211021261,Donvale - Park Orchards,14 ,4 ,3.0,0.0,0.0,19 ,20772
A,"Agriculture, Forestry and Fishing",211021262,Warrandyte - Wonga Park,13 ,5 ,3.0,0.0,0.0,19 ,20772
A,"Agriculture, Forestry and Fishing",211031263,Bayswater North,4 ,3 ,3.0,0.0,0.0,7 ,20173
A,"Agriculture, Forestry and Fishing",211031265,Croydon Hills - Warranwood,6 ,0 ,0.0,0.0,0.0,7 ,20556
A,"Agriculture, Forestry and Fishing",211031266,Ringwood,4 ,5 ,0.0,0.0,0.0,10 ,20774
A,"Agriculture, Forestry and Fishing",211031267,Ringwood East,7 ,3 ,0.0,0.0,0.0,8 ,20173
A,"Agriculture, Forestry and Fishing",211031268,Ringwood North,5 ,0 ,0.0,0.0,0.0,5 ,20774
A,"Agriculture, Forestry and Fishing",211031450,Croydon - East,5 ,3 ,0.0,0.0,0.0,8 ,21354
A,"Agriculture, Forestry and Fishing",211031451,Croydon - West,7 ,0 ,0.0,0.0,0.0,8 ,20556
A,"Agriculture, Forestry and Fishing",211031452,Croydon South,3 ,0 ,0.0,0.0,0.0,3 ,20174
A,"Agriculture, Forestry and Fishing",211041269,Forest Hill,6 ,0 ,0.0,0.0,0.0,6 ,20252
A,"Agriculture, Forestry and Fishing",211041270,Mitcham (Vic.),9 ,0 ,0.0,0.0,0.0,10 ,20774
A,"Agriculture, Forestry and Fishing",211041271,Nunawading,6 ,3 ,0.0,0.0,0.0,8 ,20774
A,"Agriculture, Forestry and Fishing",211041272,Vermont,4 ,0 ,0.0,0.0,0.0,5 ,20937
A,"Agriculture, Forestry and Fishing",211041273,Vermont South,4 ,0 ,0.0,0.0,0.0,5 ,20937
A,"Agriculture, Forestry and Fishing",211051274,Belgrave - Selby,20 ,3 ,3.0,0.0,0.0,26 ,21558
A,"Agriculture, Forestry and Fishing",211051275,Chirnside Park,12 ,4 ,0.0,0.0,0.0,17 ,20556
A,"Agriculture, Forestry and Fishing",211051276,Healesville - Yarra Glen,84 ,19 ,10.0,3.0,0.0,115 ,20916
A,"Agriculture, Forestry and Fishing",211051277,Kilsyth,8 ,0 ,0.0,0.0,0.0,8 ,20174
A,"Agriculture, Forestry and Fishing",211051278,Lilydale - Coldstream,49 ,16 ,7.0,3.0,0.0,75 ,20556
A,"Agriculture, Forestry and Fishing",211051279,Monbulk - Silvan,58 ,35 ,16.0,5.0,0.0,114 ,20868
A,"Agriculture, Forestry and Fishing",211051280,Montrose,3 ,0 ,0.0,0.0,0.0,4 ,21354
A,"Agriculture, Forestry and Fishing",211051281,Mooroolbark,9 ,3 ,0.0,0.0,0.0,11 ,20556
A,"Agriculture, Forestry and Fishing",211051282,Mount Dandenong - Olinda,20 ,8 ,3.0,0.0,0.0,30 ,20304
A,"Agriculture, Forestry and Fishing",211051283,Mount Evelyn,9 ,0 ,0.0,0.0,0.0,10 ,21736
A,"Agriculture, Forestry and Fishing",211051284,Upwey - Tecoma,8 ,0 ,3.0,0.0,0.0,12 ,21558
A,"Agriculture, Forestry and Fishing",211051285,Wandin - Seville,72 ,41 ,12.0,10.0,0.0,135 ,20613
A,"Agriculture, Forestry and Fishing",211051286,Yarra Valley,106 ,33 ,8.0,4.0,0.0,151 ,20833
A,"Agriculture, Forestry and Fishing",212011289,Emerald - Cockatoo,80 ,21 ,6.0,3.0,0.0,110 ,20979
A,"Agriculture, Forestry and Fishing",212011546,Beaconsfield - Officer,11 ,7 ,0.0,0.0,0.0,18 ,20176
A,"Agriculture, Forestry and Fishing",212011547,Bunyip - Garfield,200 ,43 ,9.0,3.0,0.0,255 ,20411
A,"Agriculture, Forestry and Fishing",212011548,Koo Wee Rup,210 ,43 ,11.0,5.0,3.0,270 ,20081
A,"Agriculture, Forestry and Fishing",212011549,Pakenham - North East,7 ,3 ,0.0,0.0,0.0,10 ,21879
A,"Agriculture, Forestry and Fishing",212011550,Pakenham - North West,11 ,0 ,3.0,0.0,0.0,14 ,20176
A,"Agriculture, Forestry and Fishing",212011551,Pakenham - South East,12 ,4 ,3.0,0.0,0.0,17 ,21879
A,"Agriculture, Forestry and Fishing",212011552,Pakenham - South West,13 ,0 ,0.0,0.0,0.0,15 ,22006
A,"Agriculture, Forestry and Fishing",212021293,Berwick - North,22 ,5 ,3.0,0.0,0.0,30 ,21895
A,"Agriculture, Forestry and Fishing",212021295,Doveton,3 ,0 ,0.0,0.0,0.0,3 ,20708
A,"Agriculture, Forestry and Fishing",212021297,Hallam,7 ,3 ,0.0,0.0,0.0,10 ,21895
A,"Agriculture, Forestry and Fishing",212021299,Narre Warren North,25 ,5 ,0.0,0.0,0.0,30 ,21558
A,"Agriculture, Forestry and Fishing",212021453,Endeavour Hills - North,5 ,3 ,0.0,0.0,0.0,6 ,22207
A,"Agriculture, Forestry and Fishing",212021454,Endeavour Hills - South,0 ,3 ,0.0,0.0,0.0,3 ,21895
A,"Agriculture, Forestry and Fishing",212021455,Narre Warren - North East,4 ,0 ,0.0,0.0,0.0,4 ,21895
A,"Agriculture, Forestry and Fishing",212021456,Narre Warren - South West,6 ,0 ,0.0,0.0,0.0,6 ,20224
A,"Agriculture, Forestry and Fishing",212021553,Berwick - South East,4 ,3 ,0.0,0.0,0.0,7 ,20175
A,"Agriculture, Forestry and Fishing",212021554,Berwick - South West,0 ,0 ,0.0,0.0,0.0,0 ,20224
A,"Agriculture, Forestry and Fishing",212031300,Cranbourne,14 ,3 ,0.0,0.0,0.0,17 ,20664
A,"Agriculture, Forestry and Fishing",212031303,Cranbourne South,49 ,11 ,14.0,4.0,0.0,78 ,20487
A,"Agriculture, Forestry and Fishing",212031304,Cranbourne West,6 ,0 ,0.0,0.0,0.0,7 ,20662
A,"Agriculture, Forestry and Fishing",212031306,Lynbrook - Lyndhurst,5 ,0 ,0.0,0.0,0.0,6 ,20709
A,"Agriculture, Forestry and Fishing",212031308,Pearcedale - Tooradin,46 ,12 ,10.0,0.0,0.0,70 ,21380
A,"Agriculture, Forestry and Fishing",212031457,Narre Warren South - East,5 ,0 ,0.0,0.0,0.0,6 ,20224
A,"Agriculture, Forestry and Fishing",212031458,Narre Warren South - West,3 ,0 ,0.0,0.0,0.0,5 ,21893
A,"Agriculture, Forestry and Fishing",212031555,Clyde North - North,3 ,0 ,0.0,0.0,0.0,3 ,22006
A,"Agriculture, Forestry and Fishing",212031556,Clyde North - South,7 ,3 ,0.0,3.0,0.0,10 ,20487
A,"Agriculture, Forestry and Fishing",212031557,Cranbourne East - North,7 ,3 ,0.0,0.0,0.0,8 ,20581
A,"Agriculture, Forestry and Fishing",212031558,Cranbourne East - South,5 ,3 ,0.0,0.0,0.0,8 ,20581
A,"Agriculture, Forestry and Fishing",212031559,Cranbourne North - East,0 ,3 ,0.0,0.0,0.0,3 ,20582
A,"Agriculture, Forestry and Fishing",212031560,Cranbourne North - West,0 ,0 ,0.0,0.0,0.0,3 ,21133
A,"Agriculture, Forestry and Fishing",212031561,Hampton Park - East,0 ,0 ,0.0,0.0,0.0,3 ,21893
A,"Agriculture, Forestry and Fishing",212031562,Hampton Park - West,4 ,3 ,3.0,0.0,0.0,7 ,20709
A,"Agriculture, Forestry and Fishing",212041309,Clarinda - Oakleigh South,3 ,0 ,0.0,0.0,0.0,5 ,21746
A,"Agriculture, Forestry and Fishing",212041310,Clayton South,5 ,0 ,0.0,0.0,0.0,7 ,20758
A,"Agriculture, Forestry and Fishing",212041312,Dandenong North,7 ,3 ,0.0,0.0,0.0,10 ,22207
A,"Agriculture, Forestry and Fishing",212041313,Dingley Village,0 ,0 ,3.0,0.0,0.0,3 ,20320
A,"Agriculture, Forestry and Fishing",212041316,Noble Park North,3 ,0 ,0.0,0.0,0.0,3 ,20708
A,"Agriculture, Forestry and Fishing",212041317,Springvale,9 ,7 ,5.0,0.0,0.0,21 ,21827
A,"Agriculture, Forestry and Fishing",212041318,Springvale South,7 ,6 ,0.0,0.0,0.0,15 ,21339
A,"Agriculture, Forestry and Fishing",212041459,Noble Park - East,0 ,0 ,0.0,0.0,0.0,3 ,21339
A,"Agriculture, Forestry and Fishing",212041460,Noble Park - West,7 ,5 ,3.0,0.0,0.0,14 ,21339
A,"Agriculture, Forestry and Fishing",212041563,Dandenong - North,5 ,3 ,0.0,0.0,0.0,6 ,20708
A,"Agriculture, Forestry and Fishing",212041564,Dandenong - South,21 ,9 ,4.0,0.0,0.0,35 ,20131
A,"Agriculture, Forestry and Fishing",212041565,Keysborough - North,6 ,7 ,0.0,0.0,0.0,14 ,21339
A,"Agriculture, Forestry and Fishing",212041566,Keysborough - South,8 ,5 ,0.0,0.0,0.0,14 ,20080
A,"Agriculture, Forestry and Fishing",212051319,Ashwood - Chadstone,3 ,0 ,0.0,0.0,0.0,3 ,20077
A,"Agriculture, Forestry and Fishing",212051321,Glen Waverley - East,12 ,3 ,0.0,0.0,0.0,14 ,20427
A,"Agriculture, Forestry and Fishing",212051322,Glen Waverley - West,15 ,4 ,0.0,0.0,0.0,19 ,20427
A,"Agriculture, Forestry and Fishing",212051323,Mount Waverley - North,5 ,3 ,0.0,0.0,0.0,6 ,20078
A,"Agriculture, Forestry and Fishing",212051324,Mount Waverley - South,18 ,3 ,0.0,0.0,0.0,21 ,21816
A,"Agriculture, Forestry and Fishing",212051325,Mulgrave,10 ,3 ,0.0,0.0,0.0,12 ,21013
A,"Agriculture, Forestry and Fishing",212051326,Oakleigh - Huntingdale,7 ,0 ,0.0,0.0,0.0,7 ,21587
A,"Agriculture, Forestry and Fishing",212051327,Wheelers Hill,9 ,0 ,0.0,0.0,0.0,11 ,21013
A,"Agriculture, Forestry and Fishing",212051567,Clayton (North) - Notting Hill,4 ,3 ,0.0,0.0,0.0,7 ,21816
A,"Agriculture, Forestry and Fishing",212051568,Clayton - Central,3 ,0 ,0.0,0.0,0.0,0 ,22002
A,"Agriculture, Forestry and Fishing",213011328,Ardeer - Albion,3 ,3 ,0.0,0.0,0.0,4 ,22396
A,"Agriculture, Forestry and Fishing",213011329,Cairnlea,0 ,3 ,0.0,0.0,0.0,4 ,20062
A,"Agriculture, Forestry and Fishing",213011331,Delahey,0 ,0 ,0.0,0.0,0.0,0 ,21315
A,"Agriculture, Forestry and Fishing",213011332,Keilor Downs,5 ,0 ,0.0,0.0,0.0,6 ,21316
A,"Agriculture, Forestry and Fishing",213011333,Kings Park (Vic.),3 ,0 ,0.0,0.0,0.0,6 ,20729
A,"Agriculture, Forestry and Fishing",213011334,St Albans - North,4 ,3 ,0.0,0.0,0.0,8 ,21312
A,"Agriculture, Forestry and Fishing",213011335,St Albans - South,6 ,3 ,0.0,0.0,0.0,8 ,21312
A,"Agriculture, Forestry and Fishing",213011336,Sunshine,5 ,0 ,0.0,0.0,0.0,5 ,20324
A,"Agriculture, Forestry and Fishing",213011337,Sunshine North,3 ,3 ,0.0,0.0,0.0,6 ,21316
A,"Agriculture, Forestry and Fishing",213011338,Sunshine West,7 ,3 ,3.0,0.0,0.0,14 ,20062
A,"Agriculture, Forestry and Fishing",213011339,Sydenham,0 ,0 ,0.0,0.0,0.0,0 ,22474
A,"Agriculture, Forestry and Fishing",213011340,Taylors Lakes,4 ,3 ,0.0,0.0,0.0,6 ,21314
A,"Agriculture, Forestry and Fishing",213011569,Deer Park,0 ,0 ,0.0,0.0,0.0,3 ,20062
A,"Agriculture, Forestry and Fishing",213011570,Derrimut,5 ,0 ,3.0,0.0,0.0,6 ,20062
A,"Agriculture, Forestry and Fishing",213021341,Altona,6 ,0 ,0.0,0.0,0.0,6 ,21477
A,"Agriculture, Forestry and Fishing",213021342,Altona Meadows,3 ,0 ,0.0,0.0,0.0,3 ,20035
A,"Agriculture, Forestry and Fishing",213021343,Altona North,10 ,0 ,3.0,0.0,0.0,11 ,22917
A,"Agriculture, Forestry and Fishing",213021344,Newport,7 ,0 ,0.0,0.0,0.0,8 ,22107
A,"Agriculture, Forestry and Fishing",213021345,Seabrook,0 ,0 ,0.0,0.0,0.0,0 ,20036
A,"Agriculture, Forestry and Fishing",213021346,Williamstown,16 ,0 ,0.0,0.0,0.0,19 ,21934
A,"Agriculture, Forestry and Fishing",213031347,Braybrook,3 ,3 ,0.0,0.0,0.0,6 ,20935
A,"Agriculture, Forestry and Fishing",213031348,Footscray,9 ,3 ,0.0,0.0,0.0,11 ,20929
A,"Agriculture, Forestry and Fishing",213031349,Maribyrnong,0 ,0 ,3.0,0.0,0.0,3 ,20075
A,"Agriculture, Forestry and Fishing",213031350,Seddon - Kingsville,10 ,3 ,0.0,0.0,0.0,12 ,20935
A,"Agriculture, Forestry and Fishing",213031351,West Footscray - Tottenham,6 ,0 ,0.0,0.0,0.0,6 ,20935
A,"Agriculture, Forestry and Fishing",213031352,Yarraville,7 ,0 ,0.0,0.0,0.0,8 ,20935
A,"Agriculture, Forestry and Fishing",213041353,Bacchus Marsh,44 ,14 ,7.0,3.0,0.0,68 ,20095
A,"Agriculture, Forestry and Fishing",213041358,Melton West,7 ,3 ,0.0,0.0,0.0,10 ,22537
A,"Agriculture, Forestry and Fishing",213041359,Rockbank - Mount Cottrell,24 ,3 ,0.0,0.0,0.0,28 ,20899
A,"Agriculture, Forestry and Fishing",213041360,Taylors Hill,3 ,3 ,0.0,0.0,0.0,3 ,20950
A,"Agriculture, Forestry and Fishing",213041461,Burnside,0 ,0 ,0.0,0.0,0.0,0 ,20729
A,"Agriculture, Forestry and Fishing",213041462,Burnside Heights,0 ,0 ,0.0,0.0,0.0,0 ,20420
A,"Agriculture, Forestry and Fishing",213041463,Caroline Springs,7 ,0 ,0.0,0.0,0.0,7 ,20950
A,"Agriculture, Forestry and Fishing",213041571,Brookfield,7 ,0 ,0.0,0.0,0.0,7 ,21202
A,"Agriculture, Forestry and Fishing",213041572,Cobblebank - Strathtulloh,4 ,3 ,0.0,0.0,0.0,8 ,21642
A,"Agriculture, Forestry and Fishing",213041573,Eynesbury - Exford,3 ,0 ,0.0,0.0,0.0,3 ,20899
A,"Agriculture, Forestry and Fishing",213041574,Fraser Rise - Plumpton,3 ,0 ,0.0,0.0,0.0,3 ,20754
A,"Agriculture, Forestry and Fishing",213041575,Hillside,0 ,0 ,0.0,0.0,0.0,0 ,20950
A,"Agriculture, Forestry and Fishing",213041576,Kurunjang - Toolern Vale,22 ,8 ,0.0,0.0,0.0,30 ,20605
A,"Agriculture, Forestry and Fishing",213041577,Melton,4 ,0 ,0.0,0.0,0.0,5 ,21140
A,"Agriculture, Forestry and Fishing",213041578,Melton South - Weir Views,3 ,0 ,0.0,0.0,0.0,4 ,20351
A,"Agriculture, Forestry and Fishing",213051361,Hoppers Crossing - North,12 ,0 ,0.0,0.0,0.0,13 ,22582
A,"Agriculture, Forestry and Fishing",213051362,Hoppers Crossing - South,3 ,0 ,0.0,0.0,0.0,3 ,22451
A,"Agriculture, Forestry and Fishing",213051363,Laverton,8 ,0 ,0.0,0.0,0.0,8 ,22397
A,"Agriculture, Forestry and Fishing",213051368,Werribee - South,64 ,30 ,11.0,8.0,0.0,113 ,20601
A,"Agriculture, Forestry and Fishing",213051464,Point Cook - East,6 ,3 ,0.0,0.0,0.0,9 ,20036
A,"Agriculture, Forestry and Fishing",213051466,Point Cook - South,3 ,3 ,0.0,0.0,0.0,6 ,22086
A,"Agriculture, Forestry and Fishing",213051467,Werribee - East,0 ,0 ,0.0,0.0,0.0,0 ,22451
A,"Agriculture, Forestry and Fishing",213051468,Werribee - West,15 ,3 ,3.0,0.0,0.0,19 ,20115
A,"Agriculture, Forestry and Fishing",213051579,Manor Lakes - Quandong,5 ,0 ,0.0,0.0,0.0,5 ,20115
A,"Agriculture, Forestry and Fishing",213051580,Point Cook - North East,5 ,0 ,0.0,0.0,0.0,6 ,20036
A,"Agriculture, Forestry and Fishing",213051581,Point Cook - North West,3 ,0 ,0.0,0.0,0.0,3 ,22086
A,"Agriculture, Forestry and Fishing",213051582,Tarneit (West) - Mount Cottrell,6 ,0 ,0.0,0.0,0.0,6 ,20899
A,"Agriculture, Forestry and Fishing",213051583,Tarneit - Central,8 ,0 ,0.0,0.0,0.0,9 ,22582
A,"Agriculture, Forestry and Fishing",213051584,Tarneit - North,6 ,0 ,0.0,0.0,0.0,7 ,22582
A,"Agriculture, Forestry and Fishing",213051585,Tarneit - South,0 ,0 ,0.0,0.0,0.0,0 ,22451
A,"Agriculture, Forestry and Fishing",213051586,Truganina - North,7 ,0 ,0.0,0.0,0.0,7 ,20743
A,"Agriculture, Forestry and Fishing",213051587,Truganina - South East,0 ,0 ,0.0,0.0,0.0,0 ,21477
A,"Agriculture, Forestry and Fishing",213051588,Truganina - South West,7 ,0 ,0.0,0.0,0.0,7 ,22582
A,"Agriculture, Forestry and Fishing",213051589,Wyndham Vale - North,10 ,0 ,0.0,0.0,0.0,10 ,20116
A,"Agriculture, Forestry and Fishing",213051590,Wyndham Vale - South,3 ,0 ,0.0,0.0,0.0,3 ,22750
A,"Agriculture, Forestry and Fishing",214011370,Carrum Downs,10 ,5 ,4.0,0.0,0.0,20 ,20131
A,"Agriculture, Forestry and Fishing",214011371,Frankston,10 ,3 ,0.0,0.0,0.0,14 ,22249
A,"Agriculture, Forestry and Fishing",214011372,Frankston North,6 ,0 ,0.0,0.0,0.0,6 ,20508
A,"Agriculture, Forestry and Fishing",214011373,Frankston South,9 ,0 ,0.0,0.0,0.0,9 ,21468
A,"Agriculture, Forestry and Fishing",214011374,Langwarrin,14 ,4 ,3.0,0.0,0.0,20 ,20508
A,"Agriculture, Forestry and Fishing",214011375,Seaford (Vic.),5 ,0 ,0.0,0.0,0.0,8 ,20507
A,"Agriculture, Forestry and Fishing",214011376,Skye - Sandhurst,10 ,0 ,3.0,0.0,0.0,14 ,20508
A,"Agriculture, Forestry and Fishing",214021377,Dromana,20 ,8 ,0.0,0.0,0.0,30 ,20072
A,"Agriculture, Forestry and Fishing",214021378,Flinders,154 ,45 ,14.0,8.0,0.0,221 ,20072
A,"Agriculture, Forestry and Fishing",214021379,Hastings - Somers,66 ,11 ,3.0,0.0,0.0,81 ,21664
A,"Agriculture, Forestry and Fishing",214021381,Mount Eliza,13 ,3 ,0.0,0.0,0.0,17 ,20949
A,"Agriculture, Forestry and Fishing",214021382,Mount Martha,22 ,0 ,3.0,0.0,0.0,24 ,21803
A,"Agriculture, Forestry and Fishing",214021383,Point Nepean,21 ,0 ,3.0,0.0,0.0,26 ,20280
A,"Agriculture, Forestry and Fishing",214021384,Rosebud - McCrae,13 ,3 ,0.0,0.0,0.0,17 ,20072
A,"Agriculture, Forestry and Fishing",214021385,Somerville,86 ,19 ,7.0,7.0,0.0,119 ,22050
A,"Agriculture, Forestry and Fishing",214021591,Mornington - East,14 ,6 ,0.0,0.0,0.0,20 ,21793
A,"Agriculture, Forestry and Fishing",214021592,Mornington - West,14 ,3 ,0.0,0.0,0.0,16 ,21793
A,"Agriculture, Forestry and Fishing",215011386,Ararat,62 ,11 ,0.0,3.0,0.0,76 ,20811
A,"Agriculture, Forestry and Fishing",215011387,Ararat Surrounds,228 ,112 ,31.0,3.0,0.0,374 ,20680
A,"Agriculture, Forestry and Fishing",215011388,Horsham,157 ,42 ,8.0,0.0,0.0,207 ,20403
A,"Agriculture, Forestry and Fishing",215011389,Horsham Surrounds,257 ,109 ,46.0,3.0,0.0,415 ,20403
A,"Agriculture, Forestry and Fishing",215011390,Nhill Region,347 ,139 ,66.0,0.0,0.0,552 ,20756
A,"Agriculture, Forestry and Fishing",215011391,St Arnaud,156 ,63 ,30.0,3.0,0.0,250 ,20142
A,"Agriculture, Forestry and Fishing",215011392,Stawell,135 ,56 ,22.0,3.0,0.0,215 ,20680
A,"Agriculture, Forestry and Fishing",215011393,West Wimmera,200 ,115 ,42.0,3.0,0.0,360 ,20119
A,"Agriculture, Forestry and Fishing",215011394,Yarriambiack,327 ,159 ,43.0,0.0,0.0,530 ,20756
A,"Agriculture, Forestry and Fishing",215021395,Irymple,164 ,54 ,10.0,4.0,0.0,232 ,20488
A,"Agriculture, Forestry and Fishing",215021396,Merbein,115 ,26 ,16.0,5.0,0.0,163 ,21388
A,"Agriculture, Forestry and Fishing",215021398,Mildura Surrounds,215 ,88 ,29.0,5.0,0.0,338 ,20234
A,"Agriculture, Forestry and Fishing",215021399,Red Cliffs,168 ,57 ,17.0,5.0,0.0,247 ,20488
A,"Agriculture, Forestry and Fishing",215021469,Mildura - North,108 ,37 ,21.0,5.0,0.0,172 ,21682
A,"Agriculture, Forestry and Fishing",215021470,Mildura - South,103 ,31 ,10.0,5.0,0.0,149 ,21245
A,"Agriculture, Forestry and Fishing",215031400,Buloke,356 ,170 ,30.0,4.0,0.0,560 ,20155
A,"Agriculture, Forestry and Fishing",215031401,Gannawarra,357 ,126 ,26.0,3.0,0.0,512 ,20051
A,"Agriculture, Forestry and Fishing",215031402,Kerang,82 ,17 ,3.0,0.0,0.0,102 ,20477
A,"Agriculture, Forestry and Fishing",215031403,Robinvale,108 ,52 ,15.0,10.0,0.0,185 ,22744
A,"Agriculture, Forestry and Fishing",215031404,Swan Hill,188 ,54 ,8.0,0.0,0.0,251 ,21076
A,"Agriculture, Forestry and Fishing",215031405,Swan Hill Surrounds,299 ,121 ,28.0,11.0,0.0,460 ,20047
A,"Agriculture, Forestry and Fishing",216011406,Echuca,137 ,19 ,5.0,3.0,0.0,164 ,20125
A,"Agriculture, Forestry and Fishing",216011407,Kyabram,338 ,73 ,27.0,3.0,0.0,441 ,20838
A,"Agriculture, Forestry and Fishing",216011408,Lockington - Gunbower,237 ,72 ,20.0,3.0,0.0,330 ,20755
A,"Agriculture, Forestry and Fishing",216011409,Rochester,143 ,44 ,11.0,0.0,0.0,199 ,20281
A,"Agriculture, Forestry and Fishing",216011410,Rushworth,200 ,50 ,15.0,0.0,0.0,266 ,20093
A,"Agriculture, Forestry and Fishing",216021411,Cobram,105 ,24 ,7.0,3.0,0.0,139 ,20301
A,"Agriculture, Forestry and Fishing",216021412,Moira,161 ,40 ,11.0,0.0,0.0,212 ,20032
A,"Agriculture, Forestry and Fishing",216021413,Numurkah,518 ,111 ,27.0,9.0,0.0,665 ,20839
A,"Agriculture, Forestry and Fishing",216021414,Yarrawonga,47 ,12 ,5.0,0.0,0.0,66 ,20395
A,"Agriculture, Forestry and Fishing",216031415,Mooroopna,25 ,5 ,3.0,0.0,0.0,31 ,20063
A,"Agriculture, Forestry and Fishing",216031416,Shepparton - North,75 ,16 ,4.0,0.0,0.0,97 ,20393
A,"Agriculture, Forestry and Fishing",216031418,Shepparton Surrounds - East,302 ,50 ,15.0,0.0,0.0,367 ,20056
A,"Agriculture, Forestry and Fishing",216031419,Shepparton Surrounds - West,379 ,100 ,26.0,7.0,0.0,512 ,20056
A,"Agriculture, Forestry and Fishing",216031593,Kialla,57 ,13 ,3.0,3.0,0.0,73 ,20056
A,"Agriculture, Forestry and Fishing",216031594,Shepparton - South East,145 ,39 ,18.0,0.0,0.0,203 ,21340
A,"Agriculture, Forestry and Fishing",217011420,Glenelg (Vic.),484 ,168 ,34.0,7.0,0.0,693 ,20340
A,"Agriculture, Forestry and Fishing",217011421,Hamilton (Vic.),129 ,39 ,16.0,9.0,0.0,193 ,20322
A,"Agriculture, Forestry and Fishing",217011422,Portland,69 ,13 ,8.0,0.0,0.0,91 ,20274
A,"Agriculture, Forestry and Fishing",217011423,Southern Grampians,495 ,254 ,101.0,8.0,0.0,858 ,20199
A,"Agriculture, Forestry and Fishing",217031471,Camperdown,79 ,19 ,8.0,0.0,0.0,106 ,20285
A,"Agriculture, Forestry and Fishing",217031472,Colac,90 ,15 ,7.0,0.0,0.0,112 ,20149
A,"Agriculture, Forestry and Fishing",217031473,Colac Surrounds,383 ,101 ,28.0,3.0,0.0,515 ,20671
A,"Agriculture, Forestry and Fishing",217031474,Corangamite - North,284 ,116 ,42.0,3.0,0.0,444 ,20319
A,"Agriculture, Forestry and Fishing",217031475,Corangamite - South,418 ,173 ,46.0,7.0,0.0,644 ,20306
A,"Agriculture, Forestry and Fishing",217031476,Otway,81 ,25 ,3.0,0.0,0.0,107 ,20161
A,"Agriculture, Forestry and Fishing",217041477,Moyne - East,455 ,183 ,73.0,4.0,0.0,715 ,21916
A,"Agriculture, Forestry and Fishing",217041478,Moyne - West,354 ,99 ,40.0,3.0,0.0,496 ,20225
A,"Agriculture, Forestry and Fishing",217041479,Warrnambool - North,87 ,15 ,3.0,0.0,0.0,104 ,20028
A,"Agriculture, Forestry and Fishing",217041480,Warrnambool - South,131 ,35 ,13.0,3.0,0.0,182 ,20028
B,Mining,201011001,Alfredton,0 ,0 ,0.0,0.0,0.0,3 ,20023
B,Mining,201011002,Ballarat,8 ,3 ,3.0,0.0,0.0,12 ,20023
B,Mining,201011005,Buninyong,0 ,3 ,0.0,0.0,0.0,3 ,20409
B,Mining,201011006,Delacombe,0 ,0 ,0.0,0.0,0.0,0 ,20023
B,Mining,201011007,Smythes Creek,0 ,0 ,0.0,0.0,0.0,3 ,20262
B,Mining,201011008,Wendouree - Miners Rest,3 ,0 ,3.0,0.0,0.0,5 ,20023
B,Mining,201011481,Ballarat East - Warrenheip,0 ,0 ,0.0,0.0,0.0,0 ,20104
B,Mining,201011482,Ballarat North - Invermay,0 ,0 ,0.0,0.0,0.0,3 ,22745
B,Mining,201011483,Canadian - Mount Clear,0 ,3 ,0.0,0.0,0.0,3 ,20111
B,Mining,201011484,Sebastopol - Redan,3 ,0 ,0.0,0.0,0.0,3 ,20730
B,Mining,201021009,Bacchus Marsh Surrounds,0 ,0 ,0.0,0.0,0.0,3 ,20076
B,Mining,201021010,Creswick - Clunes,0 ,0 ,0.0,0.0,0.0,0 ,20262
B,Mining,201021011,Daylesford,0 ,3 ,0.0,0.0,0.0,0 ,20256
B,Mining,201021012,Gordon (Vic.),3 ,0 ,0.0,0.0,0.0,3 ,20409
B,Mining,201031013,Avoca,0 ,3 ,0.0,0.0,0.0,0 ,20008
B,Mining,201031014,Beaufort,0 ,0 ,0.0,0.0,0.0,0 ,20262
B,Mining,201031015,Golden Plains - North,0 ,0 ,0.0,3.0,0.0,0 ,21123
B,Mining,201031016,Maryborough (Vic.),0 ,0 ,3.0,0.0,0.0,3 ,20009
B,Mining,201031017,Maryborough Surrounds,0 ,0 ,0.0,0.0,0.0,0 ,20459
B,Mining,202011018,Bendigo,3 ,0 ,0.0,0.0,0.0,3 ,20208
B,Mining,202011019,California Gully - Eaglehawk,4 ,0 ,3.0,0.0,0.0,8 ,20444
B,Mining,202011020,East Bendigo - Kennington,4 ,3 ,3.0,0.0,0.0,8 ,20208
B,Mining,202011021,Flora Hill - Spring Gully,0 ,3 ,0.0,0.0,0.0,3 ,20208
B,Mining,202011022,Kangaroo Flat - Golden Square,4 ,0 ,0.0,0.0,0.0,6 ,20208
B,Mining,202011023,Maiden Gully,3 ,3 ,0.0,0.0,0.0,3 ,20444
B,Mining,202011024,Strathfieldsaye,0 ,0 ,0.0,0.0,0.0,3 ,20828
B,Mining,202011025,White Hills - Ascot,3 ,3 ,0.0,0.0,0.0,4 ,20208
B,Mining,202021026,Bendigo Surrounds - South,0 ,0 ,0.0,0.0,0.0,0 ,20835
B,Mining,202021027,Castlemaine,3 ,0 ,3.0,0.0,0.0,4 ,20955
B,Mining,202021028,Castlemaine Surrounds,0 ,0 ,0.0,0.0,0.0,3 ,20459
B,Mining,202021029,Heathcote,0 ,0 ,3.0,0.0,3.0,6 ,20877
B,Mining,202021030,Kyneton,0 ,0 ,0.0,0.0,0.0,0 ,20076
B,Mining,202021031,Woodend,0 ,0 ,0.0,0.0,0.0,0 ,20076
B,Mining,202031032,Bendigo Surrounds - North,3 ,3 ,0.0,0.0,0.0,0 ,20828
B,Mining,202031033,Loddon,3 ,0 ,0.0,0.0,0.0,3 ,20177
B,Mining,203011034,Bannockburn,0 ,0 ,0.0,0.0,0.0,0 ,20133
B,Mining,203011035,Golden Plains - South,0 ,0 ,0.0,0.0,0.0,0 ,20217
B,Mining,203011036,Winchelsea,0 ,0 ,0.0,0.0,0.0,0 ,20151
B,Mining,203021037,Belmont,0 ,0 ,0.0,0.0,0.0,3 ,20201
B,Mining,203021039,Geelong,3 ,3 ,0.0,0.0,0.0,4 ,20201
B,Mining,203021040,Geelong West - Hamlyn Heights,0 ,0 ,0.0,0.0,0.0,3 ,20165
B,Mining,203021042,Highton,0 ,0 ,0.0,0.0,0.0,3 ,20151
B,Mining,203021043,Lara,3 ,0 ,0.0,0.0,0.0,4 ,20115
B,Mining,203021044,Leopold,3 ,0 ,0.0,0.0,0.0,3 ,20621
B,Mining,203021045,Newcomb - Moolap,0 ,0 ,0.0,0.0,0.0,0 ,20326
B,Mining,203021046,Newtown (Vic.),0 ,0 ,0.0,0.0,0.0,0 ,20960
B,Mining,203021047,North Geelong - Bell Park,0 ,0 ,0.0,0.0,0.0,0 ,20165
B,Mining,203021485,Charlemont,0 ,0 ,0.0,0.0,0.0,0 ,21790
B,Mining,203021486,Corio - Lovely Banks,0 ,0 ,0.0,0.0,0.0,0 ,20165
B,Mining,203021487,Grovedale - Mount Duneed,0 ,0 ,0.0,0.0,0.0,0 ,20954
B,Mining,203021488,Norlane,0 ,0 ,0.0,0.0,0.0,0 ,20191
B,Mining,203031048,Clifton Springs,0 ,0 ,0.0,0.0,0.0,0 ,20697
B,Mining,203031049,Lorne - Anglesea,0 ,0 ,0.0,0.0,0.0,0 ,20046
B,Mining,203031051,Portarlington,0 ,0 ,0.0,0.0,0.0,3 ,20193
B,Mining,203031052,Point Lonsdale - Queenscliff,0 ,0 ,0.0,0.0,0.0,0 ,22663
B,Mining,203031053,Torquay,3 ,0 ,0.0,0.0,0.0,0 ,20046
B,Mining,203031489,Barwon Heads - Armstrong Creek,3 ,0 ,0.0,0.0,0.0,3 ,21790
B,Mining,203031490,Ocean Grove,0 ,0 ,0.0,0.0,0.0,0 ,20621
B,Mining,204011054,Alexandra,4 ,0 ,0.0,0.0,0.0,4 ,20005
B,Mining,204011055,Euroa,0 ,0 ,0.0,0.0,0.0,3 ,20283
B,Mining,204011056,Kilmore - Broadford,0 ,3 ,0.0,3.0,0.0,6 ,21980
B,Mining,204011057,Mansfield (Vic.),3 ,0 ,0.0,3.0,0.0,7 ,20283
B,Mining,204011058,Nagambie,0 ,3 ,0.0,0.0,0.0,4 ,20652
B,Mining,204011059,Seymour,0 ,0 ,0.0,0.0,0.0,0 ,20086
B,Mining,204011060,Seymour Surrounds,0 ,0 ,0.0,0.0,0.0,0 ,22154
B,Mining,204011061,Upper Yarra Valley,0 ,0 ,0.0,0.0,0.0,0 ,20452
B,Mining,204011062,Yea,0 ,0 ,0.0,0.0,0.0,0 ,20005
B,Mining,204021063,Benalla,3 ,0 ,0.0,0.0,0.0,0 ,20096
B,Mining,204021064,Benalla Surrounds,0 ,0 ,0.0,3.0,0.0,5 ,20283
B,Mining,204021065,Rutherglen,0 ,0 ,0.0,0.0,0.0,0 ,20296
B,Mining,204021066,Wangaratta,0 ,0 ,0.0,0.0,0.0,0 ,21349
B,Mining,204021067,Wangaratta Surrounds,0 ,3 ,0.0,0.0,0.0,3 ,20060
B,Mining,204031068,Beechworth,0 ,0 ,0.0,0.0,0.0,0 ,20551
B,Mining,204031069,Bright - Mount Beauty,3 ,3 ,0.0,0.0,0.0,6 ,21210
B,Mining,204031070,Chiltern - Indigo Valley,0 ,0 ,0.0,0.0,0.0,0 ,20357
B,Mining,204031071,Myrtleford,0 ,0 ,0.0,0.0,0.0,0 ,20312
B,Mining,204031072,Towong,3 ,0 ,0.0,0.0,0.0,3 ,20883
B,Mining,204031073,West Wodonga,0 ,0 ,3.0,3.0,0.0,4 ,21230
B,Mining,204031075,Yackandandah,0 ,0 ,0.0,0.0,0.0,0 ,22351
B,Mining,204031491,Baranduda - Leneva,3 ,0 ,0.0,0.0,0.0,0 ,21230
B,Mining,204031492,Wodonga,3 ,0 ,0.0,0.0,0.0,0 ,21222
B,Mining,205011076,Drouin,0 ,0 ,0.0,0.0,0.0,0 ,20081
B,Mining,205011077,Mount Baw Baw Region,3 ,0 ,0.0,0.0,0.0,3 ,20452
B,Mining,205011078,Trafalgar (Vic.),0 ,0 ,0.0,0.0,0.0,0 ,20391
B,Mining,205011079,Warragul,3 ,0 ,0.0,0.0,0.0,3 ,20081
B,Mining,205021080,Alps - East,0 ,0 ,0.0,0.0,0.0,0 ,20719
B,Mining,205021081,Bairnsdale,3 ,0 ,3.0,0.0,0.0,5 ,20103
B,Mining,205021082,Bruthen - Omeo,4 ,4 ,0.0,0.0,0.0,9 ,20265
B,Mining,205021083,Lake King,0 ,0 ,0.0,0.0,0.0,0 ,20822
B,Mining,205021084,Lakes Entrance,0 ,0 ,0.0,0.0,0.0,0 ,20290
B,Mining,205021085,Orbost,0 ,0 ,0.0,0.0,0.0,0 ,20360
B,Mining,205021086,Paynesville,0 ,0 ,0.0,0.0,0.0,0 ,20103
B,Mining,205031087,Foster,0 ,3 ,0.0,0.0,0.0,0 ,20010
B,Mining,205031088,French Island,0 ,0 ,0.0,0.0,0.0,0 ,20856
B,Mining,205031089,Korumburra,0 ,3 ,0.0,3.0,0.0,4 ,20081
B,Mining,205031090,Leongatha,3 ,0 ,3.0,0.0,0.0,4 ,20024
B,Mining,205031091,Phillip Island,0 ,0 ,0.0,0.0,0.0,3 ,20475
B,Mining,205031092,Wilsons Promontory,0 ,0 ,0.0,0.0,0.0,0 ,22800
B,Mining,205031093,Wonthaggi - Inverloch,4 ,3 ,0.0,0.0,0.0,6 ,21235
B,Mining,205041094,Churchill,3 ,0 ,0.0,0.0,0.0,0 ,20585
B,Mining,205041095,Moe - Newborough,0 ,0 ,0.0,0.0,0.0,0 ,21716
B,Mining,205041096,Morwell,0 ,0 ,0.0,0.0,0.0,3 ,22596
B,Mining,205041098,Yallourn North - Glengarry,0 ,0 ,0.0,0.0,0.0,0 ,20286
B,Mining,205041493,Traralgon - East,0 ,0 ,0.0,0.0,0.0,0 ,21027
B,Mining,205041494,Traralgon - West,0 ,0 ,0.0,0.0,0.0,4 ,21027
B,Mining,205051099,Alps - West,0 ,0 ,0.0,0.0,0.0,0 ,21210
B,Mining,205051100,Longford - Loch Sport,0 ,3 ,0.0,0.0,0.0,3 ,20938
B,Mining,205051101,Maffra,3 ,3 ,0.0,0.0,0.0,4 ,22542
B,Mining,205051102,Rosedale,3 ,3 ,0.0,0.0,0.0,4 ,22543
B,Mining,205051103,Sale,0 ,3 ,3.0,0.0,0.0,7 ,20586
B,Mining,205051104,Yarram,0 ,0 ,3.0,0.0,0.0,3 ,20242
B,Mining,206011106,Brunswick East,0 ,3 ,0.0,0.0,0.0,0 ,20361
B,Mining,206011107,Brunswick West,0 ,0 ,0.0,0.0,0.0,0 ,20361
B,Mining,206011109,Pascoe Vale South,0 ,0 ,0.0,0.0,0.0,0 ,20596
B,Mining,206011495,Brunswick - North,3 ,0 ,0.0,0.0,0.0,3 ,20361
B,Mining,206011496,Brunswick - South,0 ,0 ,0.0,0.0,0.0,0 ,20361
B,Mining,206011497,Coburg - East,0 ,0 ,0.0,0.0,0.0,0 ,20361
B,Mining,206011498,Coburg - West,0 ,0 ,0.0,0.0,0.0,0 ,20361
B,Mining,206021110,Alphington - Fairfield,0 ,0 ,0.0,0.0,0.0,0 ,21971
B,Mining,206021112,Thornbury,0 ,0 ,0.0,0.0,0.0,0 ,20362
B,Mining,206021499,Northcote - East,0 ,0 ,0.0,0.0,0.0,0 ,21971
B,Mining,206021500,Northcote - West,0 ,0 ,0.0,0.0,0.0,0 ,20362
B,Mining,206031113,Ascot Vale,0 ,0 ,0.0,0.0,0.0,0 ,20075
B,Mining,206031115,Flemington,0 ,0 ,0.0,0.0,0.0,0 ,20075
B,Mining,206031116,Moonee Ponds,3 ,0 ,0.0,0.0,0.0,0 ,20075
B,Mining,206031501,Essendon (West) - Aberfeldie,0 ,0 ,0.0,0.0,0.0,0 ,20885
B,Mining,206031502,Essendon - East,0 ,0 ,0.0,3.0,0.0,3 ,20363
B,Mining,206041117,Carlton,0 ,0 ,0.0,0.0,0.0,0 ,20496
B,Mining,206041118,Docklands,4 ,0 ,0.0,0.0,0.0,4 ,21640
B,Mining,206041119,East Melbourne,3 ,3 ,0.0,0.0,0.0,4 ,20495
B,Mining,206041120,Flemington Racecourse,0 ,0 ,0.0,0.0,0.0,0 ,20075
B,Mining,206041121,Kensington (Vic.),3 ,0 ,0.0,0.0,0.0,3 ,20929
B,Mining,206041124,Parkville,0 ,0 ,0.0,0.0,0.0,0 ,20361
B,Mining,206041125,South Yarra - West,3 ,3 ,0.0,0.0,0.0,3 ,21640
B,Mining,206041127,West Melbourne - Industrial,0 ,0 ,0.0,0.0,0.0,0 ,20935
B,Mining,206041503,Melbourne CBD - East,28 ,6 ,4.0,3.0,0.0,40 ,20495
B,Mining,206041504,Melbourne CBD - North,3 ,0 ,0.0,0.0,0.0,0 ,20495
B,Mining,206041505,Melbourne CBD - West,86 ,28 ,10.0,4.0,0.0,129 ,21640
B,Mining,206041506,North Melbourne,0 ,0 ,0.0,0.0,0.0,3 ,22038
B,Mining,206041507,Royal Botanic Gardens Victoria,0 ,0 ,0.0,0.0,0.0,0 ,21640
B,Mining,206041508,Southbank (West) - South Wharf,3 ,0 ,3.0,0.0,0.0,4 ,21640
B,Mining,206041509,Southbank - East,7 ,0 ,0.0,0.0,0.0,9 ,21640
B,Mining,206041510,West Melbourne - Residential,0 ,0 ,0.0,0.0,0.0,0 ,21640
B,Mining,206051128,Albert Park,4 ,3 ,0.0,0.0,0.0,7 ,21640
B,Mining,206051129,Elwood,3 ,0 ,0.0,0.0,0.0,3 ,22343
B,Mining,206051130,Port Melbourne,0 ,0 ,0.0,0.0,0.0,3 ,22107
B,Mining,206051134,St Kilda East,0 ,0 ,0.0,0.0,0.0,0 ,22118
B,Mining,206051511,Port Melbourne Industrial,0 ,0 ,0.0,0.0,0.0,0 ,20766
B,Mining,206051512,South Melbourne,7 ,6 ,3.0,0.0,0.0,16 ,21640
B,Mining,206051513,St Kilda - Central,3 ,0 ,0.0,0.0,0.0,3 ,22805
B,Mining,206051514,St Kilda - West,0 ,0 ,0.0,0.0,0.0,0 ,21640
B,Mining,206061135,Armadale,4 ,0 ,0.0,0.0,0.0,4 ,22118
B,Mining,206061136,Prahran - Windsor,4 ,0 ,0.0,0.0,0.0,5 ,21640
B,Mining,206061138,Toorak,4 ,0 ,0.0,0.0,0.0,5 ,22118
B,Mining,206061515,South Yarra - North,19 ,3 ,0.0,0.0,0.0,24 ,21640
B,Mining,206061516,South Yarra - South,0 ,3 ,0.0,0.0,0.0,3 ,22118
B,Mining,206071139,Abbotsford,0 ,0 ,0.0,0.0,0.0,3 ,20901
B,Mining,206071140,Carlton North - Princes Hill,0 ,0 ,0.0,0.0,0.0,0 ,20361
B,Mining,206071141,Collingwood,3 ,0 ,3.0,0.0,0.0,4 ,20925
B,Mining,206071142,Fitzroy,3 ,0 ,0.0,0.0,0.0,3 ,20925
B,Mining,206071143,Fitzroy North,0 ,0 ,0.0,0.0,0.0,0 ,20362
B,Mining,206071145,Clifton Hill - Alphington,0 ,0 ,0.0,0.0,0.0,0 ,20925
B,Mining,206071517,Richmond (South) - Cremorne,3 ,0 ,3.0,0.0,0.0,5 ,20830
B,Mining,206071518,Richmond - North,3 ,0 ,0.0,0.0,0.0,0 ,20830
B,Mining,207011146,Ashburton (Vic.),0 ,0 ,0.0,0.0,0.0,0 ,20077
B,Mining,207011147,Balwyn,0 ,3 ,0.0,0.0,0.0,3 ,21336
B,Mining,207011148,Balwyn North,0 ,0 ,0.0,0.0,0.0,0 ,21336
B,Mining,207011149,Camberwell,3 ,0 ,0.0,0.0,0.0,0 ,21010
B,Mining,207011150,Glen Iris - East,0 ,0 ,0.0,0.0,0.0,3 ,20077
B,Mining,207011152,Hawthorn East,0 ,0 ,0.0,0.0,0.0,0 ,21586
B,Mining,207011154,Kew East,0 ,0 ,0.0,0.0,0.0,0 ,20034
B,Mining,207011155,Surrey Hills (West) - Canterbury,0 ,0 ,0.0,0.0,0.0,0 ,21336
B,Mining,207011519,Hawthorn - North,3 ,0 ,0.0,0.0,0.0,3 ,22170
B,Mining,207011520,Hawthorn - South,3 ,0 ,0.0,0.0,0.0,3 ,22547
B,Mining,207011521,Kew - South,3 ,5 ,0.0,0.0,0.0,8 ,21152
B,Mining,207011522,Kew - West,0 ,0 ,0.0,0.0,0.0,0 ,20034
B,Mining,207021156,Bulleen,0 ,0 ,0.0,0.0,0.0,3 ,20124
B,Mining,207021157,Doncaster,0 ,0 ,0.0,0.0,0.0,3 ,20124
B,Mining,207021159,Templestowe,0 ,0 ,0.0,0.0,0.0,3 ,20771
B,Mining,207021160,Templestowe Lower,3 ,0 ,0.0,0.0,0.0,0 ,20386
B,Mining,207021424,Doncaster East - North,0 ,0 ,0.0,0.0,0.0,0 ,20771
B,Mining,207021425,Doncaster East - South,0 ,0 ,0.0,0.0,0.0,0 ,20771
B,Mining,207031161,Blackburn,0 ,0 ,0.0,0.0,0.0,0 ,20315
B,Mining,207031162,Blackburn South,3 ,0 ,0.0,0.0,0.0,0 ,20426
B,Mining,207031163,Box Hill,0 ,0 ,0.0,0.0,0.0,3 ,21732
B,Mining,207031164,Box Hill North,3 ,0 ,0.0,0.0,0.0,3 ,20123
B,Mining,207031165,Burwood (Vic.),3 ,0 ,0.0,0.0,0.0,3 ,21010
B,Mining,207031166,Burwood East,0 ,0 ,0.0,0.0,0.0,0 ,20426
B,Mining,207031167,Surrey Hills (East) - Mont Albert,0 ,0 ,0.0,0.0,0.0,0 ,21732
B,Mining,208011168,Beaumaris,0 ,0 ,0.0,0.0,0.0,0 ,20182
B,Mining,208011169,Brighton (Vic.),0 ,3 ,0.0,0.0,0.0,3 ,20337
B,Mining,208011170,Brighton East,0 ,0 ,0.0,0.0,0.0,0 ,20337
B,Mining,208011171,Highett (West) - Cheltenham,3 ,0 ,0.0,0.0,0.0,3 ,20182
B,Mining,208011172,Hampton,0 ,3 ,0.0,0.0,0.0,0 ,20337
B,Mining,208011173,Sandringham - Black Rock,0 ,0 ,0.0,0.0,0.0,0 ,20182
B,Mining,208021174,Bentleigh - McKinnon,0 ,0 ,0.0,0.0,0.0,3 ,20338
B,Mining,208021176,Carnegie,0 ,0 ,0.0,0.0,0.0,0 ,21587
B,Mining,208021177,Caulfield - North,0 ,0 ,0.0,0.0,0.0,0 ,20105
B,Mining,208021178,Caulfield - South,3 ,0 ,0.0,0.0,0.0,3 ,20864
B,Mining,208021179,Elsternwick,0 ,0 ,0.0,0.0,0.0,0 ,20337
B,Mining,208021180,Hughesdale,0 ,0 ,0.0,0.0,0.0,0 ,21587
B,Mining,208021181,Murrumbeena,0 ,0 ,0.0,0.0,0.0,3 ,21587
B,Mining,208021182,Ormond - Glen Huntly,0 ,0 ,0.0,0.0,0.0,0 ,20338
B,Mining,208021426,Bentleigh East - North,0 ,0 ,0.0,0.0,0.0,0 ,20214
B,Mining,208021427,Bentleigh East - South,0 ,0 ,0.0,0.0,0.0,3 ,20214
B,Mining,208031183,Aspendale Gardens - Waterways,3 ,0 ,0.0,0.0,0.0,0 ,20079
B,Mining,208031184,Braeside,0 ,0 ,0.0,0.0,0.0,0 ,20079
B,Mining,208031185,Carrum - Patterson Lakes,0 ,0 ,0.0,0.0,0.0,0 ,20131
B,Mining,208031186,Chelsea - Bonbeach,0 ,0 ,0.0,0.0,0.0,0 ,20538
B,Mining,208031187,Chelsea Heights,0 ,0 ,0.0,0.0,0.0,0 ,20080
B,Mining,208031188,Highett (East) - Cheltenham,3 ,0 ,0.0,0.0,0.0,3 ,20539
B,Mining,208031189,Edithvale - Aspendale,3 ,0 ,0.0,0.0,0.0,3 ,20079
B,Mining,208031190,Mentone,0 ,0 ,0.0,0.0,0.0,0 ,20182
B,Mining,208031191,Moorabbin - Heatherton,6 ,0 ,0.0,0.0,0.0,7 ,20539
B,Mining,208031192,Moorabbin Airport,0 ,0 ,0.0,0.0,0.0,0 ,20539
B,Mining,208031193,Mordialloc - Parkdale,0 ,0 ,0.0,0.0,0.0,0 ,21648
B,Mining,208041194,Malvern - Glen Iris,3 ,0 ,0.0,0.0,0.0,3 ,20066
B,Mining,208041195,Malvern East,0 ,0 ,0.0,0.0,0.0,3 ,20523
B,Mining,209011196,Bundoora - East,0 ,0 ,0.0,0.0,0.0,0 ,20399
B,Mining,209011197,Greensborough,0 ,0 ,0.0,0.0,0.0,0 ,21104
B,Mining,209011198,Heidelberg - Rosanna,0 ,0 ,0.0,0.0,0.0,0 ,21246
B,Mining,209011199,Heidelberg West,3 ,0 ,0.0,0.0,0.0,0 ,22121
B,Mining,209011200,Ivanhoe,0 ,0 ,0.0,0.0,0.0,0 ,22508
B,Mining,209011201,Ivanhoe East - Eaglemont,3 ,0 ,0.0,0.0,0.0,3 ,21246
B,Mining,209011202,Montmorency - Briar Hill,0 ,0 ,0.0,0.0,0.0,0 ,22484
B,Mining,209011203,Viewbank - Yallambie,0 ,0 ,0.0,0.0,0.0,0 ,20386
B,Mining,209011204,Watsonia,0 ,0 ,0.0,0.0,0.0,0 ,20399
B,Mining,209021205,Kingsbury,0 ,0 ,0.0,0.0,0.0,0 ,20399
B,Mining,209021428,Preston - East,0 ,0 ,0.0,0.0,0.0,0 ,22121
B,Mining,209021429,Preston - West,0 ,0 ,0.0,0.0,0.0,0 ,20596
B,Mining,209021523,Reservoir - North East,0 ,0 ,0.0,0.0,0.0,0 ,20399
B,Mining,209021524,Reservoir - North West,0 ,0 ,0.0,0.0,0.0,0 ,22161
B,Mining,209021525,Reservoir - South East,3 ,0 ,0.0,0.0,0.0,3 ,22121
B,Mining,209021526,Reservoir - South West,0 ,0 ,0.0,0.0,0.0,0 ,20597
B,Mining,209031209,Eltham,0 ,0 ,0.0,0.0,0.0,0 ,22483
B,Mining,209031210,Hurstbridge,0 ,0 ,0.0,0.0,0.0,0 ,20752
B,Mining,209031211,Kinglake,0 ,3 ,3.0,0.0,0.0,3 ,20916
B,Mining,209031212,Panton Hill - St Andrews,3 ,0 ,0.0,0.0,0.0,3 ,21358
B,Mining,209031213,Plenty - Yarrambat,0 ,0 ,0.0,0.0,0.0,0 ,20399
B,Mining,209031214,Research - North Warrandyte,0 ,0 ,0.0,0.0,0.0,0 ,20865
B,Mining,209031215,Wattle Glen - Diamond Creek,3 ,0 ,0.0,0.0,0.0,0 ,20865
B,Mining,209041216,Bundoora - North,0 ,0 ,0.0,0.0,0.0,0 ,20399
B,Mining,209041217,Bundoora - West,0 ,0 ,0.0,0.0,0.0,0 ,20399
B,Mining,209041220,Mill Park - North,0 ,0 ,0.0,0.0,0.0,0 ,21683
B,Mining,209041221,Mill Park - South,0 ,0 ,0.0,0.0,0.0,0 ,20399
B,Mining,209041223,Thomastown,0 ,0 ,0.0,0.0,0.0,0 ,20399
B,Mining,209041224,Wallan,3 ,3 ,0.0,0.0,0.0,3 ,20345
B,Mining,209041225,Whittlesea,0 ,0 ,0.0,0.0,0.0,0 ,20576
B,Mining,209041431,Epping - East,0 ,0 ,0.0,0.0,0.0,3 ,22311
B,Mining,209041432,Epping - South,0 ,3 ,0.0,0.0,0.0,0 ,21683
B,Mining,209041433,Epping (Vic.) - West,0 ,0 ,0.0,0.0,0.0,0 ,20878
B,Mining,209041435,South Morang - North,3 ,0 ,0.0,0.0,0.0,0 ,20779
B,Mining,209041436,South Morang - South,0 ,0 ,0.0,0.0,0.0,0 ,22916
B,Mining,209041437,Wollert,0 ,0 ,0.0,0.0,0.0,3 ,22311
B,Mining,209041527,Doreen - North,0 ,0 ,0.0,0.0,0.0,0 ,20779
B,Mining,209041528,Doreen - South,0 ,0 ,0.0,0.0,0.0,0 ,20779
B,Mining,209041529,Lalor - East,0 ,0 ,0.0,0.0,0.0,0 ,22504
B,Mining,209041530,Lalor - West,0 ,0 ,0.0,0.0,0.0,0 ,22504
B,Mining,209041531,Mernda - North,0 ,0 ,0.0,0.0,0.0,3 ,20779
B,Mining,209041532,Mernda - South,0 ,0 ,0.0,0.0,0.0,0 ,20779
B,Mining,210011226,Airport West,0 ,0 ,0.0,0.0,0.0,0 ,20886
B,Mining,210011227,Essendon Airport,0 ,0 ,0.0,0.0,0.0,0 ,22380
B,Mining,210011228,Keilor,0 ,0 ,0.0,0.0,0.0,0 ,20015
B,Mining,210011230,Niddrie - Essendon West,0 ,0 ,0.0,0.0,0.0,0 ,20885
B,Mining,210011231,Strathmore,3 ,0 ,0.0,0.0,0.0,3 ,20885
B,Mining,210011533,Avondale Heights,0 ,0 ,0.0,0.0,0.0,0 ,21604
B,Mining,210011534,Keilor East,0 ,0 ,0.0,0.0,0.0,0 ,20888
B,Mining,210021232,Gisborne,3 ,0 ,0.0,0.0,0.0,0 ,20076
B,Mining,210021233,Macedon,0 ,0 ,0.0,0.0,0.0,0 ,20387
B,Mining,210021234,Riddells Creek,0 ,0 ,0.0,0.0,0.0,0 ,21176
B,Mining,210021235,Romsey,3 ,0 ,0.0,0.0,0.0,3 ,20172
B,Mining,210031236,Coburg North,0 ,0 ,0.0,0.0,0.0,3 ,20596
B,Mining,210031237,Fawkner,0 ,0 ,0.0,0.0,0.0,0 ,20597
B,Mining,210031439,Gowanbrae,0 ,0 ,0.0,0.0,0.0,0 ,22381
B,Mining,210031440,Hadfield,0 ,0 ,0.0,0.0,0.0,0 ,22041
B,Mining,210031535,Glenroy - East,0 ,0 ,0.0,0.0,0.0,0 ,22041
B,Mining,210031536,Glenroy - West,0 ,0 ,0.0,0.0,0.0,0 ,22381
B,Mining,210031537,Oak Park,0 ,0 ,0.0,0.0,0.0,0 ,22042
B,Mining,210031538,Pascoe Vale,0 ,0 ,0.0,0.0,0.0,0 ,22042
B,Mining,210041240,Sunbury,0 ,0 ,0.0,0.0,0.0,0 ,20567
B,Mining,210041539,Diggers Rest,0 ,0 ,0.0,0.0,0.0,0 ,20754
B,Mining,210041540,Sunbury - South,0 ,0 ,0.0,0.0,0.0,3 ,21318
B,Mining,210041541,Sunbury - West,0 ,0 ,0.0,0.0,0.0,0 ,20754
B,Mining,210051242,Broadmeadows,0 ,0 ,0.0,0.0,0.0,0 ,20909
B,Mining,210051243,Campbellfield - Coolaroo,0 ,3 ,3.0,0.0,0.0,5 ,22161
B,Mining,210051245,Gladstone Park - Westmeadows,0 ,0 ,0.0,0.0,0.0,0 ,22586
B,Mining,210051246,Greenvale - Bulla,0 ,0 ,0.0,0.0,0.0,0 ,21675
B,Mining,210051247,Meadow Heights,0 ,0 ,0.0,0.0,0.0,0 ,20624
B,Mining,210051248,Melbourne Airport,0 ,0 ,0.0,0.0,0.0,0 ,21319
B,Mining,210051250,Tullamarine,0 ,0 ,0.0,0.0,0.0,0 ,22586
B,Mining,210051441,Craigieburn - Central,0 ,0 ,0.0,0.0,0.0,0 ,20661
B,Mining,210051442,Craigieburn - North,0 ,0 ,0.0,0.0,0.0,0 ,21675
B,Mining,210051443,Craigieburn - South,0 ,0 ,0.0,0.0,0.0,0 ,20878
B,Mining,210051445,Mickleham - Yuroke,0 ,0 ,0.0,0.0,0.0,0 ,20233
B,Mining,210051542,Craigieburn - North West,0 ,0 ,0.0,0.0,0.0,0 ,21675
B,Mining,210051543,Craigieburn - West,0 ,0 ,0.0,0.0,0.0,0 ,21675
B,Mining,210051544,Roxburgh Park (South) - Somerton,0 ,0 ,0.0,0.0,0.0,0 ,20878
B,Mining,210051545,Roxburgh Park - North,0 ,0 ,0.0,0.0,0.0,0 ,20661
B,Mining,211011251,Bayswater,0 ,0 ,0.0,0.0,0.0,0 ,20173
B,Mining,211011254,Knoxfield - Scoresby,0 ,0 ,0.0,0.0,0.0,0 ,21013
B,Mining,211011255,Lysterfield,0 ,0 ,0.0,0.0,0.0,0 ,20917
B,Mining,211011256,Rowville - Central,0 ,0 ,0.0,0.0,0.0,0 ,21374
B,Mining,211011257,Rowville - North,0 ,0 ,0.0,0.0,0.0,0 ,20917
B,Mining,211011258,Rowville - South,0 ,0 ,0.0,0.0,0.0,0 ,22207
B,Mining,211011259,Wantirna,0 ,0 ,0.0,0.0,0.0,0 ,22628
B,Mining,211011260,Wantirna South,0 ,0 ,0.0,0.0,0.0,3 ,21013
B,Mining,211011446,Boronia,0 ,0 ,0.0,0.0,0.0,3 ,20173
B,Mining,211011447,Ferntree Gully - North,0 ,0 ,0.0,0.0,0.0,0 ,20304
B,Mining,211011448,Ferntree Gully (South) - Upper Ferntree Gully,0 ,0 ,0.0,0.0,0.0,0 ,20917
B,Mining,211011449,The Basin,0 ,0 ,0.0,0.0,0.0,0 ,20304
B,Mining,211021261,Donvale - Park Orchards,0 ,3 ,0.0,0.0,0.0,3 ,20772
B,Mining,211021262,Warrandyte - Wonga Park,3 ,0 ,0.0,0.0,0.0,3 ,20772
B,Mining,211031263,Bayswater North,0 ,0 ,0.0,0.0,0.0,0 ,20173
B,Mining,211031265,Croydon Hills - Warranwood,0 ,0 ,0.0,0.0,0.0,0 ,20556
B,Mining,211031266,Ringwood,0 ,3 ,0.0,0.0,0.0,3 ,20774
B,Mining,211031267,Ringwood East,0 ,0 ,0.0,0.0,0.0,0 ,20173
B,Mining,211031268,Ringwood North,0 ,0 ,0.0,0.0,0.0,3 ,20774
B,Mining,211031450,Croydon - East,0 ,0 ,0.0,0.0,0.0,0 ,21354
B,Mining,211031451,Croydon - West,0 ,0 ,0.0,0.0,0.0,0 ,20556
B,Mining,211031452,Croydon South,3 ,0 ,0.0,0.0,0.0,3 ,20174
B,Mining,211041269,Forest Hill,0 ,0 ,0.0,0.0,0.0,0 ,20252
B,Mining,211041270,Mitcham (Vic.),0 ,0 ,0.0,0.0,0.0,3 ,20774
B,Mining,211041271,Nunawading,0 ,0 ,0.0,0.0,0.0,0 ,20774
B,Mining,211041272,Vermont,0 ,0 ,0.0,0.0,0.0,0 ,20937
B,Mining,211041273,Vermont South,0 ,0 ,0.0,0.0,0.0,0 ,20937
B,Mining,211051274,Belgrave - Selby,3 ,0 ,0.0,0.0,0.0,3 ,21558
B,Mining,211051275,Chirnside Park,0 ,0 ,0.0,0.0,0.0,3 ,20556
B,Mining,211051276,Healesville - Yarra Glen,3 ,0 ,0.0,0.0,0.0,4 ,20916
B,Mining,211051277,Kilsyth,0 ,0 ,0.0,0.0,0.0,0 ,20174
B,Mining,211051278,Lilydale - Coldstream,0 ,0 ,0.0,0.0,0.0,3 ,20556
B,Mining,211051279,Monbulk - Silvan,0 ,0 ,0.0,0.0,0.0,0 ,20868
B,Mining,211051280,Montrose,0 ,0 ,0.0,0.0,0.0,0 ,21354
B,Mining,211051281,Mooroolbark,4 ,0 ,0.0,0.0,0.0,5 ,20556
B,Mining,211051282,Mount Dandenong - Olinda,0 ,0 ,0.0,0.0,0.0,0 ,20304
B,Mining,211051283,Mount Evelyn,0 ,3 ,0.0,0.0,0.0,4 ,21736
B,Mining,211051284,Upwey - Tecoma,0 ,0 ,0.0,0.0,0.0,0 ,21558
B,Mining,211051285,Wandin - Seville,3 ,0 ,0.0,0.0,0.0,3 ,20613
B,Mining,211051286,Yarra Valley,0 ,0 ,0.0,0.0,0.0,0 ,20833
B,Mining,212011289,Emerald - Cockatoo,0 ,3 ,0.0,0.0,0.0,3 ,20979
B,Mining,212011546,Beaconsfield - Officer,0 ,0 ,0.0,0.0,0.0,0 ,20176
B,Mining,212011547,Bunyip - Garfield,0 ,0 ,0.0,0.0,0.0,3 ,20411
B,Mining,212011548,Koo Wee Rup,0 ,0 ,0.0,0.0,0.0,0 ,20081
B,Mining,212011549,Pakenham - North East,0 ,0 ,0.0,0.0,0.0,0 ,21879
B,Mining,212011550,Pakenham - North West,0 ,0 ,0.0,0.0,0.0,3 ,20176
B,Mining,212011551,Pakenham - South East,3 ,0 ,0.0,0.0,0.0,3 ,21879
B,Mining,212011552,Pakenham - South West,0 ,0 ,0.0,0.0,0.0,0 ,22006
B,Mining,212021293,Berwick - North,0 ,0 ,0.0,0.0,0.0,3 ,21895
B,Mining,212021295,Doveton,3 ,0 ,0.0,0.0,0.0,0 ,20708
B,Mining,212021297,Hallam,0 ,0 ,0.0,0.0,0.0,3 ,21895
B,Mining,212021299,Narre Warren North,0 ,0 ,3.0,0.0,0.0,3 ,21558
B,Mining,212021453,Endeavour Hills - North,0 ,0 ,0.0,0.0,0.0,0 ,22207
B,Mining,212021454,Endeavour Hills - South,0 ,0 ,0.0,0.0,0.0,3 ,21895
B,Mining,212021455,Narre Warren - North East,0 ,0 ,0.0,0.0,0.0,0 ,21895
B,Mining,212021456,Narre Warren - South West,0 ,0 ,0.0,0.0,0.0,0 ,20224
B,Mining,212021553,Berwick - South East,3 ,0 ,0.0,0.0,0.0,3 ,20175
B,Mining,212021554,Berwick - South West,0 ,0 ,0.0,0.0,0.0,3 ,20224
B,Mining,212031300,Cranbourne,0 ,0 ,0.0,0.0,0.0,0 ,20664
B,Mining,212031303,Cranbourne South,0 ,0 ,0.0,0.0,0.0,0 ,20487
B,Mining,212031304,Cranbourne West,0 ,0 ,0.0,0.0,0.0,0 ,20662
B,Mining,212031306,Lynbrook - Lyndhurst,0 ,0 ,0.0,0.0,0.0,0 ,20709
B,Mining,212031308,Pearcedale - Tooradin,3 ,0 ,0.0,3.0,0.0,4 ,21380
B,Mining,212031457,Narre Warren South - East,0 ,0 ,0.0,0.0,0.0,3 ,20224
B,Mining,212031458,Narre Warren South - West,0 ,0 ,0.0,0.0,0.0,0 ,21893
B,Mining,212031555,Clyde North - North,0 ,0 ,0.0,0.0,0.0,0 ,22006
B,Mining,212031556,Clyde North - South,3 ,0 ,0.0,0.0,0.0,0 ,20487
B,Mining,212031557,Cranbourne East - North,0 ,0 ,0.0,0.0,0.0,0 ,20581
B,Mining,212031558,Cranbourne East - South,0 ,0 ,0.0,0.0,0.0,0 ,20581
B,Mining,212031559,Cranbourne North - East,0 ,0 ,0.0,0.0,0.0,0 ,20582
B,Mining,212031560,Cranbourne North - West,0 ,0 ,0.0,0.0,0.0,0 ,21133
B,Mining,212031561,Hampton Park - East,0 ,0 ,0.0,0.0,0.0,0 ,21893
B,Mining,212031562,Hampton Park - West,0 ,0 ,0.0,0.0,0.0,0 ,20709
B,Mining,212041309,Clarinda - Oakleigh South,0 ,3 ,0.0,0.0,0.0,0 ,21746
B,Mining,212041310,Clayton South,0 ,0 ,0.0,0.0,0.0,0 ,20758
B,Mining,212041312,Dandenong North,0 ,0 ,0.0,0.0,0.0,0 ,22207
B,Mining,212041313,Dingley Village,0 ,0 ,0.0,0.0,0.0,0 ,20320
B,Mining,212041316,Noble Park North,3 ,0 ,0.0,0.0,0.0,0 ,20708
B,Mining,212041317,Springvale,0 ,0 ,0.0,0.0,0.0,3 ,21827
B,Mining,212041318,Springvale South,0 ,0 ,0.0,0.0,0.0,0 ,21339
B,Mining,212041459,Noble Park - East,0 ,0 ,0.0,0.0,0.0,0 ,21339
B,Mining,212041460,Noble Park - West,0 ,0 ,0.0,0.0,0.0,0 ,21339
B,Mining,212041563,Dandenong - North,3 ,0 ,0.0,0.0,0.0,0 ,20708
B,Mining,212041564,Dandenong - South,3 ,0 ,3.0,3.0,0.0,9 ,20131
B,Mining,212041565,Keysborough - North,0 ,3 ,0.0,0.0,0.0,0 ,21339
B,Mining,212041566,Keysborough - South,0 ,3 ,0.0,0.0,0.0,0 ,20080
B,Mining,212051319,Ashwood - Chadstone,3 ,0 ,0.0,0.0,0.0,3 ,20077
B,Mining,212051321,Glen Waverley - East,0 ,3 ,0.0,0.0,0.0,3 ,20427
B,Mining,212051322,Glen Waverley - West,0 ,0 ,0.0,0.0,0.0,0 ,20427
B,Mining,212051323,Mount Waverley - North,0 ,0 ,0.0,0.0,0.0,0 ,20078
B,Mining,212051324,Mount Waverley - South,3 ,0 ,0.0,0.0,0.0,0 ,21816
B,Mining,212051325,Mulgrave,0 ,0 ,0.0,0.0,0.0,0 ,21013
B,Mining,212051326,Oakleigh - Huntingdale,0 ,0 ,0.0,0.0,0.0,0 ,21587
B,Mining,212051327,Wheelers Hill,0 ,0 ,0.0,0.0,0.0,0 ,21013
B,Mining,212051567,Clayton (North) - Notting Hill,3 ,3 ,3.0,3.0,0.0,6 ,21816
B,Mining,212051568,Clayton - Central,0 ,0 ,0.0,0.0,0.0,0 ,22002
B,Mining,213011328,Ardeer - Albion,0 ,0 ,0.0,0.0,0.0,0 ,22396
B,Mining,213011329,Cairnlea,0 ,0 ,0.0,0.0,0.0,0 ,20062
B,Mining,213011331,Delahey,0 ,0 ,0.0,0.0,0.0,0 ,21315
B,Mining,213011332,Keilor Downs,0 ,0 ,0.0,0.0,0.0,0 ,21316
B,Mining,213011333,Kings Park (Vic.),0 ,0 ,0.0,0.0,0.0,0 ,20729
B,Mining,213011334,St Albans - North,0 ,0 ,0.0,0.0,0.0,0 ,21312
B,Mining,213011335,St Albans - South,0 ,0 ,0.0,0.0,0.0,0 ,21312
B,Mining,213011336,Sunshine,0 ,0 ,0.0,0.0,0.0,0 ,20324
B,Mining,213011337,Sunshine North,3 ,0 ,0.0,0.0,0.0,3 ,21316
B,Mining,213011338,Sunshine West,3 ,3 ,0.0,0.0,0.0,3 ,20062
B,Mining,213011339,Sydenham,0 ,0 ,0.0,0.0,0.0,0 ,22474
B,Mining,213011340,Taylors Lakes,0 ,0 ,0.0,0.0,0.0,0 ,21314
B,Mining,213011569,Deer Park,3 ,0 ,0.0,0.0,0.0,3 ,20062
B,Mining,213011570,Derrimut,0 ,0 ,0.0,0.0,0.0,0 ,20062
B,Mining,213021341,Altona,3 ,0 ,0.0,0.0,0.0,0 ,21477
B,Mining,213021342,Altona Meadows,0 ,0 ,0.0,0.0,0.0,0 ,20035
B,Mining,213021343,Altona North,0 ,0 ,0.0,0.0,0.0,3 ,22917
B,Mining,213021344,Newport,3 ,0 ,0.0,0.0,0.0,0 ,22107
B,Mining,213021345,Seabrook,0 ,0 ,0.0,0.0,0.0,0 ,20036
B,Mining,213021346,Williamstown,0 ,0 ,0.0,0.0,0.0,0 ,21934
B,Mining,213031347,Braybrook,0 ,0 ,0.0,0.0,0.0,0 ,20935
B,Mining,213031348,Footscray,0 ,0 ,0.0,0.0,0.0,3 ,20929
B,Mining,213031349,Maribyrnong,0 ,0 ,0.0,0.0,0.0,0 ,20075
B,Mining,213031350,Seddon - Kingsville,3 ,0 ,0.0,0.0,0.0,3 ,20935
B,Mining,213031351,West Footscray - Tottenham,0 ,0 ,0.0,0.0,0.0,0 ,20935
B,Mining,213031352,Yarraville,0 ,0 ,0.0,0.0,0.0,3 ,20935
B,Mining,213041353,Bacchus Marsh,4 ,0 ,0.0,0.0,0.0,5 ,20095
B,Mining,213041358,Melton West,3 ,3 ,0.0,0.0,0.0,3 ,22537
B,Mining,213041359,Rockbank - Mount Cottrell,0 ,0 ,0.0,0.0,0.0,0 ,20899
B,Mining,213041360,Taylors Hill,0 ,0 ,0.0,0.0,0.0,0 ,20950
B,Mining,213041461,Burnside,0 ,0 ,0.0,0.0,0.0,0 ,20729
B,Mining,213041462,Burnside Heights,0 ,0 ,0.0,0.0,0.0,0 ,20420
B,Mining,213041463,Caroline Springs,0 ,0 ,0.0,0.0,0.0,0 ,20950
B,Mining,213041571,Brookfield,0 ,0 ,0.0,0.0,0.0,3 ,21202
B,Mining,213041572,Cobblebank - Strathtulloh,0 ,0 ,0.0,0.0,0.0,0 ,21642
B,Mining,213041573,Eynesbury - Exford,0 ,0 ,0.0,0.0,0.0,0 ,20899
B,Mining,213041574,Fraser Rise - Plumpton,0 ,0 ,0.0,0.0,0.0,0 ,20754
B,Mining,213041575,Hillside,0 ,0 ,0.0,0.0,0.0,0 ,20950
B,Mining,213041576,Kurunjang - Toolern Vale,3 ,3 ,3.0,0.0,0.0,4 ,20605
B,Mining,213041577,Melton,0 ,0 ,0.0,0.0,0.0,0 ,21140
B,Mining,213041578,Melton South - Weir Views,0 ,0 ,0.0,0.0,0.0,0 ,20351
B,Mining,213051361,Hoppers Crossing - North,3 ,0 ,0.0,0.0,0.0,0 ,22582
B,Mining,213051362,Hoppers Crossing - South,0 ,0 ,0.0,0.0,0.0,0 ,22451
B,Mining,213051363,Laverton,0 ,0 ,0.0,0.0,0.0,3 ,22397
B,Mining,213051368,Werribee - South,0 ,0 ,0.0,0.0,0.0,0 ,20601
B,Mining,213051464,Point Cook - East,0 ,0 ,0.0,0.0,0.0,0 ,20036
B,Mining,213051466,Point Cook - South,0 ,3 ,0.0,0.0,0.0,3 ,22086
B,Mining,213051467,Werribee - East,0 ,0 ,0.0,0.0,0.0,0 ,22451
B,Mining,213051468,Werribee - West,0 ,0 ,0.0,0.0,0.0,0 ,20115
B,Mining,213051579,Manor Lakes - Quandong,0 ,0 ,0.0,0.0,0.0,0 ,20115
B,Mining,213051580,Point Cook - North East,0 ,0 ,0.0,0.0,0.0,0 ,20036
B,Mining,213051581,Point Cook - North West,0 ,0 ,0.0,0.0,0.0,0 ,22086
B,Mining,213051582,Tarneit (West) - Mount Cottrell,0 ,0 ,0.0,0.0,0.0,0 ,20899
B,Mining,213051583,Tarneit - Central,3 ,0 ,0.0,0.0,0.0,0 ,22582
B,Mining,213051584,Tarneit - North,0 ,0 ,0.0,0.0,0.0,0 ,22582
B,Mining,213051585,Tarneit - South,0 ,0 ,0.0,0.0,0.0,0 ,22451
B,Mining,213051586,Truganina - North,3 ,3 ,0.0,0.0,0.0,4 ,20743
B,Mining,213051587,Truganina - South East,0 ,0 ,0.0,0.0,0.0,0 ,21477
B,Mining,213051588,Truganina - South West,0 ,0 ,0.0,0.0,0.0,0 ,22582
B,Mining,213051589,Wyndham Vale - North,0 ,0 ,0.0,0.0,0.0,0 ,20116
B,Mining,213051590,Wyndham Vale - South,0 ,0 ,0.0,0.0,0.0,0 ,22750
B,Mining,214011370,Carrum Downs,3 ,0 ,0.0,0.0,0.0,0 ,20131
B,Mining,214011371,Frankston,0 ,0 ,0.0,0.0,0.0,3 ,22249
B,Mining,214011372,Frankston North,0 ,0 ,0.0,0.0,0.0,0 ,20508
B,Mining,214011373,Frankston South,0 ,0 ,0.0,0.0,0.0,0 ,21468
B,Mining,214011374,Langwarrin,3 ,0 ,0.0,3.0,0.0,4 ,20508
B,Mining,214011375,Seaford (Vic.),0 ,3 ,0.0,0.0,0.0,0 ,20507
B,Mining,214011376,Skye - Sandhurst,3 ,0 ,0.0,0.0,0.0,0 ,20508
B,Mining,214021377,Dromana,0 ,0 ,0.0,0.0,0.0,3 ,20072
B,Mining,214021378,Flinders,0 ,0 ,0.0,0.0,0.0,0 ,20072
B,Mining,214021379,Hastings - Somers,0 ,0 ,0.0,0.0,0.0,3 ,21664
B,Mining,214021381,Mount Eliza,0 ,3 ,0.0,0.0,0.0,3 ,20949
B,Mining,214021382,Mount Martha,6 ,0 ,0.0,0.0,0.0,6 ,21803
B,Mining,214021383,Point Nepean,0 ,3 ,0.0,0.0,0.0,3 ,20280
B,Mining,214021384,Rosebud - McCrae,0 ,3 ,0.0,0.0,0.0,0 ,20072
B,Mining,214021385,Somerville,0 ,0 ,0.0,0.0,0.0,0 ,22050
B,Mining,214021591,Mornington - East,0 ,0 ,0.0,0.0,0.0,0 ,21793
B,Mining,214021592,Mornington - West,5 ,0 ,0.0,0.0,0.0,5 ,21793
B,Mining,215011386,Ararat,0 ,0 ,0.0,0.0,0.0,0 ,20811
B,Mining,215011387,Ararat Surrounds,0 ,0 ,3.0,0.0,0.0,3 ,20680
B,Mining,215011388,Horsham,5 ,0 ,0.0,0.0,0.0,5 ,20403
B,Mining,215011389,Horsham Surrounds,0 ,0 ,0.0,0.0,0.0,3 ,20403
B,Mining,215011390,Nhill Region,0 ,3 ,0.0,0.0,0.0,3 ,20756
B,Mining,215011391,St Arnaud,0 ,0 ,0.0,0.0,0.0,0 ,20142
B,Mining,215011392,Stawell,3 ,0 ,0.0,0.0,0.0,4 ,20680
B,Mining,215011393,West Wimmera,0 ,0 ,0.0,0.0,0.0,0 ,20119
B,Mining,215011394,Yarriambiack,0 ,0 ,3.0,0.0,0.0,4 ,20756
B,Mining,215021395,Irymple,3 ,0 ,3.0,0.0,0.0,3 ,20488
B,Mining,215021396,Merbein,3 ,0 ,0.0,0.0,0.0,0 ,21388
B,Mining,215021398,Mildura Surrounds,0 ,0 ,0.0,0.0,0.0,0 ,20234
B,Mining,215021399,Red Cliffs,0 ,0 ,0.0,0.0,0.0,0 ,20488
B,Mining,215021469,Mildura - North,0 ,0 ,0.0,3.0,0.0,3 ,21682
B,Mining,215021470,Mildura - South,0 ,3 ,0.0,0.0,0.0,0 ,21245
B,Mining,215031400,Buloke,0 ,0 ,0.0,0.0,0.0,0 ,20155
B,Mining,215031401,Gannawarra,3 ,0 ,0.0,0.0,0.0,3 ,20051
B,Mining,215031402,Kerang,0 ,3 ,0.0,0.0,0.0,3 ,20477
B,Mining,215031403,Robinvale,0 ,0 ,0.0,0.0,0.0,0 ,22744
B,Mining,215031404,Swan Hill,0 ,0 ,0.0,0.0,0.0,0 ,21076
B,Mining,215031405,Swan Hill Surrounds,0 ,0 ,0.0,0.0,0.0,0 ,20047
B,Mining,216011406,Echuca,3 ,0 ,3.0,0.0,0.0,3 ,20125
B,Mining,216011407,Kyabram,3 ,0 ,3.0,0.0,0.0,3 ,20838
B,Mining,216011408,Lockington - Gunbower,3 ,0 ,0.0,0.0,0.0,0 ,20755
B,Mining,216011409,Rochester,0 ,0 ,0.0,0.0,0.0,0 ,20281
B,Mining,216011410,Rushworth,0 ,0 ,0.0,0.0,0.0,0 ,20093
B,Mining,216021411,Cobram,0 ,0 ,0.0,0.0,0.0,0 ,20301
B,Mining,216021412,Moira,0 ,0 ,0.0,0.0,0.0,3 ,20032
B,Mining,216021413,Numurkah,0 ,0 ,0.0,0.0,0.0,0 ,20839
B,Mining,216021414,Yarrawonga,0 ,0 ,0.0,0.0,0.0,0 ,20395
B,Mining,216031415,Mooroopna,0 ,0 ,0.0,0.0,0.0,0 ,20063
B,Mining,216031416,Shepparton - North,3 ,0 ,0.0,0.0,0.0,3 ,20393
B,Mining,216031418,Shepparton Surrounds - East,0 ,0 ,0.0,0.0,0.0,3 ,20056
B,Mining,216031419,Shepparton Surrounds - West,3 ,0 ,0.0,0.0,0.0,3 ,20056
B,Mining,216031593,Kialla,0 ,0 ,0.0,0.0,0.0,0 ,20056
B,Mining,216031594,Shepparton - South East,0 ,0 ,0.0,0.0,0.0,0 ,21340
B,Mining,217011420,Glenelg (Vic.),3 ,3 ,0.0,0.0,0.0,5 ,20340
B,Mining,217011421,Hamilton (Vic.),3 ,0 ,0.0,0.0,0.0,0 ,20322
B,Mining,217011422,Portland,0 ,0 ,0.0,0.0,0.0,3 ,20274
B,Mining,217011423,Southern Grampians,0 ,0 ,0.0,0.0,0.0,3 ,20199
B,Mining,217031471,Camperdown,3 ,0 ,0.0,0.0,0.0,0 ,20285
B,Mining,217031472,Colac,0 ,0 ,0.0,0.0,0.0,3 ,20149
B,Mining,217031473,Colac Surrounds,0 ,0 ,0.0,0.0,0.0,3 ,20671
B,Mining,217031474,Corangamite - North,4 ,0 ,0.0,0.0,0.0,6 ,20319
B,Mining,217031475,Corangamite - South,0 ,0 ,0.0,0.0,0.0,0 ,20306
B,Mining,217031476,Otway,0 ,0 ,0.0,0.0,0.0,0 ,20161
B,Mining,217041477,Moyne - East,0 ,5 ,0.0,0.0,0.0,5 ,21916
B,Mining,217041478,Moyne - West,4 ,0 ,0.0,0.0,0.0,4 ,20225
B,Mining,217041479,Warrnambool - North,0 ,0 ,0.0,0.0,0.0,3 ,20028
B,Mining,217041480,Warrnambool - South,0 ,3 ,4.0,0.0,0.0,6 ,20028
C,Manufacturing,201011001,Alfredton,24 ,16 ,8.0,4.0,0.0,52 ,20023
C,Manufacturing,201011002,Ballarat,15 ,13 ,5.0,5.0,0.0,38 ,20023
C,Manufacturing,201011005,Buninyong,5 ,3 ,0.0,0.0,0.0,9 ,20409
C,Manufacturing,201011006,Delacombe,35 ,18 ,15.0,5.0,0.0,73 ,20023
C,Manufacturing,201011007,Smythes Creek,19 ,7 ,3.0,0.0,0.0,29 ,20262
C,Manufacturing,201011008,Wendouree - Miners Rest,23 ,24 ,13.0,19.0,0.0,80 ,20023
C,Manufacturing,201011481,Ballarat East - Warrenheip,17 ,12 ,4.0,0.0,0.0,34 ,20104
C,Manufacturing,201011482,Ballarat North - Invermay,21 ,10 ,5.0,0.0,0.0,37 ,22745
C,Manufacturing,201011483,Canadian - Mount Clear,16 ,14 ,8.0,3.0,0.0,40 ,20111
C,Manufacturing,201011484,Sebastopol - Redan,14 ,5 ,4.0,3.0,0.0,25 ,20730
C,Manufacturing,201021009,Bacchus Marsh Surrounds,19 ,7 ,0.0,0.0,0.0,27 ,20076
C,Manufacturing,201021010,Creswick - Clunes,14 ,8 ,3.0,0.0,0.0,24 ,20262
C,Manufacturing,201021011,Daylesford,31 ,9 ,8.0,3.0,0.0,50 ,20256
C,Manufacturing,201021012,Gordon (Vic.),6 ,7 ,0.0,0.0,0.0,13 ,20409
C,Manufacturing,201031013,Avoca,7 ,5 ,4.0,0.0,0.0,17 ,20008
C,Manufacturing,201031014,Beaufort,7 ,3 ,0.0,3.0,0.0,12 ,20262
C,Manufacturing,201031015,Golden Plains - North,10 ,4 ,0.0,0.0,0.0,15 ,21123
C,Manufacturing,201031016,Maryborough (Vic.),16 ,8 ,4.0,3.0,3.0,30 ,20009
C,Manufacturing,201031017,Maryborough Surrounds,7 ,3 ,3.0,0.0,0.0,14 ,20459
C,Manufacturing,202011018,Bendigo,24 ,13 ,11.0,8.0,0.0,56 ,20208
C,Manufacturing,202011019,California Gully - Eaglehawk,11 ,4 ,0.0,0.0,0.0,19 ,20444
C,Manufacturing,202011020,East Bendigo - Kennington,23 ,15 ,25.0,8.0,0.0,71 ,20208
C,Manufacturing,202011021,Flora Hill - Spring Gully,8 ,4 ,0.0,3.0,0.0,14 ,20208
C,Manufacturing,202011022,Kangaroo Flat - Golden Square,21 ,23 ,16.0,7.0,0.0,67 ,20208
C,Manufacturing,202011023,Maiden Gully,12 ,6 ,0.0,0.0,0.0,18 ,20444
C,Manufacturing,202011024,Strathfieldsaye,7 ,5 ,3.0,0.0,0.0,15 ,20828
C,Manufacturing,202011025,White Hills - Ascot,17 ,9 ,6.0,4.0,0.0,36 ,20208
C,Manufacturing,202021026,Bendigo Surrounds - South,16 ,7 ,3.0,3.0,0.0,27 ,20835
C,Manufacturing,202021027,Castlemaine,22 ,16 ,8.0,3.0,0.0,49 ,20955
C,Manufacturing,202021028,Castlemaine Surrounds,23 ,12 ,4.0,0.0,0.0,40 ,20459
C,Manufacturing,202021029,Heathcote,15 ,6 ,3.0,0.0,0.0,25 ,20877
C,Manufacturing,202021030,Kyneton,34 ,10 ,8.0,6.0,0.0,59 ,20076
C,Manufacturing,202021031,Woodend,15 ,6 ,3.0,3.0,0.0,25 ,20076
C,Manufacturing,202031032,Bendigo Surrounds - North,9 ,10 ,0.0,3.0,0.0,23 ,20828
C,Manufacturing,202031033,Loddon,15 ,7 ,0.0,0.0,0.0,24 ,20177
C,Manufacturing,203011034,Bannockburn,13 ,10 ,3.0,3.0,0.0,27 ,20133
C,Manufacturing,203011035,Golden Plains - South,18 ,10 ,3.0,0.0,0.0,31 ,20217
C,Manufacturing,203011036,Winchelsea,12 ,10 ,0.0,0.0,0.0,24 ,20151
C,Manufacturing,203021037,Belmont,14 ,13 ,6.0,0.0,0.0,33 ,20201
C,Manufacturing,203021039,Geelong,48 ,31 ,19.0,16.0,0.0,115 ,20201
C,Manufacturing,203021040,Geelong West - Hamlyn Heights,23 ,11 ,4.0,4.0,0.0,42 ,20165
C,Manufacturing,203021042,Highton,25 ,13 ,5.0,3.0,3.0,45 ,20151
C,Manufacturing,203021043,Lara,30 ,8 ,6.0,3.0,0.0,48 ,20115
C,Manufacturing,203021044,Leopold,10 ,7 ,7.0,0.0,0.0,24 ,20621
C,Manufacturing,203021045,Newcomb - Moolap,31 ,25 ,20.0,6.0,0.0,82 ,20326
C,Manufacturing,203021046,Newtown (Vic.),21 ,5 ,3.0,4.0,0.0,32 ,20960
C,Manufacturing,203021047,North Geelong - Bell Park,36 ,31 ,27.0,15.0,3.0,111 ,20165
C,Manufacturing,203021485,Charlemont,8 ,0 ,0.0,3.0,0.0,10 ,21790
C,Manufacturing,203021486,Corio - Lovely Banks,19 ,9 ,6.0,8.0,0.0,42 ,20165
C,Manufacturing,203021487,Grovedale - Mount Duneed,18 ,11 ,4.0,3.0,0.0,35 ,20954
C,Manufacturing,203021488,Norlane,7 ,7 ,6.0,3.0,0.0,22 ,20191
C,Manufacturing,203031048,Clifton Springs,22 ,9 ,7.0,0.0,0.0,40 ,20697
C,Manufacturing,203031049,Lorne - Anglesea,13 ,3 ,0.0,0.0,0.0,17 ,20046
C,Manufacturing,203031051,Portarlington,12 ,5 ,0.0,0.0,0.0,20 ,20193
C,Manufacturing,203031052,Point Lonsdale - Queenscliff,3 ,3 ,0.0,0.0,0.0,6 ,22663
C,Manufacturing,203031053,Torquay,53 ,21 ,14.0,3.0,0.0,91 ,20046
C,Manufacturing,203031489,Barwon Heads - Armstrong Creek,7 ,5 ,3.0,0.0,0.0,15 ,21790
C,Manufacturing,203031490,Ocean Grove,37 ,12 ,5.0,6.0,0.0,60 ,20621
C,Manufacturing,204011054,Alexandra,15 ,9 ,6.0,3.0,0.0,32 ,20005
C,Manufacturing,204011055,Euroa,26 ,3 ,5.0,0.0,0.0,32 ,20283
C,Manufacturing,204011056,Kilmore - Broadford,36 ,18 ,7.0,3.0,0.0,64 ,21980
C,Manufacturing,204011057,Mansfield (Vic.),34 ,12 ,4.0,0.0,0.0,51 ,20283
C,Manufacturing,204011058,Nagambie,7 ,5 ,4.0,4.0,0.0,20 ,20652
C,Manufacturing,204011059,Seymour,10 ,9 ,6.0,0.0,0.0,25 ,20086
C,Manufacturing,204011060,Seymour Surrounds,12 ,7 ,0.0,0.0,0.0,20 ,22154
C,Manufacturing,204011061,Upper Yarra Valley,0 ,0 ,0.0,0.0,0.0,0 ,20452
C,Manufacturing,204011062,Yea,8 ,7 ,0.0,0.0,0.0,16 ,20005
C,Manufacturing,204021063,Benalla,15 ,11 ,0.0,5.0,0.0,32 ,20096
C,Manufacturing,204021064,Benalla Surrounds,11 ,0 ,3.0,0.0,0.0,15 ,20283
C,Manufacturing,204021065,Rutherglen,11 ,3 ,4.0,5.0,0.0,23 ,20296
C,Manufacturing,204021066,Wangaratta,34 ,27 ,17.0,6.0,0.0,84 ,21349
C,Manufacturing,204021067,Wangaratta Surrounds,42 ,17 ,11.0,8.0,0.0,78 ,20060
C,Manufacturing,204031068,Beechworth,28 ,12 ,5.0,3.0,0.0,46 ,20551
C,Manufacturing,204031069,Bright - Mount Beauty,23 ,9 ,3.0,3.0,0.0,37 ,21210
C,Manufacturing,204031070,Chiltern - Indigo Valley,13 ,0 ,3.0,0.0,0.0,18 ,20357
C,Manufacturing,204031071,Myrtleford,9 ,11 ,3.0,3.0,0.0,26 ,20312
C,Manufacturing,204031072,Towong,13 ,3 ,3.0,3.0,0.0,20 ,20883
C,Manufacturing,204031073,West Wodonga,20 ,12 ,5.0,0.0,0.0,38 ,21230
C,Manufacturing,204031075,Yackandandah,9 ,3 ,4.0,0.0,0.0,16 ,22351
C,Manufacturing,204031491,Baranduda - Leneva,20 ,15 ,3.0,3.0,0.0,39 ,21230
C,Manufacturing,204031492,Wodonga,40 ,20 ,13.0,9.0,0.0,82 ,21222
C,Manufacturing,205011076,Drouin,30 ,17 ,9.0,3.0,0.0,59 ,20081
C,Manufacturing,205011077,Mount Baw Baw Region,12 ,9 ,3.0,0.0,0.0,25 ,20452
C,Manufacturing,205011078,Trafalgar (Vic.),20 ,10 ,6.0,0.0,0.0,36 ,20391
C,Manufacturing,205011079,Warragul,43 ,22 ,14.0,9.0,0.0,88 ,20081
C,Manufacturing,205021080,Alps - East,0 ,0 ,0.0,0.0,0.0,0 ,20719
C,Manufacturing,205021081,Bairnsdale,36 ,30 ,14.0,6.0,0.0,86 ,20103
C,Manufacturing,205021082,Bruthen - Omeo,17 ,9 ,0.0,3.0,0.0,30 ,20265
C,Manufacturing,205021083,Lake King,0 ,0 ,0.0,0.0,0.0,0 ,20822
C,Manufacturing,205021084,Lakes Entrance,18 ,14 ,3.0,3.0,0.0,36 ,20290
C,Manufacturing,205021085,Orbost,10 ,5 ,5.0,0.0,0.0,21 ,20360
C,Manufacturing,205021086,Paynesville,12 ,7 ,3.0,0.0,0.0,20 ,20103
C,Manufacturing,205031087,Foster,26 ,6 ,5.0,0.0,0.0,39 ,20010
C,Manufacturing,205031088,French Island,0 ,0 ,0.0,0.0,0.0,3 ,20856
C,Manufacturing,205031089,Korumburra,24 ,14 ,5.0,3.0,0.0,46 ,20081
C,Manufacturing,205031090,Leongatha,34 ,8 ,6.0,0.0,0.0,48 ,20024
C,Manufacturing,205031091,Phillip Island,23 ,10 ,8.0,0.0,0.0,41 ,20475
C,Manufacturing,205031092,Wilsons Promontory,0 ,0 ,0.0,0.0,0.0,0 ,22800
C,Manufacturing,205031093,Wonthaggi - Inverloch,39 ,15 ,7.0,3.0,0.0,64 ,21235
C,Manufacturing,205041094,Churchill,14 ,4 ,0.0,3.0,0.0,23 ,20585
C,Manufacturing,205041095,Moe - Newborough,13 ,11 ,4.0,4.0,0.0,32 ,21716
C,Manufacturing,205041096,Morwell,19 ,12 ,15.0,10.0,0.0,57 ,22596
C,Manufacturing,205041098,Yallourn North - Glengarry,8 ,3 ,0.0,0.0,0.0,10 ,20286
C,Manufacturing,205041493,Traralgon - East,16 ,12 ,9.0,0.0,0.0,38 ,21027
C,Manufacturing,205041494,Traralgon - West,13 ,4 ,3.0,0.0,0.0,18 ,21027
C,Manufacturing,205051099,Alps - West,0 ,0 ,0.0,0.0,0.0,0 ,21210
C,Manufacturing,205051100,Longford - Loch Sport,7 ,4 ,0.0,0.0,0.0,11 ,20938
C,Manufacturing,205051101,Maffra,29 ,14 ,6.0,4.0,0.0,53 ,22542
C,Manufacturing,205051102,Rosedale,9 ,4 ,3.0,0.0,0.0,17 ,22543
C,Manufacturing,205051103,Sale,16 ,7 ,13.0,4.0,0.0,40 ,20586
C,Manufacturing,205051104,Yarram,11 ,3 ,3.0,0.0,0.0,18 ,20242
C,Manufacturing,206011106,Brunswick East,15 ,12 ,5.0,3.0,0.0,35 ,20361
C,Manufacturing,206011107,Brunswick West,14 ,3 ,0.0,0.0,0.0,18 ,20361
C,Manufacturing,206011109,Pascoe Vale South,8 ,4 ,0.0,0.0,0.0,12 ,20596
C,Manufacturing,206011495,Brunswick - North,20 ,13 ,11.0,6.0,0.0,50 ,20361
C,Manufacturing,206011496,Brunswick - South,29 ,24 ,14.0,10.0,0.0,77 ,20361
C,Manufacturing,206011497,Coburg - East,18 ,4 ,0.0,3.0,0.0,26 ,20361
C,Manufacturing,206011498,Coburg - West,14 ,7 ,3.0,0.0,0.0,25 ,20361
C,Manufacturing,206021110,Alphington - Fairfield,21 ,5 ,11.0,4.0,0.0,41 ,21971
C,Manufacturing,206021112,Thornbury,41 ,12 ,12.0,3.0,0.0,67 ,20362
C,Manufacturing,206021499,Northcote - East,21 ,7 ,3.0,0.0,3.0,32 ,21971
C,Manufacturing,206021500,Northcote - West,21 ,8 ,3.0,3.0,0.0,34 ,20362
C,Manufacturing,206031113,Ascot Vale,19 ,4 ,0.0,0.0,0.0,25 ,20075
C,Manufacturing,206031115,Flemington,3 ,5 ,3.0,0.0,0.0,10 ,20075
C,Manufacturing,206031116,Moonee Ponds,17 ,9 ,4.0,0.0,0.0,31 ,20075
C,Manufacturing,206031501,Essendon (West) - Aberfeldie,15 ,13 ,6.0,3.0,0.0,36 ,20885
C,Manufacturing,206031502,Essendon - East,16 ,7 ,4.0,3.0,0.0,29 ,20363
C,Manufacturing,206041117,Carlton,33 ,19 ,3.0,3.0,0.0,58 ,20496
C,Manufacturing,206041118,Docklands,34 ,22 ,5.0,6.0,0.0,68 ,21640
C,Manufacturing,206041119,East Melbourne,14 ,3 ,3.0,0.0,0.0,20 ,20495
C,Manufacturing,206041120,Flemington Racecourse,0 ,0 ,0.0,0.0,0.0,0 ,20075
C,Manufacturing,206041121,Kensington (Vic.),18 ,8 ,13.0,4.0,0.0,43 ,20929
C,Manufacturing,206041124,Parkville,5 ,4 ,0.0,0.0,0.0,11 ,20361
C,Manufacturing,206041125,South Yarra - West,12 ,6 ,0.0,0.0,0.0,21 ,21640
C,Manufacturing,206041127,West Melbourne - Industrial,0 ,0 ,0.0,0.0,0.0,3 ,20935
C,Manufacturing,206041503,Melbourne CBD - East,67 ,43 ,8.0,3.0,0.0,121 ,20495
C,Manufacturing,206041504,Melbourne CBD - North,14 ,8 ,3.0,0.0,0.0,26 ,20495
C,Manufacturing,206041505,Melbourne CBD - West,134 ,51 ,19.0,18.0,0.0,222 ,21640
C,Manufacturing,206041506,North Melbourne,21 ,22 ,6.0,6.0,0.0,55 ,22038
C,Manufacturing,206041507,Royal Botanic Gardens Victoria,0 ,0 ,0.0,0.0,0.0,0 ,21640
C,Manufacturing,206041508,Southbank (West) - South Wharf,22 ,5 ,4.0,3.0,0.0,34 ,21640
C,Manufacturing,206041509,Southbank - East,11 ,8 ,0.0,3.0,0.0,23 ,21640
C,Manufacturing,206041510,West Melbourne - Residential,20 ,4 ,5.0,3.0,0.0,32 ,21640
C,Manufacturing,206051128,Albert Park,40 ,21 ,7.0,6.0,0.0,74 ,21640
C,Manufacturing,206051129,Elwood,27 ,6 ,3.0,3.0,0.0,36 ,22343
C,Manufacturing,206051130,Port Melbourne,24 ,9 ,3.0,0.0,0.0,36 ,22107
C,Manufacturing,206051134,St Kilda East,13 ,9 ,3.0,0.0,0.0,25 ,22118
C,Manufacturing,206051511,Port Melbourne Industrial,28 ,14 ,28.0,22.0,0.0,92 ,20766
C,Manufacturing,206051512,South Melbourne,36 ,25 ,13.0,5.0,0.0,81 ,21640
C,Manufacturing,206051513,St Kilda - Central,20 ,5 ,5.0,3.0,0.0,33 ,22805
C,Manufacturing,206051514,St Kilda - West,15 ,5 ,0.0,3.0,0.0,24 ,21640
C,Manufacturing,206061135,Armadale,12 ,7 ,0.0,3.0,0.0,22 ,22118
C,Manufacturing,206061136,Prahran - Windsor,31 ,10 ,5.0,4.0,0.0,50 ,21640
C,Manufacturing,206061138,Toorak,26 ,4 ,0.0,0.0,0.0,31 ,22118
C,Manufacturing,206061515,South Yarra - North,21 ,10 ,3.0,0.0,0.0,36 ,21640
C,Manufacturing,206061516,South Yarra - South,14 ,10 ,5.0,5.0,0.0,34 ,22118
C,Manufacturing,206071139,Abbotsford,15 ,14 ,13.0,9.0,0.0,51 ,20901
C,Manufacturing,206071140,Carlton North - Princes Hill,11 ,6 ,4.0,0.0,0.0,21 ,20361
C,Manufacturing,206071141,Collingwood,28 ,18 ,17.0,6.0,0.0,70 ,20925
C,Manufacturing,206071142,Fitzroy,27 ,15 ,5.0,5.0,0.0,52 ,20925
C,Manufacturing,206071143,Fitzroy North,19 ,9 ,3.0,0.0,0.0,32 ,20362
C,Manufacturing,206071145,Clifton Hill - Alphington,14 ,7 ,0.0,3.0,0.0,26 ,20925
C,Manufacturing,206071517,Richmond (South) - Cremorne,47 ,21 ,20.0,13.0,0.0,101 ,20830
C,Manufacturing,206071518,Richmond - North,19 ,8 ,8.0,3.0,0.0,38 ,20830
C,Manufacturing,207011146,Ashburton (Vic.),11 ,3 ,3.0,0.0,0.0,15 ,20077
C,Manufacturing,207011147,Balwyn,23 ,12 ,3.0,3.0,0.0,38 ,21336
C,Manufacturing,207011148,Balwyn North,29 ,12 ,5.0,3.0,0.0,49 ,21336
C,Manufacturing,207011149,Camberwell,35 ,15 ,8.0,4.0,0.0,62 ,21010
C,Manufacturing,207011150,Glen Iris - East,25 ,10 ,5.0,0.0,0.0,41 ,20077
C,Manufacturing,207011152,Hawthorn East,41 ,15 ,7.0,3.0,0.0,66 ,21586
C,Manufacturing,207011154,Kew East,19 ,3 ,0.0,0.0,0.0,24 ,20034
C,Manufacturing,207011155,Surrey Hills (West) - Canterbury,20 ,11 ,6.0,0.0,0.0,37 ,21336
C,Manufacturing,207011519,Hawthorn - North,12 ,4 ,3.0,3.0,0.0,20 ,22170
C,Manufacturing,207011520,Hawthorn - South,18 ,11 ,3.0,0.0,0.0,32 ,22547
C,Manufacturing,207011521,Kew - South,12 ,4 ,0.0,3.0,0.0,20 ,21152
C,Manufacturing,207011522,Kew - West,13 ,9 ,3.0,0.0,0.0,24 ,20034
C,Manufacturing,207021156,Bulleen,17 ,6 ,4.0,6.0,0.0,33 ,20124
C,Manufacturing,207021157,Doncaster,27 ,12 ,3.0,3.0,3.0,45 ,20124
C,Manufacturing,207021159,Templestowe,24 ,11 ,6.0,0.0,0.0,42 ,20771
C,Manufacturing,207021160,Templestowe Lower,16 ,6 ,4.0,3.0,0.0,27 ,20386
C,Manufacturing,207021424,Doncaster East - North,13 ,8 ,3.0,0.0,0.0,23 ,20771
C,Manufacturing,207021425,Doncaster East - South,18 ,10 ,3.0,0.0,0.0,32 ,20771
C,Manufacturing,207031161,Blackburn,27 ,16 ,12.0,7.0,0.0,62 ,20315
C,Manufacturing,207031162,Blackburn South,10 ,5 ,0.0,0.0,0.0,16 ,20426
C,Manufacturing,207031163,Box Hill,27 ,24 ,5.0,3.0,0.0,60 ,21732
C,Manufacturing,207031164,Box Hill North,19 ,12 ,3.0,3.0,0.0,35 ,20123
C,Manufacturing,207031165,Burwood (Vic.),15 ,8 ,10.0,3.0,0.0,36 ,21010
C,Manufacturing,207031166,Burwood East,6 ,3 ,0.0,0.0,0.0,10 ,20426
C,Manufacturing,207031167,Surrey Hills (East) - Mont Albert,9 ,4 ,3.0,0.0,0.0,16 ,21732
C,Manufacturing,208011168,Beaumaris,18 ,8 ,5.0,3.0,0.0,34 ,20182
C,Manufacturing,208011169,Brighton (Vic.),30 ,10 ,8.0,3.0,0.0,51 ,20337
C,Manufacturing,208011170,Brighton East,28 ,10 ,0.0,0.0,0.0,40 ,20337
C,Manufacturing,208011171,Highett (West) - Cheltenham,35 ,17 ,11.0,10.0,0.0,73 ,20182
C,Manufacturing,208011172,Hampton,25 ,11 ,5.0,0.0,0.0,41 ,20337
C,Manufacturing,208011173,Sandringham - Black Rock,21 ,16 ,6.0,0.0,0.0,43 ,20182
C,Manufacturing,208021174,Bentleigh - McKinnon,27 ,11 ,3.0,3.0,0.0,42 ,20338
C,Manufacturing,208021176,Carnegie,19 ,8 ,3.0,3.0,0.0,32 ,21587
C,Manufacturing,208021177,Caulfield - North,32 ,11 ,7.0,3.0,0.0,51 ,20105
C,Manufacturing,208021178,Caulfield - South,24 ,7 ,6.0,0.0,0.0,37 ,20864
C,Manufacturing,208021179,Elsternwick,19 ,6 ,6.0,0.0,0.0,33 ,20337
C,Manufacturing,208021180,Hughesdale,8 ,6 ,0.0,0.0,0.0,15 ,21587
C,Manufacturing,208021181,Murrumbeena,9 ,7 ,0.0,0.0,0.0,17 ,21587
C,Manufacturing,208021182,Ormond - Glen Huntly,14 ,3 ,0.0,0.0,0.0,19 ,20338
C,Manufacturing,208021426,Bentleigh East - North,16 ,12 ,3.0,3.0,0.0,31 ,20214
C,Manufacturing,208021427,Bentleigh East - South,14 ,7 ,3.0,0.0,0.0,23 ,20214
C,Manufacturing,208031183,Aspendale Gardens - Waterways,12 ,7 ,0.0,3.0,0.0,21 ,20079
C,Manufacturing,208031184,Braeside,69 ,49 ,76.0,53.0,0.0,248 ,20079
C,Manufacturing,208031185,Carrum - Patterson Lakes,19 ,11 ,7.0,3.0,0.0,39 ,20131
C,Manufacturing,208031186,Chelsea - Bonbeach,14 ,9 ,3.0,0.0,0.0,26 ,20538
C,Manufacturing,208031187,Chelsea Heights,5 ,8 ,3.0,3.0,3.0,18 ,20080
C,Manufacturing,208031188,Highett (East) - Cheltenham,49 ,51 ,38.0,12.0,0.0,150 ,20539
C,Manufacturing,208031189,Edithvale - Aspendale,10 ,7 ,0.0,0.0,0.0,18 ,20079
C,Manufacturing,208031190,Mentone,20 ,17 ,6.0,4.0,0.0,47 ,20182
C,Manufacturing,208031191,Moorabbin - Heatherton,52 ,54 ,40.0,22.0,3.0,170 ,20539
C,Manufacturing,208031192,Moorabbin Airport,3 ,6 ,5.0,0.0,0.0,16 ,20539
C,Manufacturing,208031193,Mordialloc - Parkdale,54 ,39 ,29.0,21.0,0.0,143 ,21648
C,Manufacturing,208041194,Malvern - Glen Iris,35 ,16 ,4.0,3.0,0.0,57 ,20066
C,Manufacturing,208041195,Malvern East,40 ,10 ,7.0,3.0,0.0,60 ,20523
C,Manufacturing,209011196,Bundoora - East,14 ,7 ,3.0,3.0,0.0,26 ,20399
C,Manufacturing,209011197,Greensborough,20 ,17 ,7.0,3.0,0.0,47 ,21104
C,Manufacturing,209011198,Heidelberg - Rosanna,24 ,6 ,0.0,3.0,0.0,31 ,21246
C,Manufacturing,209011199,Heidelberg West,51 ,29 ,41.0,17.0,0.0,138 ,22121
C,Manufacturing,209011200,Ivanhoe,16 ,4 ,4.0,0.0,0.0,24 ,22508
C,Manufacturing,209011201,Ivanhoe East - Eaglemont,16 ,3 ,4.0,0.0,0.0,24 ,21246
C,Manufacturing,209011202,Montmorency - Briar Hill,13 ,10 ,4.0,3.0,0.0,28 ,22484
C,Manufacturing,209011203,Viewbank - Yallambie,13 ,3 ,0.0,0.0,0.0,18 ,20386
C,Manufacturing,209011204,Watsonia,7 ,5 ,3.0,0.0,0.0,14 ,20399
C,Manufacturing,209021205,Kingsbury,10 ,3 ,3.0,0.0,0.0,15 ,20399
C,Manufacturing,209021428,Preston - East,47 ,33 ,25.0,10.0,0.0,115 ,22121
C,Manufacturing,209021429,Preston - West,9 ,4 ,3.0,3.0,0.0,17 ,20596
C,Manufacturing,209021523,Reservoir - North East,19 ,9 ,0.0,0.0,0.0,28 ,20399
C,Manufacturing,209021524,Reservoir - North West,11 ,6 ,0.0,0.0,0.0,18 ,22161
C,Manufacturing,209021525,Reservoir - South East,17 ,8 ,0.0,0.0,0.0,25 ,22121
C,Manufacturing,209021526,Reservoir - South West,35 ,24 ,26.0,13.0,0.0,98 ,20597
C,Manufacturing,209031209,Eltham,40 ,14 ,15.0,3.0,0.0,71 ,22483
C,Manufacturing,209031210,Hurstbridge,10 ,3 ,3.0,0.0,0.0,13 ,20752
C,Manufacturing,209031211,Kinglake,15 ,7 ,0.0,0.0,0.0,23 ,20916
C,Manufacturing,209031212,Panton Hill - St Andrews,15 ,7 ,0.0,0.0,0.0,23 ,21358
C,Manufacturing,209031213,Plenty - Yarrambat,18 ,14 ,5.0,0.0,0.0,37 ,20399
C,Manufacturing,209031214,Research - North Warrandyte,16 ,12 ,3.0,0.0,0.0,30 ,20865
C,Manufacturing,209031215,Wattle Glen - Diamond Creek,18 ,12 ,3.0,3.0,0.0,36 ,20865
C,Manufacturing,209041216,Bundoora - North,14 ,9 ,5.0,3.0,0.0,31 ,20399
C,Manufacturing,209041217,Bundoora - West,10 ,3 ,3.0,0.0,0.0,15 ,20399
C,Manufacturing,209041220,Mill Park - North,19 ,5 ,3.0,0.0,0.0,27 ,21683
C,Manufacturing,209041221,Mill Park - South,10 ,5 ,3.0,0.0,0.0,17 ,20399
C,Manufacturing,209041223,Thomastown,96 ,88 ,84.0,44.0,3.0,314 ,20399
C,Manufacturing,209041224,Wallan,43 ,19 ,6.0,4.0,0.0,72 ,20345
C,Manufacturing,209041225,Whittlesea,15 ,9 ,5.0,0.0,0.0,29 ,20576
C,Manufacturing,209041431,Epping - East,15 ,5 ,3.0,0.0,0.0,23 ,22311
C,Manufacturing,209041432,Epping - South,24 ,19 ,21.0,11.0,0.0,77 ,21683
C,Manufacturing,209041433,Epping (Vic.) - West,20 ,22 ,15.0,8.0,0.0,65 ,20878
C,Manufacturing,209041435,South Morang - North,21 ,5 ,0.0,3.0,0.0,27 ,20779
C,Manufacturing,209041436,South Morang - South,13 ,4 ,3.0,3.0,0.0,21 ,22916
C,Manufacturing,209041437,Wollert,26 ,11 ,3.0,0.0,0.0,38 ,22311
C,Manufacturing,209041527,Doreen - North,16 ,5 ,3.0,0.0,0.0,23 ,20779
C,Manufacturing,209041528,Doreen - South,14 ,10 ,3.0,0.0,0.0,25 ,20779
C,Manufacturing,209041529,Lalor - East,18 ,7 ,3.0,0.0,0.0,26 ,22504
C,Manufacturing,209041530,Lalor - West,21 ,6 ,3.0,3.0,0.0,33 ,22504
C,Manufacturing,209041531,Mernda - North,7 ,5 ,0.0,0.0,0.0,13 ,20779
C,Manufacturing,209041532,Mernda - South,10 ,4 ,3.0,0.0,0.0,16 ,20779
C,Manufacturing,210011226,Airport West,21 ,18 ,26.0,3.0,3.0,69 ,20886
C,Manufacturing,210011227,Essendon Airport,0 ,3 ,0.0,3.0,0.0,6 ,22380
C,Manufacturing,210011228,Keilor,68 ,54 ,67.0,20.0,3.0,211 ,20015
C,Manufacturing,210011230,Niddrie - Essendon West,11 ,5 ,3.0,3.0,0.0,21 ,20885
C,Manufacturing,210011231,Strathmore,9 ,5 ,3.0,0.0,0.0,18 ,20885
C,Manufacturing,210011533,Avondale Heights,12 ,5 ,4.0,0.0,0.0,22 ,21604
C,Manufacturing,210011534,Keilor East,11 ,10 ,4.0,0.0,0.0,25 ,20888
C,Manufacturing,210021232,Gisborne,30 ,22 ,7.0,3.0,0.0,61 ,20076
C,Manufacturing,210021233,Macedon,5 ,6 ,0.0,0.0,0.0,13 ,20387
C,Manufacturing,210021234,Riddells Creek,6 ,3 ,0.0,3.0,0.0,12 ,21176
C,Manufacturing,210021235,Romsey,31 ,11 ,6.0,3.0,0.0,50 ,20172
C,Manufacturing,210031236,Coburg North,32 ,39 ,31.0,17.0,3.0,120 ,20596
C,Manufacturing,210031237,Fawkner,18 ,10 ,4.0,0.0,0.0,32 ,20597
C,Manufacturing,210031439,Gowanbrae,3 ,3 ,0.0,0.0,0.0,5 ,22381
C,Manufacturing,210031440,Hadfield,4 ,3 ,3.0,0.0,0.0,7 ,22041
C,Manufacturing,210031535,Glenroy - East,12 ,5 ,3.0,3.0,0.0,21 ,22041
C,Manufacturing,210031536,Glenroy - West,5 ,5 ,0.0,0.0,0.0,11 ,22381
C,Manufacturing,210031537,Oak Park,7 ,4 ,0.0,0.0,0.0,12 ,22042
C,Manufacturing,210031538,Pascoe Vale,17 ,15 ,3.0,3.0,0.0,37 ,22042
C,Manufacturing,210041240,Sunbury,21 ,7 ,3.0,3.0,0.0,32 ,20567
C,Manufacturing,210041539,Diggers Rest,7 ,3 ,3.0,0.0,0.0,9 ,20754
C,Manufacturing,210041540,Sunbury - South,24 ,16 ,8.0,0.0,0.0,48 ,21318
C,Manufacturing,210041541,Sunbury - West,12 ,7 ,0.0,3.0,0.0,20 ,20754
C,Manufacturing,210051242,Broadmeadows,22 ,8 ,10.0,14.0,3.0,56 ,20909
C,Manufacturing,210051243,Campbellfield - Coolaroo,145 ,132 ,159.0,78.0,3.0,516 ,22161
C,Manufacturing,210051245,Gladstone Park - Westmeadows,20 ,10 ,0.0,0.0,0.0,31 ,22586
C,Manufacturing,210051246,Greenvale - Bulla,29 ,17 ,7.0,3.0,0.0,55 ,21675
C,Manufacturing,210051247,Meadow Heights,15 ,6 ,0.0,0.0,0.0,22 ,20624
C,Manufacturing,210051248,Melbourne Airport,5 ,0 ,3.0,5.0,0.0,11 ,21319
C,Manufacturing,210051250,Tullamarine,23 ,17 ,11.0,3.0,0.0,54 ,22586
C,Manufacturing,210051441,Craigieburn - Central,19 ,5 ,0.0,0.0,0.0,24 ,20661
C,Manufacturing,210051442,Craigieburn - North,15 ,3 ,0.0,0.0,0.0,18 ,21675
C,Manufacturing,210051443,Craigieburn - South,51 ,24 ,17.0,6.0,0.0,98 ,20878
C,Manufacturing,210051445,Mickleham - Yuroke,44 ,17 ,0.0,0.0,0.0,62 ,20233
C,Manufacturing,210051542,Craigieburn - North West,22 ,5 ,0.0,0.0,0.0,28 ,21675
C,Manufacturing,210051543,Craigieburn - West,28 ,6 ,0.0,0.0,0.0,34 ,21675
C,Manufacturing,210051544,Roxburgh Park (South) - Somerton,30 ,15 ,28.0,10.0,3.0,85 ,20878
C,Manufacturing,210051545,Roxburgh Park - North,9 ,5 ,0.0,0.0,0.0,14 ,20661
C,Manufacturing,211011251,Bayswater,71 ,73 ,86.0,46.0,0.0,276 ,20173
C,Manufacturing,211011254,Knoxfield - Scoresby,44 ,32 ,41.0,36.0,3.0,156 ,21013
C,Manufacturing,211011255,Lysterfield,8 ,6 ,3.0,0.0,0.0,15 ,20917
C,Manufacturing,211011256,Rowville - Central,30 ,13 ,6.0,3.0,0.0,51 ,21374
C,Manufacturing,211011257,Rowville - North,17 ,8 ,17.0,9.0,0.0,51 ,20917
C,Manufacturing,211011258,Rowville - South,10 ,4 ,3.0,0.0,3.0,17 ,22207
C,Manufacturing,211011259,Wantirna,10 ,10 ,3.0,0.0,0.0,23 ,22628
C,Manufacturing,211011260,Wantirna South,13 ,12 ,7.0,3.0,0.0,34 ,21013
C,Manufacturing,211011446,Boronia,36 ,27 ,21.0,5.0,0.0,89 ,20173
C,Manufacturing,211011447,Ferntree Gully - North,17 ,12 ,3.0,0.0,0.0,32 ,20304
C,Manufacturing,211011448,Ferntree Gully (South) - Upper Ferntree Gully,44 ,22 ,19.0,3.0,0.0,88 ,20917
C,Manufacturing,211011449,The Basin,6 ,0 ,0.0,0.0,0.0,8 ,20304
C,Manufacturing,211021261,Donvale - Park Orchards,30 ,5 ,3.0,0.0,0.0,39 ,20772
C,Manufacturing,211021262,Warrandyte - Wonga Park,20 ,6 ,3.0,3.0,0.0,30 ,20772
C,Manufacturing,211031263,Bayswater North,46 ,53 ,51.0,37.0,0.0,187 ,20173
C,Manufacturing,211031265,Croydon Hills - Warranwood,21 ,10 ,4.0,0.0,0.0,36 ,20556
C,Manufacturing,211031266,Ringwood,31 ,25 ,14.0,5.0,3.0,76 ,20774
C,Manufacturing,211031267,Ringwood East,19 ,15 ,0.0,3.0,0.0,38 ,20173
C,Manufacturing,211031268,Ringwood North,4 ,0 ,3.0,0.0,0.0,7 ,20774
C,Manufacturing,211031450,Croydon - East,24 ,10 ,12.0,0.0,0.0,47 ,21354
C,Manufacturing,211031451,Croydon - West,13 ,8 ,4.0,0.0,0.0,26 ,20556
C,Manufacturing,211031452,Croydon South,16 ,16 ,12.0,13.0,0.0,57 ,20174
C,Manufacturing,211041269,Forest Hill,8 ,5 ,0.0,3.0,0.0,14 ,20252
C,Manufacturing,211041270,Mitcham (Vic.),19 ,18 ,13.0,4.0,0.0,54 ,20774
C,Manufacturing,211041271,Nunawading,24 ,18 ,13.0,6.0,0.0,61 ,20774
C,Manufacturing,211041272,Vermont,14 ,10 ,6.0,0.0,0.0,31 ,20937
C,Manufacturing,211041273,Vermont South,15 ,7 ,3.0,0.0,0.0,23 ,20937
C,Manufacturing,211051274,Belgrave - Selby,22 ,8 ,3.0,0.0,0.0,32 ,21558
C,Manufacturing,211051275,Chirnside Park,22 ,9 ,3.0,3.0,0.0,36 ,20556
C,Manufacturing,211051276,Healesville - Yarra Glen,43 ,14 ,15.0,3.0,0.0,75 ,20916
C,Manufacturing,211051277,Kilsyth,19 ,22 ,21.0,6.0,0.0,68 ,20174
C,Manufacturing,211051278,Lilydale - Coldstream,49 ,23 ,19.0,3.0,0.0,94 ,20556
C,Manufacturing,211051279,Monbulk - Silvan,20 ,7 ,7.0,0.0,0.0,34 ,20868
C,Manufacturing,211051280,Montrose,10 ,12 ,0.0,3.0,0.0,27 ,21354
C,Manufacturing,211051281,Mooroolbark,36 ,12 ,3.0,3.0,0.0,53 ,20556
C,Manufacturing,211051282,Mount Dandenong - Olinda,20 ,7 ,3.0,0.0,0.0,28 ,20304
C,Manufacturing,211051283,Mount Evelyn,22 ,6 ,3.0,3.0,0.0,33 ,21736
C,Manufacturing,211051284,Upwey - Tecoma,16 ,3 ,0.0,0.0,0.0,18 ,21558
C,Manufacturing,211051285,Wandin - Seville,16 ,19 ,10.0,3.0,0.0,48 ,20613
C,Manufacturing,211051286,Yarra Valley,34 ,17 ,7.0,0.0,0.0,58 ,20833
C,Manufacturing,212011289,Emerald - Cockatoo,50 ,25 ,11.0,0.0,0.0,86 ,20979
C,Manufacturing,212011546,Beaconsfield - Officer,37 ,11 ,6.0,7.0,0.0,61 ,20176
C,Manufacturing,212011547,Bunyip - Garfield,23 ,14 ,0.0,0.0,0.0,39 ,20411
C,Manufacturing,212011548,Koo Wee Rup,20 ,7 ,6.0,0.0,0.0,34 ,20081
C,Manufacturing,212011549,Pakenham - North East,20 ,11 ,0.0,0.0,0.0,31 ,21879
C,Manufacturing,212011550,Pakenham - North West,13 ,5 ,0.0,4.0,0.0,24 ,20176
C,Manufacturing,212011551,Pakenham - South East,24 ,23 ,11.0,4.0,0.0,62 ,21879
C,Manufacturing,212011552,Pakenham - South West,43 ,17 ,22.0,13.0,0.0,95 ,22006
C,Manufacturing,212021293,Berwick - North,39 ,15 ,5.0,5.0,0.0,64 ,21895
C,Manufacturing,212021295,Doveton,16 ,5 ,7.0,3.0,0.0,29 ,20708
C,Manufacturing,212021297,Hallam,59 ,42 ,49.0,27.0,0.0,177 ,21895
C,Manufacturing,212021299,Narre Warren North,23 ,8 ,0.0,3.0,0.0,35 ,21558
C,Manufacturing,212021453,Endeavour Hills - North,19 ,11 ,0.0,0.0,0.0,31 ,22207
C,Manufacturing,212021454,Endeavour Hills - South,27 ,4 ,3.0,0.0,0.0,34 ,21895
C,Manufacturing,212021455,Narre Warren - North East,10 ,6 ,0.0,0.0,0.0,17 ,21895
C,Manufacturing,212021456,Narre Warren - South West,21 ,7 ,7.0,0.0,0.0,37 ,20224
C,Manufacturing,212021553,Berwick - South East,27 ,11 ,3.0,3.0,0.0,44 ,20175
C,Manufacturing,212021554,Berwick - South West,13 ,6 ,0.0,3.0,0.0,21 ,20224
C,Manufacturing,212031300,Cranbourne,33 ,16 ,0.0,3.0,0.0,53 ,20664
C,Manufacturing,212031303,Cranbourne South,30 ,18 ,3.0,3.0,0.0,52 ,20487
C,Manufacturing,212031304,Cranbourne West,32 ,18 ,10.0,3.0,0.0,62 ,20662
C,Manufacturing,212031306,Lynbrook - Lyndhurst,25 ,9 ,7.0,3.0,0.0,44 ,20709
C,Manufacturing,212031308,Pearcedale - Tooradin,22 ,14 ,4.0,0.0,0.0,41 ,21380
C,Manufacturing,212031457,Narre Warren South - East,13 ,5 ,3.0,0.0,0.0,19 ,20224
C,Manufacturing,212031458,Narre Warren South - West,19 ,10 ,0.0,0.0,0.0,31 ,21893
C,Manufacturing,212031555,Clyde North - North,11 ,5 ,0.0,0.0,0.0,17 ,22006
C,Manufacturing,212031556,Clyde North - South,16 ,7 ,4.0,0.0,0.0,27 ,20487
C,Manufacturing,212031557,Cranbourne East - North,31 ,12 ,0.0,3.0,0.0,45 ,20581
C,Manufacturing,212031558,Cranbourne East - South,16 ,7 ,0.0,0.0,0.0,24 ,20581
C,Manufacturing,212031559,Cranbourne North - East,15 ,6 ,0.0,0.0,0.0,21 ,20582
C,Manufacturing,212031560,Cranbourne North - West,11 ,0 ,0.0,0.0,0.0,14 ,21133
C,Manufacturing,212031561,Hampton Park - East,13 ,3 ,0.0,0.0,0.0,17 ,21893
C,Manufacturing,212031562,Hampton Park - West,12 ,3 ,0.0,3.0,0.0,15 ,20709
C,Manufacturing,212041309,Clarinda - Oakleigh South,22 ,12 ,12.0,12.0,0.0,58 ,21746
C,Manufacturing,212041310,Clayton South,36 ,30 ,11.0,13.0,3.0,91 ,20758
C,Manufacturing,212041312,Dandenong North,38 ,11 ,0.0,3.0,0.0,52 ,22207
C,Manufacturing,212041313,Dingley Village,11 ,8 ,4.0,3.0,0.0,25 ,20320
C,Manufacturing,212041316,Noble Park North,11 ,5 ,6.0,7.0,0.0,29 ,20708
C,Manufacturing,212041317,Springvale,43 ,29 ,23.0,11.0,0.0,106 ,21827
C,Manufacturing,212041318,Springvale South,9 ,4 ,0.0,0.0,0.0,13 ,21339
C,Manufacturing,212041459,Noble Park - East,17 ,8 ,0.0,3.0,0.0,28 ,21339
C,Manufacturing,212041460,Noble Park - West,27 ,18 ,8.0,0.0,0.0,53 ,21339
C,Manufacturing,212041563,Dandenong - North,40 ,23 ,18.0,3.0,0.0,82 ,20708
C,Manufacturing,212041564,Dandenong - South,181 ,184 ,265.0,195.0,8.0,833 ,20131
C,Manufacturing,212041565,Keysborough - North,32 ,32 ,21.0,9.0,0.0,94 ,21339
C,Manufacturing,212041566,Keysborough - South,17 ,21 ,23.0,12.0,0.0,73 ,20080
C,Manufacturing,212051319,Ashwood - Chadstone,21 ,9 ,5.0,0.0,0.0,35 ,20077
C,Manufacturing,212051321,Glen Waverley - East,26 ,3 ,5.0,3.0,0.0,36 ,20427
C,Manufacturing,212051322,Glen Waverley - West,23 ,9 ,10.0,0.0,0.0,44 ,20427
C,Manufacturing,212051323,Mount Waverley - North,16 ,7 ,3.0,3.0,0.0,25 ,20078
C,Manufacturing,212051324,Mount Waverley - South,35 ,21 ,13.0,7.0,0.0,76 ,21816
C,Manufacturing,212051325,Mulgrave,34 ,24 ,25.0,20.0,3.0,105 ,21013
C,Manufacturing,212051326,Oakleigh - Huntingdale,50 ,38 ,31.0,12.0,0.0,131 ,21587
C,Manufacturing,212051327,Wheelers Hill,30 ,19 ,3.0,3.0,0.0,51 ,21013
C,Manufacturing,212051567,Clayton (North) - Notting Hill,22 ,15 ,32.0,13.0,0.0,83 ,21816
C,Manufacturing,212051568,Clayton - Central,9 ,11 ,15.0,5.0,0.0,41 ,22002
C,Manufacturing,213011328,Ardeer - Albion,11 ,3 ,3.0,0.0,0.0,17 ,22396
C,Manufacturing,213011329,Cairnlea,12 ,7 ,3.0,0.0,0.0,21 ,20062
C,Manufacturing,213011331,Delahey,16 ,7 ,3.0,0.0,0.0,26 ,21315
C,Manufacturing,213011332,Keilor Downs,14 ,8 ,3.0,0.0,0.0,23 ,21316
C,Manufacturing,213011333,Kings Park (Vic.),9 ,7 ,0.0,0.0,0.0,17 ,20729
C,Manufacturing,213011334,St Albans - North,22 ,12 ,4.0,0.0,0.0,38 ,21312
C,Manufacturing,213011335,St Albans - South,12 ,3 ,0.0,0.0,0.0,16 ,21312
C,Manufacturing,213011336,Sunshine,26 ,18 ,17.0,0.0,0.0,62 ,20324
C,Manufacturing,213011337,Sunshine North,35 ,38 ,23.0,12.0,0.0,108 ,21316
C,Manufacturing,213011338,Sunshine West,46 ,30 ,38.0,21.0,0.0,135 ,20062
C,Manufacturing,213011339,Sydenham,20 ,5 ,0.0,0.0,0.0,27 ,22474
C,Manufacturing,213011340,Taylors Lakes,26 ,9 ,0.0,0.0,0.0,37 ,21314
C,Manufacturing,213011569,Deer Park,18 ,3 ,4.0,0.0,0.0,25 ,20062
C,Manufacturing,213011570,Derrimut,28 ,17 ,28.0,13.0,0.0,87 ,20062
C,Manufacturing,213021341,Altona,30 ,13 ,11.0,7.0,0.0,61 ,21477
C,Manufacturing,213021342,Altona Meadows,12 ,7 ,0.0,0.0,0.0,19 ,20035
C,Manufacturing,213021343,Altona North,27 ,16 ,13.0,6.0,0.0,62 ,22917
C,Manufacturing,213021344,Newport,16 ,14 ,3.0,3.0,0.0,35 ,22107
C,Manufacturing,213021345,Seabrook,4 ,3 ,0.0,0.0,0.0,6 ,20036
C,Manufacturing,213021346,Williamstown,42 ,16 ,21.0,3.0,0.0,82 ,21934
C,Manufacturing,213031347,Braybrook,31 ,22 ,11.0,4.0,0.0,68 ,20935
C,Manufacturing,213031348,Footscray,18 ,16 ,4.0,3.0,0.0,41 ,20929
C,Manufacturing,213031349,Maribyrnong,14 ,8 ,0.0,3.0,0.0,25 ,20075
C,Manufacturing,213031350,Seddon - Kingsville,10 ,0 ,0.0,0.0,0.0,12 ,20935
C,Manufacturing,213031351,West Footscray - Tottenham,18 ,12 ,21.0,0.0,0.0,53 ,20935
C,Manufacturing,213031352,Yarraville,21 ,11 ,8.0,3.0,0.0,42 ,20935
C,Manufacturing,213041353,Bacchus Marsh,38 ,20 ,10.0,4.0,0.0,72 ,20095
C,Manufacturing,213041358,Melton West,24 ,11 ,3.0,0.0,0.0,36 ,22537
C,Manufacturing,213041359,Rockbank - Mount Cottrell,27 ,29 ,26.0,6.0,0.0,88 ,20899
C,Manufacturing,213041360,Taylors Hill,16 ,7 ,3.0,0.0,0.0,25 ,20950
C,Manufacturing,213041461,Burnside,10 ,0 ,0.0,0.0,0.0,11 ,20729
C,Manufacturing,213041462,Burnside Heights,7 ,0 ,0.0,3.0,0.0,8 ,20420
C,Manufacturing,213041463,Caroline Springs,24 ,12 ,0.0,0.0,0.0,38 ,20950
C,Manufacturing,213041571,Brookfield,7 ,3 ,0.0,0.0,0.0,11 ,21202
C,Manufacturing,213041572,Cobblebank - Strathtulloh,6 ,3 ,0.0,5.0,0.0,14 ,21642
C,Manufacturing,213041573,Eynesbury - Exford,3 ,0 ,3.0,0.0,0.0,3 ,20899
C,Manufacturing,213041574,Fraser Rise - Plumpton,15 ,6 ,0.0,0.0,0.0,23 ,20754
C,Manufacturing,213041575,Hillside,16 ,8 ,3.0,0.0,0.0,26 ,20950
C,Manufacturing,213041576,Kurunjang - Toolern Vale,12 ,5 ,0.0,0.0,0.0,17 ,20605
C,Manufacturing,213041577,Melton,16 ,15 ,6.0,3.0,0.0,39 ,21140
C,Manufacturing,213041578,Melton South - Weir Views,13 ,4 ,0.0,3.0,0.0,18 ,20351
C,Manufacturing,213051361,Hoppers Crossing - North,40 ,19 ,15.0,5.0,0.0,80 ,22582
C,Manufacturing,213051362,Hoppers Crossing - South,13 ,5 ,0.0,0.0,0.0,19 ,22451
C,Manufacturing,213051363,Laverton,40 ,15 ,24.0,16.0,3.0,97 ,22397
C,Manufacturing,213051368,Werribee - South,30 ,19 ,7.0,4.0,0.0,60 ,20601
C,Manufacturing,213051464,Point Cook - East,16 ,11 ,0.0,3.0,0.0,29 ,20036
C,Manufacturing,213051466,Point Cook - South,14 ,9 ,0.0,3.0,0.0,24 ,22086
C,Manufacturing,213051467,Werribee - East,12 ,5 ,0.0,0.0,0.0,18 ,22451
C,Manufacturing,213051468,Werribee - West,17 ,11 ,3.0,3.0,0.0,30 ,20115
C,Manufacturing,213051579,Manor Lakes - Quandong,7 ,0 ,0.0,0.0,0.0,7 ,20115
C,Manufacturing,213051580,Point Cook - North East,17 ,6 ,5.0,3.0,0.0,30 ,20036
C,Manufacturing,213051581,Point Cook - North West,3 ,3 ,0.0,0.0,0.0,5 ,22086
C,Manufacturing,213051582,Tarneit (West) - Mount Cottrell,11 ,0 ,4.0,0.0,0.0,17 ,20899
C,Manufacturing,213051583,Tarneit - Central,19 ,6 ,3.0,0.0,0.0,28 ,22582
C,Manufacturing,213051584,Tarneit - North,8 ,0 ,0.0,0.0,0.0,8 ,22582
C,Manufacturing,213051585,Tarneit - South,13 ,0 ,0.0,0.0,0.0,15 ,22451
C,Manufacturing,213051586,Truganina - North,19 ,12 ,6.0,13.0,0.0,51 ,20743
C,Manufacturing,213051587,Truganina - South East,7 ,5 ,3.0,0.0,0.0,15 ,21477
C,Manufacturing,213051588,Truganina - South West,17 ,4 ,0.0,0.0,0.0,21 ,22582
C,Manufacturing,213051589,Wyndham Vale - North,3 ,3 ,3.0,0.0,0.0,6 ,20116
C,Manufacturing,213051590,Wyndham Vale - South,13 ,0 ,3.0,0.0,0.0,16 ,22750
C,Manufacturing,214011370,Carrum Downs,81 ,65 ,80.0,25.0,0.0,251 ,20131
C,Manufacturing,214011371,Frankston,42 ,11 ,8.0,3.0,0.0,62 ,22249
C,Manufacturing,214011372,Frankston North,13 ,5 ,0.0,3.0,0.0,21 ,20508
C,Manufacturing,214011373,Frankston South,31 ,10 ,3.0,0.0,0.0,44 ,21468
C,Manufacturing,214011374,Langwarrin,41 ,17 ,8.0,0.0,0.0,68 ,20508
C,Manufacturing,214011375,Seaford (Vic.),40 ,46 ,37.0,7.0,0.0,130 ,20507
C,Manufacturing,214011376,Skye - Sandhurst,14 ,8 ,4.0,0.0,0.0,26 ,20508
C,Manufacturing,214021377,Dromana,25 ,15 ,8.0,4.0,0.0,52 ,20072
C,Manufacturing,214021378,Flinders,26 ,13 ,7.0,0.0,0.0,47 ,20072
C,Manufacturing,214021379,Hastings - Somers,43 ,23 ,17.0,3.0,0.0,86 ,21664
C,Manufacturing,214021381,Mount Eliza,28 ,13 ,10.0,6.0,0.0,57 ,20949
C,Manufacturing,214021382,Mount Martha,32 ,16 ,12.0,0.0,0.0,60 ,21803
C,Manufacturing,214021383,Point Nepean,26 ,15 ,5.0,3.0,0.0,48 ,20280
C,Manufacturing,214021384,Rosebud - McCrae,38 ,14 ,10.0,0.0,0.0,64 ,20072
C,Manufacturing,214021385,Somerville,55 ,31 ,20.0,3.0,0.0,109 ,22050
C,Manufacturing,214021591,Mornington - East,36 ,20 ,12.0,5.0,0.0,73 ,21793
C,Manufacturing,214021592,Mornington - West,7 ,9 ,0.0,3.0,0.0,19 ,21793
C,Manufacturing,215011386,Ararat,6 ,0 ,4.0,0.0,0.0,12 ,20811
C,Manufacturing,215011387,Ararat Surrounds,6 ,3 ,3.0,0.0,0.0,10 ,20680
C,Manufacturing,215011388,Horsham,26 ,17 ,7.0,6.0,0.0,56 ,20403
C,Manufacturing,215011389,Horsham Surrounds,10 ,3 ,0.0,0.0,0.0,14 ,20403
C,Manufacturing,215011390,Nhill Region,10 ,7 ,0.0,0.0,0.0,19 ,20756
C,Manufacturing,215011391,St Arnaud,5 ,4 ,4.0,0.0,0.0,13 ,20142
C,Manufacturing,215011392,Stawell,13 ,5 ,9.0,3.0,0.0,30 ,20680
C,Manufacturing,215011393,West Wimmera,6 ,3 ,0.0,0.0,0.0,7 ,20119
C,Manufacturing,215011394,Yarriambiack,7 ,4 ,6.0,0.0,0.0,17 ,20756
C,Manufacturing,215021395,Irymple,21 ,12 ,3.0,3.0,0.0,39 ,20488
C,Manufacturing,215021396,Merbein,8 ,6 ,3.0,0.0,0.0,17 ,21388
C,Manufacturing,215021398,Mildura Surrounds,3 ,4 ,4.0,3.0,0.0,11 ,20234
C,Manufacturing,215021399,Red Cliffs,13 ,5 ,0.0,3.0,0.0,21 ,20488
C,Manufacturing,215021469,Mildura - North,28 ,17 ,20.0,9.0,0.0,74 ,21682
C,Manufacturing,215021470,Mildura - South,14 ,12 ,7.0,0.0,0.0,34 ,21245
C,Manufacturing,215031400,Buloke,14 ,3 ,5.0,3.0,0.0,24 ,20155
C,Manufacturing,215031401,Gannawarra,13 ,3 ,6.0,3.0,0.0,24 ,20051
C,Manufacturing,215031402,Kerang,9 ,5 ,3.0,4.0,0.0,21 ,20477
C,Manufacturing,215031403,Robinvale,6 ,0 ,3.0,0.0,0.0,7 ,22744
C,Manufacturing,215031404,Swan Hill,35 ,17 ,17.0,5.0,0.0,74 ,21076
C,Manufacturing,215031405,Swan Hill Surrounds,15 ,5 ,3.0,0.0,0.0,22 ,20047
C,Manufacturing,216011406,Echuca,23 ,26 ,10.0,3.0,0.0,61 ,20125
C,Manufacturing,216011407,Kyabram,31 ,16 ,8.0,5.0,0.0,60 ,20838
C,Manufacturing,216011408,Lockington - Gunbower,12 ,3 ,0.0,0.0,0.0,15 ,20755
C,Manufacturing,216011409,Rochester,10 ,3 ,6.0,0.0,0.0,20 ,20281
C,Manufacturing,216011410,Rushworth,16 ,3 ,3.0,5.0,0.0,25 ,20093
C,Manufacturing,216021411,Cobram,15 ,10 ,4.0,0.0,0.0,30 ,20301
C,Manufacturing,216021412,Moira,5 ,5 ,3.0,0.0,0.0,13 ,20032
C,Manufacturing,216021413,Numurkah,41 ,29 ,5.0,5.0,3.0,81 ,20839
C,Manufacturing,216021414,Yarrawonga,16 ,10 ,4.0,0.0,0.0,31 ,20395
C,Manufacturing,216031415,Mooroopna,12 ,4 ,0.0,0.0,0.0,18 ,20063
C,Manufacturing,216031416,Shepparton - North,38 ,23 ,19.0,10.0,0.0,90 ,20393
C,Manufacturing,216031418,Shepparton Surrounds - East,12 ,4 ,3.0,0.0,0.0,20 ,20056
C,Manufacturing,216031419,Shepparton Surrounds - West,30 ,20 ,3.0,5.0,0.0,58 ,20056
C,Manufacturing,216031593,Kialla,17 ,8 ,4.0,0.0,0.0,30 ,20056
C,Manufacturing,216031594,Shepparton - South East,24 ,17 ,5.0,3.0,0.0,49 ,21340
C,Manufacturing,217011420,Glenelg (Vic.),15 ,7 ,4.0,0.0,0.0,26 ,20340
C,Manufacturing,217011421,Hamilton (Vic.),17 ,9 ,9.0,5.0,0.0,40 ,20322
C,Manufacturing,217011422,Portland,20 ,8 ,7.0,0.0,0.0,36 ,20274
C,Manufacturing,217011423,Southern Grampians,12 ,6 ,3.0,0.0,0.0,21 ,20199
C,Manufacturing,217031471,Camperdown,6 ,4 ,3.0,3.0,0.0,13 ,20285
C,Manufacturing,217031472,Colac,14 ,8 ,8.0,3.0,0.0,34 ,20149
C,Manufacturing,217031473,Colac Surrounds,23 ,6 ,0.0,0.0,0.0,32 ,20671
C,Manufacturing,217031474,Corangamite - North,10 ,5 ,3.0,0.0,0.0,18 ,20319
C,Manufacturing,217031475,Corangamite - South,12 ,5 ,4.0,3.0,0.0,24 ,20306
C,Manufacturing,217031476,Otway,3 ,3 ,3.0,3.0,0.0,9 ,20161
C,Manufacturing,217041477,Moyne - East,18 ,0 ,3.0,0.0,0.0,20 ,21916
C,Manufacturing,217041478,Moyne - West,21 ,7 ,7.0,0.0,0.0,35 ,20225
C,Manufacturing,217041479,Warrnambool - North,25 ,17 ,7.0,3.0,0.0,51 ,20028
C,Manufacturing,217041480,Warrnambool - South,26 ,13 ,25.0,8.0,0.0,72 ,20028
D,"Electricity, Gas, Water and Waste Services",201011001,Alfredton,3 ,0 ,3.0,0.0,0.0,3 ,20023
D,"Electricity, Gas, Water and Waste Services",201011002,Ballarat,0 ,3 ,0.0,0.0,0.0,3 ,20023
D,"Electricity, Gas, Water and Waste Services",201011005,Buninyong,0 ,0 ,0.0,0.0,0.0,0 ,20409
D,"Electricity, Gas, Water and Waste Services",201011006,Delacombe,0 ,0 ,3.0,0.0,0.0,4 ,20023
D,"Electricity, Gas, Water and Waste Services",201011007,Smythes Creek,0 ,0 ,0.0,0.0,0.0,0 ,20262
D,"Electricity, Gas, Water and Waste Services",201011008,Wendouree - Miners Rest,3 ,0 ,3.0,3.0,0.0,6 ,20023
D,"Electricity, Gas, Water and Waste Services",201011481,Ballarat East - Warrenheip,3 ,3 ,3.0,0.0,0.0,4 ,20104
D,"Electricity, Gas, Water and Waste Services",201011482,Ballarat North - Invermay,0 ,0 ,0.0,0.0,0.0,3 ,22745
D,"Electricity, Gas, Water and Waste Services",201011483,Canadian - Mount Clear,0 ,0 ,0.0,0.0,0.0,0 ,20111
D,"Electricity, Gas, Water and Waste Services",201011484,Sebastopol - Redan,0 ,0 ,0.0,0.0,0.0,0 ,20730
D,"Electricity, Gas, Water and Waste Services",201021009,Bacchus Marsh Surrounds,3 ,3 ,0.0,0.0,0.0,5 ,20076
D,"Electricity, Gas, Water and Waste Services",201021010,Creswick - Clunes,0 ,0 ,0.0,0.0,0.0,0 ,20262
D,"Electricity, Gas, Water and Waste Services",201021011,Daylesford,3 ,3 ,0.0,0.0,0.0,5 ,20256
D,"Electricity, Gas, Water and Waste Services",201021012,Gordon (Vic.),6 ,0 ,0.0,3.0,0.0,8 ,20409
D,"Electricity, Gas, Water and Waste Services",201031013,Avoca,0 ,0 ,0.0,0.0,0.0,0 ,20008
D,"Electricity, Gas, Water and Waste Services",201031014,Beaufort,0 ,0 ,0.0,0.0,0.0,0 ,20262
D,"Electricity, Gas, Water and Waste Services",201031015,Golden Plains - North,3 ,0 ,0.0,0.0,0.0,0 ,21123
D,"Electricity, Gas, Water and Waste Services",201031016,Maryborough (Vic.),0 ,0 ,0.0,0.0,0.0,0 ,20009
D,"Electricity, Gas, Water and Waste Services",201031017,Maryborough Surrounds,0 ,0 ,3.0,3.0,0.0,4 ,20459
D,"Electricity, Gas, Water and Waste Services",202011018,Bendigo,3 ,3 ,0.0,3.0,0.0,5 ,20208
D,"Electricity, Gas, Water and Waste Services",202011019,California Gully - Eaglehawk,0 ,0 ,0.0,0.0,0.0,3 ,20444
D,"Electricity, Gas, Water and Waste Services",202011020,East Bendigo - Kennington,0 ,0 ,0.0,0.0,0.0,3 ,20208
D,"Electricity, Gas, Water and Waste Services",202011021,Flora Hill - Spring Gully,0 ,0 ,3.0,0.0,0.0,3 ,20208
D,"Electricity, Gas, Water and Waste Services",202011022,Kangaroo Flat - Golden Square,3 ,3 ,0.0,0.0,0.0,4 ,20208
D,"Electricity, Gas, Water and Waste Services",202011023,Maiden Gully,0 ,0 ,3.0,0.0,0.0,0 ,20444
D,"Electricity, Gas, Water and Waste Services",202011024,Strathfieldsaye,0 ,0 ,3.0,0.0,0.0,3 ,20828
D,"Electricity, Gas, Water and Waste Services",202011025,White Hills - Ascot,0 ,3 ,3.0,0.0,0.0,3 ,20208
D,"Electricity, Gas, Water and Waste Services",202021026,Bendigo Surrounds - South,3 ,0 ,0.0,0.0,0.0,4 ,20835
D,"Electricity, Gas, Water and Waste Services",202021027,Castlemaine,3 ,0 ,3.0,0.0,0.0,5 ,20955
D,"Electricity, Gas, Water and Waste Services",202021028,Castlemaine Surrounds,0 ,0 ,0.0,0.0,0.0,3 ,20459
D,"Electricity, Gas, Water and Waste Services",202021029,Heathcote,3 ,0 ,0.0,0.0,0.0,3 ,20877
D,"Electricity, Gas, Water and Waste Services",202021030,Kyneton,0 ,3 ,0.0,0.0,0.0,4 ,20076
D,"Electricity, Gas, Water and Waste Services",202021031,Woodend,0 ,3 ,0.0,0.0,0.0,3 ,20076
D,"Electricity, Gas, Water and Waste Services",202031032,Bendigo Surrounds - North,0 ,0 ,0.0,0.0,0.0,3 ,20828
D,"Electricity, Gas, Water and Waste Services",202031033,Loddon,3 ,0 ,0.0,0.0,0.0,0 ,20177
D,"Electricity, Gas, Water and Waste Services",203011034,Bannockburn,3 ,0 ,0.0,0.0,0.0,3 ,20133
D,"Electricity, Gas, Water and Waste Services",203011035,Golden Plains - South,0 ,0 ,0.0,0.0,0.0,3 ,20217
D,"Electricity, Gas, Water and Waste Services",203011036,Winchelsea,0 ,3 ,0.0,0.0,0.0,3 ,20151
D,"Electricity, Gas, Water and Waste Services",203021037,Belmont,0 ,0 ,0.0,0.0,0.0,3 ,20201
D,"Electricity, Gas, Water and Waste Services",203021039,Geelong,5 ,0 ,0.0,0.0,0.0,9 ,20201
D,"Electricity, Gas, Water and Waste Services",203021040,Geelong West - Hamlyn Heights,0 ,0 ,0.0,0.0,0.0,3 ,20165
D,"Electricity, Gas, Water and Waste Services",203021042,Highton,0 ,0 ,0.0,0.0,0.0,3 ,20151
D,"Electricity, Gas, Water and Waste Services",203021043,Lara,3 ,0 ,0.0,0.0,0.0,3 ,20115
D,"Electricity, Gas, Water and Waste Services",203021044,Leopold,0 ,0 ,0.0,0.0,0.0,3 ,20621
D,"Electricity, Gas, Water and Waste Services",203021045,Newcomb - Moolap,9 ,3 ,5.0,0.0,0.0,16 ,20326
D,"Electricity, Gas, Water and Waste Services",203021046,Newtown (Vic.),3 ,0 ,0.0,0.0,0.0,3 ,20960
D,"Electricity, Gas, Water and Waste Services",203021047,North Geelong - Bell Park,4 ,3 ,3.0,3.0,0.0,10 ,20165
D,"Electricity, Gas, Water and Waste Services",203021485,Charlemont,3 ,0 ,0.0,0.0,0.0,3 ,21790
D,"Electricity, Gas, Water and Waste Services",203021486,Corio - Lovely Banks,3 ,0 ,0.0,0.0,0.0,3 ,20165
D,"Electricity, Gas, Water and Waste Services",203021487,Grovedale - Mount Duneed,0 ,5 ,0.0,0.0,0.0,6 ,20954
D,"Electricity, Gas, Water and Waste Services",203021488,Norlane,0 ,0 ,0.0,0.0,0.0,0 ,20191
D,"Electricity, Gas, Water and Waste Services",203031048,Clifton Springs,0 ,3 ,0.0,0.0,0.0,3 ,20697
D,"Electricity, Gas, Water and Waste Services",203031049,Lorne - Anglesea,0 ,0 ,0.0,0.0,0.0,0 ,20046
D,"Electricity, Gas, Water and Waste Services",203031051,Portarlington,0 ,0 ,0.0,0.0,0.0,0 ,20193
D,"Electricity, Gas, Water and Waste Services",203031052,Point Lonsdale - Queenscliff,3 ,0 ,0.0,0.0,0.0,3 ,22663
D,"Electricity, Gas, Water and Waste Services",203031053,Torquay,3 ,3 ,0.0,0.0,0.0,4 ,20046
D,"Electricity, Gas, Water and Waste Services",203031489,Barwon Heads - Armstrong Creek,0 ,3 ,0.0,0.0,0.0,4 ,21790
D,"Electricity, Gas, Water and Waste Services",203031490,Ocean Grove,3 ,3 ,0.0,0.0,0.0,3 ,20621
D,"Electricity, Gas, Water and Waste Services",204011054,Alexandra,3 ,0 ,0.0,0.0,0.0,0 ,20005
D,"Electricity, Gas, Water and Waste Services",204011055,Euroa,0 ,0 ,0.0,0.0,0.0,3 ,20283
D,"Electricity, Gas, Water and Waste Services",204011056,Kilmore - Broadford,3 ,3 ,0.0,0.0,0.0,6 ,21980
D,"Electricity, Gas, Water and Waste Services",204011057,Mansfield (Vic.),4 ,3 ,3.0,0.0,0.0,8 ,20283
D,"Electricity, Gas, Water and Waste Services",204011058,Nagambie,0 ,0 ,0.0,0.0,0.0,3 ,20652
D,"Electricity, Gas, Water and Waste Services",204011059,Seymour,3 ,0 ,0.0,0.0,0.0,4 ,20086
D,"Electricity, Gas, Water and Waste Services",204011060,Seymour Surrounds,0 ,3 ,0.0,0.0,0.0,3 ,22154
D,"Electricity, Gas, Water and Waste Services",204011061,Upper Yarra Valley,0 ,0 ,0.0,0.0,0.0,0 ,20452
D,"Electricity, Gas, Water and Waste Services",204011062,Yea,0 ,0 ,0.0,0.0,0.0,0 ,20005
D,"Electricity, Gas, Water and Waste Services",204021063,Benalla,0 ,0 ,0.0,0.0,0.0,0 ,20096
D,"Electricity, Gas, Water and Waste Services",204021064,Benalla Surrounds,0 ,0 ,0.0,0.0,0.0,0 ,20283
D,"Electricity, Gas, Water and Waste Services",204021065,Rutherglen,0 ,0 ,0.0,3.0,0.0,3 ,20296
D,"Electricity, Gas, Water and Waste Services",204021066,Wangaratta,4 ,3 ,0.0,0.0,0.0,7 ,21349
D,"Electricity, Gas, Water and Waste Services",204021067,Wangaratta Surrounds,3 ,0 ,0.0,0.0,0.0,0 ,20060
D,"Electricity, Gas, Water and Waste Services",204031068,Beechworth,3 ,0 ,0.0,0.0,0.0,3 ,20551
D,"Electricity, Gas, Water and Waste Services",204031069,Bright - Mount Beauty,0 ,0 ,0.0,0.0,0.0,3 ,21210
D,"Electricity, Gas, Water and Waste Services",204031070,Chiltern - Indigo Valley,0 ,0 ,0.0,0.0,0.0,0 ,20357
D,"Electricity, Gas, Water and Waste Services",204031071,Myrtleford,0 ,0 ,0.0,0.0,0.0,0 ,20312
D,"Electricity, Gas, Water and Waste Services",204031072,Towong,0 ,3 ,0.0,0.0,0.0,3 ,20883
D,"Electricity, Gas, Water and Waste Services",204031073,West Wodonga,44 ,0 ,0.0,0.0,0.0,45 ,21230
D,"Electricity, Gas, Water and Waste Services",204031075,Yackandandah,0 ,3 ,3.0,0.0,0.0,3 ,22351
D,"Electricity, Gas, Water and Waste Services",204031491,Baranduda - Leneva,0 ,0 ,3.0,0.0,0.0,3 ,21230
D,"Electricity, Gas, Water and Waste Services",204031492,Wodonga,0 ,0 ,3.0,0.0,0.0,5 ,21222
D,"Electricity, Gas, Water and Waste Services",205011076,Drouin,3 ,3 ,0.0,0.0,0.0,7 ,20081
D,"Electricity, Gas, Water and Waste Services",205011077,Mount Baw Baw Region,0 ,0 ,0.0,0.0,0.0,0 ,20452
D,"Electricity, Gas, Water and Waste Services",205011078,Trafalgar (Vic.),0 ,0 ,0.0,0.0,0.0,3 ,20391
D,"Electricity, Gas, Water and Waste Services",205011079,Warragul,3 ,3 ,0.0,0.0,0.0,4 ,20081
D,"Electricity, Gas, Water and Waste Services",205021080,Alps - East,0 ,0 ,0.0,0.0,0.0,0 ,20719
D,"Electricity, Gas, Water and Waste Services",205021081,Bairnsdale,3 ,3 ,3.0,0.0,0.0,7 ,20103
D,"Electricity, Gas, Water and Waste Services",205021082,Bruthen - Omeo,0 ,0 ,0.0,0.0,0.0,3 ,20265
D,"Electricity, Gas, Water and Waste Services",205021083,Lake King,0 ,0 ,0.0,0.0,0.0,0 ,20822
D,"Electricity, Gas, Water and Waste Services",205021084,Lakes Entrance,0 ,0 ,0.0,3.0,0.0,3 ,20290
D,"Electricity, Gas, Water and Waste Services",205021085,Orbost,0 ,3 ,0.0,0.0,0.0,3 ,20360
D,"Electricity, Gas, Water and Waste Services",205021086,Paynesville,0 ,3 ,0.0,0.0,0.0,0 ,20103
D,"Electricity, Gas, Water and Waste Services",205031087,Foster,0 ,0 ,0.0,0.0,0.0,3 ,20010
D,"Electricity, Gas, Water and Waste Services",205031088,French Island,0 ,0 ,0.0,0.0,0.0,0 ,20856
D,"Electricity, Gas, Water and Waste Services",205031089,Korumburra,3 ,0 ,0.0,0.0,0.0,3 ,20081
D,"Electricity, Gas, Water and Waste Services",205031090,Leongatha,0 ,3 ,3.0,0.0,0.0,4 ,20024
D,"Electricity, Gas, Water and Waste Services",205031091,Phillip Island,0 ,0 ,0.0,3.0,0.0,4 ,20475
D,"Electricity, Gas, Water and Waste Services",205031092,Wilsons Promontory,0 ,0 ,0.0,0.0,0.0,0 ,22800
D,"Electricity, Gas, Water and Waste Services",205031093,Wonthaggi - Inverloch,4 ,3 ,3.0,0.0,0.0,10 ,21235
D,"Electricity, Gas, Water and Waste Services",205041094,Churchill,3 ,3 ,0.0,0.0,0.0,4 ,20585
D,"Electricity, Gas, Water and Waste Services",205041095,Moe - Newborough,4 ,0 ,0.0,0.0,0.0,5 ,21716
D,"Electricity, Gas, Water and Waste Services",205041096,Morwell,3 ,0 ,3.0,3.0,0.0,8 ,22596
D,"Electricity, Gas, Water and Waste Services",205041098,Yallourn North - Glengarry,0 ,0 ,0.0,0.0,0.0,3 ,20286
D,"Electricity, Gas, Water and Waste Services",205041493,Traralgon - East,0 ,3 ,0.0,0.0,0.0,5 ,21027
D,"Electricity, Gas, Water and Waste Services",205041494,Traralgon - West,3 ,0 ,0.0,0.0,3.0,3 ,21027
D,"Electricity, Gas, Water and Waste Services",205051099,Alps - West,0 ,0 ,0.0,0.0,0.0,0 ,21210
D,"Electricity, Gas, Water and Waste Services",205051100,Longford - Loch Sport,0 ,0 ,0.0,0.0,0.0,0 ,20938
D,"Electricity, Gas, Water and Waste Services",205051101,Maffra,0 ,0 ,0.0,0.0,0.0,3 ,22542
D,"Electricity, Gas, Water and Waste Services",205051102,Rosedale,0 ,0 ,0.0,0.0,0.0,0 ,22543
D,"Electricity, Gas, Water and Waste Services",205051103,Sale,4 ,0 ,0.0,3.0,0.0,6 ,20586
D,"Electricity, Gas, Water and Waste Services",205051104,Yarram,0 ,0 ,0.0,0.0,0.0,0 ,20242
D,"Electricity, Gas, Water and Waste Services",206011106,Brunswick East,3 ,0 ,0.0,3.0,0.0,3 ,20361
D,"Electricity, Gas, Water and Waste Services",206011107,Brunswick West,0 ,3 ,0.0,0.0,0.0,3 ,20361
D,"Electricity, Gas, Water and Waste Services",206011109,Pascoe Vale South,3 ,0 ,0.0,0.0,0.0,0 ,20596
D,"Electricity, Gas, Water and Waste Services",206011495,Brunswick - North,0 ,4 ,3.0,0.0,0.0,5 ,20361
D,"Electricity, Gas, Water and Waste Services",206011496,Brunswick - South,0 ,0 ,0.0,0.0,0.0,3 ,20361
D,"Electricity, Gas, Water and Waste Services",206011497,Coburg - East,3 ,0 ,3.0,0.0,0.0,0 ,20361
D,"Electricity, Gas, Water and Waste Services",206011498,Coburg - West,0 ,0 ,0.0,0.0,0.0,0 ,20361
D,"Electricity, Gas, Water and Waste Services",206021110,Alphington - Fairfield,0 ,0 ,0.0,3.0,0.0,0 ,21971
D,"Electricity, Gas, Water and Waste Services",206021112,Thornbury,0 ,3 ,0.0,0.0,0.0,3 ,20362
D,"Electricity, Gas, Water and Waste Services",206021499,Northcote - East,0 ,3 ,0.0,0.0,0.0,3 ,21971
D,"Electricity, Gas, Water and Waste Services",206021500,Northcote - West,3 ,0 ,0.0,0.0,0.0,3 ,20362
D,"Electricity, Gas, Water and Waste Services",206031113,Ascot Vale,0 ,0 ,0.0,0.0,0.0,3 ,20075
D,"Electricity, Gas, Water and Waste Services",206031115,Flemington,0 ,0 ,0.0,0.0,0.0,3 ,20075
D,"Electricity, Gas, Water and Waste Services",206031116,Moonee Ponds,3 ,0 ,0.0,0.0,0.0,4 ,20075
D,"Electricity, Gas, Water and Waste Services",206031501,Essendon (West) - Aberfeldie,0 ,0 ,0.0,0.0,0.0,3 ,20885
D,"Electricity, Gas, Water and Waste Services",206031502,Essendon - East,0 ,3 ,3.0,0.0,0.0,4 ,20363
D,"Electricity, Gas, Water and Waste Services",206041117,Carlton,5 ,0 ,0.0,0.0,0.0,7 ,20496
D,"Electricity, Gas, Water and Waste Services",206041118,Docklands,10 ,4 ,3.0,0.0,0.0,18 ,21640
D,"Electricity, Gas, Water and Waste Services",206041119,East Melbourne,0 ,3 ,0.0,0.0,0.0,3 ,20495
D,"Electricity, Gas, Water and Waste Services",206041120,Flemington Racecourse,0 ,0 ,0.0,0.0,0.0,0 ,20075
D,"Electricity, Gas, Water and Waste Services",206041121,Kensington (Vic.),0 ,0 ,0.0,0.0,0.0,0 ,20929
D,"Electricity, Gas, Water and Waste Services",206041124,Parkville,3 ,0 ,0.0,0.0,0.0,0 ,20361
D,"Electricity, Gas, Water and Waste Services",206041125,South Yarra - West,3 ,0 ,0.0,3.0,0.0,3 ,21640
D,"Electricity, Gas, Water and Waste Services",206041127,West Melbourne - Industrial,0 ,0 ,0.0,0.0,0.0,0 ,20935
D,"Electricity, Gas, Water and Waste Services",206041503,Melbourne CBD - East,37 ,5 ,3.0,3.0,0.0,47 ,20495
D,"Electricity, Gas, Water and Waste Services",206041504,Melbourne CBD - North,8 ,0 ,0.0,3.0,0.0,10 ,20495
D,"Electricity, Gas, Water and Waste Services",206041505,Melbourne CBD - West,110 ,19 ,8.0,8.0,0.0,145 ,21640
D,"Electricity, Gas, Water and Waste Services",206041506,North Melbourne,3 ,0 ,0.0,0.0,0.0,6 ,22038
D,"Electricity, Gas, Water and Waste Services",206041507,Royal Botanic Gardens Victoria,0 ,0 ,0.0,0.0,0.0,0 ,21640
D,"Electricity, Gas, Water and Waste Services",206041508,Southbank (West) - South Wharf,5 ,0 ,0.0,3.0,0.0,8 ,21640
D,"Electricity, Gas, Water and Waste Services",206041509,Southbank - East,11 ,3 ,0.0,0.0,0.0,14 ,21640
D,"Electricity, Gas, Water and Waste Services",206041510,West Melbourne - Residential,0 ,0 ,0.0,0.0,0.0,0 ,21640
D,"Electricity, Gas, Water and Waste Services",206051128,Albert Park,8 ,3 ,0.0,0.0,0.0,12 ,21640
D,"Electricity, Gas, Water and Waste Services",206051129,Elwood,3 ,3 ,0.0,0.0,0.0,3 ,22343
D,"Electricity, Gas, Water and Waste Services",206051130,Port Melbourne,0 ,0 ,0.0,0.0,0.0,0 ,22107
D,"Electricity, Gas, Water and Waste Services",206051134,St Kilda East,3 ,3 ,3.0,0.0,0.0,5 ,22118
D,"Electricity, Gas, Water and Waste Services",206051511,Port Melbourne Industrial,5 ,3 ,3.0,0.0,0.0,8 ,20766
D,"Electricity, Gas, Water and Waste Services",206051512,South Melbourne,10 ,4 ,3.0,3.0,0.0,19 ,21640
D,"Electricity, Gas, Water and Waste Services",206051513,St Kilda - Central,4 ,3 ,0.0,0.0,0.0,6 ,22805
D,"Electricity, Gas, Water and Waste Services",206051514,St Kilda - West,7 ,3 ,0.0,0.0,0.0,8 ,21640
D,"Electricity, Gas, Water and Waste Services",206061135,Armadale,0 ,0 ,3.0,0.0,0.0,3 ,22118
D,"Electricity, Gas, Water and Waste Services",206061136,Prahran - Windsor,7 ,3 ,0.0,0.0,0.0,11 ,21640
D,"Electricity, Gas, Water and Waste Services",206061138,Toorak,3 ,0 ,0.0,0.0,0.0,4 ,22118
D,"Electricity, Gas, Water and Waste Services",206061515,South Yarra - North,6 ,3 ,0.0,0.0,0.0,9 ,21640
D,"Electricity, Gas, Water and Waste Services",206061516,South Yarra - South,15 ,3 ,0.0,0.0,0.0,17 ,22118
D,"Electricity, Gas, Water and Waste Services",206071139,Abbotsford,3 ,0 ,0.0,0.0,0.0,3 ,20901
D,"Electricity, Gas, Water and Waste Services",206071140,Carlton North - Princes Hill,4 ,0 ,0.0,0.0,0.0,4 ,20361
D,"Electricity, Gas, Water and Waste Services",206071141,Collingwood,5 ,0 ,0.0,0.0,0.0,5 ,20925
D,"Electricity, Gas, Water and Waste Services",206071142,Fitzroy,0 ,0 ,0.0,0.0,0.0,0 ,20925
D,"Electricity, Gas, Water and Waste Services",206071143,Fitzroy North,0 ,0 ,0.0,0.0,0.0,0 ,20362
D,"Electricity, Gas, Water and Waste Services",206071145,Clifton Hill - Alphington,0 ,0 ,3.0,0.0,0.0,0 ,20925
D,"Electricity, Gas, Water and Waste Services",206071517,Richmond (South) - Cremorne,39 ,6 ,0.0,3.0,0.0,49 ,20830
D,"Electricity, Gas, Water and Waste Services",206071518,Richmond - North,0 ,0 ,0.0,0.0,0.0,0 ,20830
D,"Electricity, Gas, Water and Waste Services",207011146,Ashburton (Vic.),0 ,3 ,0.0,0.0,0.0,3 ,20077
D,"Electricity, Gas, Water and Waste Services",207011147,Balwyn,0 ,0 ,0.0,0.0,0.0,3 ,21336
D,"Electricity, Gas, Water and Waste Services",207011148,Balwyn North,0 ,0 ,0.0,0.0,0.0,3 ,21336
D,"Electricity, Gas, Water and Waste Services",207011149,Camberwell,4 ,0 ,3.0,0.0,0.0,9 ,21010
D,"Electricity, Gas, Water and Waste Services",207011150,Glen Iris - East,3 ,0 ,0.0,0.0,0.0,3 ,20077
D,"Electricity, Gas, Water and Waste Services",207011152,Hawthorn East,7 ,3 ,0.0,0.0,0.0,10 ,21586
D,"Electricity, Gas, Water and Waste Services",207011154,Kew East,0 ,0 ,0.0,0.0,0.0,0 ,20034
D,"Electricity, Gas, Water and Waste Services",207011155,Surrey Hills (West) - Canterbury,3 ,0 ,0.0,0.0,0.0,3 ,21336
D,"Electricity, Gas, Water and Waste Services",207011519,Hawthorn - North,0 ,0 ,0.0,0.0,0.0,0 ,22170
D,"Electricity, Gas, Water and Waste Services",207011520,Hawthorn - South,9 ,3 ,0.0,0.0,0.0,14 ,22547
D,"Electricity, Gas, Water and Waste Services",207011521,Kew - South,4 ,3 ,0.0,3.0,0.0,7 ,21152
D,"Electricity, Gas, Water and Waste Services",207011522,Kew - West,4 ,0 ,0.0,0.0,0.0,5 ,20034
D,"Electricity, Gas, Water and Waste Services",207021156,Bulleen,3 ,0 ,0.0,0.0,0.0,3 ,20124
D,"Electricity, Gas, Water and Waste Services",207021157,Doncaster,6 ,0 ,0.0,3.0,0.0,8 ,20124
D,"Electricity, Gas, Water and Waste Services",207021159,Templestowe,0 ,0 ,0.0,0.0,0.0,3 ,20771
D,"Electricity, Gas, Water and Waste Services",207021160,Templestowe Lower,3 ,0 ,3.0,0.0,0.0,4 ,20386
D,"Electricity, Gas, Water and Waste Services",207021424,Doncaster East - North,0 ,0 ,0.0,0.0,0.0,3 ,20771
D,"Electricity, Gas, Water and Waste Services",207021425,Doncaster East - South,3 ,0 ,0.0,0.0,0.0,3 ,20771
D,"Electricity, Gas, Water and Waste Services",207031161,Blackburn,0 ,0 ,0.0,0.0,0.0,0 ,20315
D,"Electricity, Gas, Water and Waste Services",207031162,Blackburn South,0 ,0 ,0.0,0.0,0.0,3 ,20426
D,"Electricity, Gas, Water and Waste Services",207031163,Box Hill,6 ,3 ,3.0,0.0,0.0,9 ,21732
D,"Electricity, Gas, Water and Waste Services",207031164,Box Hill North,4 ,0 ,0.0,0.0,0.0,4 ,20123
D,"Electricity, Gas, Water and Waste Services",207031165,Burwood (Vic.),0 ,0 ,0.0,0.0,0.0,3 ,21010
D,"Electricity, Gas, Water and Waste Services",207031166,Burwood East,0 ,3 ,0.0,0.0,0.0,3 ,20426
D,"Electricity, Gas, Water and Waste Services",207031167,Surrey Hills (East) - Mont Albert,3 ,0 ,0.0,0.0,0.0,3 ,21732
D,"Electricity, Gas, Water and Waste Services",208011168,Beaumaris,3 ,0 ,0.0,0.0,0.0,3 ,20182
D,"Electricity, Gas, Water and Waste Services",208011169,Brighton (Vic.),3 ,3 ,0.0,3.0,0.0,7 ,20337
D,"Electricity, Gas, Water and Waste Services",208011170,Brighton East,0 ,3 ,0.0,0.0,0.0,3 ,20337
D,"Electricity, Gas, Water and Waste Services",208011171,Highett (West) - Cheltenham,4 ,3 ,3.0,0.0,0.0,7 ,20182
D,"Electricity, Gas, Water and Waste Services",208011172,Hampton,0 ,3 ,0.0,0.0,0.0,3 ,20337
D,"Electricity, Gas, Water and Waste Services",208011173,Sandringham - Black Rock,4 ,3 ,0.0,0.0,0.0,6 ,20182
D,"Electricity, Gas, Water and Waste Services",208021174,Bentleigh - McKinnon,3 ,0 ,0.0,0.0,0.0,4 ,20338
D,"Electricity, Gas, Water and Waste Services",208021176,Carnegie,3 ,3 ,0.0,0.0,0.0,3 ,21587
D,"Electricity, Gas, Water and Waste Services",208021177,Caulfield - North,5 ,0 ,3.0,0.0,0.0,6 ,20105
D,"Electricity, Gas, Water and Waste Services",208021178,Caulfield - South,0 ,3 ,0.0,0.0,0.0,3 ,20864
D,"Electricity, Gas, Water and Waste Services",208021179,Elsternwick,0 ,0 ,0.0,0.0,0.0,0 ,20337
D,"Electricity, Gas, Water and Waste Services",208021180,Hughesdale,0 ,0 ,0.0,0.0,0.0,0 ,21587
D,"Electricity, Gas, Water and Waste Services",208021181,Murrumbeena,0 ,0 ,0.0,0.0,0.0,0 ,21587
D,"Electricity, Gas, Water and Waste Services",208021182,Ormond - Glen Huntly,0 ,0 ,0.0,0.0,0.0,3 ,20338
D,"Electricity, Gas, Water and Waste Services",208021426,Bentleigh East - North,0 ,0 ,0.0,0.0,0.0,0 ,20214
D,"Electricity, Gas, Water and Waste Services",208021427,Bentleigh East - South,3 ,3 ,0.0,0.0,0.0,3 ,20214
D,"Electricity, Gas, Water and Waste Services",208031183,Aspendale Gardens - Waterways,0 ,3 ,0.0,0.0,0.0,0 ,20079
D,"Electricity, Gas, Water and Waste Services",208031184,Braeside,3 ,3 ,4.0,3.0,0.0,11 ,20079
D,"Electricity, Gas, Water and Waste Services",208031185,Carrum - Patterson Lakes,4 ,0 ,0.0,0.0,0.0,7 ,20131
D,"Electricity, Gas, Water and Waste Services",208031186,Chelsea - Bonbeach,0 ,0 ,0.0,0.0,0.0,0 ,20538
D,"Electricity, Gas, Water and Waste Services",208031187,Chelsea Heights,0 ,0 ,0.0,0.0,0.0,3 ,20080
D,"Electricity, Gas, Water and Waste Services",208031188,Highett (East) - Cheltenham,3 ,3 ,3.0,0.0,0.0,8 ,20539
D,"Electricity, Gas, Water and Waste Services",208031189,Edithvale - Aspendale,0 ,0 ,0.0,0.0,0.0,0 ,20079
D,"Electricity, Gas, Water and Waste Services",208031190,Mentone,3 ,3 ,0.0,0.0,0.0,3 ,20182
D,"Electricity, Gas, Water and Waste Services",208031191,Moorabbin - Heatherton,3 ,4 ,3.0,0.0,0.0,10 ,20539
D,"Electricity, Gas, Water and Waste Services",208031192,Moorabbin Airport,0 ,0 ,0.0,0.0,0.0,0 ,20539
D,"Electricity, Gas, Water and Waste Services",208031193,Mordialloc - Parkdale,3 ,0 ,3.0,3.0,0.0,11 ,21648
D,"Electricity, Gas, Water and Waste Services",208041194,Malvern - Glen Iris,6 ,0 ,0.0,3.0,0.0,9 ,20066
D,"Electricity, Gas, Water and Waste Services",208041195,Malvern East,13 ,0 ,0.0,3.0,0.0,15 ,20523
D,"Electricity, Gas, Water and Waste Services",209011196,Bundoora - East,0 ,0 ,3.0,0.0,0.0,3 ,20399
D,"Electricity, Gas, Water and Waste Services",209011197,Greensborough,0 ,3 ,3.0,0.0,0.0,5 ,21104
D,"Electricity, Gas, Water and Waste Services",209011198,Heidelberg - Rosanna,3 ,0 ,3.0,0.0,0.0,4 ,21246
D,"Electricity, Gas, Water and Waste Services",209011199,Heidelberg West,17 ,0 ,3.0,0.0,0.0,19 ,22121
D,"Electricity, Gas, Water and Waste Services",209011200,Ivanhoe,0 ,0 ,0.0,0.0,0.0,3 ,22508
D,"Electricity, Gas, Water and Waste Services",209011201,Ivanhoe East - Eaglemont,3 ,0 ,0.0,0.0,0.0,4 ,21246
D,"Electricity, Gas, Water and Waste Services",209011202,Montmorency - Briar Hill,0 ,0 ,0.0,0.0,0.0,3 ,22484
D,"Electricity, Gas, Water and Waste Services",209011203,Viewbank - Yallambie,0 ,3 ,0.0,0.0,0.0,3 ,20386
D,"Electricity, Gas, Water and Waste Services",209011204,Watsonia,0 ,0 ,0.0,0.0,0.0,0 ,20399
D,"Electricity, Gas, Water and Waste Services",209021205,Kingsbury,0 ,0 ,0.0,0.0,0.0,0 ,20399
D,"Electricity, Gas, Water and Waste Services",209021428,Preston - East,4 ,3 ,0.0,0.0,0.0,7 ,22121
D,"Electricity, Gas, Water and Waste Services",209021429,Preston - West,0 ,0 ,0.0,0.0,0.0,3 ,20596
D,"Electricity, Gas, Water and Waste Services",209021523,Reservoir - North East,0 ,3 ,0.0,0.0,0.0,3 ,20399
D,"Electricity, Gas, Water and Waste Services",209021524,Reservoir - North West,0 ,0 ,0.0,0.0,0.0,0 ,22161
D,"Electricity, Gas, Water and Waste Services",209021525,Reservoir - South East,0 ,0 ,3.0,0.0,0.0,3 ,22121
D,"Electricity, Gas, Water and Waste Services",209021526,Reservoir - South West,3 ,0 ,4.0,0.0,0.0,6 ,20597
D,"Electricity, Gas, Water and Waste Services",209031209,Eltham,7 ,3 ,0.0,3.0,0.0,9 ,22483
D,"Electricity, Gas, Water and Waste Services",209031210,Hurstbridge,0 ,0 ,0.0,0.0,0.0,0 ,20752
D,"Electricity, Gas, Water and Waste Services",209031211,Kinglake,0 ,0 ,0.0,0.0,0.0,3 ,20916
D,"Electricity, Gas, Water and Waste Services",209031212,Panton Hill - St Andrews,0 ,0 ,3.0,0.0,0.0,3 ,21358
D,"Electricity, Gas, Water and Waste Services",209031213,Plenty - Yarrambat,0 ,4 ,0.0,0.0,0.0,4 ,20399
D,"Electricity, Gas, Water and Waste Services",209031214,Research - North Warrandyte,3 ,0 ,0.0,0.0,0.0,3 ,20865
D,"Electricity, Gas, Water and Waste Services",209031215,Wattle Glen - Diamond Creek,3 ,3 ,3.0,0.0,0.0,6 ,20865
D,"Electricity, Gas, Water and Waste Services",209041216,Bundoora - North,0 ,0 ,0.0,0.0,0.0,0 ,20399
D,"Electricity, Gas, Water and Waste Services",209041217,Bundoora - West,0 ,0 ,0.0,0.0,0.0,0 ,20399
D,"Electricity, Gas, Water and Waste Services",209041220,Mill Park - North,0 ,0 ,0.0,0.0,0.0,3 ,21683
D,"Electricity, Gas, Water and Waste Services",209041221,Mill Park - South,0 ,3 ,3.0,0.0,0.0,4 ,20399
D,"Electricity, Gas, Water and Waste Services",209041223,Thomastown,10 ,4 ,4.0,3.0,0.0,19 ,20399
D,"Electricity, Gas, Water and Waste Services",209041224,Wallan,6 ,3 ,0.0,0.0,0.0,8 ,20345
D,"Electricity, Gas, Water and Waste Services",209041225,Whittlesea,0 ,0 ,3.0,0.0,0.0,3 ,20576
D,"Electricity, Gas, Water and Waste Services",209041431,Epping - East,0 ,0 ,0.0,0.0,0.0,0 ,22311
D,"Electricity, Gas, Water and Waste Services",209041432,Epping - South,0 ,0 ,0.0,0.0,0.0,5 ,21683
D,"Electricity, Gas, Water and Waste Services",209041433,Epping (Vic.) - West,3 ,3 ,0.0,0.0,0.0,4 ,20878
D,"Electricity, Gas, Water and Waste Services",209041435,South Morang - North,3 ,0 ,0.0,0.0,0.0,3 ,20779
D,"Electricity, Gas, Water and Waste Services",209041436,South Morang - South,3 ,0 ,0.0,0.0,0.0,3 ,22916
D,"Electricity, Gas, Water and Waste Services",209041437,Wollert,4 ,3 ,0.0,0.0,0.0,7 ,22311
D,"Electricity, Gas, Water and Waste Services",209041527,Doreen - North,3 ,3 ,0.0,0.0,0.0,4 ,20779
D,"Electricity, Gas, Water and Waste Services",209041528,Doreen - South,0 ,3 ,0.0,0.0,0.0,3 ,20779
D,"Electricity, Gas, Water and Waste Services",209041529,Lalor - East,3 ,0 ,0.0,0.0,0.0,0 ,22504
D,"Electricity, Gas, Water and Waste Services",209041530,Lalor - West,0 ,3 ,0.0,0.0,0.0,4 ,22504
D,"Electricity, Gas, Water and Waste Services",209041531,Mernda - North,3 ,0 ,0.0,0.0,0.0,3 ,20779
D,"Electricity, Gas, Water and Waste Services",209041532,Mernda - South,0 ,0 ,0.0,0.0,0.0,3 ,20779
D,"Electricity, Gas, Water and Waste Services",210011226,Airport West,0 ,0 ,3.0,0.0,0.0,4 ,20886
D,"Electricity, Gas, Water and Waste Services",210011227,Essendon Airport,3 ,0 ,0.0,3.0,0.0,3 ,22380
D,"Electricity, Gas, Water and Waste Services",210011228,Keilor,4 ,7 ,3.0,3.0,0.0,15 ,20015
D,"Electricity, Gas, Water and Waste Services",210011230,Niddrie - Essendon West,3 ,0 ,0.0,0.0,0.0,0 ,20885
D,"Electricity, Gas, Water and Waste Services",210011231,Strathmore,0 ,0 ,0.0,0.0,0.0,0 ,20885
D,"Electricity, Gas, Water and Waste Services",210011533,Avondale Heights,0 ,0 ,0.0,0.0,0.0,0 ,21604
D,"Electricity, Gas, Water and Waste Services",210011534,Keilor East,3 ,0 ,0.0,0.0,0.0,3 ,20888
D,"Electricity, Gas, Water and Waste Services",210021232,Gisborne,17 ,3 ,0.0,0.0,0.0,21 ,20076
D,"Electricity, Gas, Water and Waste Services",210021233,Macedon,0 ,0 ,0.0,0.0,0.0,3 ,20387
D,"Electricity, Gas, Water and Waste Services",210021234,Riddells Creek,0 ,3 ,0.0,0.0,0.0,0 ,21176
D,"Electricity, Gas, Water and Waste Services",210021235,Romsey,3 ,3 ,0.0,0.0,0.0,4 ,20172
D,"Electricity, Gas, Water and Waste Services",210031236,Coburg North,0 ,0 ,0.0,0.0,0.0,0 ,20596
D,"Electricity, Gas, Water and Waste Services",210031237,Fawkner,3 ,0 ,0.0,0.0,0.0,3 ,20597
D,"Electricity, Gas, Water and Waste Services",210031439,Gowanbrae,0 ,0 ,0.0,0.0,0.0,0 ,22381
D,"Electricity, Gas, Water and Waste Services",210031440,Hadfield,3 ,0 ,3.0,0.0,0.0,3 ,22041
D,"Electricity, Gas, Water and Waste Services",210031535,Glenroy - East,4 ,0 ,0.0,0.0,0.0,5 ,22041
D,"Electricity, Gas, Water and Waste Services",210031536,Glenroy - West,3 ,3 ,0.0,0.0,0.0,3 ,22381
D,"Electricity, Gas, Water and Waste Services",210031537,Oak Park,3 ,0 ,0.0,0.0,0.0,3 ,22042
D,"Electricity, Gas, Water and Waste Services",210031538,Pascoe Vale,3 ,0 ,0.0,0.0,0.0,3 ,22042
D,"Electricity, Gas, Water and Waste Services",210041240,Sunbury,3 ,3 ,0.0,0.0,0.0,5 ,20567
D,"Electricity, Gas, Water and Waste Services",210041539,Diggers Rest,0 ,0 ,0.0,0.0,0.0,0 ,20754
D,"Electricity, Gas, Water and Waste Services",210041540,Sunbury - South,3 ,0 ,0.0,0.0,0.0,0 ,21318
D,"Electricity, Gas, Water and Waste Services",210041541,Sunbury - West,3 ,3 ,0.0,0.0,0.0,4 ,20754
D,"Electricity, Gas, Water and Waste Services",210051242,Broadmeadows,3 ,3 ,0.0,3.0,0.0,8 ,20909
D,"Electricity, Gas, Water and Waste Services",210051243,Campbellfield - Coolaroo,24 ,7 ,11.0,3.0,0.0,45 ,22161
D,"Electricity, Gas, Water and Waste Services",210051245,Gladstone Park - Westmeadows,0 ,3 ,0.0,0.0,0.0,4 ,22586
D,"Electricity, Gas, Water and Waste Services",210051246,Greenvale - Bulla,0 ,3 ,0.0,0.0,0.0,5 ,21675
D,"Electricity, Gas, Water and Waste Services",210051247,Meadow Heights,4 ,0 ,0.0,0.0,0.0,5 ,20624
D,"Electricity, Gas, Water and Waste Services",210051248,Melbourne Airport,0 ,0 ,0.0,0.0,0.0,0 ,21319
D,"Electricity, Gas, Water and Waste Services",210051250,Tullamarine,3 ,0 ,0.0,0.0,0.0,0 ,22586
D,"Electricity, Gas, Water and Waste Services",210051441,Craigieburn - Central,3 ,0 ,0.0,0.0,0.0,0 ,20661
D,"Electricity, Gas, Water and Waste Services",210051442,Craigieburn - North,4 ,3 ,0.0,0.0,0.0,5 ,21675
D,"Electricity, Gas, Water and Waste Services",210051443,Craigieburn - South,5 ,3 ,3.0,0.0,0.0,8 ,20878
D,"Electricity, Gas, Water and Waste Services",210051445,Mickleham - Yuroke,8 ,0 ,0.0,0.0,0.0,11 ,20233
D,"Electricity, Gas, Water and Waste Services",210051542,Craigieburn - North West,5 ,3 ,0.0,0.0,0.0,6 ,21675
D,"Electricity, Gas, Water and Waste Services",210051543,Craigieburn - West,4 ,0 ,0.0,0.0,0.0,4 ,21675
D,"Electricity, Gas, Water and Waste Services",210051544,Roxburgh Park (South) - Somerton,5 ,0 ,0.0,3.0,0.0,8 ,20878
D,"Electricity, Gas, Water and Waste Services",210051545,Roxburgh Park - North,5 ,0 ,0.0,0.0,0.0,5 ,20661
D,"Electricity, Gas, Water and Waste Services",211011251,Bayswater,0 ,3 ,3.0,0.0,0.0,6 ,20173
D,"Electricity, Gas, Water and Waste Services",211011254,Knoxfield - Scoresby,3 ,5 ,0.0,0.0,0.0,8 ,21013
D,"Electricity, Gas, Water and Waste Services",211011255,Lysterfield,0 ,0 ,0.0,0.0,0.0,0 ,20917
D,"Electricity, Gas, Water and Waste Services",211011256,Rowville - Central,3 ,3 ,0.0,0.0,0.0,4 ,21374
D,"Electricity, Gas, Water and Waste Services",211011257,Rowville - North,0 ,3 ,0.0,0.0,0.0,3 ,20917
D,"Electricity, Gas, Water and Waste Services",211011258,Rowville - South,0 ,0 ,0.0,0.0,0.0,0 ,22207
D,"Electricity, Gas, Water and Waste Services",211011259,Wantirna,0 ,0 ,0.0,0.0,0.0,0 ,22628
D,"Electricity, Gas, Water and Waste Services",211011260,Wantirna South,3 ,0 ,0.0,0.0,0.0,3 ,21013
D,"Electricity, Gas, Water and Waste Services",211011446,Boronia,3 ,6 ,3.0,3.0,0.0,12 ,20173
D,"Electricity, Gas, Water and Waste Services",211011447,Ferntree Gully - North,0 ,0 ,0.0,0.0,0.0,3 ,20304
D,"Electricity, Gas, Water and Waste Services",211011448,Ferntree Gully (South) - Upper Ferntree Gully,0 ,0 ,0.0,0.0,0.0,0 ,20917
D,"Electricity, Gas, Water and Waste Services",211011449,The Basin,0 ,0 ,0.0,0.0,0.0,0 ,20304
D,"Electricity, Gas, Water and Waste Services",211021261,Donvale - Park Orchards,0 ,0 ,0.0,0.0,0.0,3 ,20772
D,"Electricity, Gas, Water and Waste Services",211021262,Warrandyte - Wonga Park,0 ,0 ,3.0,0.0,0.0,3 ,20772
D,"Electricity, Gas, Water and Waste Services",211031263,Bayswater North,0 ,3 ,3.0,0.0,0.0,4 ,20173
D,"Electricity, Gas, Water and Waste Services",211031265,Croydon Hills - Warranwood,0 ,0 ,3.0,0.0,0.0,3 ,20556
D,"Electricity, Gas, Water and Waste Services",211031266,Ringwood,3 ,0 ,3.0,3.0,0.0,8 ,20774
D,"Electricity, Gas, Water and Waste Services",211031267,Ringwood East,0 ,3 ,0.0,0.0,0.0,3 ,20173
D,"Electricity, Gas, Water and Waste Services",211031268,Ringwood North,0 ,0 ,0.0,0.0,0.0,0 ,20774
D,"Electricity, Gas, Water and Waste Services",211031450,Croydon - East,0 ,0 ,0.0,0.0,0.0,0 ,21354
D,"Electricity, Gas, Water and Waste Services",211031451,Croydon - West,0 ,0 ,0.0,0.0,0.0,0 ,20556
D,"Electricity, Gas, Water and Waste Services",211031452,Croydon South,3 ,0 ,0.0,0.0,0.0,3 ,20174
D,"Electricity, Gas, Water and Waste Services",211041269,Forest Hill,0 ,0 ,0.0,0.0,0.0,3 ,20252
D,"Electricity, Gas, Water and Waste Services",211041270,Mitcham (Vic.),3 ,0 ,0.0,0.0,0.0,4 ,20774
D,"Electricity, Gas, Water and Waste Services",211041271,Nunawading,12 ,3 ,3.0,0.0,0.0,15 ,20774
D,"Electricity, Gas, Water and Waste Services",211041272,Vermont,0 ,0 ,0.0,0.0,0.0,0 ,20937
D,"Electricity, Gas, Water and Waste Services",211041273,Vermont South,3 ,0 ,0.0,0.0,0.0,0 ,20937
D,"Electricity, Gas, Water and Waste Services",211051274,Belgrave - Selby,3 ,0 ,0.0,0.0,0.0,3 ,21558
D,"Electricity, Gas, Water and Waste Services",211051275,Chirnside Park,0 ,0 ,0.0,0.0,0.0,3 ,20556
D,"Electricity, Gas, Water and Waste Services",211051276,Healesville - Yarra Glen,4 ,0 ,0.0,0.0,0.0,6 ,20916
D,"Electricity, Gas, Water and Waste Services",211051277,Kilsyth,3 ,0 ,0.0,0.0,0.0,5 ,20174
D,"Electricity, Gas, Water and Waste Services",211051278,Lilydale - Coldstream,9 ,0 ,0.0,0.0,0.0,11 ,20556
D,"Electricity, Gas, Water and Waste Services",211051279,Monbulk - Silvan,0 ,0 ,0.0,0.0,0.0,0 ,20868
D,"Electricity, Gas, Water and Waste Services",211051280,Montrose,0 ,3 ,0.0,0.0,0.0,0 ,21354
D,"Electricity, Gas, Water and Waste Services",211051281,Mooroolbark,0 ,4 ,0.0,0.0,0.0,5 ,20556
D,"Electricity, Gas, Water and Waste Services",211051282,Mount Dandenong - Olinda,0 ,0 ,0.0,0.0,0.0,3 ,20304
D,"Electricity, Gas, Water and Waste Services",211051283,Mount Evelyn,3 ,3 ,0.0,0.0,0.0,6 ,21736
D,"Electricity, Gas, Water and Waste Services",211051284,Upwey - Tecoma,3 ,0 ,0.0,0.0,0.0,0 ,21558
D,"Electricity, Gas, Water and Waste Services",211051285,Wandin - Seville,0 ,0 ,0.0,0.0,0.0,3 ,20613
D,"Electricity, Gas, Water and Waste Services",211051286,Yarra Valley,3 ,3 ,0.0,0.0,0.0,5 ,20833
D,"Electricity, Gas, Water and Waste Services",212011289,Emerald - Cockatoo,0 ,0 ,0.0,0.0,0.0,3 ,20979
D,"Electricity, Gas, Water and Waste Services",212011546,Beaconsfield - Officer,3 ,0 ,3.0,3.0,0.0,6 ,20176
D,"Electricity, Gas, Water and Waste Services",212011547,Bunyip - Garfield,0 ,3 ,0.0,0.0,0.0,3 ,20411
D,"Electricity, Gas, Water and Waste Services",212011548,Koo Wee Rup,5 ,0 ,0.0,0.0,0.0,5 ,20081
D,"Electricity, Gas, Water and Waste Services",212011549,Pakenham - North East,0 ,3 ,3.0,0.0,0.0,3 ,21879
D,"Electricity, Gas, Water and Waste Services",212011550,Pakenham - North West,3 ,0 ,0.0,3.0,0.0,6 ,20176
D,"Electricity, Gas, Water and Waste Services",212011551,Pakenham - South East,3 ,3 ,0.0,0.0,0.0,6 ,21879
D,"Electricity, Gas, Water and Waste Services",212011552,Pakenham - South West,4 ,0 ,0.0,0.0,0.0,7 ,22006
D,"Electricity, Gas, Water and Waste Services",212021293,Berwick - North,3 ,0 ,0.0,0.0,0.0,0 ,21895
D,"Electricity, Gas, Water and Waste Services",212021295,Doveton,4 ,3 ,0.0,0.0,0.0,7 ,20708
D,"Electricity, Gas, Water and Waste Services",212021297,Hallam,12 ,7 ,0.0,0.0,0.0,21 ,21895
D,"Electricity, Gas, Water and Waste Services",212021299,Narre Warren North,0 ,0 ,0.0,0.0,0.0,0 ,21558
D,"Electricity, Gas, Water and Waste Services",212021453,Endeavour Hills - North,3 ,0 ,0.0,0.0,0.0,0 ,22207
D,"Electricity, Gas, Water and Waste Services",212021454,Endeavour Hills - South,3 ,6 ,0.0,0.0,0.0,9 ,21895
D,"Electricity, Gas, Water and Waste Services",212021455,Narre Warren - North East,0 ,0 ,0.0,0.0,0.0,0 ,21895
D,"Electricity, Gas, Water and Waste Services",212021456,Narre Warren - South West,4 ,0 ,0.0,0.0,0.0,6 ,20224
D,"Electricity, Gas, Water and Waste Services",212021553,Berwick - South East,0 ,0 ,0.0,0.0,0.0,3 ,20175
D,"Electricity, Gas, Water and Waste Services",212021554,Berwick - South West,0 ,0 ,0.0,0.0,0.0,0 ,20224
D,"Electricity, Gas, Water and Waste Services",212031300,Cranbourne,3 ,0 ,3.0,0.0,0.0,6 ,20664
D,"Electricity, Gas, Water and Waste Services",212031303,Cranbourne South,9 ,5 ,3.0,0.0,0.0,15 ,20487
D,"Electricity, Gas, Water and Waste Services",212031304,Cranbourne West,4 ,3 ,0.0,0.0,0.0,6 ,20662
D,"Electricity, Gas, Water and Waste Services",212031306,Lynbrook - Lyndhurst,6 ,3 ,0.0,0.0,0.0,7 ,20709
D,"Electricity, Gas, Water and Waste Services",212031308,Pearcedale - Tooradin,3 ,0 ,0.0,0.0,0.0,6 ,21380
D,"Electricity, Gas, Water and Waste Services",212031457,Narre Warren South - East,0 ,0 ,0.0,0.0,0.0,4 ,20224
D,"Electricity, Gas, Water and Waste Services",212031458,Narre Warren South - West,6 ,3 ,0.0,0.0,0.0,7 ,21893
D,"Electricity, Gas, Water and Waste Services",212031555,Clyde North - North,3 ,0 ,0.0,0.0,0.0,3 ,22006
D,"Electricity, Gas, Water and Waste Services",212031556,Clyde North - South,0 ,3 ,0.0,0.0,0.0,3 ,20487
D,"Electricity, Gas, Water and Waste Services",212031557,Cranbourne East - North,0 ,5 ,0.0,0.0,0.0,7 ,20581
D,"Electricity, Gas, Water and Waste Services",212031558,Cranbourne East - South,3 ,0 ,0.0,0.0,0.0,5 ,20581
D,"Electricity, Gas, Water and Waste Services",212031559,Cranbourne North - East,3 ,0 ,0.0,0.0,0.0,4 ,20582
D,"Electricity, Gas, Water and Waste Services",212031560,Cranbourne North - West,4 ,0 ,0.0,0.0,0.0,5 ,21133
D,"Electricity, Gas, Water and Waste Services",212031561,Hampton Park - East,5 ,0 ,0.0,0.0,0.0,5 ,21893
D,"Electricity, Gas, Water and Waste Services",212031562,Hampton Park - West,3 ,3 ,0.0,0.0,0.0,6 ,20709
D,"Electricity, Gas, Water and Waste Services",212041309,Clarinda - Oakleigh South,0 ,0 ,0.0,0.0,0.0,4 ,21746
D,"Electricity, Gas, Water and Waste Services",212041310,Clayton South,0 ,3 ,0.0,0.0,0.0,5 ,20758
D,"Electricity, Gas, Water and Waste Services",212041312,Dandenong North,5 ,5 ,0.0,0.0,0.0,10 ,22207
D,"Electricity, Gas, Water and Waste Services",212041313,Dingley Village,0 ,0 ,0.0,3.0,0.0,0 ,20320
D,"Electricity, Gas, Water and Waste Services",212041316,Noble Park North,3 ,0 ,0.0,0.0,0.0,4 ,20708
D,"Electricity, Gas, Water and Waste Services",212041317,Springvale,3 ,3 ,0.0,0.0,0.0,6 ,21827
D,"Electricity, Gas, Water and Waste Services",212041318,Springvale South,0 ,0 ,3.0,0.0,0.0,3 ,21339
D,"Electricity, Gas, Water and Waste Services",212041459,Noble Park - East,3 ,0 ,0.0,0.0,0.0,0 ,21339
D,"Electricity, Gas, Water and Waste Services",212041460,Noble Park - West,0 ,0 ,0.0,0.0,0.0,3 ,21339
D,"Electricity, Gas, Water and Waste Services",212041563,Dandenong - North,12 ,3 ,0.0,0.0,0.0,15 ,20708
D,"Electricity, Gas, Water and Waste Services",212041564,Dandenong - South,21 ,5 ,11.0,5.0,0.0,42 ,20131
D,"Electricity, Gas, Water and Waste Services",212041565,Keysborough - North,4 ,3 ,0.0,0.0,0.0,9 ,21339
D,"Electricity, Gas, Water and Waste Services",212041566,Keysborough - South,3 ,3 ,3.0,0.0,0.0,9 ,20080
D,"Electricity, Gas, Water and Waste Services",212051319,Ashwood - Chadstone,3 ,0 ,0.0,0.0,0.0,3 ,20077
D,"Electricity, Gas, Water and Waste Services",212051321,Glen Waverley - East,0 ,0 ,0.0,0.0,0.0,3 ,20427
D,"Electricity, Gas, Water and Waste Services",212051322,Glen Waverley - West,3 ,0 ,0.0,0.0,0.0,3 ,20427
D,"Electricity, Gas, Water and Waste Services",212051323,Mount Waverley - North,3 ,0 ,0.0,0.0,0.0,3 ,20078
D,"Electricity, Gas, Water and Waste Services",212051324,Mount Waverley - South,8 ,0 ,0.0,0.0,0.0,9 ,21816
D,"Electricity, Gas, Water and Waste Services",212051325,Mulgrave,5 ,4 ,0.0,0.0,0.0,10 ,21013
D,"Electricity, Gas, Water and Waste Services",212051326,Oakleigh - Huntingdale,4 ,0 ,0.0,0.0,0.0,6 ,21587
D,"Electricity, Gas, Water and Waste Services",212051327,Wheelers Hill,3 ,0 ,0.0,0.0,0.0,4 ,21013
D,"Electricity, Gas, Water and Waste Services",212051567,Clayton (North) - Notting Hill,3 ,3 ,0.0,0.0,0.0,4 ,21816
D,"Electricity, Gas, Water and Waste Services",212051568,Clayton - Central,0 ,0 ,0.0,0.0,0.0,0 ,22002
D,"Electricity, Gas, Water and Waste Services",213011328,Ardeer - Albion,0 ,0 ,0.0,0.0,0.0,0 ,22396
D,"Electricity, Gas, Water and Waste Services",213011329,Cairnlea,6 ,3 ,0.0,0.0,0.0,9 ,20062
D,"Electricity, Gas, Water and Waste Services",213011331,Delahey,0 ,0 ,0.0,0.0,0.0,0 ,21315
D,"Electricity, Gas, Water and Waste Services",213011332,Keilor Downs,0 ,0 ,3.0,0.0,0.0,0 ,21316
D,"Electricity, Gas, Water and Waste Services",213011333,Kings Park (Vic.),0 ,3 ,0.0,0.0,0.0,3 ,20729
D,"Electricity, Gas, Water and Waste Services",213011334,St Albans - North,4 ,0 ,0.0,0.0,0.0,5 ,21312
D,"Electricity, Gas, Water and Waste Services",213011335,St Albans - South,3 ,3 ,0.0,0.0,0.0,3 ,21312
D,"Electricity, Gas, Water and Waste Services",213011336,Sunshine,6 ,3 ,3.0,0.0,0.0,9 ,20324
D,"Electricity, Gas, Water and Waste Services",213011337,Sunshine North,5 ,3 ,3.0,0.0,0.0,10 ,21316
D,"Electricity, Gas, Water and Waste Services",213011338,Sunshine West,9 ,4 ,3.0,3.0,0.0,16 ,20062
D,"Electricity, Gas, Water and Waste Services",213011339,Sydenham,4 ,0 ,0.0,0.0,0.0,5 ,22474
D,"Electricity, Gas, Water and Waste Services",213011340,Taylors Lakes,5 ,3 ,3.0,0.0,0.0,7 ,21314
D,"Electricity, Gas, Water and Waste Services",213011569,Deer Park,4 ,3 ,0.0,0.0,0.0,6 ,20062
D,"Electricity, Gas, Water and Waste Services",213011570,Derrimut,3 ,5 ,3.0,0.0,0.0,10 ,20062
D,"Electricity, Gas, Water and Waste Services",213021341,Altona,0 ,3 ,0.0,0.0,0.0,0 ,21477
D,"Electricity, Gas, Water and Waste Services",213021342,Altona Meadows,4 ,3 ,0.0,0.0,0.0,5 ,20035
D,"Electricity, Gas, Water and Waste Services",213021343,Altona North,11 ,5 ,0.0,0.0,0.0,19 ,22917
D,"Electricity, Gas, Water and Waste Services",213021344,Newport,7 ,3 ,3.0,0.0,0.0,11 ,22107
D,"Electricity, Gas, Water and Waste Services",213021345,Seabrook,0 ,0 ,0.0,0.0,0.0,0 ,20036
D,"Electricity, Gas, Water and Waste Services",213021346,Williamstown,0 ,3 ,3.0,0.0,0.0,5 ,21934
D,"Electricity, Gas, Water and Waste Services",213031347,Braybrook,3 ,0 ,0.0,0.0,0.0,3 ,20935
D,"Electricity, Gas, Water and Waste Services",213031348,Footscray,3 ,0 ,0.0,0.0,0.0,3 ,20929
D,"Electricity, Gas, Water and Waste Services",213031349,Maribyrnong,3 ,0 ,0.0,0.0,0.0,4 ,20075
D,"Electricity, Gas, Water and Waste Services",213031350,Seddon - Kingsville,0 ,0 ,0.0,0.0,0.0,0 ,20935
D,"Electricity, Gas, Water and Waste Services",213031351,West Footscray - Tottenham,4 ,3 ,0.0,0.0,0.0,8 ,20935
D,"Electricity, Gas, Water and Waste Services",213031352,Yarraville,0 ,0 ,0.0,0.0,0.0,0 ,20935
D,"Electricity, Gas, Water and Waste Services",213041353,Bacchus Marsh,7 ,6 ,0.0,3.0,0.0,16 ,20095
D,"Electricity, Gas, Water and Waste Services",213041358,Melton West,3 ,0 ,3.0,0.0,0.0,4 ,22537
D,"Electricity, Gas, Water and Waste Services",213041359,Rockbank - Mount Cottrell,3 ,3 ,4.0,3.0,0.0,12 ,20899
D,"Electricity, Gas, Water and Waste Services",213041360,Taylors Hill,0 ,0 ,0.0,0.0,0.0,4 ,20950
D,"Electricity, Gas, Water and Waste Services",213041461,Burnside,0 ,0 ,0.0,0.0,0.0,3 ,20729
D,"Electricity, Gas, Water and Waste Services",213041462,Burnside Heights,0 ,0 ,0.0,0.0,0.0,3 ,20420
D,"Electricity, Gas, Water and Waste Services",213041463,Caroline Springs,3 ,3 ,3.0,0.0,0.0,6 ,20950
D,"Electricity, Gas, Water and Waste Services",213041571,Brookfield,0 ,3 ,0.0,0.0,0.0,0 ,21202
D,"Electricity, Gas, Water and Waste Services",213041572,Cobblebank - Strathtulloh,3 ,0 ,0.0,0.0,0.0,3 ,21642
D,"Electricity, Gas, Water and Waste Services",213041573,Eynesbury - Exford,0 ,0 ,0.0,0.0,0.0,3 ,20899
D,"Electricity, Gas, Water and Waste Services",213041574,Fraser Rise - Plumpton,0 ,3 ,0.0,0.0,0.0,6 ,20754
D,"Electricity, Gas, Water and Waste Services",213041575,Hillside,3 ,3 ,3.0,0.0,0.0,7 ,20950
D,"Electricity, Gas, Water and Waste Services",213041576,Kurunjang - Toolern Vale,3 ,3 ,0.0,0.0,0.0,5 ,20605
D,"Electricity, Gas, Water and Waste Services",213041577,Melton,0 ,0 ,3.0,0.0,0.0,3 ,21140
D,"Electricity, Gas, Water and Waste Services",213041578,Melton South - Weir Views,4 ,0 ,0.0,0.0,0.0,4 ,20351
D,"Electricity, Gas, Water and Waste Services",213051361,Hoppers Crossing - North,4 ,0 ,0.0,0.0,0.0,4 ,22582
D,"Electricity, Gas, Water and Waste Services",213051362,Hoppers Crossing - South,3 ,0 ,0.0,0.0,0.0,3 ,22451
D,"Electricity, Gas, Water and Waste Services",213051363,Laverton,9 ,4 ,6.0,3.0,0.0,20 ,22397
D,"Electricity, Gas, Water and Waste Services",213051368,Werribee - South,3 ,0 ,0.0,0.0,0.0,0 ,20601
D,"Electricity, Gas, Water and Waste Services",213051464,Point Cook - East,0 ,3 ,0.0,0.0,0.0,4 ,20036
D,"Electricity, Gas, Water and Waste Services",213051466,Point Cook - South,0 ,3 ,0.0,0.0,0.0,3 ,22086
D,"Electricity, Gas, Water and Waste Services",213051467,Werribee - East,0 ,3 ,0.0,0.0,0.0,3 ,22451
D,"Electricity, Gas, Water and Waste Services",213051468,Werribee - West,5 ,3 ,0.0,0.0,0.0,7 ,20115
D,"Electricity, Gas, Water and Waste Services",213051579,Manor Lakes - Quandong,3 ,0 ,0.0,0.0,0.0,0 ,20115
D,"Electricity, Gas, Water and Waste Services",213051580,Point Cook - North East,3 ,3 ,0.0,0.0,0.0,3 ,20036
D,"Electricity, Gas, Water and Waste Services",213051581,Point Cook - North West,0 ,0 ,0.0,0.0,0.0,0 ,22086
D,"Electricity, Gas, Water and Waste Services",213051582,Tarneit (West) - Mount Cottrell,5 ,0 ,0.0,0.0,0.0,5 ,20899
D,"Electricity, Gas, Water and Waste Services",213051583,Tarneit - Central,7 ,3 ,0.0,0.0,0.0,9 ,22582
D,"Electricity, Gas, Water and Waste Services",213051584,Tarneit - North,0 ,0 ,0.0,0.0,0.0,0 ,22582
D,"Electricity, Gas, Water and Waste Services",213051585,Tarneit - South,0 ,0 ,0.0,0.0,0.0,0 ,22451
D,"Electricity, Gas, Water and Waste Services",213051586,Truganina - North,3 ,0 ,0.0,0.0,0.0,6 ,20743
D,"Electricity, Gas, Water and Waste Services",213051587,Truganina - South East,3 ,0 ,0.0,0.0,0.0,4 ,21477
D,"Electricity, Gas, Water and Waste Services",213051588,Truganina - South West,4 ,3 ,0.0,0.0,0.0,7 ,22582
D,"Electricity, Gas, Water and Waste Services",213051589,Wyndham Vale - North,0 ,0 ,0.0,0.0,0.0,0 ,20116
D,"Electricity, Gas, Water and Waste Services",213051590,Wyndham Vale - South,5 ,3 ,0.0,0.0,0.0,7 ,22750
D,"Electricity, Gas, Water and Waste Services",214011370,Carrum Downs,3 ,6 ,3.0,0.0,0.0,12 ,20131
D,"Electricity, Gas, Water and Waste Services",214011371,Frankston,0 ,0 ,0.0,0.0,0.0,0 ,22249
D,"Electricity, Gas, Water and Waste Services",214011372,Frankston North,0 ,4 ,0.0,0.0,0.0,6 ,20508
D,"Electricity, Gas, Water and Waste Services",214011373,Frankston South,3 ,3 ,0.0,0.0,0.0,6 ,21468
D,"Electricity, Gas, Water and Waste Services",214011374,Langwarrin,0 ,3 ,3.0,0.0,0.0,4 ,20508
D,"Electricity, Gas, Water and Waste Services",214011375,Seaford (Vic.),4 ,3 ,3.0,0.0,0.0,10 ,20507
D,"Electricity, Gas, Water and Waste Services",214011376,Skye - Sandhurst,3 ,3 ,0.0,0.0,0.0,5 ,20508
D,"Electricity, Gas, Water and Waste Services",214021377,Dromana,3 ,0 ,0.0,0.0,0.0,5 ,20072
D,"Electricity, Gas, Water and Waste Services",214021378,Flinders,0 ,3 ,0.0,0.0,0.0,3 ,20072
D,"Electricity, Gas, Water and Waste Services",214021379,Hastings - Somers,3 ,3 ,3.0,0.0,0.0,9 ,21664
D,"Electricity, Gas, Water and Waste Services",214021381,Mount Eliza,3 ,0 ,0.0,0.0,0.0,6 ,20949
D,"Electricity, Gas, Water and Waste Services",214021382,Mount Martha,3 ,0 ,0.0,0.0,0.0,3 ,21803
D,"Electricity, Gas, Water and Waste Services",214021383,Point Nepean,0 ,0 ,0.0,0.0,0.0,3 ,20280
D,"Electricity, Gas, Water and Waste Services",214021384,Rosebud - McCrae,3 ,0 ,0.0,0.0,0.0,4 ,20072
D,"Electricity, Gas, Water and Waste Services",214021385,Somerville,6 ,5 ,0.0,0.0,0.0,11 ,22050
D,"Electricity, Gas, Water and Waste Services",214021591,Mornington - East,4 ,0 ,3.0,0.0,0.0,5 ,21793
D,"Electricity, Gas, Water and Waste Services",214021592,Mornington - West,0 ,0 ,0.0,0.0,0.0,0 ,21793
D,"Electricity, Gas, Water and Waste Services",215011386,Ararat,3 ,3 ,0.0,0.0,0.0,5 ,20811
D,"Electricity, Gas, Water and Waste Services",215011387,Ararat Surrounds,4 ,0 ,0.0,0.0,0.0,5 ,20680
D,"Electricity, Gas, Water and Waste Services",215011388,Horsham,4 ,0 ,0.0,0.0,0.0,4 ,20403
D,"Electricity, Gas, Water and Waste Services",215011389,Horsham Surrounds,3 ,3 ,0.0,0.0,0.0,5 ,20403
D,"Electricity, Gas, Water and Waste Services",215011390,Nhill Region,3 ,3 ,0.0,3.0,0.0,3 ,20756
D,"Electricity, Gas, Water and Waste Services",215011391,St Arnaud,0 ,3 ,0.0,0.0,0.0,4 ,20142
D,"Electricity, Gas, Water and Waste Services",215011392,Stawell,3 ,0 ,0.0,0.0,0.0,3 ,20680
D,"Electricity, Gas, Water and Waste Services",215011393,West Wimmera,0 ,0 ,0.0,0.0,0.0,0 ,20119
D,"Electricity, Gas, Water and Waste Services",215011394,Yarriambiack,0 ,0 ,0.0,0.0,0.0,0 ,20756
D,"Electricity, Gas, Water and Waste Services",215021395,Irymple,0 ,3 ,3.0,0.0,0.0,3 ,20488
D,"Electricity, Gas, Water and Waste Services",215021396,Merbein,0 ,0 ,0.0,0.0,0.0,0 ,21388
D,"Electricity, Gas, Water and Waste Services",215021398,Mildura Surrounds,3 ,3 ,0.0,0.0,0.0,3 ,20234
D,"Electricity, Gas, Water and Waste Services",215021399,Red Cliffs,0 ,3 ,0.0,0.0,0.0,3 ,20488
D,"Electricity, Gas, Water and Waste Services",215021469,Mildura - North,7 ,3 ,3.0,0.0,0.0,11 ,21682
D,"Electricity, Gas, Water and Waste Services",215021470,Mildura - South,0 ,3 ,0.0,3.0,0.0,5 ,21245
D,"Electricity, Gas, Water and Waste Services",215031400,Buloke,3 ,3 ,0.0,0.0,0.0,3 ,20155
D,"Electricity, Gas, Water and Waste Services",215031401,Gannawarra,3 ,0 ,0.0,0.0,0.0,0 ,20051
D,"Electricity, Gas, Water and Waste Services",215031402,Kerang,0 ,0 ,0.0,0.0,0.0,0 ,20477
D,"Electricity, Gas, Water and Waste Services",215031403,Robinvale,0 ,0 ,0.0,0.0,0.0,4 ,22744
D,"Electricity, Gas, Water and Waste Services",215031404,Swan Hill,0 ,0 ,0.0,0.0,0.0,3 ,21076
D,"Electricity, Gas, Water and Waste Services",215031405,Swan Hill Surrounds,3 ,0 ,0.0,0.0,0.0,3 ,20047
D,"Electricity, Gas, Water and Waste Services",216011406,Echuca,0 ,0 ,0.0,0.0,0.0,0 ,20125
D,"Electricity, Gas, Water and Waste Services",216011407,Kyabram,0 ,0 ,0.0,0.0,0.0,0 ,20838
D,"Electricity, Gas, Water and Waste Services",216011408,Lockington - Gunbower,0 ,0 ,0.0,0.0,0.0,0 ,20755
D,"Electricity, Gas, Water and Waste Services",216011409,Rochester,0 ,0 ,0.0,0.0,0.0,0 ,20281
D,"Electricity, Gas, Water and Waste Services",216011410,Rushworth,0 ,0 ,0.0,0.0,0.0,3 ,20093
D,"Electricity, Gas, Water and Waste Services",216021411,Cobram,0 ,0 ,0.0,0.0,0.0,0 ,20301
D,"Electricity, Gas, Water and Waste Services",216021412,Moira,0 ,0 ,0.0,0.0,0.0,0 ,20032
D,"Electricity, Gas, Water and Waste Services",216021413,Numurkah,4 ,3 ,0.0,0.0,0.0,7 ,20839
D,"Electricity, Gas, Water and Waste Services",216021414,Yarrawonga,0 ,0 ,0.0,0.0,0.0,3 ,20395
D,"Electricity, Gas, Water and Waste Services",216031415,Mooroopna,3 ,0 ,0.0,0.0,0.0,3 ,20063
D,"Electricity, Gas, Water and Waste Services",216031416,Shepparton - North,3 ,0 ,0.0,3.0,0.0,6 ,20393
D,"Electricity, Gas, Water and Waste Services",216031418,Shepparton Surrounds - East,0 ,0 ,0.0,0.0,0.0,3 ,20056
D,"Electricity, Gas, Water and Waste Services",216031419,Shepparton Surrounds - West,6 ,0 ,0.0,0.0,0.0,6 ,20056
D,"Electricity, Gas, Water and Waste Services",216031593,Kialla,3 ,3 ,0.0,0.0,0.0,4 ,20056
D,"Electricity, Gas, Water and Waste Services",216031594,Shepparton - South East,3 ,0 ,0.0,0.0,0.0,5 ,21340
D,"Electricity, Gas, Water and Waste Services",217011420,Glenelg (Vic.),3 ,0 ,0.0,0.0,0.0,3 ,20340
D,"Electricity, Gas, Water and Waste Services",217011421,Hamilton (Vic.),0 ,3 ,0.0,0.0,0.0,3 ,20322
D,"Electricity, Gas, Water and Waste Services",217011422,Portland,3 ,3 ,3.0,0.0,0.0,4 ,20274
D,"Electricity, Gas, Water and Waste Services",217011423,Southern Grampians,0 ,0 ,0.0,0.0,0.0,3 ,20199
D,"Electricity, Gas, Water and Waste Services",217031471,Camperdown,0 ,0 ,0.0,0.0,0.0,0 ,20285
D,"Electricity, Gas, Water and Waste Services",217031472,Colac,3 ,0 ,3.0,0.0,0.0,5 ,20149
D,"Electricity, Gas, Water and Waste Services",217031473,Colac Surrounds,3 ,0 ,0.0,0.0,0.0,3 ,20671
D,"Electricity, Gas, Water and Waste Services",217031474,Corangamite - North,0 ,0 ,0.0,0.0,0.0,0 ,20319
D,"Electricity, Gas, Water and Waste Services",217031475,Corangamite - South,0 ,0 ,0.0,0.0,0.0,3 ,20306
D,"Electricity, Gas, Water and Waste Services",217031476,Otway,0 ,0 ,0.0,0.0,0.0,0 ,20161
D,"Electricity, Gas, Water and Waste Services",217041477,Moyne - East,3 ,0 ,0.0,0.0,0.0,3 ,21916
D,"Electricity, Gas, Water and Waste Services",217041478,Moyne - West,3 ,0 ,0.0,0.0,0.0,4 ,20225
D,"Electricity, Gas, Water and Waste Services",217041479,Warrnambool - North,0 ,0 ,3.0,0.0,0.0,3 ,20028
D,"Electricity, Gas, Water and Waste Services",217041480,Warrnambool - South,0 ,4 ,3.0,0.0,0.0,8 ,20028
E,Construction,201011001,Alfredton,145 ,71 ,21.0,5.0,0.0,242 ,20023
E,Construction,201011002,Ballarat,199 ,75 ,22.0,3.0,0.0,299 ,20023
E,Construction,201011005,Buninyong,76 ,48 ,9.0,0.0,0.0,134 ,20409
E,Construction,201011006,Delacombe,132 ,82 ,26.0,3.0,0.0,243 ,20023
E,Construction,201011007,Smythes Creek,60 ,56 ,9.0,3.0,0.0,128 ,20262
E,Construction,201011008,Wendouree - Miners Rest,183 ,82 ,36.0,10.0,0.0,311 ,20023
E,Construction,201011481,Ballarat East - Warrenheip,103 ,57 ,15.0,0.0,0.0,177 ,20104
E,Construction,201011482,Ballarat North - Invermay,155 ,115 ,20.0,0.0,0.0,290 ,22745
E,Construction,201011483,Canadian - Mount Clear,98 ,58 ,20.0,0.0,0.0,176 ,20111
E,Construction,201011484,Sebastopol - Redan,94 ,53 ,11.0,3.0,0.0,159 ,20730
E,Construction,201021009,Bacchus Marsh Surrounds,87 ,66 ,11.0,0.0,0.0,165 ,20076
E,Construction,201021010,Creswick - Clunes,71 ,47 ,8.0,0.0,0.0,127 ,20262
E,Construction,201021011,Daylesford,125 ,61 ,9.0,3.0,0.0,196 ,20256
E,Construction,201021012,Gordon (Vic.),83 ,52 ,13.0,0.0,0.0,149 ,20409
E,Construction,201031013,Avoca,26 ,10 ,3.0,3.0,0.0,38 ,20008
E,Construction,201031014,Beaufort,40 ,21 ,5.0,0.0,0.0,66 ,20262
E,Construction,201031015,Golden Plains - North,62 ,51 ,9.0,0.0,0.0,122 ,21123
E,Construction,201031016,Maryborough (Vic.),45 ,26 ,0.0,0.0,0.0,71 ,20009
E,Construction,201031017,Maryborough Surrounds,47 ,27 ,0.0,0.0,0.0,76 ,20459
E,Construction,202011018,Bendigo,175 ,73 ,28.0,5.0,0.0,281 ,20208
E,Construction,202011019,California Gully - Eaglehawk,101 ,54 ,9.0,0.0,0.0,164 ,20444
E,Construction,202011020,East Bendigo - Kennington,142 ,79 ,31.0,13.0,0.0,265 ,20208
E,Construction,202011021,Flora Hill - Spring Gully,75 ,35 ,9.0,3.0,0.0,121 ,20208
E,Construction,202011022,Kangaroo Flat - Golden Square,136 ,89 ,27.0,8.0,0.0,260 ,20208
E,Construction,202011023,Maiden Gully,69 ,51 ,18.0,0.0,0.0,138 ,20444
E,Construction,202011024,Strathfieldsaye,95 ,64 ,14.0,0.0,0.0,173 ,20828
E,Construction,202011025,White Hills - Ascot,102 ,87 ,15.0,0.0,0.0,204 ,20208
E,Construction,202021026,Bendigo Surrounds - South,123 ,71 ,14.0,0.0,0.0,209 ,20835
E,Construction,202021027,Castlemaine,90 ,47 ,6.0,4.0,0.0,147 ,20955
E,Construction,202021028,Castlemaine Surrounds,109 ,46 ,9.0,0.0,0.0,164 ,20459
E,Construction,202021029,Heathcote,44 ,18 ,4.0,0.0,0.0,67 ,20877
E,Construction,202021030,Kyneton,124 ,64 ,12.0,0.0,0.0,201 ,20076
E,Construction,202021031,Woodend,80 ,48 ,8.0,0.0,0.0,137 ,20076
E,Construction,202031032,Bendigo Surrounds - North,59 ,29 ,10.0,0.0,0.0,98 ,20828
E,Construction,202031033,Loddon,35 ,22 ,0.0,0.0,0.0,59 ,20177
E,Construction,203011034,Bannockburn,108 ,70 ,15.0,0.0,0.0,194 ,20133
E,Construction,203011035,Golden Plains - South,104 ,56 ,10.0,0.0,0.0,170 ,20217
E,Construction,203011036,Winchelsea,106 ,71 ,8.0,0.0,0.0,186 ,20151
E,Construction,203021037,Belmont,122 ,79 ,11.0,0.0,0.0,213 ,20201
E,Construction,203021039,Geelong,251 ,109 ,51.0,16.0,0.0,427 ,20201
E,Construction,203021040,Geelong West - Hamlyn Heights,207 ,118 ,27.0,0.0,0.0,352 ,20165
E,Construction,203021042,Highton,222 ,119 ,18.0,3.0,0.0,360 ,20151
E,Construction,203021043,Lara,187 ,130 ,21.0,5.0,0.0,343 ,20115
E,Construction,203021044,Leopold,139 ,93 ,12.0,0.0,0.0,244 ,20621
E,Construction,203021045,Newcomb - Moolap,146 ,66 ,28.0,4.0,0.0,244 ,20326
E,Construction,203021046,Newtown (Vic.),118 ,58 ,19.0,5.0,0.0,200 ,20960
E,Construction,203021047,North Geelong - Bell Park,189 ,98 ,43.0,16.0,0.0,346 ,20165
E,Construction,203021485,Charlemont,112 ,44 ,11.0,3.0,0.0,169 ,21790
E,Construction,203021486,Corio - Lovely Banks,148 ,78 ,16.0,6.0,0.0,248 ,20165
E,Construction,203021487,Grovedale - Mount Duneed,240 ,138 ,30.0,4.0,0.0,412 ,20954
E,Construction,203021488,Norlane,61 ,30 ,10.0,6.0,0.0,107 ,20191
E,Construction,203031048,Clifton Springs,151 ,106 ,15.0,0.0,0.0,274 ,20697
E,Construction,203031049,Lorne - Anglesea,94 ,66 ,12.0,0.0,0.0,173 ,20046
E,Construction,203031051,Portarlington,81 ,64 ,6.0,3.0,0.0,152 ,20193
E,Construction,203031052,Point Lonsdale - Queenscliff,55 ,30 ,9.0,0.0,0.0,94 ,22663
E,Construction,203031053,Torquay,389 ,253 ,55.0,5.0,0.0,702 ,20046
E,Construction,203031489,Barwon Heads - Armstrong Creek,131 ,80 ,11.0,0.0,0.0,222 ,21790
E,Construction,203031490,Ocean Grove,253 ,174 ,29.0,3.0,0.0,459 ,20621
E,Construction,204011054,Alexandra,95 ,60 ,9.0,0.0,0.0,166 ,20005
E,Construction,204011055,Euroa,67 ,37 ,6.0,0.0,0.0,110 ,20283
E,Construction,204011056,Kilmore - Broadford,218 ,147 ,33.0,4.0,0.0,402 ,21980
E,Construction,204011057,Mansfield (Vic.),204 ,102 ,12.0,0.0,0.0,318 ,20283
E,Construction,204011058,Nagambie,65 ,36 ,4.0,0.0,0.0,105 ,20652
E,Construction,204011059,Seymour,53 ,43 ,11.0,0.0,0.0,108 ,20086
E,Construction,204011060,Seymour Surrounds,63 ,28 ,7.0,0.0,0.0,98 ,22154
E,Construction,204011061,Upper Yarra Valley,3 ,3 ,0.0,0.0,0.0,6 ,20452
E,Construction,204011062,Yea,76 ,36 ,6.0,0.0,0.0,118 ,20005
E,Construction,204021063,Benalla,124 ,57 ,8.0,3.0,0.0,192 ,20096
E,Construction,204021064,Benalla Surrounds,54 ,23 ,0.0,0.0,0.0,78 ,20283
E,Construction,204021065,Rutherglen,44 ,29 ,0.0,0.0,0.0,74 ,20296
E,Construction,204021066,Wangaratta,159 ,97 ,33.0,0.0,0.0,291 ,21349
E,Construction,204021067,Wangaratta Surrounds,128 ,73 ,21.0,0.0,0.0,222 ,20060
E,Construction,204031068,Beechworth,46 ,31 ,5.0,0.0,0.0,82 ,20551
E,Construction,204031069,Bright - Mount Beauty,128 ,65 ,12.0,0.0,0.0,207 ,21210
E,Construction,204031070,Chiltern - Indigo Valley,31 ,19 ,0.0,0.0,0.0,53 ,20357
E,Construction,204031071,Myrtleford,58 ,26 ,5.0,0.0,0.0,89 ,20312
E,Construction,204031072,Towong,63 ,33 ,6.0,3.0,0.0,103 ,20883
E,Construction,204031073,West Wodonga,139 ,78 ,22.0,4.0,0.0,243 ,21230
E,Construction,204031075,Yackandandah,75 ,33 ,8.0,3.0,0.0,117 ,22351
E,Construction,204031491,Baranduda - Leneva,138 ,76 ,19.0,0.0,0.0,235 ,21230
E,Construction,204031492,Wodonga,169 ,74 ,40.0,10.0,0.0,293 ,21222
E,Construction,205011076,Drouin,223 ,157 ,31.0,4.0,0.0,415 ,20081
E,Construction,205011077,Mount Baw Baw Region,86 ,63 ,9.0,0.0,0.0,158 ,20452
E,Construction,205011078,Trafalgar (Vic.),101 ,40 ,9.0,0.0,0.0,150 ,20391
E,Construction,205011079,Warragul,288 ,165 ,47.0,4.0,0.0,504 ,20081
E,Construction,205021080,Alps - East,0 ,0 ,0.0,0.0,0.0,0 ,20719
E,Construction,205021081,Bairnsdale,173 ,89 ,33.0,3.0,0.0,297 ,20103
E,Construction,205021082,Bruthen - Omeo,118 ,65 ,11.0,0.0,0.0,195 ,20265
E,Construction,205021083,Lake King,0 ,0 ,0.0,0.0,0.0,0 ,20822
E,Construction,205021084,Lakes Entrance,124 ,60 ,13.0,0.0,0.0,198 ,20290
E,Construction,205021085,Orbost,67 ,30 ,4.0,0.0,0.0,101 ,20360
E,Construction,205021086,Paynesville,76 ,29 ,3.0,0.0,0.0,106 ,20103
E,Construction,205031087,Foster,120 ,72 ,8.0,0.0,0.0,200 ,20010
E,Construction,205031088,French Island,3 ,0 ,0.0,0.0,0.0,3 ,20856
E,Construction,205031089,Korumburra,125 ,66 ,14.0,0.0,0.0,205 ,20081
E,Construction,205031090,Leongatha,152 ,73 ,16.0,5.0,0.0,246 ,20024
E,Construction,205031091,Phillip Island,204 ,131 ,7.0,0.0,0.0,342 ,20475
E,Construction,205031092,Wilsons Promontory,0 ,0 ,0.0,0.0,0.0,0 ,22800
E,Construction,205031093,Wonthaggi - Inverloch,345 ,194 ,26.0,5.0,0.0,570 ,21235
E,Construction,205041094,Churchill,94 ,58 ,10.0,0.0,0.0,163 ,20585
E,Construction,205041095,Moe - Newborough,104 ,52 ,17.0,4.0,0.0,177 ,21716
E,Construction,205041096,Morwell,67 ,32 ,20.0,6.0,0.0,125 ,22596
E,Construction,205041098,Yallourn North - Glengarry,41 ,23 ,10.0,0.0,0.0,74 ,20286
E,Construction,205041493,Traralgon - East,93 ,55 ,33.0,8.0,0.0,189 ,21027
E,Construction,205041494,Traralgon - West,105 ,73 ,12.0,0.0,0.0,190 ,21027
E,Construction,205051099,Alps - West,0 ,0 ,0.0,0.0,0.0,0 ,21210
E,Construction,205051100,Longford - Loch Sport,57 ,28 ,4.0,0.0,0.0,89 ,20938
E,Construction,205051101,Maffra,165 ,83 ,14.0,4.0,0.0,266 ,22542
E,Construction,205051102,Rosedale,39 ,23 ,3.0,0.0,0.0,65 ,22543
E,Construction,205051103,Sale,116 ,66 ,10.0,5.0,0.0,197 ,20586
E,Construction,205051104,Yarram,46 ,19 ,4.0,0.0,0.0,70 ,20242
E,Construction,206011106,Brunswick East,72 ,27 ,11.0,3.0,0.0,112 ,20361
E,Construction,206011107,Brunswick West,80 ,43 ,0.0,0.0,0.0,125 ,20361
E,Construction,206011109,Pascoe Vale South,105 ,66 ,5.0,0.0,0.0,176 ,20596
E,Construction,206011495,Brunswick - North,83 ,36 ,6.0,0.0,0.0,125 ,20361
E,Construction,206011496,Brunswick - South,90 ,43 ,5.0,4.0,0.0,142 ,20361
E,Construction,206011497,Coburg - East,148 ,51 ,12.0,0.0,0.0,211 ,20361
E,Construction,206011498,Coburg - West,137 ,35 ,3.0,0.0,0.0,175 ,20361
E,Construction,206021110,Alphington - Fairfield,100 ,47 ,16.0,7.0,0.0,170 ,21971
E,Construction,206021112,Thornbury,129 ,64 ,19.0,5.0,0.0,217 ,20362
E,Construction,206021499,Northcote - East,103 ,33 ,5.0,0.0,0.0,141 ,21971
E,Construction,206021500,Northcote - West,84 ,24 ,5.0,3.0,0.0,115 ,20362
E,Construction,206031113,Ascot Vale,107 ,48 ,7.0,3.0,0.0,163 ,20075
E,Construction,206031115,Flemington,40 ,10 ,0.0,3.0,0.0,53 ,20075
E,Construction,206031116,Moonee Ponds,181 ,70 ,13.0,0.0,0.0,264 ,20075
E,Construction,206031501,Essendon (West) - Aberfeldie,188 ,100 ,10.0,3.0,0.0,301 ,20885
E,Construction,206031502,Essendon - East,155 ,71 ,10.0,4.0,0.0,240 ,20363
E,Construction,206041117,Carlton,191 ,40 ,7.0,3.0,0.0,239 ,20496
E,Construction,206041118,Docklands,214 ,54 ,7.0,10.0,0.0,285 ,21640
E,Construction,206041119,East Melbourne,77 ,8 ,3.0,3.0,0.0,89 ,20495
E,Construction,206041120,Flemington Racecourse,0 ,0 ,0.0,0.0,0.0,3 ,20075
E,Construction,206041121,Kensington (Vic.),39 ,13 ,11.0,5.0,0.0,68 ,20929
E,Construction,206041124,Parkville,33 ,3 ,0.0,0.0,0.0,38 ,20361
E,Construction,206041125,South Yarra - West,97 ,9 ,3.0,0.0,0.0,109 ,21640
E,Construction,206041127,West Melbourne - Industrial,0 ,0 ,3.0,0.0,0.0,5 ,20935
E,Construction,206041503,Melbourne CBD - East,507 ,48 ,13.0,7.0,0.0,575 ,20495
E,Construction,206041504,Melbourne CBD - North,218 ,16 ,4.0,3.0,0.0,240 ,20495
E,Construction,206041505,Melbourne CBD - West,885 ,128 ,40.0,17.0,0.0,"1,070 ",21640
E,Construction,206041506,North Melbourne,117 ,36 ,14.0,14.0,0.0,182 ,22038
E,Construction,206041507,Royal Botanic Gardens Victoria,0 ,0 ,0.0,0.0,0.0,0 ,21640
E,Construction,206041508,Southbank (West) - South Wharf,239 ,16 ,4.0,0.0,3.0,260 ,21640
E,Construction,206041509,Southbank - East,185 ,26 ,6.0,4.0,0.0,221 ,21640
E,Construction,206041510,West Melbourne - Residential,76 ,20 ,8.0,0.0,0.0,106 ,21640
E,Construction,206051128,Albert Park,609 ,76 ,19.0,10.0,0.0,714 ,21640
E,Construction,206051129,Elwood,142 ,45 ,9.0,3.0,0.0,197 ,22343
E,Construction,206051130,Port Melbourne,141 ,51 ,14.0,3.0,0.0,207 ,22107
E,Construction,206051134,St Kilda East,118 ,35 ,5.0,0.0,0.0,158 ,22118
E,Construction,206051511,Port Melbourne Industrial,192 ,44 ,47.0,36.0,3.0,321 ,20766
E,Construction,206051512,South Melbourne,307 ,66 ,23.0,8.0,0.0,404 ,21640
E,Construction,206051513,St Kilda - Central,246 ,41 ,11.0,4.0,0.0,302 ,22805
E,Construction,206051514,St Kilda - West,225 ,44 ,5.0,3.0,0.0,276 ,21640
E,Construction,206061135,Armadale,145 ,18 ,6.0,3.0,0.0,171 ,22118
E,Construction,206061136,Prahran - Windsor,242 ,46 ,10.0,3.0,3.0,302 ,21640
E,Construction,206061138,Toorak,209 ,29 ,12.0,3.0,0.0,251 ,22118
E,Construction,206061515,South Yarra - North,324 ,36 ,12.0,6.0,0.0,378 ,21640
E,Construction,206061516,South Yarra - South,100 ,23 ,4.0,0.0,0.0,129 ,22118
E,Construction,206071139,Abbotsford,128 ,30 ,10.0,6.0,3.0,175 ,20901
E,Construction,206071140,Carlton North - Princes Hill,29 ,16 ,6.0,0.0,0.0,51 ,20361
E,Construction,206071141,Collingwood,109 ,24 ,22.0,7.0,0.0,162 ,20925
E,Construction,206071142,Fitzroy,88 ,15 ,6.0,3.0,0.0,110 ,20925
E,Construction,206071143,Fitzroy North,74 ,17 ,5.0,0.0,0.0,97 ,20362
E,Construction,206071145,Clifton Hill - Alphington,53 ,29 ,0.0,0.0,0.0,85 ,20925
E,Construction,206071517,Richmond (South) - Cremorne,384 ,54 ,34.0,9.0,0.0,481 ,20830
E,Construction,206071518,Richmond - North,125 ,33 ,25.0,9.0,0.0,192 ,20830
E,Construction,207011146,Ashburton (Vic.),66 ,22 ,0.0,0.0,0.0,90 ,20077
E,Construction,207011147,Balwyn,222 ,63 ,6.0,0.0,0.0,293 ,21336
E,Construction,207011148,Balwyn North,255 ,73 ,10.0,0.0,0.0,338 ,21336
E,Construction,207011149,Camberwell,306 ,78 ,13.0,0.0,0.0,398 ,21010
E,Construction,207011150,Glen Iris - East,160 ,52 ,8.0,3.0,0.0,223 ,20077
E,Construction,207011152,Hawthorn East,212 ,47 ,13.0,3.0,0.0,275 ,21586
E,Construction,207011154,Kew East,91 ,32 ,3.0,3.0,0.0,128 ,20034
E,Construction,207011155,Surrey Hills (West) - Canterbury,205 ,56 ,18.0,3.0,0.0,280 ,21336
E,Construction,207011519,Hawthorn - North,93 ,34 ,14.0,3.0,0.0,143 ,22170
E,Construction,207011520,Hawthorn - South,129 ,27 ,12.0,0.0,0.0,170 ,22547
E,Construction,207011521,Kew - South,115 ,31 ,10.0,3.0,0.0,157 ,21152
E,Construction,207011522,Kew - West,130 ,49 ,4.0,3.0,0.0,185 ,20034
E,Construction,207021156,Bulleen,132 ,52 ,9.0,3.0,0.0,194 ,20124
E,Construction,207021157,Doncaster,369 ,129 ,9.0,0.0,0.0,508 ,20124
E,Construction,207021159,Templestowe,300 ,109 ,13.0,0.0,0.0,422 ,20771
E,Construction,207021160,Templestowe Lower,168 ,59 ,5.0,3.0,0.0,234 ,20386
E,Construction,207021424,Doncaster East - North,173 ,61 ,3.0,0.0,0.0,237 ,20771
E,Construction,207021425,Doncaster East - South,210 ,75 ,5.0,0.0,0.0,290 ,20771
E,Construction,207031161,Blackburn,213 ,100 ,16.0,6.0,0.0,335 ,20315
E,Construction,207031162,Blackburn South,92 ,36 ,5.0,0.0,0.0,134 ,20426
E,Construction,207031163,Box Hill,348 ,101 ,9.0,3.0,0.0,460 ,21732
E,Construction,207031164,Box Hill North,209 ,91 ,10.0,0.0,0.0,310 ,20123
E,Construction,207031165,Burwood (Vic.),138 ,42 ,8.0,0.0,0.0,190 ,21010
E,Construction,207031166,Burwood East,123 ,51 ,5.0,0.0,0.0,179 ,20426
E,Construction,207031167,Surrey Hills (East) - Mont Albert,62 ,27 ,10.0,0.0,0.0,101 ,21732
E,Construction,208011168,Beaumaris,144 ,68 ,10.0,0.0,0.0,222 ,20182
E,Construction,208011169,Brighton (Vic.),309 ,90 ,11.0,4.0,0.0,414 ,20337
E,Construction,208011170,Brighton East,155 ,58 ,5.0,3.0,0.0,220 ,20337
E,Construction,208011171,Highett (West) - Cheltenham,154 ,90 ,39.0,10.0,0.0,293 ,20182
E,Construction,208011172,Hampton,136 ,63 ,7.0,3.0,0.0,208 ,20337
E,Construction,208011173,Sandringham - Black Rock,165 ,78 ,15.0,0.0,0.0,260 ,20182
E,Construction,208021174,Bentleigh - McKinnon,239 ,89 ,14.0,3.0,0.0,344 ,20338
E,Construction,208021176,Carnegie,127 ,62 ,5.0,0.0,0.0,196 ,21587
E,Construction,208021177,Caulfield - North,189 ,47 ,13.0,0.0,0.0,249 ,20105
E,Construction,208021178,Caulfield - South,152 ,65 ,16.0,0.0,0.0,235 ,20864
E,Construction,208021179,Elsternwick,114 ,36 ,7.0,0.0,0.0,157 ,20337
E,Construction,208021180,Hughesdale,71 ,24 ,3.0,0.0,0.0,98 ,21587
E,Construction,208021181,Murrumbeena,88 ,27 ,5.0,0.0,0.0,120 ,21587
E,Construction,208021182,Ormond - Glen Huntly,88 ,29 ,3.0,0.0,0.0,119 ,20338
E,Construction,208021426,Bentleigh East - North,177 ,53 ,6.0,3.0,0.0,239 ,20214
E,Construction,208021427,Bentleigh East - South,161 ,67 ,8.0,0.0,0.0,236 ,20214
E,Construction,208031183,Aspendale Gardens - Waterways,106 ,32 ,5.0,0.0,0.0,143 ,20079
E,Construction,208031184,Braeside,64 ,47 ,48.0,23.0,0.0,182 ,20079
E,Construction,208031185,Carrum - Patterson Lakes,163 ,106 ,12.0,0.0,0.0,283 ,20131
E,Construction,208031186,Chelsea - Bonbeach,150 ,88 ,9.0,0.0,0.0,248 ,20538
E,Construction,208031187,Chelsea Heights,67 ,39 ,8.0,4.0,0.0,118 ,20080
E,Construction,208031188,Highett (East) - Cheltenham,296 ,142 ,42.0,9.0,0.0,489 ,20539
E,Construction,208031189,Edithvale - Aspendale,154 ,93 ,5.0,3.0,0.0,255 ,20079
E,Construction,208031190,Mentone,146 ,66 ,13.0,0.0,0.0,225 ,20182
E,Construction,208031191,Moorabbin - Heatherton,213 ,113 ,62.0,19.0,0.0,408 ,20539
E,Construction,208031192,Moorabbin Airport,3 ,0 ,0.0,0.0,0.0,0 ,20539
E,Construction,208031193,Mordialloc - Parkdale,232 ,163 ,33.0,9.0,0.0,437 ,21648
E,Construction,208041194,Malvern - Glen Iris,192 ,47 ,13.0,3.0,0.0,253 ,20066
E,Construction,208041195,Malvern East,208 ,58 ,11.0,0.0,0.0,277 ,20523
E,Construction,209011196,Bundoora - East,131 ,74 ,21.0,0.0,0.0,228 ,20399
E,Construction,209011197,Greensborough,253 ,121 ,24.0,4.0,0.0,402 ,21104
E,Construction,209011198,Heidelberg - Rosanna,122 ,68 ,15.0,0.0,0.0,205 ,21246
E,Construction,209011199,Heidelberg West,163 ,75 ,41.0,6.0,0.0,285 ,22121
E,Construction,209011200,Ivanhoe,87 ,31 ,10.0,0.0,0.0,128 ,22508
E,Construction,209011201,Ivanhoe East - Eaglemont,95 ,32 ,6.0,3.0,0.0,135 ,21246
E,Construction,209011202,Montmorency - Briar Hill,211 ,135 ,23.0,0.0,0.0,371 ,22484
E,Construction,209011203,Viewbank - Yallambie,155 ,81 ,9.0,0.0,0.0,245 ,20386
E,Construction,209011204,Watsonia,93 ,47 ,4.0,3.0,0.0,145 ,20399
E,Construction,209021205,Kingsbury,103 ,53 ,3.0,0.0,0.0,158 ,20399
E,Construction,209021428,Preston - East,213 ,90 ,27.0,11.0,0.0,341 ,22121
E,Construction,209021429,Preston - West,106 ,51 ,5.0,0.0,0.0,162 ,20596
E,Construction,209021523,Reservoir - North East,137 ,60 ,8.0,0.0,0.0,205 ,20399
E,Construction,209021524,Reservoir - North West,143 ,63 ,8.0,0.0,0.0,214 ,22161
E,Construction,209021525,Reservoir - South East,129 ,58 ,4.0,0.0,0.0,191 ,22121
E,Construction,209021526,Reservoir - South West,145 ,70 ,18.0,4.0,0.0,237 ,20597
E,Construction,209031209,Eltham,265 ,187 ,36.0,4.0,0.0,492 ,22483
E,Construction,209031210,Hurstbridge,75 ,49 ,4.0,0.0,0.0,128 ,20752
E,Construction,209031211,Kinglake,84 ,58 ,6.0,3.0,0.0,149 ,20916
E,Construction,209031212,Panton Hill - St Andrews,106 ,96 ,12.0,0.0,0.0,215 ,21358
E,Construction,209031213,Plenty - Yarrambat,159 ,105 ,21.0,5.0,0.0,290 ,20399
E,Construction,209031214,Research - North Warrandyte,106 ,75 ,17.0,3.0,0.0,199 ,20865
E,Construction,209031215,Wattle Glen - Diamond Creek,209 ,140 ,30.0,0.0,0.0,380 ,20865
E,Construction,209041216,Bundoora - North,111 ,52 ,12.0,4.0,0.0,179 ,20399
E,Construction,209041217,Bundoora - West,116 ,31 ,4.0,0.0,0.0,151 ,20399
E,Construction,209041220,Mill Park - North,248 ,93 ,12.0,0.0,0.0,353 ,21683
E,Construction,209041221,Mill Park - South,122 ,56 ,5.0,0.0,0.0,184 ,20399
E,Construction,209041223,Thomastown,331 ,164 ,93.0,24.0,0.0,612 ,20399
E,Construction,209041224,Wallan,377 ,192 ,28.0,0.0,0.0,599 ,20345
E,Construction,209041225,Whittlesea,242 ,132 ,18.0,0.0,0.0,393 ,20576
E,Construction,209041431,Epping - East,174 ,50 ,7.0,0.0,0.0,231 ,22311
E,Construction,209041432,Epping - South,137 ,72 ,13.0,3.0,0.0,227 ,21683
E,Construction,209041433,Epping (Vic.) - West,192 ,64 ,30.0,9.0,0.0,295 ,20878
E,Construction,209041435,South Morang - North,188 ,83 ,15.0,0.0,0.0,287 ,20779
E,Construction,209041436,South Morang - South,150 ,54 ,5.0,0.0,0.0,209 ,22916
E,Construction,209041437,Wollert,452 ,150 ,9.0,0.0,0.0,611 ,22311
E,Construction,209041527,Doreen - North,155 ,114 ,16.0,0.0,0.0,286 ,20779
E,Construction,209041528,Doreen - South,118 ,63 ,5.0,3.0,0.0,188 ,20779
E,Construction,209041529,Lalor - East,128 ,43 ,0.0,0.0,0.0,173 ,22504
E,Construction,209041530,Lalor - West,213 ,55 ,4.0,0.0,0.0,274 ,22504
E,Construction,209041531,Mernda - North,99 ,44 ,3.0,0.0,0.0,146 ,20779
E,Construction,209041532,Mernda - South,98 ,51 ,9.0,0.0,0.0,158 ,20779
E,Construction,210011226,Airport West,111 ,77 ,16.0,5.0,0.0,209 ,20886
E,Construction,210011227,Essendon Airport,3 ,0 ,3.0,0.0,0.0,3 ,22380
E,Construction,210011228,Keilor,303 ,171 ,98.0,33.0,0.0,606 ,20015
E,Construction,210011230,Niddrie - Essendon West,102 ,64 ,9.0,0.0,0.0,175 ,20885
E,Construction,210011231,Strathmore,134 ,57 ,9.0,0.0,0.0,200 ,20885
E,Construction,210011533,Avondale Heights,137 ,53 ,3.0,0.0,0.0,192 ,21604
E,Construction,210011534,Keilor East,163 ,84 ,14.0,3.0,0.0,262 ,20888
E,Construction,210021232,Gisborne,192 ,164 ,42.0,4.0,0.0,402 ,20076
E,Construction,210021233,Macedon,46 ,31 ,3.0,0.0,0.0,80 ,20387
E,Construction,210021234,Riddells Creek,73 ,57 ,6.0,0.0,0.0,136 ,21176
E,Construction,210021235,Romsey,153 ,121 ,20.0,3.0,0.0,296 ,20172
E,Construction,210031236,Coburg North,114 ,56 ,23.0,5.0,0.0,198 ,20596
E,Construction,210031237,Fawkner,166 ,54 ,7.0,3.0,0.0,228 ,20597
E,Construction,210031439,Gowanbrae,29 ,9 ,0.0,0.0,0.0,38 ,22381
E,Construction,210031440,Hadfield,98 ,40 ,7.0,0.0,0.0,146 ,22041
E,Construction,210031535,Glenroy - East,244 ,66 ,6.0,0.0,0.0,316 ,22041
E,Construction,210031536,Glenroy - West,109 ,33 ,6.0,0.0,0.0,148 ,22381
E,Construction,210031537,Oak Park,95 ,29 ,5.0,0.0,0.0,129 ,22042
E,Construction,210031538,Pascoe Vale,175 ,89 ,11.0,0.0,0.0,276 ,22042
E,Construction,210041240,Sunbury,165 ,122 ,16.0,3.0,0.0,305 ,20567
E,Construction,210041539,Diggers Rest,59 ,47 ,6.0,0.0,0.0,112 ,20754
E,Construction,210041540,Sunbury - South,148 ,88 ,26.0,5.0,0.0,267 ,21318
E,Construction,210041541,Sunbury - West,113 ,74 ,5.0,0.0,0.0,192 ,20754
E,Construction,210051242,Broadmeadows,189 ,48 ,9.0,9.0,0.0,255 ,20909
E,Construction,210051243,Campbellfield - Coolaroo,439 ,152 ,69.0,27.0,0.0,687 ,22161
E,Construction,210051245,Gladstone Park - Westmeadows,248 ,118 ,20.0,0.0,0.0,387 ,22586
E,Construction,210051246,Greenvale - Bulla,490 ,199 ,25.0,0.0,0.0,715 ,21675
E,Construction,210051247,Meadow Heights,256 ,43 ,3.0,0.0,0.0,301 ,20624
E,Construction,210051248,Melbourne Airport,4 ,0 ,0.0,0.0,0.0,7 ,21319
E,Construction,210051250,Tullamarine,81 ,43 ,12.0,3.0,0.0,139 ,22586
E,Construction,210051441,Craigieburn - Central,100 ,18 ,0.0,0.0,0.0,120 ,20661
E,Construction,210051442,Craigieburn - North,132 ,47 ,3.0,0.0,0.0,182 ,21675
E,Construction,210051443,Craigieburn - South,388 ,129 ,17.0,5.0,0.0,539 ,20878
E,Construction,210051445,Mickleham - Yuroke,477 ,126 ,16.0,3.0,0.0,620 ,20233
E,Construction,210051542,Craigieburn - North West,137 ,28 ,3.0,0.0,0.0,167 ,21675
E,Construction,210051543,Craigieburn - West,196 ,53 ,0.0,0.0,0.0,249 ,21675
E,Construction,210051544,Roxburgh Park (South) - Somerton,162 ,60 ,18.0,13.0,0.0,253 ,20878
E,Construction,210051545,Roxburgh Park - North,256 ,62 ,5.0,0.0,0.0,324 ,20661
E,Construction,211011251,Bayswater,181 ,145 ,71.0,10.0,3.0,408 ,20173
E,Construction,211011254,Knoxfield - Scoresby,209 ,121 ,48.0,7.0,0.0,385 ,21013
E,Construction,211011255,Lysterfield,105 ,59 ,5.0,0.0,0.0,169 ,20917
E,Construction,211011256,Rowville - Central,193 ,92 ,19.0,8.0,0.0,313 ,21374
E,Construction,211011257,Rowville - North,76 ,49 ,16.0,3.0,0.0,144 ,20917
E,Construction,211011258,Rowville - South,98 ,65 ,13.0,0.0,0.0,176 ,22207
E,Construction,211011259,Wantirna,129 ,61 ,4.0,0.0,0.0,194 ,22628
E,Construction,211011260,Wantirna South,150 ,72 ,8.0,0.0,0.0,230 ,21013
E,Construction,211011446,Boronia,240 ,134 ,31.0,5.0,0.0,410 ,20173
E,Construction,211011447,Ferntree Gully - North,164 ,99 ,11.0,0.0,0.0,274 ,20304
E,Construction,211011448,Ferntree Gully (South) - Upper Ferntree Gully,178 ,90 ,23.0,6.0,0.0,297 ,20917
E,Construction,211011449,The Basin,59 ,36 ,4.0,0.0,0.0,99 ,20304
E,Construction,211021261,Donvale - Park Orchards,231 ,121 ,20.0,3.0,0.0,374 ,20772
E,Construction,211021262,Warrandyte - Wonga Park,174 ,125 ,29.0,3.0,0.0,330 ,20772
E,Construction,211031263,Bayswater North,170 ,124 ,50.0,19.0,0.0,363 ,20173
E,Construction,211031265,Croydon Hills - Warranwood,219 ,129 ,16.0,3.0,0.0,367 ,20556
E,Construction,211031266,Ringwood,222 ,104 ,41.0,7.0,0.0,374 ,20774
E,Construction,211031267,Ringwood East,180 ,93 ,10.0,0.0,0.0,283 ,20173
E,Construction,211031268,Ringwood North,115 ,63 ,8.0,3.0,0.0,188 ,20774
E,Construction,211031450,Croydon - East,166 ,120 ,22.0,3.0,0.0,310 ,21354
E,Construction,211031451,Croydon - West,150 ,77 ,10.0,3.0,0.0,238 ,20556
E,Construction,211031452,Croydon South,94 ,50 ,21.0,7.0,0.0,172 ,20174
E,Construction,211041269,Forest Hill,89 ,33 ,0.0,0.0,0.0,123 ,20252
E,Construction,211041270,Mitcham (Vic.),165 ,83 ,17.0,3.0,0.0,268 ,20774
E,Construction,211041271,Nunawading,156 ,76 ,23.0,9.0,0.0,264 ,20774
E,Construction,211041272,Vermont,98 ,54 ,16.0,4.0,0.0,172 ,20937
E,Construction,211041273,Vermont South,129 ,62 ,3.0,3.0,0.0,195 ,20937
E,Construction,211051274,Belgrave - Selby,137 ,109 ,13.0,0.0,0.0,260 ,21558
E,Construction,211051275,Chirnside Park,148 ,125 ,27.0,6.0,0.0,306 ,20556
E,Construction,211051276,Healesville - Yarra Glen,220 ,155 ,18.0,5.0,0.0,398 ,20916
E,Construction,211051277,Kilsyth,156 ,102 ,13.0,3.0,0.0,273 ,20174
E,Construction,211051278,Lilydale - Coldstream,280 ,227 ,47.0,3.0,0.0,557 ,20556
E,Construction,211051279,Monbulk - Silvan,102 ,64 ,16.0,3.0,0.0,184 ,20868
E,Construction,211051280,Montrose,110 ,93 ,8.0,0.0,0.0,211 ,21354
E,Construction,211051281,Mooroolbark,280 ,190 ,22.0,0.0,0.0,494 ,20556
E,Construction,211051282,Mount Dandenong - Olinda,111 ,73 ,7.0,0.0,0.0,191 ,20304
E,Construction,211051283,Mount Evelyn,190 ,152 ,19.0,0.0,0.0,362 ,21736
E,Construction,211051284,Upwey - Tecoma,103 ,80 ,6.0,0.0,0.0,190 ,21558
E,Construction,211051285,Wandin - Seville,191 ,124 ,38.0,0.0,0.0,353 ,20613
E,Construction,211051286,Yarra Valley,250 ,173 ,25.0,4.0,0.0,452 ,20833
E,Construction,212011289,Emerald - Cockatoo,334 ,253 ,45.0,0.0,0.0,633 ,20979
E,Construction,212011546,Beaconsfield - Officer,327 ,149 ,29.0,3.0,0.0,506 ,20176
E,Construction,212011547,Bunyip - Garfield,160 ,138 ,40.0,4.0,0.0,342 ,20411
E,Construction,212011548,Koo Wee Rup,176 ,121 ,21.0,3.0,0.0,320 ,20081
E,Construction,212011549,Pakenham - North East,177 ,85 ,14.0,0.0,0.0,276 ,21879
E,Construction,212011550,Pakenham - North West,72 ,65 ,20.0,3.0,0.0,160 ,20176
E,Construction,212011551,Pakenham - South East,93 ,66 ,27.0,8.0,0.0,194 ,21879
E,Construction,212011552,Pakenham - South West,277 ,129 ,43.0,8.0,0.0,457 ,22006
E,Construction,212021293,Berwick - North,280 ,173 ,25.0,3.0,0.0,481 ,21895
E,Construction,212021295,Doveton,335 ,72 ,3.0,3.0,0.0,410 ,20708
E,Construction,212021297,Hallam,285 ,105 ,59.0,23.0,0.0,472 ,21895
E,Construction,212021299,Narre Warren North,219 ,113 ,32.0,0.0,0.0,364 ,21558
E,Construction,212021453,Endeavour Hills - North,198 ,72 ,5.0,0.0,0.0,275 ,22207
E,Construction,212021454,Endeavour Hills - South,235 ,84 ,4.0,3.0,0.0,324 ,21895
E,Construction,212021455,Narre Warren - North East,207 ,87 ,8.0,0.0,0.0,303 ,21895
E,Construction,212021456,Narre Warren - South West,241 ,84 ,19.0,5.0,0.0,349 ,20224
E,Construction,212021553,Berwick - South East,187 ,95 ,13.0,0.0,0.0,295 ,20175
E,Construction,212021554,Berwick - South West,132 ,60 ,0.0,0.0,0.0,193 ,20224
E,Construction,212031300,Cranbourne,272 ,95 ,15.0,3.0,0.0,383 ,20664
E,Construction,212031303,Cranbourne South,299 ,216 ,39.0,0.0,0.0,554 ,20487
E,Construction,212031304,Cranbourne West,295 ,128 ,18.0,5.0,0.0,446 ,20662
E,Construction,212031306,Lynbrook - Lyndhurst,234 ,76 ,10.0,3.0,0.0,323 ,20709
E,Construction,212031308,Pearcedale - Tooradin,136 ,136 ,24.0,0.0,0.0,297 ,21380
E,Construction,212031457,Narre Warren South - East,202 ,104 ,9.0,0.0,0.0,316 ,20224
E,Construction,212031458,Narre Warren South - West,358 ,105 ,4.0,0.0,0.0,467 ,21893
E,Construction,212031555,Clyde North - North,100 ,55 ,0.0,0.0,0.0,156 ,22006
E,Construction,212031556,Clyde North - South,257 ,80 ,11.0,0.0,0.0,349 ,20487
E,Construction,212031557,Cranbourne East - North,258 ,107 ,7.0,0.0,0.0,372 ,20581
E,Construction,212031558,Cranbourne East - South,107 ,32 ,3.0,0.0,0.0,142 ,20581
E,Construction,212031559,Cranbourne North - East,176 ,63 ,0.0,0.0,0.0,240 ,20582
E,Construction,212031560,Cranbourne North - West,157 ,68 ,3.0,0.0,0.0,228 ,21133
E,Construction,212031561,Hampton Park - East,196 ,53 ,3.0,0.0,0.0,251 ,21893
E,Construction,212031562,Hampton Park - West,191 ,52 ,3.0,0.0,0.0,247 ,20709
E,Construction,212041309,Clarinda - Oakleigh South,114 ,42 ,8.0,4.0,0.0,168 ,21746
E,Construction,212041310,Clayton South,178 ,68 ,8.0,6.0,0.0,260 ,20758
E,Construction,212041312,Dandenong North,356 ,117 ,5.0,0.0,0.0,478 ,22207
E,Construction,212041313,Dingley Village,108 ,59 ,4.0,3.0,0.0,174 ,20320
E,Construction,212041316,Noble Park North,73 ,24 ,8.0,3.0,0.0,106 ,20708
E,Construction,212041317,Springvale,246 ,90 ,22.0,5.0,0.0,364 ,21827
E,Construction,212041318,Springvale South,73 ,31 ,0.0,0.0,0.0,105 ,21339
E,Construction,212041459,Noble Park - East,125 ,36 ,4.0,0.0,0.0,165 ,21339
E,Construction,212041460,Noble Park - West,164 ,47 ,4.0,0.0,0.0,215 ,21339
E,Construction,212041563,Dandenong - North,521 ,118 ,6.0,0.0,0.0,646 ,20708
E,Construction,212041564,Dandenong - South,432 ,172 ,109.0,47.0,0.0,760 ,20131
E,Construction,212041565,Keysborough - North,149 ,64 ,34.0,8.0,3.0,256 ,21339
E,Construction,212041566,Keysborough - South,171 ,65 ,21.0,8.0,0.0,265 ,20080
E,Construction,212051319,Ashwood - Chadstone,178 ,75 ,12.0,3.0,0.0,268 ,20077
E,Construction,212051321,Glen Waverley - East,270 ,76 ,10.0,0.0,0.0,357 ,20427
E,Construction,212051322,Glen Waverley - West,271 ,70 ,8.0,0.0,0.0,349 ,20427
E,Construction,212051323,Mount Waverley - North,188 ,67 ,5.0,0.0,0.0,260 ,20078
E,Construction,212051324,Mount Waverley - South,318 ,106 ,21.0,12.0,3.0,459 ,21816
E,Construction,212051325,Mulgrave,224 ,80 ,30.0,13.0,3.0,349 ,21013
E,Construction,212051326,Oakleigh - Huntingdale,305 ,134 ,33.0,7.0,0.0,479 ,21587
E,Construction,212051327,Wheelers Hill,236 ,90 ,12.0,0.0,0.0,338 ,21013
E,Construction,212051567,Clayton (North) - Notting Hill,113 ,44 ,37.0,20.0,0.0,214 ,21816
E,Construction,212051568,Clayton - Central,132 ,44 ,5.0,4.0,0.0,185 ,22002
E,Construction,213011328,Ardeer - Albion,79 ,26 ,3.0,3.0,0.0,109 ,22396
E,Construction,213011329,Cairnlea,108 ,38 ,3.0,0.0,0.0,148 ,20062
E,Construction,213011331,Delahey,80 ,36 ,3.0,3.0,0.0,119 ,21315
E,Construction,213011332,Keilor Downs,137 ,63 ,9.0,3.0,0.0,210 ,21316
E,Construction,213011333,Kings Park (Vic.),139 ,38 ,3.0,0.0,0.0,178 ,20729
E,Construction,213011334,St Albans - North,258 ,64 ,6.0,3.0,0.0,330 ,21312
E,Construction,213011335,St Albans - South,180 ,45 ,3.0,0.0,0.0,227 ,21312
E,Construction,213011336,Sunshine,96 ,51 ,8.0,3.0,0.0,156 ,20324
E,Construction,213011337,Sunshine North,142 ,68 ,17.0,5.0,0.0,232 ,21316
E,Construction,213011338,Sunshine West,223 ,85 ,31.0,18.0,0.0,357 ,20062
E,Construction,213011339,Sydenham,150 ,41 ,6.0,0.0,0.0,197 ,22474
E,Construction,213011340,Taylors Lakes,225 ,115 ,15.0,3.0,0.0,358 ,21314
E,Construction,213011569,Deer Park,187 ,44 ,3.0,0.0,0.0,233 ,20062
E,Construction,213011570,Derrimut,130 ,48 ,18.0,11.0,0.0,207 ,20062
E,Construction,213021341,Altona,148 ,70 ,10.0,6.0,0.0,235 ,21477
E,Construction,213021342,Altona Meadows,135 ,64 ,7.0,0.0,0.0,207 ,20035
E,Construction,213021343,Altona North,224 ,94 ,36.0,15.0,0.0,369 ,22917
E,Construction,213021344,Newport,188 ,71 ,16.0,6.0,0.0,282 ,22107
E,Construction,213021345,Seabrook,49 ,16 ,0.0,0.0,0.0,65 ,20036
E,Construction,213021346,Williamstown,184 ,100 ,32.0,9.0,0.0,325 ,21934
E,Construction,213031347,Braybrook,195 ,58 ,12.0,3.0,0.0,267 ,20935
E,Construction,213031348,Footscray,145 ,29 ,8.0,0.0,0.0,183 ,20929
E,Construction,213031349,Maribyrnong,125 ,41 ,8.0,0.0,0.0,175 ,20075
E,Construction,213031350,Seddon - Kingsville,51 ,19 ,0.0,3.0,0.0,71 ,20935
E,Construction,213031351,West Footscray - Tottenham,98 ,45 ,12.0,3.0,0.0,157 ,20935
E,Construction,213031352,Yarraville,110 ,47 ,20.0,4.0,0.0,181 ,20935
E,Construction,213041353,Bacchus Marsh,288 ,231 ,41.0,6.0,0.0,566 ,20095
E,Construction,213041358,Melton West,182 ,105 ,15.0,0.0,0.0,302 ,22537
E,Construction,213041359,Rockbank - Mount Cottrell,425 ,171 ,48.0,12.0,0.0,656 ,20899
E,Construction,213041360,Taylors Hill,243 ,109 ,13.0,0.0,0.0,365 ,20950
E,Construction,213041461,Burnside,48 ,19 ,0.0,0.0,0.0,67 ,20729
E,Construction,213041462,Burnside Heights,60 ,21 ,0.0,0.0,0.0,82 ,20420
E,Construction,213041463,Caroline Springs,259 ,103 ,9.0,0.0,0.0,371 ,20950
E,Construction,213041571,Brookfield,92 ,35 ,8.0,0.0,0.0,135 ,21202
E,Construction,213041572,Cobblebank - Strathtulloh,129 ,45 ,0.0,0.0,0.0,177 ,21642
E,Construction,213041573,Eynesbury - Exford,26 ,24 ,0.0,0.0,0.0,52 ,20899
E,Construction,213041574,Fraser Rise - Plumpton,194 ,88 ,7.0,0.0,0.0,289 ,20754
E,Construction,213041575,Hillside,202 ,152 ,24.0,3.0,0.0,381 ,20950
E,Construction,213041576,Kurunjang - Toolern Vale,142 ,89 ,14.0,0.0,0.0,247 ,20605
E,Construction,213041577,Melton,88 ,39 ,18.0,3.0,0.0,148 ,21140
E,Construction,213041578,Melton South - Weir Views,175 ,61 ,4.0,0.0,0.0,240 ,20351
E,Construction,213051361,Hoppers Crossing - North,252 ,128 ,29.0,7.0,0.0,416 ,22582
E,Construction,213051362,Hoppers Crossing - South,161 ,62 ,0.0,0.0,0.0,223 ,22451
E,Construction,213051363,Laverton,163 ,60 ,22.0,11.0,0.0,256 ,22397
E,Construction,213051368,Werribee - South,232 ,93 ,25.0,3.0,0.0,351 ,20601
E,Construction,213051464,Point Cook - East,186 ,67 ,11.0,0.0,0.0,264 ,20036
E,Construction,213051466,Point Cook - South,158 ,41 ,3.0,0.0,0.0,202 ,22086
E,Construction,213051467,Werribee - East,151 ,52 ,7.0,3.0,0.0,212 ,22451
E,Construction,213051468,Werribee - West,198 ,114 ,14.0,0.0,0.0,326 ,20115
E,Construction,213051579,Manor Lakes - Quandong,63 ,20 ,0.0,0.0,0.0,84 ,20115
E,Construction,213051580,Point Cook - North East,124 ,53 ,7.0,4.0,0.0,188 ,20036
E,Construction,213051581,Point Cook - North West,68 ,35 ,5.0,0.0,0.0,108 ,22086
E,Construction,213051582,Tarneit (West) - Mount Cottrell,188 ,57 ,0.0,0.0,0.0,247 ,20899
E,Construction,213051583,Tarneit - Central,357 ,95 ,9.0,0.0,0.0,461 ,22582
E,Construction,213051584,Tarneit - North,147 ,39 ,0.0,0.0,0.0,187 ,22582
E,Construction,213051585,Tarneit - South,93 ,25 ,3.0,0.0,0.0,121 ,22451
E,Construction,213051586,Truganina - North,175 ,58 ,10.0,6.0,0.0,249 ,20743
E,Construction,213051587,Truganina - South East,118 ,23 ,0.0,0.0,0.0,141 ,21477
E,Construction,213051588,Truganina - South West,246 ,43 ,3.0,0.0,0.0,293 ,22582
E,Construction,213051589,Wyndham Vale - North,70 ,21 ,3.0,0.0,0.0,92 ,20116
E,Construction,213051590,Wyndham Vale - South,93 ,51 ,0.0,0.0,0.0,146 ,22750
E,Construction,214011370,Carrum Downs,355 ,178 ,99.0,32.0,0.0,664 ,20131
E,Construction,214011371,Frankston,246 ,145 ,21.0,0.0,0.0,412 ,22249
E,Construction,214011372,Frankston North,154 ,113 ,8.0,3.0,0.0,276 ,20508
E,Construction,214011373,Frankston South,254 ,157 ,27.0,0.0,0.0,438 ,21468
E,Construction,214011374,Langwarrin,397 ,273 ,31.0,7.0,0.0,708 ,20508
E,Construction,214011375,Seaford (Vic.),230 ,138 ,41.0,10.0,0.0,419 ,20507
E,Construction,214011376,Skye - Sandhurst,147 ,76 ,9.0,3.0,0.0,233 ,20508
E,Construction,214021377,Dromana,231 ,126 ,27.0,0.0,0.0,385 ,20072
E,Construction,214021378,Flinders,101 ,52 ,6.0,0.0,0.0,159 ,20072
E,Construction,214021379,Hastings - Somers,287 ,186 ,38.0,4.0,0.0,515 ,21664
E,Construction,214021381,Mount Eliza,201 ,124 ,23.0,5.0,0.0,353 ,20949
E,Construction,214021382,Mount Martha,316 ,175 ,29.0,3.0,0.0,521 ,21803
E,Construction,214021383,Point Nepean,383 ,245 ,32.0,3.0,0.0,661 ,20280
E,Construction,214021384,Rosebud - McCrae,310 ,198 ,26.0,0.0,0.0,534 ,20072
E,Construction,214021385,Somerville,361 ,241 ,58.0,4.0,0.0,664 ,22050
E,Construction,214021591,Mornington - East,230 ,155 ,45.0,3.0,0.0,433 ,21793
E,Construction,214021592,Mornington - West,132 ,69 ,12.0,0.0,0.0,214 ,21793
E,Construction,215011386,Ararat,50 ,29 ,5.0,0.0,0.0,85 ,20811
E,Construction,215011387,Ararat Surrounds,24 ,14 ,0.0,0.0,0.0,39 ,20680
E,Construction,215011388,Horsham,148 ,86 ,20.0,8.0,0.0,262 ,20403
E,Construction,215011389,Horsham Surrounds,35 ,19 ,3.0,3.0,0.0,58 ,20403
E,Construction,215011390,Nhill Region,41 ,26 ,3.0,0.0,0.0,68 ,20756
E,Construction,215011391,St Arnaud,23 ,10 ,0.0,0.0,0.0,34 ,20142
E,Construction,215011392,Stawell,60 ,35 ,10.0,3.0,0.0,106 ,20680
E,Construction,215011393,West Wimmera,18 ,12 ,0.0,0.0,0.0,30 ,20119
E,Construction,215011394,Yarriambiack,44 ,16 ,4.0,0.0,0.0,64 ,20756
E,Construction,215021395,Irymple,117 ,78 ,13.0,0.0,0.0,210 ,20488
E,Construction,215021396,Merbein,35 ,25 ,3.0,0.0,0.0,63 ,21388
E,Construction,215021398,Mildura Surrounds,19 ,13 ,0.0,0.0,0.0,34 ,20234
E,Construction,215021399,Red Cliffs,55 ,28 ,4.0,0.0,0.0,87 ,20488
E,Construction,215021469,Mildura - North,172 ,76 ,38.0,5.0,0.0,291 ,21682
E,Construction,215021470,Mildura - South,120 ,49 ,15.0,4.0,0.0,188 ,21245
E,Construction,215031400,Buloke,30 ,31 ,4.0,0.0,0.0,65 ,20155
E,Construction,215031401,Gannawarra,76 ,35 ,4.0,0.0,0.0,115 ,20051
E,Construction,215031402,Kerang,32 ,20 ,4.0,0.0,0.0,56 ,20477
E,Construction,215031403,Robinvale,18 ,10 ,5.0,0.0,0.0,33 ,22744
E,Construction,215031404,Swan Hill,132 ,86 ,14.0,0.0,0.0,233 ,21076
E,Construction,215031405,Swan Hill Surrounds,70 ,26 ,3.0,3.0,0.0,101 ,20047
E,Construction,216011406,Echuca,229 ,109 ,45.0,6.0,0.0,389 ,20125
E,Construction,216011407,Kyabram,93 ,71 ,20.0,3.0,0.0,185 ,20838
E,Construction,216011408,Lockington - Gunbower,41 ,24 ,4.0,0.0,0.0,71 ,20755
E,Construction,216011409,Rochester,30 ,21 ,6.0,0.0,0.0,59 ,20281
E,Construction,216011410,Rushworth,28 ,14 ,0.0,0.0,0.0,43 ,20093
E,Construction,216021411,Cobram,44 ,36 ,13.0,4.0,0.0,97 ,20301
E,Construction,216021412,Moira,28 ,15 ,3.0,0.0,0.0,46 ,20032
E,Construction,216021413,Numurkah,116 ,68 ,15.0,3.0,0.0,202 ,20839
E,Construction,216021414,Yarrawonga,82 ,54 ,13.0,0.0,0.0,150 ,20395
E,Construction,216031415,Mooroopna,46 ,28 ,0.0,0.0,0.0,75 ,20063
E,Construction,216031416,Shepparton - North,193 ,95 ,43.0,13.0,0.0,344 ,20393
E,Construction,216031418,Shepparton Surrounds - East,51 ,32 ,6.0,3.0,0.0,90 ,20056
E,Construction,216031419,Shepparton Surrounds - West,105 ,70 ,7.0,3.0,0.0,184 ,20056
E,Construction,216031593,Kialla,108 ,69 ,14.0,3.0,0.0,193 ,20056
E,Construction,216031594,Shepparton - South East,164 ,78 ,12.0,3.0,0.0,257 ,21340
E,Construction,217011420,Glenelg (Vic.),70 ,38 ,8.0,0.0,0.0,116 ,20340
E,Construction,217011421,Hamilton (Vic.),91 ,41 ,14.0,0.0,0.0,148 ,20322
E,Construction,217011422,Portland,57 ,31 ,18.0,3.0,0.0,108 ,20274
E,Construction,217011423,Southern Grampians,40 ,30 ,4.0,0.0,0.0,75 ,20199
E,Construction,217031471,Camperdown,31 ,24 ,4.0,0.0,0.0,59 ,20285
E,Construction,217031472,Colac,120 ,61 ,13.0,4.0,0.0,198 ,20149
E,Construction,217031473,Colac Surrounds,84 ,38 ,0.0,0.0,0.0,123 ,20671
E,Construction,217031474,Corangamite - North,36 ,29 ,4.0,0.0,0.0,69 ,20319
E,Construction,217031475,Corangamite - South,68 ,32 ,3.0,3.0,0.0,105 ,20306
E,Construction,217031476,Otway,71 ,30 ,7.0,0.0,0.0,108 ,20161
E,Construction,217041477,Moyne - East,61 ,35 ,7.0,0.0,0.0,104 ,21916
E,Construction,217041478,Moyne - West,126 ,49 ,15.0,3.0,0.0,191 ,20225
E,Construction,217041479,Warrnambool - North,207 ,116 ,25.0,3.0,0.0,351 ,20028
E,Construction,217041480,Warrnambool - South,145 ,71 ,23.0,3.0,0.0,242 ,20028
F,Wholesale Trade,201011001,Alfredton,17 ,7 ,4.0,0.0,0.0,29 ,20023
F,Wholesale Trade,201011002,Ballarat,21 ,10 ,8.0,3.0,3.0,44 ,20023
F,Wholesale Trade,201011005,Buninyong,4 ,3 ,0.0,0.0,0.0,5 ,20409
F,Wholesale Trade,201011006,Delacombe,18 ,8 ,13.0,4.0,0.0,43 ,20023
F,Wholesale Trade,201011007,Smythes Creek,0 ,0 ,0.0,0.0,0.0,3 ,20262
F,Wholesale Trade,201011008,Wendouree - Miners Rest,12 ,10 ,8.0,3.0,0.0,33 ,20023
F,Wholesale Trade,201011481,Ballarat East - Warrenheip,8 ,3 ,0.0,0.0,0.0,10 ,20104
F,Wholesale Trade,201011482,Ballarat North - Invermay,12 ,4 ,0.0,3.0,0.0,19 ,22745
F,Wholesale Trade,201011483,Canadian - Mount Clear,7 ,4 ,3.0,0.0,0.0,14 ,20111
F,Wholesale Trade,201011484,Sebastopol - Redan,6 ,5 ,0.0,3.0,0.0,16 ,20730
F,Wholesale Trade,201021009,Bacchus Marsh Surrounds,11 ,0 ,4.0,0.0,0.0,16 ,20076
F,Wholesale Trade,201021010,Creswick - Clunes,8 ,6 ,0.0,0.0,0.0,15 ,20262
F,Wholesale Trade,201021011,Daylesford,25 ,5 ,5.0,0.0,0.0,36 ,20256
F,Wholesale Trade,201021012,Gordon (Vic.),13 ,5 ,3.0,0.0,0.0,21 ,20409
F,Wholesale Trade,201031013,Avoca,3 ,6 ,0.0,3.0,0.0,10 ,20008
F,Wholesale Trade,201031014,Beaufort,7 ,0 ,0.0,0.0,3.0,9 ,20262
F,Wholesale Trade,201031015,Golden Plains - North,4 ,4 ,0.0,0.0,0.0,8 ,21123
F,Wholesale Trade,201031016,Maryborough (Vic.),6 ,3 ,4.0,0.0,0.0,13 ,20009
F,Wholesale Trade,201031017,Maryborough Surrounds,3 ,3 ,0.0,0.0,0.0,7 ,20459
F,Wholesale Trade,202011018,Bendigo,13 ,7 ,4.0,0.0,0.0,24 ,20208
F,Wholesale Trade,202011019,California Gully - Eaglehawk,6 ,5 ,3.0,3.0,0.0,15 ,20444
F,Wholesale Trade,202011020,East Bendigo - Kennington,9 ,11 ,11.0,3.0,0.0,34 ,20208
F,Wholesale Trade,202011021,Flora Hill - Spring Gully,4 ,3 ,0.0,0.0,0.0,8 ,20208
F,Wholesale Trade,202011022,Kangaroo Flat - Golden Square,14 ,13 ,7.0,3.0,0.0,35 ,20208
F,Wholesale Trade,202011023,Maiden Gully,4 ,3 ,0.0,0.0,0.0,6 ,20444
F,Wholesale Trade,202011024,Strathfieldsaye,5 ,3 ,0.0,0.0,0.0,8 ,20828
F,Wholesale Trade,202011025,White Hills - Ascot,5 ,0 ,6.0,0.0,0.0,13 ,20208
F,Wholesale Trade,202021026,Bendigo Surrounds - South,15 ,3 ,0.0,0.0,0.0,17 ,20835
F,Wholesale Trade,202021027,Castlemaine,13 ,4 ,3.0,0.0,0.0,19 ,20955
F,Wholesale Trade,202021028,Castlemaine Surrounds,13 ,9 ,0.0,0.0,0.0,22 ,20459
F,Wholesale Trade,202021029,Heathcote,9 ,0 ,0.0,0.0,0.0,9 ,20877
F,Wholesale Trade,202021030,Kyneton,25 ,11 ,6.0,3.0,0.0,45 ,20076
F,Wholesale Trade,202021031,Woodend,19 ,5 ,3.0,0.0,0.0,25 ,20076
F,Wholesale Trade,202031032,Bendigo Surrounds - North,6 ,4 ,3.0,0.0,0.0,13 ,20828
F,Wholesale Trade,202031033,Loddon,15 ,4 ,0.0,0.0,0.0,20 ,20177
F,Wholesale Trade,203011034,Bannockburn,13 ,3 ,3.0,0.0,0.0,18 ,20133
F,Wholesale Trade,203011035,Golden Plains - South,7 ,4 ,0.0,0.0,0.0,13 ,20217
F,Wholesale Trade,203011036,Winchelsea,14 ,6 ,0.0,0.0,0.0,22 ,20151
F,Wholesale Trade,203021037,Belmont,9 ,3 ,0.0,0.0,0.0,12 ,20201
F,Wholesale Trade,203021039,Geelong,29 ,21 ,16.0,15.0,0.0,81 ,20201
F,Wholesale Trade,203021040,Geelong West - Hamlyn Heights,23 ,13 ,6.0,0.0,0.0,42 ,20165
F,Wholesale Trade,203021042,Highton,25 ,5 ,0.0,0.0,0.0,30 ,20151
F,Wholesale Trade,203021043,Lara,14 ,5 ,0.0,4.0,0.0,25 ,20115
F,Wholesale Trade,203021044,Leopold,8 ,4 ,3.0,0.0,0.0,13 ,20621
F,Wholesale Trade,203021045,Newcomb - Moolap,6 ,14 ,4.0,3.0,0.0,25 ,20326
F,Wholesale Trade,203021046,Newtown (Vic.),18 ,10 ,4.0,3.0,0.0,33 ,20960
F,Wholesale Trade,203021047,North Geelong - Bell Park,24 ,23 ,24.0,0.0,0.0,73 ,20165
F,Wholesale Trade,203021485,Charlemont,3 ,0 ,0.0,0.0,0.0,0 ,21790
F,Wholesale Trade,203021486,Corio - Lovely Banks,12 ,5 ,0.0,3.0,0.0,20 ,20165
F,Wholesale Trade,203021487,Grovedale - Mount Duneed,15 ,6 ,3.0,0.0,0.0,22 ,20954
F,Wholesale Trade,203021488,Norlane,3 ,6 ,0.0,0.0,0.0,11 ,20191
F,Wholesale Trade,203031048,Clifton Springs,15 ,7 ,3.0,3.0,0.0,26 ,20697
F,Wholesale Trade,203031049,Lorne - Anglesea,3 ,3 ,0.0,0.0,0.0,7 ,20046
F,Wholesale Trade,203031051,Portarlington,10 ,7 ,0.0,0.0,0.0,17 ,20193
F,Wholesale Trade,203031052,Point Lonsdale - Queenscliff,7 ,0 ,0.0,0.0,0.0,8 ,22663
F,Wholesale Trade,203031053,Torquay,35 ,23 ,9.0,0.0,0.0,68 ,20046
F,Wholesale Trade,203031489,Barwon Heads - Armstrong Creek,10 ,4 ,3.0,0.0,0.0,15 ,21790
F,Wholesale Trade,203031490,Ocean Grove,13 ,13 ,3.0,0.0,0.0,28 ,20621
F,Wholesale Trade,204011054,Alexandra,10 ,4 ,3.0,0.0,0.0,18 ,20005
F,Wholesale Trade,204011055,Euroa,8 ,4 ,3.0,0.0,0.0,14 ,20283
F,Wholesale Trade,204011056,Kilmore - Broadford,12 ,10 ,0.0,0.0,0.0,24 ,21980
F,Wholesale Trade,204011057,Mansfield (Vic.),13 ,7 ,3.0,0.0,0.0,21 ,20283
F,Wholesale Trade,204011058,Nagambie,0 ,3 ,4.0,0.0,0.0,8 ,20652
F,Wholesale Trade,204011059,Seymour,5 ,3 ,0.0,0.0,0.0,7 ,20086
F,Wholesale Trade,204011060,Seymour Surrounds,15 ,3 ,0.0,0.0,0.0,17 ,22154
F,Wholesale Trade,204011061,Upper Yarra Valley,0 ,0 ,0.0,0.0,0.0,0 ,20452
F,Wholesale Trade,204011062,Yea,11 ,5 ,0.0,0.0,0.0,18 ,20005
F,Wholesale Trade,204021063,Benalla,9 ,3 ,3.0,0.0,0.0,15 ,20096
F,Wholesale Trade,204021064,Benalla Surrounds,8 ,0 ,0.0,0.0,0.0,9 ,20283
F,Wholesale Trade,204021065,Rutherglen,5 ,3 ,0.0,0.0,0.0,6 ,20296
F,Wholesale Trade,204021066,Wangaratta,24 ,12 ,10.0,0.0,0.0,47 ,21349
F,Wholesale Trade,204021067,Wangaratta Surrounds,18 ,8 ,0.0,0.0,0.0,28 ,20060
F,Wholesale Trade,204031068,Beechworth,8 ,3 ,0.0,0.0,0.0,12 ,20551
F,Wholesale Trade,204031069,Bright - Mount Beauty,8 ,4 ,3.0,0.0,0.0,15 ,21210
F,Wholesale Trade,204031070,Chiltern - Indigo Valley,4 ,0 ,3.0,0.0,0.0,5 ,20357
F,Wholesale Trade,204031071,Myrtleford,8 ,3 ,3.0,0.0,0.0,13 ,20312
F,Wholesale Trade,204031072,Towong,9 ,0 ,4.0,0.0,0.0,14 ,20883
F,Wholesale Trade,204031073,West Wodonga,8 ,7 ,3.0,3.0,0.0,19 ,21230
F,Wholesale Trade,204031075,Yackandandah,13 ,5 ,3.0,0.0,0.0,19 ,22351
F,Wholesale Trade,204031491,Baranduda - Leneva,7 ,6 ,0.0,0.0,0.0,13 ,21230
F,Wholesale Trade,204031492,Wodonga,9 ,6 ,10.0,3.0,0.0,28 ,21222
F,Wholesale Trade,205011076,Drouin,24 ,8 ,4.0,0.0,0.0,37 ,20081
F,Wholesale Trade,205011077,Mount Baw Baw Region,12 ,4 ,5.0,0.0,0.0,22 ,20452
F,Wholesale Trade,205011078,Trafalgar (Vic.),9 ,8 ,6.0,0.0,0.0,25 ,20391
F,Wholesale Trade,205011079,Warragul,42 ,17 ,17.0,3.0,0.0,78 ,20081
F,Wholesale Trade,205021080,Alps - East,0 ,0 ,0.0,0.0,0.0,0 ,20719
F,Wholesale Trade,205021081,Bairnsdale,22 ,5 ,12.0,3.0,0.0,40 ,20103
F,Wholesale Trade,205021082,Bruthen - Omeo,9 ,5 ,0.0,0.0,0.0,16 ,20265
F,Wholesale Trade,205021083,Lake King,0 ,0 ,0.0,0.0,0.0,0 ,20822
F,Wholesale Trade,205021084,Lakes Entrance,8 ,3 ,0.0,0.0,0.0,10 ,20290
F,Wholesale Trade,205021085,Orbost,10 ,3 ,3.0,0.0,0.0,15 ,20360
F,Wholesale Trade,205021086,Paynesville,8 ,3 ,0.0,0.0,0.0,11 ,20103
F,Wholesale Trade,205031087,Foster,12 ,5 ,3.0,0.0,0.0,20 ,20010
F,Wholesale Trade,205031088,French Island,0 ,0 ,0.0,0.0,0.0,0 ,20856
F,Wholesale Trade,205031089,Korumburra,14 ,3 ,3.0,0.0,0.0,18 ,20081
F,Wholesale Trade,205031090,Leongatha,19 ,5 ,4.0,3.0,0.0,30 ,20024
F,Wholesale Trade,205031091,Phillip Island,14 ,10 ,0.0,0.0,0.0,26 ,20475
F,Wholesale Trade,205031092,Wilsons Promontory,0 ,0 ,0.0,0.0,0.0,0 ,22800
F,Wholesale Trade,205031093,Wonthaggi - Inverloch,23 ,15 ,3.0,0.0,0.0,40 ,21235
F,Wholesale Trade,205041094,Churchill,9 ,6 ,0.0,0.0,0.0,15 ,20585
F,Wholesale Trade,205041095,Moe - Newborough,9 ,3 ,0.0,0.0,0.0,12 ,21716
F,Wholesale Trade,205041096,Morwell,14 ,7 ,6.0,3.0,0.0,28 ,22596
F,Wholesale Trade,205041098,Yallourn North - Glengarry,3 ,3 ,3.0,0.0,0.0,4 ,20286
F,Wholesale Trade,205041493,Traralgon - East,10 ,6 ,5.0,0.0,0.0,23 ,21027
F,Wholesale Trade,205041494,Traralgon - West,8 ,3 ,3.0,0.0,0.0,10 ,21027
F,Wholesale Trade,205051099,Alps - West,0 ,0 ,0.0,0.0,0.0,0 ,21210
F,Wholesale Trade,205051100,Longford - Loch Sport,5 ,3 ,4.0,0.0,0.0,11 ,20938
F,Wholesale Trade,205051101,Maffra,10 ,7 ,5.0,0.0,0.0,22 ,22542
F,Wholesale Trade,205051102,Rosedale,0 ,3 ,0.0,0.0,0.0,4 ,22543
F,Wholesale Trade,205051103,Sale,10 ,5 ,3.0,0.0,0.0,18 ,20586
F,Wholesale Trade,205051104,Yarram,8 ,4 ,4.0,0.0,0.0,16 ,20242
F,Wholesale Trade,206011106,Brunswick East,10 ,9 ,8.0,0.0,0.0,28 ,20361
F,Wholesale Trade,206011107,Brunswick West,16 ,0 ,0.0,0.0,0.0,17 ,20361
F,Wholesale Trade,206011109,Pascoe Vale South,10 ,3 ,3.0,0.0,0.0,15 ,20596
F,Wholesale Trade,206011495,Brunswick - North,12 ,12 ,4.0,3.0,0.0,31 ,20361
F,Wholesale Trade,206011496,Brunswick - South,28 ,8 ,17.0,4.0,0.0,57 ,20361
F,Wholesale Trade,206011497,Coburg - East,22 ,10 ,5.0,0.0,0.0,37 ,20361
F,Wholesale Trade,206011498,Coburg - West,9 ,3 ,0.0,0.0,0.0,12 ,20361
F,Wholesale Trade,206021110,Alphington - Fairfield,17 ,13 ,12.0,7.0,0.0,49 ,21971
F,Wholesale Trade,206021112,Thornbury,29 ,5 ,8.0,3.0,0.0,45 ,20362
F,Wholesale Trade,206021499,Northcote - East,10 ,7 ,0.0,0.0,0.0,19 ,21971
F,Wholesale Trade,206021500,Northcote - West,16 ,4 ,5.0,0.0,0.0,25 ,20362
F,Wholesale Trade,206031113,Ascot Vale,14 ,7 ,3.0,0.0,0.0,23 ,20075
F,Wholesale Trade,206031115,Flemington,14 ,5 ,0.0,3.0,0.0,21 ,20075
F,Wholesale Trade,206031116,Moonee Ponds,24 ,12 ,0.0,0.0,0.0,39 ,20075
F,Wholesale Trade,206031501,Essendon (West) - Aberfeldie,22 ,10 ,3.0,0.0,0.0,33 ,20885
F,Wholesale Trade,206031502,Essendon - East,26 ,10 ,3.0,0.0,0.0,38 ,20363
F,Wholesale Trade,206041117,Carlton,48 ,15 ,6.0,3.0,0.0,70 ,20496
F,Wholesale Trade,206041118,Docklands,74 ,43 ,12.0,5.0,3.0,135 ,21640
F,Wholesale Trade,206041119,East Melbourne,16 ,5 ,4.0,4.0,3.0,30 ,20495
F,Wholesale Trade,206041120,Flemington Racecourse,0 ,0 ,0.0,0.0,0.0,0 ,20075
F,Wholesale Trade,206041121,Kensington (Vic.),17 ,9 ,7.0,0.0,0.0,33 ,20929
F,Wholesale Trade,206041124,Parkville,7 ,3 ,3.0,0.0,0.0,12 ,20361
F,Wholesale Trade,206041125,South Yarra - West,16 ,8 ,3.0,4.0,0.0,31 ,21640
F,Wholesale Trade,206041127,West Melbourne - Industrial,10 ,3 ,14.0,5.0,0.0,32 ,20935
F,Wholesale Trade,206041503,Melbourne CBD - East,99 ,48 ,17.0,5.0,0.0,169 ,20495
F,Wholesale Trade,206041504,Melbourne CBD - North,49 ,22 ,3.0,0.0,0.0,75 ,20495
F,Wholesale Trade,206041505,Melbourne CBD - West,241 ,108 ,46.0,13.0,3.0,409 ,21640
F,Wholesale Trade,206041506,North Melbourne,27 ,19 ,9.0,6.0,0.0,61 ,22038
F,Wholesale Trade,206041507,Royal Botanic Gardens Victoria,0 ,0 ,0.0,0.0,0.0,0 ,21640
F,Wholesale Trade,206041508,Southbank (West) - South Wharf,22 ,11 ,0.0,4.0,0.0,38 ,21640
F,Wholesale Trade,206041509,Southbank - East,38 ,18 ,5.0,3.0,0.0,63 ,21640
F,Wholesale Trade,206041510,West Melbourne - Residential,22 ,11 ,3.0,3.0,0.0,36 ,21640
F,Wholesale Trade,206051128,Albert Park,95 ,44 ,19.0,5.0,0.0,163 ,21640
F,Wholesale Trade,206051129,Elwood,26 ,13 ,3.0,0.0,0.0,41 ,22343
F,Wholesale Trade,206051130,Port Melbourne,46 ,13 ,6.0,4.0,0.0,69 ,22107
F,Wholesale Trade,206051134,St Kilda East,27 ,11 ,0.0,0.0,0.0,40 ,22118
F,Wholesale Trade,206051511,Port Melbourne Industrial,56 ,33 ,45.0,32.0,0.0,166 ,20766
F,Wholesale Trade,206051512,South Melbourne,101 ,36 ,19.0,9.0,3.0,166 ,21640
F,Wholesale Trade,206051513,St Kilda - Central,23 ,11 ,11.0,0.0,0.0,46 ,22805
F,Wholesale Trade,206051514,St Kilda - West,35 ,19 ,8.0,0.0,0.0,64 ,21640
F,Wholesale Trade,206061135,Armadale,31 ,9 ,5.0,0.0,0.0,45 ,22118
F,Wholesale Trade,206061136,Prahran - Windsor,38 ,29 ,8.0,0.0,0.0,75 ,21640
F,Wholesale Trade,206061138,Toorak,54 ,25 ,6.0,0.0,0.0,85 ,22118
F,Wholesale Trade,206061515,South Yarra - North,51 ,24 ,16.0,0.0,0.0,92 ,21640
F,Wholesale Trade,206061516,South Yarra - South,38 ,17 ,6.0,3.0,0.0,64 ,22118
F,Wholesale Trade,206071139,Abbotsford,29 ,20 ,17.0,9.0,0.0,75 ,20901
F,Wholesale Trade,206071140,Carlton North - Princes Hill,9 ,9 ,3.0,0.0,0.0,23 ,20361
F,Wholesale Trade,206071141,Collingwood,44 ,28 ,22.0,7.0,0.0,102 ,20925
F,Wholesale Trade,206071142,Fitzroy,17 ,10 ,7.0,3.0,0.0,36 ,20925
F,Wholesale Trade,206071143,Fitzroy North,11 ,7 ,6.0,0.0,0.0,24 ,20362
F,Wholesale Trade,206071145,Clifton Hill - Alphington,17 ,8 ,4.0,3.0,0.0,32 ,20925
F,Wholesale Trade,206071517,Richmond (South) - Cremorne,67 ,23 ,31.0,27.0,0.0,148 ,20830
F,Wholesale Trade,206071518,Richmond - North,31 ,21 ,10.0,5.0,0.0,67 ,20830
F,Wholesale Trade,207011146,Ashburton (Vic.),19 ,9 ,3.0,0.0,0.0,31 ,20077
F,Wholesale Trade,207011147,Balwyn,97 ,56 ,0.0,0.0,0.0,155 ,21336
F,Wholesale Trade,207011148,Balwyn North,98 ,49 ,5.0,0.0,0.0,152 ,21336
F,Wholesale Trade,207011149,Camberwell,67 ,39 ,0.0,0.0,0.0,107 ,21010
F,Wholesale Trade,207011150,Glen Iris - East,46 ,20 ,8.0,3.0,0.0,75 ,20077
F,Wholesale Trade,207011152,Hawthorn East,76 ,36 ,13.0,9.0,0.0,134 ,21586
F,Wholesale Trade,207011154,Kew East,20 ,6 ,3.0,3.0,0.0,29 ,20034
F,Wholesale Trade,207011155,Surrey Hills (West) - Canterbury,56 ,32 ,8.0,3.0,0.0,98 ,21336
F,Wholesale Trade,207011519,Hawthorn - North,18 ,9 ,3.0,0.0,0.0,31 ,22170
F,Wholesale Trade,207011520,Hawthorn - South,45 ,22 ,8.0,3.0,0.0,79 ,22547
F,Wholesale Trade,207011521,Kew - South,40 ,16 ,7.0,3.0,0.0,66 ,21152
F,Wholesale Trade,207011522,Kew - West,33 ,18 ,6.0,0.0,0.0,57 ,20034
F,Wholesale Trade,207021156,Bulleen,33 ,13 ,3.0,0.0,0.0,50 ,20124
F,Wholesale Trade,207021157,Doncaster,99 ,62 ,4.0,0.0,0.0,165 ,20124
F,Wholesale Trade,207021159,Templestowe,66 ,37 ,7.0,0.0,0.0,110 ,20771
F,Wholesale Trade,207021160,Templestowe Lower,35 ,13 ,0.0,3.0,0.0,51 ,20386
F,Wholesale Trade,207021424,Doncaster East - North,51 ,28 ,0.0,0.0,0.0,81 ,20771
F,Wholesale Trade,207021425,Doncaster East - South,56 ,34 ,4.0,0.0,0.0,94 ,20771
F,Wholesale Trade,207031161,Blackburn,57 ,28 ,13.0,3.0,0.0,100 ,20315
F,Wholesale Trade,207031162,Blackburn South,22 ,6 ,0.0,0.0,0.0,28 ,20426
F,Wholesale Trade,207031163,Box Hill,151 ,86 ,18.0,0.0,0.0,258 ,21732
F,Wholesale Trade,207031164,Box Hill North,69 ,26 ,3.0,0.0,0.0,99 ,20123
F,Wholesale Trade,207031165,Burwood (Vic.),45 ,25 ,5.0,4.0,0.0,79 ,21010
F,Wholesale Trade,207031166,Burwood East,40 ,22 ,3.0,0.0,0.0,65 ,20426
F,Wholesale Trade,207031167,Surrey Hills (East) - Mont Albert,37 ,15 ,3.0,0.0,0.0,55 ,21732
F,Wholesale Trade,208011168,Beaumaris,32 ,23 ,0.0,0.0,0.0,57 ,20182
F,Wholesale Trade,208011169,Brighton (Vic.),100 ,40 ,10.0,0.0,0.0,151 ,20337
F,Wholesale Trade,208011170,Brighton East,47 ,22 ,7.0,0.0,0.0,76 ,20337
F,Wholesale Trade,208011171,Highett (West) - Cheltenham,30 ,19 ,9.0,5.0,0.0,64 ,20182
F,Wholesale Trade,208011172,Hampton,42 ,20 ,5.0,0.0,0.0,67 ,20337
F,Wholesale Trade,208011173,Sandringham - Black Rock,35 ,11 ,7.0,3.0,0.0,54 ,20182
F,Wholesale Trade,208021174,Bentleigh - McKinnon,67 ,34 ,5.0,3.0,0.0,107 ,20338
F,Wholesale Trade,208021176,Carnegie,25 ,14 ,0.0,3.0,0.0,42 ,21587
F,Wholesale Trade,208021177,Caulfield - North,66 ,26 ,0.0,0.0,0.0,95 ,20105
F,Wholesale Trade,208021178,Caulfield - South,52 ,24 ,5.0,0.0,0.0,81 ,20864
F,Wholesale Trade,208021179,Elsternwick,26 ,7 ,5.0,3.0,0.0,39 ,20337
F,Wholesale Trade,208021180,Hughesdale,11 ,7 ,3.0,0.0,0.0,20 ,21587
F,Wholesale Trade,208021181,Murrumbeena,15 ,8 ,3.0,0.0,0.0,27 ,21587
F,Wholesale Trade,208021182,Ormond - Glen Huntly,21 ,11 ,3.0,0.0,0.0,34 ,20338
F,Wholesale Trade,208021426,Bentleigh East - North,34 ,18 ,3.0,3.0,0.0,58 ,20214
F,Wholesale Trade,208021427,Bentleigh East - South,26 ,14 ,3.0,0.0,0.0,43 ,20214
F,Wholesale Trade,208031183,Aspendale Gardens - Waterways,18 ,10 ,0.0,0.0,0.0,29 ,20079
F,Wholesale Trade,208031184,Braeside,55 ,35 ,68.0,28.0,0.0,187 ,20079
F,Wholesale Trade,208031185,Carrum - Patterson Lakes,19 ,4 ,3.0,0.0,0.0,25 ,20131
F,Wholesale Trade,208031186,Chelsea - Bonbeach,17 ,4 ,0.0,0.0,0.0,21 ,20538
F,Wholesale Trade,208031187,Chelsea Heights,0 ,3 ,0.0,5.0,0.0,12 ,20080
F,Wholesale Trade,208031188,Highett (East) - Cheltenham,72 ,57 ,39.0,16.0,0.0,184 ,20539
F,Wholesale Trade,208031189,Edithvale - Aspendale,13 ,6 ,0.0,0.0,0.0,20 ,20079
F,Wholesale Trade,208031190,Mentone,21 ,13 ,5.0,0.0,0.0,40 ,20182
F,Wholesale Trade,208031191,Moorabbin - Heatherton,75 ,65 ,42.0,23.0,0.0,205 ,20539
F,Wholesale Trade,208031192,Moorabbin Airport,3 ,3 ,3.0,6.0,0.0,11 ,20539
F,Wholesale Trade,208031193,Mordialloc - Parkdale,62 ,38 ,15.0,3.0,0.0,116 ,21648
F,Wholesale Trade,208041194,Malvern - Glen Iris,58 ,34 ,11.0,3.0,0.0,105 ,20066
F,Wholesale Trade,208041195,Malvern East,48 ,22 ,6.0,0.0,0.0,76 ,20523
F,Wholesale Trade,209011196,Bundoora - East,27 ,3 ,5.0,3.0,0.0,35 ,20399
F,Wholesale Trade,209011197,Greensborough,24 ,11 ,5.0,0.0,0.0,40 ,21104
F,Wholesale Trade,209011198,Heidelberg - Rosanna,19 ,13 ,0.0,0.0,0.0,34 ,21246
F,Wholesale Trade,209011199,Heidelberg West,37 ,27 ,14.0,7.0,0.0,85 ,22121
F,Wholesale Trade,209011200,Ivanhoe,16 ,10 ,4.0,0.0,0.0,31 ,22508
F,Wholesale Trade,209011201,Ivanhoe East - Eaglemont,20 ,4 ,0.0,0.0,0.0,24 ,21246
F,Wholesale Trade,209011202,Montmorency - Briar Hill,18 ,11 ,3.0,0.0,0.0,31 ,22484
F,Wholesale Trade,209011203,Viewbank - Yallambie,16 ,8 ,0.0,0.0,0.0,26 ,20386
F,Wholesale Trade,209011204,Watsonia,6 ,3 ,0.0,0.0,0.0,9 ,20399
F,Wholesale Trade,209021205,Kingsbury,16 ,0 ,0.0,0.0,0.0,17 ,20399
F,Wholesale Trade,209021428,Preston - East,51 ,52 ,24.0,18.0,3.0,146 ,22121
F,Wholesale Trade,209021429,Preston - West,12 ,7 ,0.0,0.0,0.0,19 ,20596
F,Wholesale Trade,209021523,Reservoir - North East,7 ,5 ,0.0,0.0,0.0,15 ,20399
F,Wholesale Trade,209021524,Reservoir - North West,12 ,4 ,3.0,3.0,0.0,18 ,22161
F,Wholesale Trade,209021525,Reservoir - South East,9 ,5 ,0.0,0.0,0.0,15 ,22121
F,Wholesale Trade,209021526,Reservoir - South West,25 ,13 ,10.0,6.0,0.0,54 ,20597
F,Wholesale Trade,209031209,Eltham,34 ,12 ,8.0,0.0,0.0,55 ,22483
F,Wholesale Trade,209031210,Hurstbridge,4 ,3 ,0.0,0.0,0.0,6 ,20752
F,Wholesale Trade,209031211,Kinglake,13 ,5 ,3.0,0.0,0.0,21 ,20916
F,Wholesale Trade,209031212,Panton Hill - St Andrews,10 ,6 ,4.0,0.0,0.0,20 ,21358
F,Wholesale Trade,209031213,Plenty - Yarrambat,13 ,10 ,0.0,0.0,0.0,25 ,20399
F,Wholesale Trade,209031214,Research - North Warrandyte,13 ,3 ,0.0,0.0,0.0,18 ,20865
F,Wholesale Trade,209031215,Wattle Glen - Diamond Creek,21 ,7 ,4.0,0.0,0.0,32 ,20865
F,Wholesale Trade,209041216,Bundoora - North,18 ,11 ,4.0,0.0,0.0,36 ,20399
F,Wholesale Trade,209041217,Bundoora - West,7 ,3 ,0.0,0.0,0.0,9 ,20399
F,Wholesale Trade,209041220,Mill Park - North,29 ,10 ,3.0,3.0,0.0,43 ,21683
F,Wholesale Trade,209041221,Mill Park - South,11 ,3 ,3.0,0.0,0.0,14 ,20399
F,Wholesale Trade,209041223,Thomastown,80 ,61 ,63.0,18.0,0.0,222 ,20399
F,Wholesale Trade,209041224,Wallan,15 ,12 ,3.0,0.0,0.0,29 ,20345
F,Wholesale Trade,209041225,Whittlesea,14 ,5 ,3.0,0.0,0.0,22 ,20576
F,Wholesale Trade,209041431,Epping - East,8 ,7 ,0.0,0.0,0.0,15 ,22311
F,Wholesale Trade,209041432,Epping - South,16 ,10 ,15.0,4.0,0.0,45 ,21683
F,Wholesale Trade,209041433,Epping (Vic.) - West,19 ,17 ,7.0,6.0,0.0,49 ,20878
F,Wholesale Trade,209041435,South Morang - North,10 ,10 ,0.0,0.0,0.0,21 ,20779
F,Wholesale Trade,209041436,South Morang - South,16 ,7 ,3.0,0.0,0.0,26 ,22916
F,Wholesale Trade,209041437,Wollert,28 ,7 ,0.0,0.0,0.0,35 ,22311
F,Wholesale Trade,209041527,Doreen - North,13 ,7 ,0.0,0.0,0.0,22 ,20779
F,Wholesale Trade,209041528,Doreen - South,8 ,3 ,0.0,0.0,0.0,10 ,20779
F,Wholesale Trade,209041529,Lalor - East,3 ,4 ,0.0,0.0,0.0,7 ,22504
F,Wholesale Trade,209041530,Lalor - West,21 ,20 ,27.0,9.0,0.0,77 ,22504
F,Wholesale Trade,209041531,Mernda - North,5 ,5 ,0.0,0.0,0.0,10 ,20779
F,Wholesale Trade,209041532,Mernda - South,4 ,7 ,3.0,0.0,0.0,12 ,20779
F,Wholesale Trade,210011226,Airport West,15 ,14 ,4.0,3.0,0.0,34 ,20886
F,Wholesale Trade,210011227,Essendon Airport,4 ,0 ,0.0,4.0,0.0,8 ,22380
F,Wholesale Trade,210011228,Keilor,65 ,51 ,46.0,21.0,0.0,184 ,20015
F,Wholesale Trade,210011230,Niddrie - Essendon West,17 ,4 ,3.0,0.0,0.0,24 ,20885
F,Wholesale Trade,210011231,Strathmore,15 ,7 ,0.0,0.0,0.0,22 ,20885
F,Wholesale Trade,210011533,Avondale Heights,13 ,6 ,3.0,0.0,0.0,22 ,21604
F,Wholesale Trade,210011534,Keilor East,13 ,9 ,3.0,0.0,0.0,25 ,20888
F,Wholesale Trade,210021232,Gisborne,24 ,15 ,0.0,0.0,0.0,41 ,20076
F,Wholesale Trade,210021233,Macedon,0 ,3 ,0.0,0.0,0.0,5 ,20387
F,Wholesale Trade,210021234,Riddells Creek,7 ,3 ,0.0,0.0,0.0,8 ,21176
F,Wholesale Trade,210021235,Romsey,20 ,6 ,5.0,0.0,0.0,31 ,20172
F,Wholesale Trade,210031236,Coburg North,17 ,29 ,21.0,8.0,0.0,75 ,20596
F,Wholesale Trade,210031237,Fawkner,14 ,12 ,0.0,0.0,0.0,27 ,20597
F,Wholesale Trade,210031439,Gowanbrae,3 ,3 ,0.0,0.0,0.0,5 ,22381
F,Wholesale Trade,210031440,Hadfield,5 ,0 ,0.0,0.0,0.0,6 ,22041
F,Wholesale Trade,210031535,Glenroy - East,15 ,7 ,0.0,0.0,0.0,24 ,22041
F,Wholesale Trade,210031536,Glenroy - West,3 ,3 ,0.0,0.0,0.0,7 ,22381
F,Wholesale Trade,210031537,Oak Park,15 ,0 ,0.0,0.0,0.0,17 ,22042
F,Wholesale Trade,210031538,Pascoe Vale,27 ,11 ,5.0,3.0,0.0,44 ,22042
F,Wholesale Trade,210041240,Sunbury,15 ,9 ,3.0,0.0,0.0,26 ,20567
F,Wholesale Trade,210041539,Diggers Rest,3 ,0 ,0.0,0.0,0.0,0 ,20754
F,Wholesale Trade,210041540,Sunbury - South,8 ,6 ,3.0,0.0,0.0,17 ,21318
F,Wholesale Trade,210041541,Sunbury - West,13 ,6 ,0.0,0.0,0.0,19 ,20754
F,Wholesale Trade,210051242,Broadmeadows,16 ,9 ,8.0,8.0,0.0,41 ,20909
F,Wholesale Trade,210051243,Campbellfield - Coolaroo,111 ,89 ,84.0,23.0,3.0,309 ,22161
F,Wholesale Trade,210051245,Gladstone Park - Westmeadows,25 ,9 ,0.0,3.0,0.0,38 ,22586
F,Wholesale Trade,210051246,Greenvale - Bulla,37 ,15 ,3.0,0.0,0.0,55 ,21675
F,Wholesale Trade,210051247,Meadow Heights,17 ,4 ,0.0,0.0,0.0,21 ,20624
F,Wholesale Trade,210051248,Melbourne Airport,3 ,3 ,4.0,4.0,0.0,12 ,21319
F,Wholesale Trade,210051250,Tullamarine,23 ,14 ,14.0,3.0,0.0,53 ,22586
F,Wholesale Trade,210051441,Craigieburn - Central,8 ,3 ,0.0,0.0,0.0,11 ,20661
F,Wholesale Trade,210051442,Craigieburn - North,14 ,4 ,3.0,0.0,0.0,19 ,21675
F,Wholesale Trade,210051443,Craigieburn - South,31 ,17 ,9.0,3.0,0.0,59 ,20878
F,Wholesale Trade,210051445,Mickleham - Yuroke,42 ,8 ,0.0,0.0,0.0,50 ,20233
F,Wholesale Trade,210051542,Craigieburn - North West,13 ,0 ,0.0,0.0,0.0,15 ,21675
F,Wholesale Trade,210051543,Craigieburn - West,12 ,3 ,0.0,0.0,0.0,13 ,21675
F,Wholesale Trade,210051544,Roxburgh Park (South) - Somerton,24 ,10 ,10.0,6.0,0.0,50 ,20878
F,Wholesale Trade,210051545,Roxburgh Park - North,14 ,0 ,0.0,0.0,0.0,15 ,20661
F,Wholesale Trade,211011251,Bayswater,65 ,50 ,53.0,21.0,0.0,189 ,20173
F,Wholesale Trade,211011254,Knoxfield - Scoresby,75 ,48 ,40.0,38.0,3.0,203 ,21013
F,Wholesale Trade,211011255,Lysterfield,13 ,8 ,3.0,0.0,0.0,23 ,20917
F,Wholesale Trade,211011256,Rowville - Central,32 ,10 ,9.0,6.0,0.0,57 ,21374
F,Wholesale Trade,211011257,Rowville - North,13 ,14 ,13.0,5.0,0.0,45 ,20917
F,Wholesale Trade,211011258,Rowville - South,24 ,15 ,6.0,3.0,0.0,47 ,22207
F,Wholesale Trade,211011259,Wantirna,34 ,13 ,0.0,0.0,0.0,47 ,22628
F,Wholesale Trade,211011260,Wantirna South,32 ,25 ,4.0,3.0,0.0,63 ,21013
F,Wholesale Trade,211011446,Boronia,35 ,20 ,6.0,0.0,0.0,63 ,20173
F,Wholesale Trade,211011447,Ferntree Gully - North,15 ,9 ,3.0,3.0,0.0,28 ,20304
F,Wholesale Trade,211011448,Ferntree Gully (South) - Upper Ferntree Gully,21 ,20 ,7.0,3.0,0.0,50 ,20917
F,Wholesale Trade,211011449,The Basin,6 ,3 ,0.0,0.0,0.0,8 ,20304
F,Wholesale Trade,211021261,Donvale - Park Orchards,40 ,15 ,0.0,0.0,0.0,55 ,20772
F,Wholesale Trade,211021262,Warrandyte - Wonga Park,31 ,8 ,4.0,0.0,0.0,45 ,20772
F,Wholesale Trade,211031263,Bayswater North,37 ,42 ,23.0,8.0,0.0,110 ,20173
F,Wholesale Trade,211031265,Croydon Hills - Warranwood,26 ,12 ,4.0,0.0,0.0,42 ,20556
F,Wholesale Trade,211031266,Ringwood,47 ,32 ,11.0,6.0,0.0,96 ,20774
F,Wholesale Trade,211031267,Ringwood East,27 ,9 ,3.0,0.0,0.0,39 ,20173
F,Wholesale Trade,211031268,Ringwood North,14 ,7 ,0.0,0.0,0.0,23 ,20774
F,Wholesale Trade,211031450,Croydon - East,12 ,8 ,4.0,0.0,0.0,24 ,21354
F,Wholesale Trade,211031451,Croydon - West,15 ,6 ,0.0,0.0,0.0,21 ,20556
F,Wholesale Trade,211031452,Croydon South,14 ,7 ,15.0,4.0,0.0,40 ,20174
F,Wholesale Trade,211041269,Forest Hill,26 ,11 ,3.0,0.0,0.0,40 ,20252
F,Wholesale Trade,211041270,Mitcham (Vic.),36 ,24 ,14.0,0.0,0.0,77 ,20774
F,Wholesale Trade,211041271,Nunawading,53 ,34 ,19.0,5.0,0.0,112 ,20774
F,Wholesale Trade,211041272,Vermont,30 ,14 ,9.0,3.0,0.0,56 ,20937
F,Wholesale Trade,211041273,Vermont South,32 ,15 ,0.0,0.0,0.0,47 ,20937
F,Wholesale Trade,211051274,Belgrave - Selby,15 ,6 ,3.0,0.0,0.0,24 ,21558
F,Wholesale Trade,211051275,Chirnside Park,14 ,9 ,4.0,0.0,0.0,27 ,20556
F,Wholesale Trade,211051276,Healesville - Yarra Glen,20 ,6 ,5.0,0.0,0.0,31 ,20916
F,Wholesale Trade,211051277,Kilsyth,11 ,8 ,6.0,9.0,0.0,34 ,20174
F,Wholesale Trade,211051278,Lilydale - Coldstream,17 ,23 ,7.0,4.0,0.0,51 ,20556
F,Wholesale Trade,211051279,Monbulk - Silvan,21 ,16 ,9.0,3.0,0.0,48 ,20868
F,Wholesale Trade,211051280,Montrose,4 ,0 ,0.0,0.0,0.0,8 ,21354
F,Wholesale Trade,211051281,Mooroolbark,16 ,14 ,0.0,3.0,0.0,32 ,20556
F,Wholesale Trade,211051282,Mount Dandenong - Olinda,18 ,7 ,5.0,3.0,0.0,31 ,20304
F,Wholesale Trade,211051283,Mount Evelyn,13 ,6 ,3.0,0.0,0.0,21 ,21736
F,Wholesale Trade,211051284,Upwey - Tecoma,6 ,7 ,0.0,0.0,0.0,13 ,21558
F,Wholesale Trade,211051285,Wandin - Seville,14 ,10 ,3.0,5.0,0.0,31 ,20613
F,Wholesale Trade,211051286,Yarra Valley,17 ,12 ,4.0,0.0,0.0,34 ,20833
F,Wholesale Trade,212011289,Emerald - Cockatoo,34 ,14 ,3.0,3.0,0.0,52 ,20979
F,Wholesale Trade,212011546,Beaconsfield - Officer,31 ,7 ,0.0,0.0,0.0,40 ,20176
F,Wholesale Trade,212011547,Bunyip - Garfield,15 ,7 ,3.0,3.0,0.0,26 ,20411
F,Wholesale Trade,212011548,Koo Wee Rup,10 ,6 ,4.0,0.0,0.0,20 ,20081
F,Wholesale Trade,212011549,Pakenham - North East,10 ,9 ,0.0,0.0,0.0,19 ,21879
F,Wholesale Trade,212011550,Pakenham - North West,13 ,5 ,3.0,3.0,0.0,21 ,20176
F,Wholesale Trade,212011551,Pakenham - South East,10 ,22 ,6.0,3.0,0.0,41 ,21879
F,Wholesale Trade,212011552,Pakenham - South West,38 ,23 ,10.0,6.0,0.0,77 ,22006
F,Wholesale Trade,212021293,Berwick - North,32 ,17 ,4.0,3.0,0.0,54 ,21895
F,Wholesale Trade,212021295,Doveton,14 ,17 ,3.0,3.0,0.0,35 ,20708
F,Wholesale Trade,212021297,Hallam,54 ,39 ,38.0,20.0,3.0,152 ,21895
F,Wholesale Trade,212021299,Narre Warren North,18 ,6 ,0.0,0.0,0.0,25 ,21558
F,Wholesale Trade,212021453,Endeavour Hills - North,20 ,8 ,0.0,0.0,0.0,29 ,22207
F,Wholesale Trade,212021454,Endeavour Hills - South,22 ,8 ,0.0,0.0,0.0,30 ,21895
F,Wholesale Trade,212021455,Narre Warren - North East,13 ,6 ,0.0,0.0,0.0,19 ,21895
F,Wholesale Trade,212021456,Narre Warren - South West,17 ,12 ,3.0,0.0,0.0,33 ,20224
F,Wholesale Trade,212021553,Berwick - South East,25 ,9 ,3.0,0.0,0.0,37 ,20175
F,Wholesale Trade,212021554,Berwick - South West,11 ,3 ,0.0,0.0,0.0,13 ,20224
F,Wholesale Trade,212031300,Cranbourne,11 ,7 ,3.0,0.0,0.0,21 ,20664
F,Wholesale Trade,212031303,Cranbourne South,20 ,9 ,6.0,3.0,0.0,36 ,20487
F,Wholesale Trade,212031304,Cranbourne West,31 ,19 ,7.0,3.0,0.0,59 ,20662
F,Wholesale Trade,212031306,Lynbrook - Lyndhurst,25 ,13 ,7.0,3.0,0.0,48 ,20709
F,Wholesale Trade,212031308,Pearcedale - Tooradin,10 ,4 ,3.0,3.0,0.0,17 ,21380
F,Wholesale Trade,212031457,Narre Warren South - East,15 ,3 ,0.0,0.0,0.0,19 ,20224
F,Wholesale Trade,212031458,Narre Warren South - West,27 ,5 ,0.0,0.0,0.0,33 ,21893
F,Wholesale Trade,212031555,Clyde North - North,21 ,10 ,0.0,0.0,0.0,32 ,22006
F,Wholesale Trade,212031556,Clyde North - South,28 ,12 ,0.0,0.0,0.0,42 ,20487
F,Wholesale Trade,212031557,Cranbourne East - North,19 ,8 ,3.0,0.0,0.0,29 ,20581
F,Wholesale Trade,212031558,Cranbourne East - South,9 ,3 ,0.0,0.0,0.0,13 ,20581
F,Wholesale Trade,212031559,Cranbourne North - East,21 ,6 ,0.0,0.0,0.0,27 ,20582
F,Wholesale Trade,212031560,Cranbourne North - West,9 ,6 ,0.0,0.0,0.0,15 ,21133
F,Wholesale Trade,212031561,Hampton Park - East,13 ,6 ,3.0,0.0,0.0,20 ,21893
F,Wholesale Trade,212031562,Hampton Park - West,13 ,0 ,0.0,0.0,0.0,15 ,20709
F,Wholesale Trade,212041309,Clarinda - Oakleigh South,27 ,16 ,4.0,5.0,0.0,52 ,21746
F,Wholesale Trade,212041310,Clayton South,64 ,46 ,24.0,8.0,0.0,142 ,20758
F,Wholesale Trade,212041312,Dandenong North,28 ,4 ,0.0,3.0,0.0,34 ,22207
F,Wholesale Trade,212041313,Dingley Village,18 ,10 ,0.0,0.0,0.0,29 ,20320
F,Wholesale Trade,212041316,Noble Park North,7 ,6 ,9.0,12.0,0.0,34 ,20708
F,Wholesale Trade,212041317,Springvale,74 ,50 ,24.0,10.0,0.0,158 ,21827
F,Wholesale Trade,212041318,Springvale South,7 ,3 ,0.0,0.0,0.0,11 ,21339
F,Wholesale Trade,212041459,Noble Park - East,9 ,3 ,0.0,0.0,0.0,12 ,21339
F,Wholesale Trade,212041460,Noble Park - West,13 ,3 ,3.0,0.0,0.0,19 ,21339
F,Wholesale Trade,212041563,Dandenong - North,42 ,19 ,4.0,3.0,0.0,67 ,20708
F,Wholesale Trade,212041564,Dandenong - South,167 ,166 ,151.0,107.0,3.0,594 ,20131
F,Wholesale Trade,212041565,Keysborough - North,33 ,27 ,15.0,5.0,0.0,80 ,21339
F,Wholesale Trade,212041566,Keysborough - South,60 ,42 ,21.0,18.0,3.0,142 ,20080
F,Wholesale Trade,212051319,Ashwood - Chadstone,51 ,22 ,9.0,3.0,0.0,85 ,20077
F,Wholesale Trade,212051321,Glen Waverley - East,99 ,46 ,6.0,3.0,0.0,153 ,20427
F,Wholesale Trade,212051322,Glen Waverley - West,130 ,77 ,12.0,0.0,0.0,219 ,20427
F,Wholesale Trade,212051323,Mount Waverley - North,73 ,34 ,0.0,0.0,0.0,109 ,20078
F,Wholesale Trade,212051324,Mount Waverley - South,116 ,69 ,31.0,16.0,0.0,233 ,21816
F,Wholesale Trade,212051325,Mulgrave,65 ,44 ,32.0,32.0,0.0,174 ,21013
F,Wholesale Trade,212051326,Oakleigh - Huntingdale,80 ,40 ,22.0,15.0,0.0,157 ,21587
F,Wholesale Trade,212051327,Wheelers Hill,79 ,41 ,7.0,0.0,0.0,127 ,21013
F,Wholesale Trade,212051567,Clayton (North) - Notting Hill,40 ,44 ,30.0,13.0,3.0,129 ,21816
F,Wholesale Trade,212051568,Clayton - Central,35 ,23 ,13.0,5.0,0.0,76 ,22002
F,Wholesale Trade,213011328,Ardeer - Albion,5 ,3 ,0.0,0.0,0.0,8 ,22396
F,Wholesale Trade,213011329,Cairnlea,9 ,5 ,0.0,0.0,0.0,14 ,20062
F,Wholesale Trade,213011331,Delahey,3 ,3 ,0.0,0.0,0.0,5 ,21315
F,Wholesale Trade,213011332,Keilor Downs,11 ,3 ,3.0,0.0,0.0,14 ,21316
F,Wholesale Trade,213011333,Kings Park (Vic.),12 ,3 ,0.0,0.0,0.0,15 ,20729
F,Wholesale Trade,213011334,St Albans - North,28 ,7 ,3.0,0.0,0.0,37 ,21312
F,Wholesale Trade,213011335,St Albans - South,15 ,7 ,0.0,0.0,0.0,22 ,21312
F,Wholesale Trade,213011336,Sunshine,13 ,8 ,3.0,3.0,0.0,25 ,20324
F,Wholesale Trade,213011337,Sunshine North,29 ,28 ,7.0,0.0,0.0,64 ,21316
F,Wholesale Trade,213011338,Sunshine West,55 ,32 ,39.0,7.0,0.0,133 ,20062
F,Wholesale Trade,213011339,Sydenham,8 ,5 ,0.0,0.0,0.0,13 ,22474
F,Wholesale Trade,213011340,Taylors Lakes,20 ,12 ,0.0,0.0,0.0,33 ,21314
F,Wholesale Trade,213011569,Deer Park,11 ,3 ,0.0,0.0,0.0,13 ,20062
F,Wholesale Trade,213011570,Derrimut,31 ,22 ,18.0,17.0,0.0,89 ,20062
F,Wholesale Trade,213021341,Altona,14 ,10 ,8.0,9.0,0.0,42 ,21477
F,Wholesale Trade,213021342,Altona Meadows,19 ,4 ,0.0,0.0,0.0,23 ,20035
F,Wholesale Trade,213021343,Altona North,33 ,24 ,9.0,9.0,0.0,75 ,22917
F,Wholesale Trade,213021344,Newport,11 ,12 ,3.0,0.0,0.0,26 ,22107
F,Wholesale Trade,213021345,Seabrook,14 ,3 ,0.0,0.0,0.0,15 ,20036
F,Wholesale Trade,213021346,Williamstown,29 ,24 ,10.0,0.0,0.0,65 ,21934
F,Wholesale Trade,213031347,Braybrook,26 ,13 ,10.0,4.0,0.0,53 ,20935
F,Wholesale Trade,213031348,Footscray,28 ,13 ,9.0,3.0,0.0,53 ,20929
F,Wholesale Trade,213031349,Maribyrnong,29 ,13 ,0.0,0.0,0.0,44 ,20075
F,Wholesale Trade,213031350,Seddon - Kingsville,10 ,3 ,0.0,0.0,0.0,13 ,20935
F,Wholesale Trade,213031351,West Footscray - Tottenham,27 ,14 ,13.0,3.0,0.0,58 ,20935
F,Wholesale Trade,213031352,Yarraville,26 ,6 ,8.0,0.0,0.0,41 ,20935
F,Wholesale Trade,213041353,Bacchus Marsh,20 ,7 ,3.0,3.0,0.0,29 ,20095
F,Wholesale Trade,213041358,Melton West,13 ,5 ,0.0,0.0,0.0,20 ,22537
F,Wholesale Trade,213041359,Rockbank - Mount Cottrell,39 ,22 ,19.0,7.0,0.0,87 ,20899
F,Wholesale Trade,213041360,Taylors Hill,20 ,5 ,0.0,0.0,0.0,27 ,20950
F,Wholesale Trade,213041461,Burnside,6 ,4 ,0.0,0.0,0.0,10 ,20729
F,Wholesale Trade,213041462,Burnside Heights,4 ,0 ,0.0,0.0,0.0,4 ,20420
F,Wholesale Trade,213041463,Caroline Springs,31 ,8 ,0.0,0.0,0.0,40 ,20950
F,Wholesale Trade,213041571,Brookfield,8 ,3 ,3.0,0.0,0.0,11 ,21202
F,Wholesale Trade,213041572,Cobblebank - Strathtulloh,9 ,0 ,0.0,0.0,0.0,12 ,21642
F,Wholesale Trade,213041573,Eynesbury - Exford,3 ,0 ,0.0,0.0,0.0,3 ,20899
F,Wholesale Trade,213041574,Fraser Rise - Plumpton,13 ,7 ,0.0,0.0,0.0,20 ,20754
F,Wholesale Trade,213041575,Hillside,16 ,4 ,0.0,0.0,0.0,20 ,20950
F,Wholesale Trade,213041576,Kurunjang - Toolern Vale,7 ,4 ,0.0,0.0,0.0,12 ,20605
F,Wholesale Trade,213041577,Melton,12 ,4 ,6.0,0.0,0.0,24 ,21140
F,Wholesale Trade,213041578,Melton South - Weir Views,16 ,5 ,0.0,0.0,0.0,22 ,20351
F,Wholesale Trade,213051361,Hoppers Crossing - North,33 ,24 ,10.0,7.0,0.0,74 ,22582
F,Wholesale Trade,213051362,Hoppers Crossing - South,13 ,3 ,3.0,0.0,0.0,17 ,22451
F,Wholesale Trade,213051363,Laverton,59 ,35 ,48.0,31.0,3.0,175 ,22397
F,Wholesale Trade,213051368,Werribee - South,41 ,24 ,7.0,3.0,0.0,73 ,20601
F,Wholesale Trade,213051464,Point Cook - East,62 ,24 ,3.0,0.0,0.0,89 ,20036
F,Wholesale Trade,213051466,Point Cook - South,39 ,16 ,0.0,0.0,0.0,56 ,22086
F,Wholesale Trade,213051467,Werribee - East,6 ,3 ,0.0,0.0,0.0,11 ,22451
F,Wholesale Trade,213051468,Werribee - West,17 ,6 ,3.0,0.0,0.0,25 ,20115
F,Wholesale Trade,213051579,Manor Lakes - Quandong,5 ,4 ,0.0,0.0,0.0,9 ,20115
F,Wholesale Trade,213051580,Point Cook - North East,29 ,12 ,3.0,0.0,0.0,44 ,20036
F,Wholesale Trade,213051581,Point Cook - North West,15 ,5 ,0.0,0.0,0.0,21 ,22086
F,Wholesale Trade,213051582,Tarneit (West) - Mount Cottrell,14 ,5 ,0.0,0.0,0.0,19 ,20899
F,Wholesale Trade,213051583,Tarneit - Central,36 ,12 ,3.0,0.0,0.0,51 ,22582
F,Wholesale Trade,213051584,Tarneit - North,11 ,4 ,0.0,0.0,0.0,16 ,22582
F,Wholesale Trade,213051585,Tarneit - South,12 ,3 ,3.0,0.0,0.0,16 ,22451
F,Wholesale Trade,213051586,Truganina - North,32 ,23 ,8.0,8.0,0.0,71 ,20743
F,Wholesale Trade,213051587,Truganina - South East,17 ,10 ,0.0,0.0,0.0,27 ,21477
F,Wholesale Trade,213051588,Truganina - South West,17 ,11 ,3.0,0.0,0.0,30 ,22582
F,Wholesale Trade,213051589,Wyndham Vale - North,6 ,3 ,0.0,0.0,0.0,8 ,20116
F,Wholesale Trade,213051590,Wyndham Vale - South,10 ,4 ,0.0,0.0,0.0,14 ,22750
F,Wholesale Trade,214011370,Carrum Downs,71 ,50 ,42.0,21.0,0.0,184 ,20131
F,Wholesale Trade,214011371,Frankston,24 ,14 ,4.0,0.0,0.0,43 ,22249
F,Wholesale Trade,214011372,Frankston North,8 ,6 ,0.0,0.0,0.0,14 ,20508
F,Wholesale Trade,214011373,Frankston South,18 ,8 ,3.0,0.0,0.0,28 ,21468
F,Wholesale Trade,214011374,Langwarrin,23 ,14 ,3.0,3.0,0.0,42 ,20508
F,Wholesale Trade,214011375,Seaford (Vic.),33 ,27 ,11.0,3.0,0.0,74 ,20507
F,Wholesale Trade,214011376,Skye - Sandhurst,14 ,10 ,0.0,3.0,0.0,28 ,20508
F,Wholesale Trade,214021377,Dromana,18 ,11 ,0.0,0.0,0.0,30 ,20072
F,Wholesale Trade,214021378,Flinders,18 ,8 ,4.0,3.0,0.0,32 ,20072
F,Wholesale Trade,214021379,Hastings - Somers,20 ,10 ,9.0,0.0,0.0,41 ,21664
F,Wholesale Trade,214021381,Mount Eliza,39 ,16 ,3.0,0.0,0.0,57 ,20949
F,Wholesale Trade,214021382,Mount Martha,27 ,13 ,4.0,0.0,0.0,44 ,21803
F,Wholesale Trade,214021383,Point Nepean,29 ,8 ,3.0,0.0,0.0,41 ,20280
F,Wholesale Trade,214021384,Rosebud - McCrae,8 ,14 ,5.0,0.0,0.0,27 ,20072
F,Wholesale Trade,214021385,Somerville,34 ,15 ,9.0,5.0,0.0,63 ,22050
F,Wholesale Trade,214021591,Mornington - East,24 ,16 ,8.0,3.0,0.0,51 ,21793
F,Wholesale Trade,214021592,Mornington - West,16 ,8 ,5.0,0.0,0.0,30 ,21793
F,Wholesale Trade,215011386,Ararat,7 ,3 ,0.0,0.0,0.0,11 ,20811
F,Wholesale Trade,215011387,Ararat Surrounds,5 ,0 ,0.0,3.0,0.0,9 ,20680
F,Wholesale Trade,215011388,Horsham,20 ,12 ,11.0,4.0,0.0,48 ,20403
F,Wholesale Trade,215011389,Horsham Surrounds,9 ,3 ,0.0,0.0,0.0,12 ,20403
F,Wholesale Trade,215011390,Nhill Region,3 ,5 ,4.0,0.0,0.0,12 ,20756
F,Wholesale Trade,215011391,St Arnaud,4 ,3 ,3.0,0.0,0.0,9 ,20142
F,Wholesale Trade,215011392,Stawell,12 ,4 ,0.0,0.0,0.0,16 ,20680
F,Wholesale Trade,215011393,West Wimmera,3 ,3 ,0.0,0.0,0.0,6 ,20119
F,Wholesale Trade,215011394,Yarriambiack,8 ,4 ,3.0,3.0,0.0,17 ,20756
F,Wholesale Trade,215021395,Irymple,14 ,7 ,7.0,0.0,0.0,28 ,20488
F,Wholesale Trade,215021396,Merbein,6 ,5 ,0.0,0.0,0.0,11 ,21388
F,Wholesale Trade,215021398,Mildura Surrounds,4 ,3 ,5.0,0.0,0.0,10 ,20234
F,Wholesale Trade,215021399,Red Cliffs,10 ,6 ,0.0,0.0,0.0,18 ,20488
F,Wholesale Trade,215021469,Mildura - North,24 ,14 ,10.0,6.0,0.0,54 ,21682
F,Wholesale Trade,215021470,Mildura - South,13 ,4 ,0.0,3.0,0.0,20 ,21245
F,Wholesale Trade,215031400,Buloke,16 ,4 ,3.0,3.0,0.0,24 ,20155
F,Wholesale Trade,215031401,Gannawarra,13 ,4 ,5.0,0.0,0.0,22 ,20051
F,Wholesale Trade,215031402,Kerang,3 ,0 ,3.0,0.0,0.0,8 ,20477
F,Wholesale Trade,215031403,Robinvale,10 ,4 ,3.0,3.0,0.0,17 ,22744
F,Wholesale Trade,215031404,Swan Hill,13 ,4 ,7.0,3.0,0.0,28 ,21076
F,Wholesale Trade,215031405,Swan Hill Surrounds,12 ,7 ,3.0,0.0,0.0,24 ,20047
F,Wholesale Trade,216011406,Echuca,19 ,6 ,3.0,3.0,0.0,31 ,20125
F,Wholesale Trade,216011407,Kyabram,21 ,8 ,4.0,0.0,0.0,33 ,20838
F,Wholesale Trade,216011408,Lockington - Gunbower,6 ,3 ,0.0,0.0,0.0,10 ,20755
F,Wholesale Trade,216011409,Rochester,9 ,3 ,0.0,0.0,0.0,11 ,20281
F,Wholesale Trade,216011410,Rushworth,6 ,3 ,0.0,0.0,0.0,8 ,20093
F,Wholesale Trade,216021411,Cobram,9 ,3 ,3.0,0.0,0.0,16 ,20301
F,Wholesale Trade,216021412,Moira,3 ,0 ,3.0,0.0,0.0,3 ,20032
F,Wholesale Trade,216021413,Numurkah,19 ,6 ,3.0,0.0,0.0,28 ,20839
F,Wholesale Trade,216021414,Yarrawonga,10 ,5 ,0.0,0.0,0.0,17 ,20395
F,Wholesale Trade,216031415,Mooroopna,4 ,0 ,0.0,0.0,0.0,6 ,20063
F,Wholesale Trade,216031416,Shepparton - North,30 ,16 ,13.0,10.0,0.0,69 ,20393
F,Wholesale Trade,216031418,Shepparton Surrounds - East,8 ,6 ,0.0,0.0,0.0,17 ,20056
F,Wholesale Trade,216031419,Shepparton Surrounds - West,14 ,10 ,0.0,3.0,0.0,27 ,20056
F,Wholesale Trade,216031593,Kialla,10 ,6 ,3.0,3.0,0.0,20 ,20056
F,Wholesale Trade,216031594,Shepparton - South East,13 ,3 ,6.0,3.0,0.0,23 ,21340
F,Wholesale Trade,217011420,Glenelg (Vic.),12 ,9 ,3.0,0.0,0.0,24 ,20340
F,Wholesale Trade,217011421,Hamilton (Vic.),10 ,6 ,7.0,0.0,0.0,23 ,20322
F,Wholesale Trade,217011422,Portland,5 ,4 ,3.0,0.0,0.0,11 ,20274
F,Wholesale Trade,217011423,Southern Grampians,10 ,7 ,3.0,0.0,0.0,19 ,20199
F,Wholesale Trade,217031471,Camperdown,8 ,3 ,0.0,0.0,0.0,11 ,20285
F,Wholesale Trade,217031472,Colac,13 ,3 ,6.0,3.0,0.0,24 ,20149
F,Wholesale Trade,217031473,Colac Surrounds,8 ,3 ,3.0,0.0,0.0,14 ,20671
F,Wholesale Trade,217031474,Corangamite - North,9 ,4 ,5.0,0.0,0.0,18 ,20319
F,Wholesale Trade,217031475,Corangamite - South,15 ,0 ,3.0,0.0,0.0,19 ,20306
F,Wholesale Trade,217031476,Otway,7 ,3 ,0.0,0.0,0.0,8 ,20161
F,Wholesale Trade,217041477,Moyne - East,13 ,3 ,3.0,0.0,0.0,20 ,21916
F,Wholesale Trade,217041478,Moyne - West,10 ,3 ,3.0,0.0,0.0,14 ,20225
F,Wholesale Trade,217041479,Warrnambool - North,16 ,11 ,0.0,3.0,0.0,30 ,20028
F,Wholesale Trade,217041480,Warrnambool - South,17 ,10 ,12.0,6.0,0.0,45 ,20028
G,Retail Trade,201011001,Alfredton,32 ,27 ,6.0,3.0,0.0,68 ,20023
G,Retail Trade,201011002,Ballarat,59 ,68 ,49.0,17.0,3.0,194 ,20023
G,Retail Trade,201011005,Buninyong,16 ,4 ,5.0,0.0,0.0,27 ,20409
G,Retail Trade,201011006,Delacombe,24 ,15 ,12.0,5.0,0.0,56 ,20023
G,Retail Trade,201011007,Smythes Creek,4 ,0 ,0.0,0.0,0.0,5 ,20262
G,Retail Trade,201011008,Wendouree - Miners Rest,41 ,21 ,16.0,10.0,0.0,88 ,20023
G,Retail Trade,201011481,Ballarat East - Warrenheip,22 ,15 ,11.0,3.0,0.0,51 ,20104
G,Retail Trade,201011482,Ballarat North - Invermay,33 ,8 ,9.0,0.0,0.0,52 ,22745
G,Retail Trade,201011483,Canadian - Mount Clear,25 ,8 ,5.0,3.0,0.0,41 ,20111
G,Retail Trade,201011484,Sebastopol - Redan,20 ,13 ,13.0,3.0,0.0,47 ,20730
G,Retail Trade,201021009,Bacchus Marsh Surrounds,10 ,10 ,6.0,3.0,0.0,29 ,20076
G,Retail Trade,201021010,Creswick - Clunes,18 ,11 ,10.0,3.0,0.0,41 ,20262
G,Retail Trade,201021011,Daylesford,40 ,32 ,18.0,3.0,0.0,92 ,20256
G,Retail Trade,201021012,Gordon (Vic.),21 ,7 ,3.0,0.0,0.0,30 ,20409
G,Retail Trade,201031013,Avoca,17 ,5 ,0.0,0.0,0.0,24 ,20008
G,Retail Trade,201031014,Beaufort,8 ,6 ,0.0,0.0,0.0,16 ,20262
G,Retail Trade,201031015,Golden Plains - North,8 ,5 ,3.0,0.0,0.0,15 ,21123
G,Retail Trade,201031016,Maryborough (Vic.),21 ,25 ,5.0,3.0,0.0,54 ,20009
G,Retail Trade,201031017,Maryborough Surrounds,10 ,7 ,0.0,3.0,0.0,18 ,20459
G,Retail Trade,202011018,Bendigo,59 ,56 ,52.0,12.0,0.0,179 ,20208
G,Retail Trade,202011019,California Gully - Eaglehawk,16 ,15 ,6.0,3.0,0.0,40 ,20444
G,Retail Trade,202011020,East Bendigo - Kennington,29 ,24 ,16.0,3.0,3.0,73 ,20208
G,Retail Trade,202011021,Flora Hill - Spring Gully,17 ,9 ,8.0,0.0,0.0,34 ,20208
G,Retail Trade,202011022,Kangaroo Flat - Golden Square,39 ,15 ,30.0,10.0,0.0,94 ,20208
G,Retail Trade,202011023,Maiden Gully,8 ,7 ,3.0,0.0,0.0,19 ,20444
G,Retail Trade,202011024,Strathfieldsaye,25 ,12 ,9.0,0.0,0.0,47 ,20828
G,Retail Trade,202011025,White Hills - Ascot,31 ,11 ,4.0,6.0,0.0,52 ,20208
G,Retail Trade,202021026,Bendigo Surrounds - South,21 ,13 ,6.0,0.0,0.0,40 ,20835
G,Retail Trade,202021027,Castlemaine,30 ,29 ,18.0,8.0,0.0,85 ,20955
G,Retail Trade,202021028,Castlemaine Surrounds,27 ,13 ,8.0,0.0,0.0,48 ,20459
G,Retail Trade,202021029,Heathcote,10 ,8 ,7.0,0.0,0.0,25 ,20877
G,Retail Trade,202021030,Kyneton,32 ,25 ,14.0,6.0,0.0,77 ,20076
G,Retail Trade,202021031,Woodend,35 ,14 ,9.0,0.0,0.0,58 ,20076
G,Retail Trade,202031032,Bendigo Surrounds - North,13 ,3 ,0.0,0.0,0.0,17 ,20828
G,Retail Trade,202031033,Loddon,18 ,12 ,7.0,0.0,0.0,39 ,20177
G,Retail Trade,203011034,Bannockburn,19 ,12 ,9.0,3.0,0.0,42 ,20133
G,Retail Trade,203011035,Golden Plains - South,15 ,8 ,0.0,3.0,0.0,25 ,20217
G,Retail Trade,203011036,Winchelsea,29 ,10 ,8.0,0.0,0.0,48 ,20151
G,Retail Trade,203021037,Belmont,41 ,29 ,15.0,8.0,0.0,93 ,20201
G,Retail Trade,203021039,Geelong,90 ,73 ,56.0,15.0,3.0,237 ,20201
G,Retail Trade,203021040,Geelong West - Hamlyn Heights,52 ,37 ,21.0,5.0,0.0,115 ,20165
G,Retail Trade,203021042,Highton,43 ,27 ,9.0,3.0,0.0,80 ,20151
G,Retail Trade,203021043,Lara,31 ,19 ,8.0,4.0,0.0,62 ,20115
G,Retail Trade,203021044,Leopold,26 ,14 ,3.0,0.0,0.0,43 ,20621
G,Retail Trade,203021045,Newcomb - Moolap,37 ,15 ,10.0,5.0,0.0,67 ,20326
G,Retail Trade,203021046,Newtown (Vic.),42 ,33 ,17.0,3.0,0.0,94 ,20960
G,Retail Trade,203021047,North Geelong - Bell Park,42 ,42 ,31.0,3.0,0.0,118 ,20165
G,Retail Trade,203021485,Charlemont,23 ,5 ,0.0,0.0,0.0,30 ,21790
G,Retail Trade,203021486,Corio - Lovely Banks,39 ,21 ,11.0,6.0,0.0,77 ,20165
G,Retail Trade,203021487,Grovedale - Mount Duneed,52 ,34 ,19.0,3.0,3.0,109 ,20954
G,Retail Trade,203021488,Norlane,14 ,17 ,6.0,0.0,0.0,38 ,20191
G,Retail Trade,203031048,Clifton Springs,27 ,28 ,5.0,0.0,0.0,61 ,20697
G,Retail Trade,203031049,Lorne - Anglesea,20 ,23 ,11.0,3.0,0.0,56 ,20046
G,Retail Trade,203031051,Portarlington,18 ,20 ,6.0,0.0,0.0,44 ,20193
G,Retail Trade,203031052,Point Lonsdale - Queenscliff,19 ,9 ,9.0,3.0,0.0,39 ,22663
G,Retail Trade,203031053,Torquay,81 ,50 ,30.0,12.0,0.0,173 ,20046
G,Retail Trade,203031489,Barwon Heads - Armstrong Creek,35 ,14 ,9.0,3.0,0.0,60 ,21790
G,Retail Trade,203031490,Ocean Grove,47 ,26 ,17.0,3.0,0.0,93 ,20621
G,Retail Trade,204011054,Alexandra,24 ,23 ,7.0,0.0,0.0,57 ,20005
G,Retail Trade,204011055,Euroa,19 ,12 ,4.0,0.0,0.0,36 ,20283
G,Retail Trade,204011056,Kilmore - Broadford,33 ,16 ,10.0,3.0,0.0,62 ,21980
G,Retail Trade,204011057,Mansfield (Vic.),40 ,37 ,14.0,3.0,0.0,94 ,20283
G,Retail Trade,204011058,Nagambie,11 ,5 ,8.0,0.0,0.0,24 ,20652
G,Retail Trade,204011059,Seymour,14 ,19 ,8.0,3.0,0.0,43 ,20086
G,Retail Trade,204011060,Seymour Surrounds,6 ,3 ,3.0,0.0,0.0,9 ,22154
G,Retail Trade,204011061,Upper Yarra Valley,0 ,0 ,0.0,0.0,0.0,0 ,20452
G,Retail Trade,204011062,Yea,10 ,7 ,4.0,0.0,0.0,21 ,20005
G,Retail Trade,204021063,Benalla,29 ,27 ,9.0,6.0,0.0,71 ,20096
G,Retail Trade,204021064,Benalla Surrounds,10 ,3 ,0.0,0.0,0.0,12 ,20283
G,Retail Trade,204021065,Rutherglen,5 ,9 ,3.0,3.0,0.0,18 ,20296
G,Retail Trade,204021066,Wangaratta,44 ,48 ,30.0,6.0,0.0,128 ,21349
G,Retail Trade,204021067,Wangaratta Surrounds,19 ,11 ,5.0,0.0,0.0,35 ,20060
G,Retail Trade,204031068,Beechworth,17 ,13 ,12.0,0.0,0.0,43 ,20551
G,Retail Trade,204031069,Bright - Mount Beauty,24 ,25 ,15.0,5.0,0.0,69 ,21210
G,Retail Trade,204031070,Chiltern - Indigo Valley,5 ,5 ,0.0,0.0,0.0,13 ,20357
G,Retail Trade,204031071,Myrtleford,13 ,20 ,8.0,3.0,0.0,42 ,20312
G,Retail Trade,204031072,Towong,17 ,7 ,4.0,3.0,0.0,31 ,20883
G,Retail Trade,204031073,West Wodonga,20 ,16 ,5.0,0.0,0.0,42 ,21230
G,Retail Trade,204031075,Yackandandah,22 ,15 ,3.0,0.0,0.0,39 ,22351
G,Retail Trade,204031491,Baranduda - Leneva,18 ,10 ,5.0,0.0,0.0,35 ,21230
G,Retail Trade,204031492,Wodonga,42 ,27 ,32.0,7.0,0.0,109 ,21222
G,Retail Trade,205011076,Drouin,39 ,23 ,8.0,3.0,0.0,73 ,20081
G,Retail Trade,205011077,Mount Baw Baw Region,12 ,14 ,0.0,0.0,0.0,29 ,20452
G,Retail Trade,205011078,Trafalgar (Vic.),14 ,21 ,8.0,3.0,0.0,45 ,20391
G,Retail Trade,205011079,Warragul,58 ,75 ,31.0,7.0,0.0,171 ,20081
G,Retail Trade,205021080,Alps - East,0 ,0 ,0.0,0.0,0.0,0 ,20719
G,Retail Trade,205021081,Bairnsdale,48 ,47 ,42.0,9.0,0.0,146 ,20103
G,Retail Trade,205021082,Bruthen - Omeo,15 ,16 ,5.0,0.0,0.0,38 ,20265
G,Retail Trade,205021083,Lake King,0 ,0 ,0.0,0.0,0.0,0 ,20822
G,Retail Trade,205021084,Lakes Entrance,21 ,20 ,11.0,3.0,0.0,55 ,20290
G,Retail Trade,205021085,Orbost,13 ,11 ,8.0,0.0,0.0,33 ,20360
G,Retail Trade,205021086,Paynesville,11 ,6 ,3.0,0.0,0.0,19 ,20103
G,Retail Trade,205031087,Foster,23 ,21 ,12.0,3.0,0.0,58 ,20010
G,Retail Trade,205031088,French Island,0 ,0 ,0.0,0.0,0.0,0 ,20856
G,Retail Trade,205031089,Korumburra,30 ,22 ,8.0,3.0,0.0,61 ,20081
G,Retail Trade,205031090,Leongatha,23 ,29 ,18.0,3.0,3.0,74 ,20024
G,Retail Trade,205031091,Phillip Island,36 ,34 ,14.0,0.0,0.0,85 ,20475
G,Retail Trade,205031092,Wilsons Promontory,0 ,0 ,0.0,0.0,0.0,0 ,22800
G,Retail Trade,205031093,Wonthaggi - Inverloch,78 ,58 ,36.0,9.0,0.0,181 ,21235
G,Retail Trade,205041094,Churchill,20 ,10 ,3.0,0.0,0.0,32 ,20585
G,Retail Trade,205041095,Moe - Newborough,25 ,25 ,14.0,3.0,0.0,67 ,21716
G,Retail Trade,205041096,Morwell,40 ,19 ,17.0,6.0,0.0,82 ,22596
G,Retail Trade,205041098,Yallourn North - Glengarry,8 ,3 ,3.0,0.0,0.0,15 ,20286
G,Retail Trade,205041493,Traralgon - East,28 ,37 ,27.0,5.0,0.0,97 ,21027
G,Retail Trade,205041494,Traralgon - West,19 ,11 ,10.0,4.0,0.0,44 ,21027
G,Retail Trade,205051099,Alps - West,0 ,0 ,0.0,0.0,0.0,0 ,21210
G,Retail Trade,205051100,Longford - Loch Sport,8 ,7 ,5.0,0.0,0.0,21 ,20938
G,Retail Trade,205051101,Maffra,37 ,14 ,10.0,3.0,0.0,64 ,22542
G,Retail Trade,205051102,Rosedale,12 ,7 ,3.0,0.0,0.0,22 ,22543
G,Retail Trade,205051103,Sale,38 ,46 ,27.0,4.0,0.0,115 ,20586
G,Retail Trade,205051104,Yarram,11 ,15 ,7.0,0.0,0.0,33 ,20242
G,Retail Trade,206011106,Brunswick East,43 ,33 ,13.0,0.0,0.0,90 ,20361
G,Retail Trade,206011107,Brunswick West,35 ,9 ,5.0,0.0,0.0,50 ,20361
G,Retail Trade,206011109,Pascoe Vale South,23 ,15 ,3.0,0.0,0.0,43 ,20596
G,Retail Trade,206011495,Brunswick - North,56 ,42 ,13.0,6.0,0.0,117 ,20361
G,Retail Trade,206011496,Brunswick - South,67 ,55 ,24.0,11.0,3.0,158 ,20361
G,Retail Trade,206011497,Coburg - East,64 ,65 ,17.0,0.0,0.0,148 ,20361
G,Retail Trade,206011498,Coburg - West,35 ,6 ,3.0,3.0,0.0,44 ,20361
G,Retail Trade,206021110,Alphington - Fairfield,32 ,33 ,19.0,5.0,0.0,89 ,21971
G,Retail Trade,206021112,Thornbury,51 ,39 ,19.0,4.0,0.0,113 ,20362
G,Retail Trade,206021499,Northcote - East,47 ,30 ,10.0,0.0,0.0,87 ,21971
G,Retail Trade,206021500,Northcote - West,45 ,23 ,11.0,3.0,0.0,82 ,20362
G,Retail Trade,206031113,Ascot Vale,45 ,31 ,9.0,6.0,0.0,91 ,20075
G,Retail Trade,206031115,Flemington,30 ,15 ,3.0,3.0,0.0,50 ,20075
G,Retail Trade,206031116,Moonee Ponds,57 ,57 ,19.0,5.0,0.0,138 ,20075
G,Retail Trade,206031501,Essendon (West) - Aberfeldie,63 ,37 ,8.0,4.0,0.0,112 ,20885
G,Retail Trade,206031502,Essendon - East,53 ,31 ,11.0,0.0,0.0,97 ,20363
G,Retail Trade,206041117,Carlton,82 ,54 ,17.0,3.0,0.0,155 ,20496
G,Retail Trade,206041118,Docklands,103 ,67 ,31.0,7.0,0.0,208 ,21640
G,Retail Trade,206041119,East Melbourne,26 ,12 ,3.0,3.0,0.0,42 ,20495
G,Retail Trade,206041120,Flemington Racecourse,0 ,0 ,0.0,0.0,0.0,0 ,20075
G,Retail Trade,206041121,Kensington (Vic.),29 ,22 ,4.0,4.0,0.0,59 ,20929
G,Retail Trade,206041124,Parkville,15 ,6 ,4.0,3.0,0.0,26 ,20361
G,Retail Trade,206041125,South Yarra - West,31 ,14 ,7.0,3.0,3.0,56 ,21640
G,Retail Trade,206041127,West Melbourne - Industrial,7 ,6 ,5.0,3.0,0.0,19 ,20935
G,Retail Trade,206041503,Melbourne CBD - East,187 ,154 ,87.0,19.0,3.0,450 ,20495
G,Retail Trade,206041504,Melbourne CBD - North,104 ,73 ,34.0,10.0,0.0,221 ,20495
G,Retail Trade,206041505,Melbourne CBD - West,285 ,158 ,67.0,18.0,3.0,530 ,21640
G,Retail Trade,206041506,North Melbourne,77 ,49 ,25.0,0.0,0.0,152 ,22038
G,Retail Trade,206041507,Royal Botanic Gardens Victoria,0 ,0 ,0.0,0.0,0.0,3 ,21640
G,Retail Trade,206041508,Southbank (West) - South Wharf,52 ,19 ,12.0,4.0,0.0,87 ,21640
G,Retail Trade,206041509,Southbank - East,81 ,27 ,12.0,3.0,0.0,124 ,21640
G,Retail Trade,206041510,West Melbourne - Residential,35 ,24 ,5.0,3.0,0.0,66 ,21640
G,Retail Trade,206051128,Albert Park,145 ,80 ,25.0,8.0,0.0,259 ,21640
G,Retail Trade,206051129,Elwood,53 ,24 ,10.0,5.0,0.0,92 ,22343
G,Retail Trade,206051130,Port Melbourne,72 ,46 ,15.0,0.0,0.0,135 ,22107
G,Retail Trade,206051134,St Kilda East,66 ,38 ,15.0,5.0,0.0,124 ,22118
G,Retail Trade,206051511,Port Melbourne Industrial,60 ,39 ,37.0,22.0,0.0,158 ,20766
G,Retail Trade,206051512,South Melbourne,119 ,99 ,61.0,15.0,0.0,294 ,21640
G,Retail Trade,206051513,St Kilda - Central,70 ,28 ,15.0,3.0,3.0,117 ,22805
G,Retail Trade,206051514,St Kilda - West,73 ,28 ,12.0,3.0,0.0,115 ,21640
G,Retail Trade,206061135,Armadale,69 ,66 ,41.0,5.0,0.0,181 ,22118
G,Retail Trade,206061136,Prahran - Windsor,132 ,61 ,41.0,10.0,0.0,245 ,21640
G,Retail Trade,206061138,Toorak,79 ,40 ,13.0,9.0,3.0,142 ,22118
G,Retail Trade,206061515,South Yarra - North,88 ,30 ,23.0,3.0,3.0,145 ,21640
G,Retail Trade,206061516,South Yarra - South,69 ,54 ,35.0,8.0,0.0,168 ,22118
G,Retail Trade,206071139,Abbotsford,68 ,38 ,30.0,9.0,0.0,145 ,20901
G,Retail Trade,206071140,Carlton North - Princes Hill,31 ,26 ,7.0,0.0,0.0,65 ,20361
G,Retail Trade,206071141,Collingwood,99 ,76 ,47.0,16.0,3.0,241 ,20925
G,Retail Trade,206071142,Fitzroy,86 ,72 ,47.0,11.0,0.0,216 ,20925
G,Retail Trade,206071143,Fitzroy North,48 ,29 ,12.0,3.0,0.0,92 ,20362
G,Retail Trade,206071145,Clifton Hill - Alphington,30 ,18 ,9.0,6.0,0.0,63 ,20925
G,Retail Trade,206071517,Richmond (South) - Cremorne,128 ,96 ,51.0,23.0,5.0,303 ,20830
G,Retail Trade,206071518,Richmond - North,67 ,58 ,27.0,10.0,3.0,163 ,20830
G,Retail Trade,207011146,Ashburton (Vic.),28 ,17 ,17.0,3.0,0.0,65 ,20077
G,Retail Trade,207011147,Balwyn,110 ,74 ,24.0,4.0,0.0,212 ,21336
G,Retail Trade,207011148,Balwyn North,114 ,67 ,28.0,4.0,0.0,213 ,21336
G,Retail Trade,207011149,Camberwell,106 ,67 ,29.0,8.0,0.0,210 ,21010
G,Retail Trade,207011150,Glen Iris - East,69 ,31 ,11.0,3.0,0.0,114 ,20077
G,Retail Trade,207011152,Hawthorn East,98 ,55 ,33.0,13.0,3.0,202 ,21586
G,Retail Trade,207011154,Kew East,27 ,30 ,0.0,0.0,0.0,59 ,20034
G,Retail Trade,207011155,Surrey Hills (West) - Canterbury,76 ,45 ,23.0,3.0,0.0,147 ,21336
G,Retail Trade,207011519,Hawthorn - North,41 ,33 ,17.0,5.0,0.0,96 ,22170
G,Retail Trade,207011520,Hawthorn - South,64 ,32 ,32.0,5.0,0.0,133 ,22547
G,Retail Trade,207011521,Kew - South,55 ,31 ,8.0,5.0,0.0,99 ,21152
G,Retail Trade,207011522,Kew - West,56 ,30 ,15.0,6.0,0.0,107 ,20034
G,Retail Trade,207021156,Bulleen,46 ,32 ,7.0,4.0,0.0,89 ,20124
G,Retail Trade,207021157,Doncaster,140 ,82 ,13.0,8.0,0.0,243 ,20124
G,Retail Trade,207021159,Templestowe,97 ,52 ,16.0,3.0,0.0,168 ,20771
G,Retail Trade,207021160,Templestowe Lower,61 ,43 ,11.0,3.0,0.0,117 ,20386
G,Retail Trade,207021424,Doncaster East - North,77 ,47 ,10.0,4.0,0.0,138 ,20771
G,Retail Trade,207021425,Doncaster East - South,76 ,67 ,21.0,4.0,0.0,168 ,20771
G,Retail Trade,207031161,Blackburn,105 ,68 ,19.0,3.0,0.0,195 ,20315
G,Retail Trade,207031162,Blackburn South,36 ,17 ,7.0,3.0,0.0,61 ,20426
G,Retail Trade,207031163,Box Hill,157 ,130 ,29.0,3.0,0.0,319 ,21732
G,Retail Trade,207031164,Box Hill North,82 ,47 ,9.0,0.0,0.0,139 ,20123
G,Retail Trade,207031165,Burwood (Vic.),44 ,28 ,23.0,4.0,0.0,99 ,21010
G,Retail Trade,207031166,Burwood East,55 ,25 ,5.0,3.0,0.0,88 ,20426
G,Retail Trade,207031167,Surrey Hills (East) - Mont Albert,38 ,24 ,9.0,4.0,0.0,75 ,21732
G,Retail Trade,208011168,Beaumaris,44 ,32 ,12.0,3.0,0.0,91 ,20182
G,Retail Trade,208011169,Brighton (Vic.),142 ,64 ,38.0,5.0,0.0,250 ,20337
G,Retail Trade,208011170,Brighton East,69 ,47 ,6.0,3.0,0.0,124 ,20337
G,Retail Trade,208011171,Highett (West) - Cheltenham,70 ,35 ,11.0,5.0,0.0,121 ,20182
G,Retail Trade,208011172,Hampton,82 ,44 ,17.0,3.0,0.0,145 ,20337
G,Retail Trade,208011173,Sandringham - Black Rock,69 ,37 ,8.0,0.0,0.0,116 ,20182
G,Retail Trade,208021174,Bentleigh - McKinnon,123 ,79 ,25.0,5.0,0.0,232 ,20338
G,Retail Trade,208021176,Carnegie,63 ,31 ,10.0,3.0,0.0,107 ,21587
G,Retail Trade,208021177,Caulfield - North,128 ,36 ,26.0,3.0,0.0,193 ,20105
G,Retail Trade,208021178,Caulfield - South,96 ,43 ,15.0,3.0,0.0,157 ,20864
G,Retail Trade,208021179,Elsternwick,51 ,38 ,16.0,5.0,3.0,111 ,20337
G,Retail Trade,208021180,Hughesdale,26 ,15 ,5.0,3.0,0.0,47 ,21587
G,Retail Trade,208021181,Murrumbeena,41 ,21 ,6.0,0.0,0.0,70 ,21587
G,Retail Trade,208021182,Ormond - Glen Huntly,49 ,36 ,11.0,4.0,0.0,100 ,20338
G,Retail Trade,208021426,Bentleigh East - North,73 ,46 ,8.0,0.0,0.0,129 ,20214
G,Retail Trade,208021427,Bentleigh East - South,63 ,26 ,9.0,3.0,0.0,101 ,20214
G,Retail Trade,208031183,Aspendale Gardens - Waterways,31 ,16 ,3.0,3.0,0.0,50 ,20079
G,Retail Trade,208031184,Braeside,41 ,56 ,38.0,8.0,0.0,143 ,20079
G,Retail Trade,208031185,Carrum - Patterson Lakes,48 ,21 ,6.0,0.0,0.0,75 ,20131
G,Retail Trade,208031186,Chelsea - Bonbeach,40 ,23 ,7.0,0.0,0.0,70 ,20538
G,Retail Trade,208031187,Chelsea Heights,11 ,4 ,4.0,0.0,0.0,19 ,20080
G,Retail Trade,208031188,Highett (East) - Cheltenham,126 ,123 ,55.0,16.0,0.0,320 ,20539
G,Retail Trade,208031189,Edithvale - Aspendale,28 ,25 ,7.0,3.0,0.0,61 ,20079
G,Retail Trade,208031190,Mentone,44 ,31 ,8.0,3.0,0.0,86 ,20182
G,Retail Trade,208031191,Moorabbin - Heatherton,111 ,143 ,58.0,21.0,0.0,333 ,20539
G,Retail Trade,208031192,Moorabbin Airport,0 ,4 ,3.0,0.0,0.0,9 ,20539
G,Retail Trade,208031193,Mordialloc - Parkdale,79 ,53 ,20.0,4.0,0.0,156 ,21648
G,Retail Trade,208041194,Malvern - Glen Iris,119 ,60 ,24.0,11.0,0.0,214 ,20066
G,Retail Trade,208041195,Malvern East,73 ,58 ,20.0,4.0,3.0,156 ,20523
G,Retail Trade,209011196,Bundoora - East,32 ,25 ,4.0,0.0,0.0,63 ,20399
G,Retail Trade,209011197,Greensborough,51 ,32 ,17.0,3.0,0.0,103 ,21104
G,Retail Trade,209011198,Heidelberg - Rosanna,47 ,35 ,10.0,6.0,0.0,98 ,21246
G,Retail Trade,209011199,Heidelberg West,75 ,52 ,21.0,6.0,0.0,154 ,22121
G,Retail Trade,209011200,Ivanhoe,50 ,26 ,16.0,3.0,0.0,95 ,22508
G,Retail Trade,209011201,Ivanhoe East - Eaglemont,34 ,18 ,8.0,3.0,0.0,62 ,21246
G,Retail Trade,209011202,Montmorency - Briar Hill,31 ,23 ,8.0,0.0,0.0,64 ,22484
G,Retail Trade,209011203,Viewbank - Yallambie,42 ,15 ,3.0,3.0,0.0,60 ,20386
G,Retail Trade,209011204,Watsonia,23 ,9 ,6.0,3.0,0.0,39 ,20399
G,Retail Trade,209021205,Kingsbury,33 ,20 ,5.0,0.0,0.0,59 ,20399
G,Retail Trade,209021428,Preston - East,121 ,102 ,60.0,138.0,5.0,426 ,22121
G,Retail Trade,209021429,Preston - West,31 ,24 ,5.0,3.0,0.0,62 ,20596
G,Retail Trade,209021523,Reservoir - North East,42 ,10 ,3.0,0.0,0.0,55 ,20399
G,Retail Trade,209021524,Reservoir - North West,23 ,17 ,0.0,0.0,0.0,42 ,22161
G,Retail Trade,209021525,Reservoir - South East,29 ,17 ,3.0,3.0,0.0,51 ,22121
G,Retail Trade,209021526,Reservoir - South West,60 ,40 ,10.0,3.0,0.0,113 ,20597
G,Retail Trade,209031209,Eltham,68 ,49 ,23.0,6.0,0.0,146 ,22483
G,Retail Trade,209031210,Hurstbridge,5 ,8 ,8.0,0.0,0.0,21 ,20752
G,Retail Trade,209031211,Kinglake,14 ,13 ,3.0,0.0,0.0,29 ,20916
G,Retail Trade,209031212,Panton Hill - St Andrews,18 ,12 ,0.0,0.0,0.0,30 ,21358
G,Retail Trade,209031213,Plenty - Yarrambat,33 ,14 ,8.0,3.0,0.0,57 ,20399
G,Retail Trade,209031214,Research - North Warrandyte,32 ,9 ,3.0,0.0,0.0,44 ,20865
G,Retail Trade,209031215,Wattle Glen - Diamond Creek,33 ,24 ,13.0,3.0,0.0,73 ,20865
G,Retail Trade,209041216,Bundoora - North,31 ,15 ,7.0,0.0,0.0,55 ,20399
G,Retail Trade,209041217,Bundoora - West,19 ,9 ,3.0,0.0,0.0,31 ,20399
G,Retail Trade,209041220,Mill Park - North,48 ,28 ,15.0,5.0,0.0,96 ,21683
G,Retail Trade,209041221,Mill Park - South,27 ,14 ,3.0,0.0,0.0,45 ,20399
G,Retail Trade,209041223,Thomastown,122 ,105 ,52.0,6.0,0.0,285 ,20399
G,Retail Trade,209041224,Wallan,59 ,25 ,12.0,3.0,0.0,97 ,20345
G,Retail Trade,209041225,Whittlesea,21 ,17 ,6.0,0.0,0.0,44 ,20576
G,Retail Trade,209041431,Epping - East,36 ,10 ,3.0,0.0,0.0,48 ,22311
G,Retail Trade,209041432,Epping - South,39 ,37 ,29.0,4.0,0.0,110 ,21683
G,Retail Trade,209041433,Epping (Vic.) - West,59 ,36 ,12.0,4.0,0.0,111 ,20878
G,Retail Trade,209041435,South Morang - North,30 ,14 ,7.0,0.0,0.0,51 ,20779
G,Retail Trade,209041436,South Morang - South,29 ,11 ,7.0,3.0,0.0,49 ,22916
G,Retail Trade,209041437,Wollert,96 ,38 ,6.0,3.0,0.0,141 ,22311
G,Retail Trade,209041527,Doreen - North,37 ,27 ,3.0,0.0,0.0,67 ,20779
G,Retail Trade,209041528,Doreen - South,19 ,13 ,6.0,0.0,0.0,38 ,20779
G,Retail Trade,209041529,Lalor - East,31 ,29 ,6.0,0.0,0.0,67 ,22504
G,Retail Trade,209041530,Lalor - West,58 ,30 ,13.0,3.0,0.0,102 ,22504
G,Retail Trade,209041531,Mernda - North,27 ,14 ,0.0,3.0,0.0,45 ,20779
G,Retail Trade,209041532,Mernda - South,33 ,6 ,3.0,0.0,0.0,42 ,20779
G,Retail Trade,210011226,Airport West,37 ,36 ,10.0,3.0,0.0,85 ,20886
G,Retail Trade,210011227,Essendon Airport,4 ,4 ,3.0,6.0,0.0,18 ,22380
G,Retail Trade,210011228,Keilor,41 ,73 ,28.0,9.0,3.0,152 ,20015
G,Retail Trade,210011230,Niddrie - Essendon West,29 ,26 ,11.0,3.0,0.0,67 ,20885
G,Retail Trade,210011231,Strathmore,33 ,10 ,7.0,3.0,0.0,52 ,20885
G,Retail Trade,210011533,Avondale Heights,32 ,18 ,4.0,0.0,0.0,54 ,21604
G,Retail Trade,210011534,Keilor East,45 ,26 ,5.0,3.0,0.0,77 ,20888
G,Retail Trade,210021232,Gisborne,44 ,23 ,11.0,3.0,0.0,81 ,20076
G,Retail Trade,210021233,Macedon,7 ,6 ,5.0,0.0,0.0,18 ,20387
G,Retail Trade,210021234,Riddells Creek,9 ,6 ,0.0,3.0,0.0,19 ,21176
G,Retail Trade,210021235,Romsey,27 ,18 ,11.0,0.0,0.0,58 ,20172
G,Retail Trade,210031236,Coburg North,57 ,65 ,22.0,4.0,0.0,148 ,20596
G,Retail Trade,210031237,Fawkner,60 ,40 ,10.0,4.0,0.0,114 ,20597
G,Retail Trade,210031439,Gowanbrae,8 ,4 ,0.0,0.0,0.0,12 ,22381
G,Retail Trade,210031440,Hadfield,21 ,5 ,3.0,0.0,0.0,28 ,22041
G,Retail Trade,210031535,Glenroy - East,40 ,25 ,0.0,0.0,0.0,66 ,22041
G,Retail Trade,210031536,Glenroy - West,32 ,17 ,3.0,0.0,0.0,52 ,22381
G,Retail Trade,210031537,Oak Park,17 ,6 ,3.0,0.0,0.0,27 ,22042
G,Retail Trade,210031538,Pascoe Vale,52 ,17 ,11.0,0.0,0.0,80 ,22042
G,Retail Trade,210041240,Sunbury,27 ,17 ,4.0,0.0,0.0,48 ,20567
G,Retail Trade,210041539,Diggers Rest,13 ,0 ,0.0,0.0,0.0,13 ,20754
G,Retail Trade,210041540,Sunbury - South,41 ,32 ,23.0,4.0,0.0,100 ,21318
G,Retail Trade,210041541,Sunbury - West,20 ,8 ,3.0,0.0,0.0,30 ,20754
G,Retail Trade,210051242,Broadmeadows,59 ,34 ,15.0,3.0,0.0,111 ,20909
G,Retail Trade,210051243,Campbellfield - Coolaroo,152 ,149 ,58.0,23.0,0.0,382 ,22161
G,Retail Trade,210051245,Gladstone Park - Westmeadows,43 ,29 ,9.0,0.0,0.0,82 ,22586
G,Retail Trade,210051246,Greenvale - Bulla,98 ,36 ,12.0,3.0,0.0,149 ,21675
G,Retail Trade,210051247,Meadow Heights,41 ,14 ,0.0,0.0,0.0,56 ,20624
G,Retail Trade,210051248,Melbourne Airport,3 ,3 ,0.0,0.0,0.0,5 ,21319
G,Retail Trade,210051250,Tullamarine,30 ,14 ,11.0,0.0,0.0,55 ,22586
G,Retail Trade,210051441,Craigieburn - Central,20 ,6 ,3.0,0.0,0.0,30 ,20661
G,Retail Trade,210051442,Craigieburn - North,45 ,10 ,7.0,0.0,0.0,62 ,21675
G,Retail Trade,210051443,Craigieburn - South,87 ,29 ,12.0,3.0,0.0,129 ,20878
G,Retail Trade,210051445,Mickleham - Yuroke,105 ,33 ,8.0,0.0,0.0,146 ,20233
G,Retail Trade,210051542,Craigieburn - North West,47 ,8 ,3.0,0.0,0.0,58 ,21675
G,Retail Trade,210051543,Craigieburn - West,56 ,18 ,9.0,0.0,0.0,84 ,21675
G,Retail Trade,210051544,Roxburgh Park (South) - Somerton,41 ,40 ,11.0,6.0,0.0,98 ,20878
G,Retail Trade,210051545,Roxburgh Park - North,47 ,13 ,0.0,0.0,0.0,62 ,20661
G,Retail Trade,211011251,Bayswater,73 ,78 ,43.0,6.0,3.0,201 ,20173
G,Retail Trade,211011254,Knoxfield - Scoresby,77 ,72 ,31.0,9.0,0.0,189 ,21013
G,Retail Trade,211011255,Lysterfield,16 ,16 ,4.0,0.0,0.0,36 ,20917
G,Retail Trade,211011256,Rowville - Central,58 ,26 ,8.0,0.0,0.0,94 ,21374
G,Retail Trade,211011257,Rowville - North,23 ,19 ,7.0,0.0,0.0,51 ,20917
G,Retail Trade,211011258,Rowville - South,40 ,18 ,5.0,0.0,0.0,63 ,22207
G,Retail Trade,211011259,Wantirna,56 ,29 ,6.0,3.0,0.0,94 ,22628
G,Retail Trade,211011260,Wantirna South,75 ,48 ,18.0,4.0,0.0,145 ,21013
G,Retail Trade,211011446,Boronia,70 ,61 ,20.0,4.0,0.0,155 ,20173
G,Retail Trade,211011447,Ferntree Gully - North,39 ,20 ,10.0,0.0,0.0,70 ,20304
G,Retail Trade,211011448,Ferntree Gully (South) - Upper Ferntree Gully,51 ,47 ,23.0,4.0,0.0,126 ,20917
G,Retail Trade,211011449,The Basin,13 ,4 ,0.0,0.0,0.0,18 ,20304
G,Retail Trade,211021261,Donvale - Park Orchards,75 ,40 ,12.0,3.0,0.0,129 ,20772
G,Retail Trade,211021262,Warrandyte - Wonga Park,48 ,20 ,16.0,0.0,0.0,85 ,20772
G,Retail Trade,211031263,Bayswater North,30 ,48 ,24.0,0.0,0.0,104 ,20173
G,Retail Trade,211031265,Croydon Hills - Warranwood,50 ,26 ,9.0,0.0,0.0,86 ,20556
G,Retail Trade,211031266,Ringwood,97 ,73 ,30.0,13.0,0.0,213 ,20774
G,Retail Trade,211031267,Ringwood East,58 ,35 ,5.0,0.0,0.0,100 ,20173
G,Retail Trade,211031268,Ringwood North,27 ,10 ,5.0,0.0,0.0,42 ,20774
G,Retail Trade,211031450,Croydon - East,40 ,37 ,10.0,4.0,0.0,91 ,21354
G,Retail Trade,211031451,Croydon - West,29 ,24 ,7.0,3.0,0.0,63 ,20556
G,Retail Trade,211031452,Croydon South,20 ,20 ,10.0,0.0,0.0,52 ,20174
G,Retail Trade,211041269,Forest Hill,48 ,26 ,8.0,3.0,0.0,85 ,20252
G,Retail Trade,211041270,Mitcham (Vic.),66 ,53 ,26.0,5.0,0.0,151 ,20774
G,Retail Trade,211041271,Nunawading,72 ,65 ,25.0,5.0,0.0,167 ,20774
G,Retail Trade,211041272,Vermont,43 ,42 ,13.0,3.0,3.0,100 ,20937
G,Retail Trade,211041273,Vermont South,43 ,44 ,9.0,0.0,0.0,97 ,20937
G,Retail Trade,211051274,Belgrave - Selby,36 ,17 ,6.0,3.0,0.0,61 ,21558
G,Retail Trade,211051275,Chirnside Park,39 ,28 ,7.0,3.0,0.0,77 ,20556
G,Retail Trade,211051276,Healesville - Yarra Glen,49 ,31 ,17.0,3.0,0.0,98 ,20916
G,Retail Trade,211051277,Kilsyth,23 ,17 ,12.0,0.0,0.0,54 ,20174
G,Retail Trade,211051278,Lilydale - Coldstream,39 ,51 ,22.0,6.0,0.0,118 ,20556
G,Retail Trade,211051279,Monbulk - Silvan,26 ,24 ,10.0,0.0,0.0,62 ,20868
G,Retail Trade,211051280,Montrose,18 ,8 ,3.0,0.0,0.0,29 ,21354
G,Retail Trade,211051281,Mooroolbark,46 ,23 ,6.0,0.0,0.0,76 ,20556
G,Retail Trade,211051282,Mount Dandenong - Olinda,45 ,31 ,10.0,0.0,0.0,87 ,20304
G,Retail Trade,211051283,Mount Evelyn,30 ,9 ,5.0,0.0,0.0,46 ,21736
G,Retail Trade,211051284,Upwey - Tecoma,31 ,10 ,4.0,0.0,0.0,46 ,21558
G,Retail Trade,211051285,Wandin - Seville,24 ,11 ,8.0,0.0,0.0,44 ,20613
G,Retail Trade,211051286,Yarra Valley,47 ,31 ,14.0,3.0,0.0,94 ,20833
G,Retail Trade,212011289,Emerald - Cockatoo,41 ,37 ,12.0,3.0,0.0,93 ,20979
G,Retail Trade,212011546,Beaconsfield - Officer,86 ,47 ,17.0,3.0,0.0,153 ,20176
G,Retail Trade,212011547,Bunyip - Garfield,23 ,15 ,8.0,0.0,0.0,48 ,20411
G,Retail Trade,212011548,Koo Wee Rup,23 ,16 ,6.0,3.0,0.0,46 ,20081
G,Retail Trade,212011549,Pakenham - North East,29 ,5 ,4.0,0.0,0.0,38 ,21879
G,Retail Trade,212011550,Pakenham - North West,28 ,12 ,3.0,0.0,0.0,42 ,20176
G,Retail Trade,212011551,Pakenham - South East,28 ,38 ,16.0,4.0,0.0,86 ,21879
G,Retail Trade,212011552,Pakenham - South West,60 ,48 ,15.0,5.0,0.0,128 ,22006
G,Retail Trade,212021293,Berwick - North,89 ,43 ,17.0,12.0,0.0,161 ,21895
G,Retail Trade,212021295,Doveton,30 ,22 ,5.0,3.0,0.0,60 ,20708
G,Retail Trade,212021297,Hallam,65 ,40 ,27.0,12.0,0.0,144 ,21895
G,Retail Trade,212021299,Narre Warren North,42 ,22 ,7.0,0.0,0.0,72 ,21558
G,Retail Trade,212021453,Endeavour Hills - North,30 ,19 ,3.0,0.0,0.0,52 ,22207
G,Retail Trade,212021454,Endeavour Hills - South,52 ,11 ,7.0,3.0,0.0,71 ,21895
G,Retail Trade,212021455,Narre Warren - North East,35 ,13 ,0.0,3.0,0.0,50 ,21895
G,Retail Trade,212021456,Narre Warren - South West,54 ,45 ,27.0,3.0,0.0,129 ,20224
G,Retail Trade,212021553,Berwick - South East,62 ,25 ,11.0,0.0,0.0,99 ,20175
G,Retail Trade,212021554,Berwick - South West,43 ,9 ,4.0,0.0,0.0,57 ,20224
G,Retail Trade,212031300,Cranbourne,61 ,31 ,23.0,4.0,0.0,119 ,20664
G,Retail Trade,212031303,Cranbourne South,66 ,27 ,6.0,0.0,0.0,99 ,20487
G,Retail Trade,212031304,Cranbourne West,74 ,35 ,19.0,4.0,0.0,132 ,20662
G,Retail Trade,212031306,Lynbrook - Lyndhurst,53 ,26 ,9.0,3.0,0.0,90 ,20709
G,Retail Trade,212031308,Pearcedale - Tooradin,19 ,5 ,6.0,0.0,0.0,30 ,21380
G,Retail Trade,212031457,Narre Warren South - East,36 ,20 ,6.0,0.0,0.0,63 ,20224
G,Retail Trade,212031458,Narre Warren South - West,40 ,23 ,4.0,0.0,0.0,67 ,21893
G,Retail Trade,212031555,Clyde North - North,40 ,15 ,5.0,0.0,0.0,62 ,22006
G,Retail Trade,212031556,Clyde North - South,98 ,27 ,10.0,0.0,0.0,136 ,20487
G,Retail Trade,212031557,Cranbourne East - North,74 ,35 ,6.0,0.0,0.0,117 ,20581
G,Retail Trade,212031558,Cranbourne East - South,33 ,22 ,3.0,0.0,0.0,58 ,20581
G,Retail Trade,212031559,Cranbourne North - East,43 ,19 ,7.0,0.0,0.0,71 ,20582
G,Retail Trade,212031560,Cranbourne North - West,24 ,8 ,0.0,0.0,0.0,35 ,21133
G,Retail Trade,212031561,Hampton Park - East,27 ,17 ,3.0,0.0,0.0,49 ,21893
G,Retail Trade,212031562,Hampton Park - West,33 ,17 ,0.0,0.0,0.0,52 ,20709
G,Retail Trade,212041309,Clarinda - Oakleigh South,49 ,16 ,7.0,6.0,0.0,78 ,21746
G,Retail Trade,212041310,Clayton South,72 ,69 ,20.0,5.0,0.0,166 ,20758
G,Retail Trade,212041312,Dandenong North,57 ,22 ,7.0,0.0,0.0,86 ,22207
G,Retail Trade,212041313,Dingley Village,31 ,15 ,5.0,0.0,0.0,53 ,20320
G,Retail Trade,212041316,Noble Park North,22 ,16 ,5.0,0.0,0.0,45 ,20708
G,Retail Trade,212041317,Springvale,143 ,154 ,54.0,12.0,0.0,363 ,21827
G,Retail Trade,212041318,Springvale South,33 ,18 ,7.0,0.0,0.0,58 ,21339
G,Retail Trade,212041459,Noble Park - East,29 ,13 ,3.0,3.0,0.0,46 ,21339
G,Retail Trade,212041460,Noble Park - West,55 ,23 ,4.0,0.0,0.0,82 ,21339
G,Retail Trade,212041563,Dandenong - North,120 ,107 ,36.0,9.0,0.0,272 ,20708
G,Retail Trade,212041564,Dandenong - South,171 ,172 ,85.0,24.0,3.0,455 ,20131
G,Retail Trade,212041565,Keysborough - North,74 ,47 ,17.0,0.0,3.0,140 ,21339
G,Retail Trade,212041566,Keysborough - South,91 ,64 ,24.0,7.0,0.0,186 ,20080
G,Retail Trade,212051319,Ashwood - Chadstone,97 ,48 ,23.0,8.0,0.0,176 ,20077
G,Retail Trade,212051321,Glen Waverley - East,104 ,58 ,21.0,7.0,0.0,190 ,20427
G,Retail Trade,212051322,Glen Waverley - West,128 ,77 ,30.0,5.0,0.0,240 ,20427
G,Retail Trade,212051323,Mount Waverley - North,78 ,53 ,10.0,0.0,0.0,141 ,20078
G,Retail Trade,212051324,Mount Waverley - South,115 ,86 ,36.0,4.0,0.0,242 ,21816
G,Retail Trade,212051325,Mulgrave,86 ,46 ,20.0,14.0,0.0,166 ,21013
G,Retail Trade,212051326,Oakleigh - Huntingdale,153 ,103 ,70.0,17.0,0.0,343 ,21587
G,Retail Trade,212051327,Wheelers Hill,97 ,63 ,8.0,0.0,0.0,170 ,21013
G,Retail Trade,212051567,Clayton (North) - Notting Hill,68 ,53 ,27.0,13.0,3.0,162 ,21816
G,Retail Trade,212051568,Clayton - Central,68 ,48 ,13.0,4.0,0.0,133 ,22002
G,Retail Trade,213011328,Ardeer - Albion,22 ,10 ,3.0,0.0,0.0,35 ,22396
G,Retail Trade,213011329,Cairnlea,38 ,18 ,3.0,0.0,0.0,59 ,20062
G,Retail Trade,213011331,Delahey,19 ,8 ,3.0,0.0,0.0,30 ,21315
G,Retail Trade,213011332,Keilor Downs,37 ,18 ,5.0,0.0,0.0,61 ,21316
G,Retail Trade,213011333,Kings Park (Vic.),30 ,15 ,3.0,0.0,0.0,46 ,20729
G,Retail Trade,213011334,St Albans - North,57 ,53 ,14.0,3.0,0.0,125 ,21312
G,Retail Trade,213011335,St Albans - South,39 ,21 ,0.0,0.0,0.0,62 ,21312
G,Retail Trade,213011336,Sunshine,57 ,45 ,16.0,0.0,0.0,118 ,20324
G,Retail Trade,213011337,Sunshine North,66 ,50 ,21.0,3.0,0.0,139 ,21316
G,Retail Trade,213011338,Sunshine West,56 ,51 ,23.0,0.0,0.0,132 ,20062
G,Retail Trade,213011339,Sydenham,32 ,12 ,3.0,0.0,0.0,45 ,22474
G,Retail Trade,213011340,Taylors Lakes,66 ,28 ,16.0,6.0,0.0,116 ,21314
G,Retail Trade,213011569,Deer Park,45 ,22 ,13.0,3.0,0.0,82 ,20062
G,Retail Trade,213011570,Derrimut,42 ,34 ,22.0,0.0,0.0,99 ,20062
G,Retail Trade,213021341,Altona,41 ,24 ,13.0,3.0,0.0,81 ,21477
G,Retail Trade,213021342,Altona Meadows,42 ,27 ,5.0,0.0,0.0,74 ,20035
G,Retail Trade,213021343,Altona North,90 ,51 ,16.0,6.0,0.0,163 ,22917
G,Retail Trade,213021344,Newport,46 ,39 ,7.0,3.0,0.0,95 ,22107
G,Retail Trade,213021345,Seabrook,6 ,6 ,0.0,0.0,0.0,14 ,20036
G,Retail Trade,213021346,Williamstown,68 ,60 ,20.0,6.0,0.0,154 ,21934
G,Retail Trade,213031347,Braybrook,84 ,46 ,15.0,5.0,0.0,150 ,20935
G,Retail Trade,213031348,Footscray,129 ,79 ,23.0,8.0,0.0,239 ,20929
G,Retail Trade,213031349,Maribyrnong,65 ,48 ,26.0,5.0,3.0,145 ,20075
G,Retail Trade,213031350,Seddon - Kingsville,32 ,18 ,7.0,0.0,0.0,57 ,20935
G,Retail Trade,213031351,West Footscray - Tottenham,44 ,33 ,15.0,4.0,0.0,96 ,20935
G,Retail Trade,213031352,Yarraville,50 ,45 ,14.0,7.0,0.0,116 ,20935
G,Retail Trade,213041353,Bacchus Marsh,53 ,27 ,14.0,0.0,0.0,96 ,20095
G,Retail Trade,213041358,Melton West,51 ,27 ,7.0,3.0,0.0,88 ,22537
G,Retail Trade,213041359,Rockbank - Mount Cottrell,145 ,73 ,28.0,6.0,0.0,253 ,20899
G,Retail Trade,213041360,Taylors Hill,56 ,23 ,5.0,3.0,0.0,86 ,20950
G,Retail Trade,213041461,Burnside,20 ,7 ,3.0,0.0,0.0,30 ,20729
G,Retail Trade,213041462,Burnside Heights,18 ,5 ,3.0,0.0,0.0,24 ,20420
G,Retail Trade,213041463,Caroline Springs,61 ,32 ,9.0,0.0,0.0,104 ,20950
G,Retail Trade,213041571,Brookfield,25 ,8 ,0.0,0.0,0.0,33 ,21202
G,Retail Trade,213041572,Cobblebank - Strathtulloh,21 ,10 ,3.0,3.0,0.0,37 ,21642
G,Retail Trade,213041573,Eynesbury - Exford,4 ,0 ,0.0,0.0,0.0,5 ,20899
G,Retail Trade,213041574,Fraser Rise - Plumpton,56 ,16 ,3.0,0.0,0.0,74 ,20754
G,Retail Trade,213041575,Hillside,49 ,17 ,10.0,0.0,0.0,76 ,20950
G,Retail Trade,213041576,Kurunjang - Toolern Vale,28 ,9 ,3.0,0.0,0.0,39 ,20605
G,Retail Trade,213041577,Melton,35 ,22 ,11.0,9.0,0.0,77 ,21140
G,Retail Trade,213041578,Melton South - Weir Views,41 ,14 ,5.0,0.0,0.0,61 ,20351
G,Retail Trade,213051361,Hoppers Crossing - North,91 ,75 ,41.0,17.0,0.0,224 ,22582
G,Retail Trade,213051362,Hoppers Crossing - South,54 ,12 ,0.0,0.0,0.0,69 ,22451
G,Retail Trade,213051363,Laverton,65 ,57 ,30.0,5.0,0.0,158 ,22397
G,Retail Trade,213051368,Werribee - South,73 ,47 ,21.0,0.0,0.0,143 ,20601
G,Retail Trade,213051464,Point Cook - East,94 ,49 ,10.0,0.0,0.0,154 ,20036
G,Retail Trade,213051466,Point Cook - South,82 ,39 ,7.0,0.0,0.0,128 ,22086
G,Retail Trade,213051467,Werribee - East,41 ,21 ,7.0,5.0,0.0,74 ,22451
G,Retail Trade,213051468,Werribee - West,60 ,22 ,3.0,0.0,0.0,83 ,20115
G,Retail Trade,213051579,Manor Lakes - Quandong,28 ,5 ,3.0,0.0,0.0,36 ,20115
G,Retail Trade,213051580,Point Cook - North East,71 ,41 ,17.0,4.0,0.0,133 ,20036
G,Retail Trade,213051581,Point Cook - North West,48 ,27 ,8.0,3.0,0.0,84 ,22086
G,Retail Trade,213051582,Tarneit (West) - Mount Cottrell,51 ,13 ,4.0,0.0,0.0,69 ,20899
G,Retail Trade,213051583,Tarneit - Central,118 ,58 ,18.0,0.0,0.0,196 ,22582
G,Retail Trade,213051584,Tarneit - North,53 ,21 ,4.0,3.0,0.0,79 ,22582
G,Retail Trade,213051585,Tarneit - South,32 ,16 ,0.0,0.0,0.0,49 ,22451
G,Retail Trade,213051586,Truganina - North,89 ,58 ,11.0,6.0,0.0,164 ,20743
G,Retail Trade,213051587,Truganina - South East,64 ,13 ,6.0,0.0,0.0,83 ,21477
G,Retail Trade,213051588,Truganina - South West,87 ,26 ,12.0,0.0,0.0,126 ,22582
G,Retail Trade,213051589,Wyndham Vale - North,27 ,9 ,4.0,0.0,0.0,40 ,20116
G,Retail Trade,213051590,Wyndham Vale - South,30 ,12 ,4.0,0.0,0.0,46 ,22750
G,Retail Trade,214011370,Carrum Downs,77 ,69 ,38.0,5.0,0.0,189 ,20131
G,Retail Trade,214011371,Frankston,73 ,57 ,36.0,10.0,0.0,176 ,22249
G,Retail Trade,214011372,Frankston North,37 ,27 ,4.0,0.0,0.0,68 ,20508
G,Retail Trade,214011373,Frankston South,49 ,36 ,8.0,0.0,0.0,93 ,21468
G,Retail Trade,214011374,Langwarrin,45 ,21 ,8.0,3.0,0.0,76 ,20508
G,Retail Trade,214011375,Seaford (Vic.),62 ,39 ,17.0,4.0,0.0,122 ,20507
G,Retail Trade,214011376,Skye - Sandhurst,32 ,10 ,3.0,0.0,0.0,45 ,20508
G,Retail Trade,214021377,Dromana,48 ,26 ,16.0,5.0,0.0,95 ,20072
G,Retail Trade,214021378,Flinders,30 ,18 ,9.0,4.0,0.0,61 ,20072
G,Retail Trade,214021379,Hastings - Somers,60 ,36 ,11.0,3.0,0.0,109 ,21664
G,Retail Trade,214021381,Mount Eliza,72 ,56 ,14.0,3.0,0.0,145 ,20949
G,Retail Trade,214021382,Mount Martha,60 ,24 ,15.0,0.0,0.0,99 ,21803
G,Retail Trade,214021383,Point Nepean,66 ,40 ,19.0,3.0,3.0,128 ,20280
G,Retail Trade,214021384,Rosebud - McCrae,46 ,39 ,33.0,3.0,0.0,121 ,20072
G,Retail Trade,214021385,Somerville,76 ,39 ,13.0,3.0,0.0,132 ,22050
G,Retail Trade,214021591,Mornington - East,49 ,49 ,41.0,6.0,0.0,145 ,21793
G,Retail Trade,214021592,Mornington - West,42 ,46 ,20.0,5.0,0.0,113 ,21793
G,Retail Trade,215011386,Ararat,14 ,17 ,9.0,0.0,0.0,40 ,20811
G,Retail Trade,215011387,Ararat Surrounds,5 ,4 ,4.0,0.0,0.0,13 ,20680
G,Retail Trade,215011388,Horsham,40 ,49 ,33.0,0.0,0.0,124 ,20403
G,Retail Trade,215011389,Horsham Surrounds,12 ,0 ,0.0,0.0,0.0,14 ,20403
G,Retail Trade,215011390,Nhill Region,25 ,14 ,8.0,0.0,0.0,48 ,20756
G,Retail Trade,215011391,St Arnaud,10 ,6 ,5.0,0.0,0.0,22 ,20142
G,Retail Trade,215011392,Stawell,27 ,19 ,6.0,3.0,0.0,54 ,20680
G,Retail Trade,215011393,West Wimmera,11 ,8 ,3.0,0.0,0.0,21 ,20119
G,Retail Trade,215011394,Yarriambiack,11 ,13 ,4.0,0.0,0.0,30 ,20756
G,Retail Trade,215021395,Irymple,12 ,6 ,9.0,3.0,0.0,28 ,20488
G,Retail Trade,215021396,Merbein,6 ,6 ,3.0,3.0,0.0,15 ,21388
G,Retail Trade,215021398,Mildura Surrounds,9 ,8 ,4.0,0.0,0.0,21 ,20234
G,Retail Trade,215021399,Red Cliffs,9 ,10 ,5.0,0.0,0.0,24 ,20488
G,Retail Trade,215021469,Mildura - North,53 ,55 ,33.0,10.0,0.0,151 ,21682
G,Retail Trade,215021470,Mildura - South,36 ,17 ,21.0,5.0,0.0,79 ,21245
G,Retail Trade,215031400,Buloke,19 ,21 ,7.0,0.0,0.0,48 ,20155
G,Retail Trade,215031401,Gannawarra,19 ,23 ,10.0,0.0,0.0,52 ,20051
G,Retail Trade,215031402,Kerang,16 ,13 ,4.0,0.0,0.0,33 ,20477
G,Retail Trade,215031403,Robinvale,17 ,11 ,5.0,0.0,0.0,33 ,22744
G,Retail Trade,215031404,Swan Hill,42 ,49 ,22.0,7.0,0.0,120 ,21076
G,Retail Trade,215031405,Swan Hill Surrounds,14 ,5 ,3.0,0.0,0.0,22 ,20047
G,Retail Trade,216011406,Echuca,53 ,45 ,44.0,4.0,0.0,146 ,20125
G,Retail Trade,216011407,Kyabram,17 ,27 ,12.0,3.0,0.0,59 ,20838
G,Retail Trade,216011408,Lockington - Gunbower,4 ,6 ,0.0,0.0,0.0,10 ,20755
G,Retail Trade,216011409,Rochester,6 ,10 ,6.0,3.0,0.0,25 ,20281
G,Retail Trade,216011410,Rushworth,12 ,4 ,0.0,0.0,0.0,18 ,20093
G,Retail Trade,216021411,Cobram,19 ,18 ,18.0,3.0,0.0,56 ,20301
G,Retail Trade,216021412,Moira,3 ,3 ,0.0,0.0,0.0,7 ,20032
G,Retail Trade,216021413,Numurkah,22 ,12 ,13.0,0.0,0.0,49 ,20839
G,Retail Trade,216021414,Yarrawonga,26 ,22 ,13.0,0.0,0.0,61 ,20395
G,Retail Trade,216031415,Mooroopna,14 ,8 ,0.0,0.0,0.0,24 ,20063
G,Retail Trade,216031416,Shepparton - North,59 ,46 ,28.0,5.0,0.0,140 ,20393
G,Retail Trade,216031418,Shepparton Surrounds - East,10 ,4 ,0.0,0.0,0.0,14 ,20056
G,Retail Trade,216031419,Shepparton Surrounds - West,22 ,10 ,8.0,0.0,0.0,41 ,20056
G,Retail Trade,216031593,Kialla,27 ,25 ,18.0,5.0,0.0,75 ,20056
G,Retail Trade,216031594,Shepparton - South East,35 ,44 ,23.0,9.0,0.0,111 ,21340
G,Retail Trade,217011420,Glenelg (Vic.),18 ,10 ,7.0,0.0,0.0,36 ,20340
G,Retail Trade,217011421,Hamilton (Vic.),26 ,30 ,19.0,4.0,0.0,79 ,20322
G,Retail Trade,217011422,Portland,21 ,21 ,18.0,0.0,0.0,60 ,20274
G,Retail Trade,217011423,Southern Grampians,16 ,12 ,5.0,0.0,0.0,33 ,20199
G,Retail Trade,217031471,Camperdown,5 ,12 ,5.0,3.0,0.0,24 ,20285
G,Retail Trade,217031472,Colac,22 ,39 ,26.0,3.0,0.0,90 ,20149
G,Retail Trade,217031473,Colac Surrounds,13 ,4 ,3.0,0.0,0.0,20 ,20671
G,Retail Trade,217031474,Corangamite - North,12 ,9 ,3.0,0.0,0.0,25 ,20319
G,Retail Trade,217031475,Corangamite - South,20 ,10 ,7.0,0.0,0.0,38 ,20306
G,Retail Trade,217031476,Otway,13 ,7 ,3.0,3.0,0.0,24 ,20161
G,Retail Trade,217041477,Moyne - East,19 ,15 ,4.0,0.0,0.0,38 ,21916
G,Retail Trade,217041478,Moyne - West,26 ,17 ,8.0,3.0,0.0,54 ,20225
G,Retail Trade,217041479,Warrnambool - North,27 ,16 ,24.0,3.0,0.0,70 ,20028
G,Retail Trade,217041480,Warrnambool - South,35 ,48 ,39.0,11.0,0.0,133 ,20028
H,Accommodation and Food Services,201011001,Alfredton,17 ,26 ,21.0,0.0,0.0,65 ,20023
H,Accommodation and Food Services,201011002,Ballarat,47 ,55 ,66.0,33.0,3.0,203 ,20023
H,Accommodation and Food Services,201011005,Buninyong,9 ,10 ,5.0,0.0,0.0,25 ,20409
H,Accommodation and Food Services,201011006,Delacombe,12 ,15 ,6.0,0.0,0.0,33 ,20023
H,Accommodation and Food Services,201011007,Smythes Creek,0 ,3 ,0.0,0.0,0.0,0 ,20262
H,Accommodation and Food Services,201011008,Wendouree - Miners Rest,16 ,11 ,6.0,4.0,0.0,37 ,20023
H,Accommodation and Food Services,201011481,Ballarat East - Warrenheip,10 ,16 ,13.0,3.0,0.0,42 ,20104
H,Accommodation and Food Services,201011482,Ballarat North - Invermay,11 ,18 ,16.0,5.0,0.0,50 ,22745
H,Accommodation and Food Services,201011483,Canadian - Mount Clear,14 ,19 ,16.0,0.0,0.0,50 ,20111
H,Accommodation and Food Services,201011484,Sebastopol - Redan,12 ,8 ,6.0,3.0,0.0,28 ,20730
H,Accommodation and Food Services,201021009,Bacchus Marsh Surrounds,7 ,10 ,9.0,3.0,0.0,27 ,20076
H,Accommodation and Food Services,201021010,Creswick - Clunes,11 ,17 ,7.0,0.0,0.0,36 ,20262
H,Accommodation and Food Services,201021011,Daylesford,48 ,26 ,39.0,10.0,0.0,123 ,20256
H,Accommodation and Food Services,201021012,Gordon (Vic.),11 ,3 ,3.0,0.0,0.0,17 ,20409
H,Accommodation and Food Services,201031013,Avoca,7 ,6 ,5.0,0.0,0.0,19 ,20008
H,Accommodation and Food Services,201031014,Beaufort,7 ,8 ,4.0,0.0,0.0,20 ,20262
H,Accommodation and Food Services,201031015,Golden Plains - North,0 ,3 ,3.0,0.0,0.0,8 ,21123
H,Accommodation and Food Services,201031016,Maryborough (Vic.),12 ,12 ,6.0,4.0,0.0,34 ,20009
H,Accommodation and Food Services,201031017,Maryborough Surrounds,4 ,7 ,3.0,0.0,0.0,13 ,20459
H,Accommodation and Food Services,202011018,Bendigo,32 ,49 ,71.0,30.0,0.0,182 ,20208
H,Accommodation and Food Services,202011019,California Gully - Eaglehawk,6 ,9 ,7.0,0.0,0.0,22 ,20444
H,Accommodation and Food Services,202011020,East Bendigo - Kennington,19 ,14 ,18.0,5.0,0.0,56 ,20208
H,Accommodation and Food Services,202011021,Flora Hill - Spring Gully,6 ,3 ,3.0,0.0,0.0,12 ,20208
H,Accommodation and Food Services,202011022,Kangaroo Flat - Golden Square,18 ,23 ,21.0,6.0,0.0,68 ,20208
H,Accommodation and Food Services,202011023,Maiden Gully,3 ,3 ,0.0,0.0,0.0,6 ,20444
H,Accommodation and Food Services,202011024,Strathfieldsaye,8 ,4 ,7.0,0.0,0.0,20 ,20828
H,Accommodation and Food Services,202011025,White Hills - Ascot,10 ,18 ,5.0,0.0,0.0,34 ,20208
H,Accommodation and Food Services,202021026,Bendigo Surrounds - South,4 ,4 ,7.0,3.0,0.0,16 ,20835
H,Accommodation and Food Services,202021027,Castlemaine,11 ,13 ,20.0,5.0,0.0,49 ,20955
H,Accommodation and Food Services,202021028,Castlemaine Surrounds,23 ,10 ,14.0,0.0,0.0,48 ,20459
H,Accommodation and Food Services,202021029,Heathcote,11 ,10 ,5.0,3.0,0.0,28 ,20877
H,Accommodation and Food Services,202021030,Kyneton,10 ,21 ,21.0,5.0,0.0,57 ,20076
H,Accommodation and Food Services,202021031,Woodend,12 ,6 ,10.0,4.0,0.0,32 ,20076
H,Accommodation and Food Services,202031032,Bendigo Surrounds - North,9 ,5 ,4.0,0.0,0.0,18 ,20828
H,Accommodation and Food Services,202031033,Loddon,11 ,10 ,5.0,0.0,0.0,26 ,20177
H,Accommodation and Food Services,203011034,Bannockburn,3 ,5 ,4.0,0.0,0.0,13 ,20133
H,Accommodation and Food Services,203011035,Golden Plains - South,8 ,5 ,9.0,0.0,0.0,22 ,20217
H,Accommodation and Food Services,203011036,Winchelsea,12 ,7 ,9.0,3.0,0.0,31 ,20151
H,Accommodation and Food Services,203021037,Belmont,22 ,25 ,13.0,4.0,3.0,66 ,20201
H,Accommodation and Food Services,203021039,Geelong,43 ,49 ,92.0,30.0,3.0,217 ,20201
H,Accommodation and Food Services,203021040,Geelong West - Hamlyn Heights,22 ,27 ,36.0,10.0,0.0,95 ,20165
H,Accommodation and Food Services,203021042,Highton,12 ,29 ,14.0,0.0,0.0,55 ,20151
H,Accommodation and Food Services,203021043,Lara,16 ,17 ,13.0,4.0,0.0,50 ,20115
H,Accommodation and Food Services,203021044,Leopold,7 ,10 ,12.0,3.0,0.0,32 ,20621
H,Accommodation and Food Services,203021045,Newcomb - Moolap,13 ,13 ,9.0,3.0,0.0,37 ,20326
H,Accommodation and Food Services,203021046,Newtown (Vic.),20 ,22 ,19.0,5.0,0.0,66 ,20960
H,Accommodation and Food Services,203021047,North Geelong - Bell Park,22 ,26 ,14.0,5.0,0.0,67 ,20165
H,Accommodation and Food Services,203021485,Charlemont,12 ,11 ,6.0,4.0,0.0,33 ,21790
H,Accommodation and Food Services,203021486,Corio - Lovely Banks,16 ,13 ,6.0,0.0,0.0,36 ,20165
H,Accommodation and Food Services,203021487,Grovedale - Mount Duneed,15 ,29 ,20.0,7.0,0.0,72 ,20954
H,Accommodation and Food Services,203021488,Norlane,7 ,5 ,0.0,3.0,0.0,15 ,20191
H,Accommodation and Food Services,203031048,Clifton Springs,17 ,11 ,9.0,3.0,0.0,40 ,20697
H,Accommodation and Food Services,203031049,Lorne - Anglesea,26 ,25 ,28.0,11.0,0.0,90 ,20046
H,Accommodation and Food Services,203031051,Portarlington,11 ,15 ,14.0,5.0,0.0,45 ,20193
H,Accommodation and Food Services,203031052,Point Lonsdale - Queenscliff,11 ,14 ,19.0,0.0,0.0,45 ,22663
H,Accommodation and Food Services,203031053,Torquay,36 ,27 ,39.0,19.0,3.0,122 ,20046
H,Accommodation and Food Services,203031489,Barwon Heads - Armstrong Creek,10 ,5 ,10.0,11.0,0.0,36 ,21790
H,Accommodation and Food Services,203031490,Ocean Grove,20 ,19 ,31.0,9.0,0.0,79 ,20621
H,Accommodation and Food Services,204011054,Alexandra,25 ,16 ,12.0,7.0,0.0,60 ,20005
H,Accommodation and Food Services,204011055,Euroa,9 ,21 ,11.0,3.0,0.0,42 ,20283
H,Accommodation and Food Services,204011056,Kilmore - Broadford,13 ,18 ,12.0,0.0,0.0,45 ,21980
H,Accommodation and Food Services,204011057,Mansfield (Vic.),56 ,37 ,25.0,15.0,0.0,133 ,20283
H,Accommodation and Food Services,204011058,Nagambie,8 ,7 ,8.0,3.0,0.0,25 ,20652
H,Accommodation and Food Services,204011059,Seymour,6 ,13 ,15.0,3.0,0.0,37 ,20086
H,Accommodation and Food Services,204011060,Seymour Surrounds,6 ,3 ,3.0,0.0,0.0,11 ,22154
H,Accommodation and Food Services,204011061,Upper Yarra Valley,0 ,0 ,0.0,0.0,0.0,0 ,20452
H,Accommodation and Food Services,204011062,Yea,10 ,10 ,7.0,3.0,0.0,29 ,20005
H,Accommodation and Food Services,204021063,Benalla,10 ,15 ,15.0,3.0,0.0,43 ,20096
H,Accommodation and Food Services,204021064,Benalla Surrounds,10 ,0 ,3.0,3.0,0.0,16 ,20283
H,Accommodation and Food Services,204021065,Rutherglen,13 ,11 ,13.0,3.0,0.0,38 ,20296
H,Accommodation and Food Services,204021066,Wangaratta,17 ,32 ,27.0,10.0,3.0,87 ,21349
H,Accommodation and Food Services,204021067,Wangaratta Surrounds,22 ,24 ,10.0,3.0,0.0,59 ,20060
H,Accommodation and Food Services,204031068,Beechworth,26 ,12 ,14.0,3.0,0.0,55 ,20551
H,Accommodation and Food Services,204031069,Bright - Mount Beauty,87 ,59 ,62.0,14.0,0.0,222 ,21210
H,Accommodation and Food Services,204031070,Chiltern - Indigo Valley,5 ,5 ,5.0,0.0,0.0,15 ,20357
H,Accommodation and Food Services,204031071,Myrtleford,10 ,7 ,13.0,3.0,0.0,32 ,20312
H,Accommodation and Food Services,204031072,Towong,16 ,23 ,4.0,0.0,0.0,43 ,20883
H,Accommodation and Food Services,204031073,West Wodonga,9 ,13 ,5.0,4.0,0.0,31 ,21230
H,Accommodation and Food Services,204031075,Yackandandah,7 ,7 ,4.0,0.0,0.0,19 ,22351
H,Accommodation and Food Services,204031491,Baranduda - Leneva,5 ,6 ,6.0,0.0,0.0,18 ,21230
H,Accommodation and Food Services,204031492,Wodonga,14 ,24 ,30.0,9.0,0.0,77 ,21222
H,Accommodation and Food Services,205011076,Drouin,11 ,19 ,10.0,4.0,0.0,45 ,20081
H,Accommodation and Food Services,205011077,Mount Baw Baw Region,17 ,9 ,6.0,0.0,0.0,32 ,20452
H,Accommodation and Food Services,205011078,Trafalgar (Vic.),8 ,16 ,11.0,0.0,0.0,36 ,20391
H,Accommodation and Food Services,205011079,Warragul,30 ,27 ,27.0,9.0,0.0,93 ,20081
H,Accommodation and Food Services,205021080,Alps - East,0 ,0 ,0.0,0.0,0.0,0 ,20719
H,Accommodation and Food Services,205021081,Bairnsdale,22 ,26 ,19.0,6.0,0.0,73 ,20103
H,Accommodation and Food Services,205021082,Bruthen - Omeo,13 ,12 ,12.0,3.0,0.0,39 ,20265
H,Accommodation and Food Services,205021083,Lake King,0 ,0 ,0.0,0.0,0.0,0 ,20822
H,Accommodation and Food Services,205021084,Lakes Entrance,38 ,29 ,27.0,10.0,0.0,104 ,20290
H,Accommodation and Food Services,205021085,Orbost,26 ,18 ,13.0,0.0,0.0,58 ,20360
H,Accommodation and Food Services,205021086,Paynesville,10 ,11 ,9.0,3.0,0.0,33 ,20103
H,Accommodation and Food Services,205031087,Foster,32 ,26 ,18.0,0.0,0.0,78 ,20010
H,Accommodation and Food Services,205031088,French Island,0 ,0 ,0.0,0.0,0.0,0 ,20856
H,Accommodation and Food Services,205031089,Korumburra,6 ,14 ,7.0,3.0,0.0,30 ,20081
H,Accommodation and Food Services,205031090,Leongatha,8 ,20 ,10.0,3.0,0.0,40 ,20024
H,Accommodation and Food Services,205031091,Phillip Island,33 ,49 ,39.0,7.0,0.0,128 ,20475
H,Accommodation and Food Services,205031092,Wilsons Promontory,0 ,0 ,0.0,0.0,0.0,0 ,22800
H,Accommodation and Food Services,205031093,Wonthaggi - Inverloch,46 ,40 ,34.0,11.0,0.0,131 ,21235
H,Accommodation and Food Services,205041094,Churchill,6 ,9 ,3.0,0.0,0.0,19 ,20585
H,Accommodation and Food Services,205041095,Moe - Newborough,20 ,20 ,8.0,3.0,0.0,50 ,21716
H,Accommodation and Food Services,205041096,Morwell,22 ,23 ,17.0,4.0,0.0,66 ,22596
H,Accommodation and Food Services,205041098,Yallourn North - Glengarry,0 ,3 ,0.0,0.0,0.0,4 ,20286
H,Accommodation and Food Services,205041493,Traralgon - East,24 ,31 ,23.0,13.0,3.0,92 ,21027
H,Accommodation and Food Services,205041494,Traralgon - West,7 ,17 ,15.0,4.0,0.0,43 ,21027
H,Accommodation and Food Services,205051099,Alps - West,0 ,0 ,0.0,0.0,0.0,0 ,21210
H,Accommodation and Food Services,205051100,Longford - Loch Sport,11 ,6 ,4.0,0.0,0.0,21 ,20938
H,Accommodation and Food Services,205051101,Maffra,19 ,23 ,16.0,3.0,0.0,61 ,22542
H,Accommodation and Food Services,205051102,Rosedale,3 ,0 ,4.0,0.0,0.0,7 ,22543
H,Accommodation and Food Services,205051103,Sale,17 ,32 ,21.0,6.0,0.0,77 ,20586
H,Accommodation and Food Services,205051104,Yarram,10 ,12 ,7.0,0.0,0.0,31 ,20242
H,Accommodation and Food Services,206011106,Brunswick East,18 ,23 ,22.0,12.0,0.0,75 ,20361
H,Accommodation and Food Services,206011107,Brunswick West,15 ,19 ,11.0,4.0,0.0,49 ,20361
H,Accommodation and Food Services,206011109,Pascoe Vale South,10 ,12 ,10.0,0.0,0.0,34 ,20596
H,Accommodation and Food Services,206011495,Brunswick - North,25 ,39 ,27.0,6.0,0.0,97 ,20361
H,Accommodation and Food Services,206011496,Brunswick - South,42 ,53 ,43.0,30.0,3.0,169 ,20361
H,Accommodation and Food Services,206011497,Coburg - East,26 ,45 ,19.0,4.0,0.0,94 ,20361
H,Accommodation and Food Services,206011498,Coburg - West,12 ,13 ,13.0,0.0,0.0,39 ,20361
H,Accommodation and Food Services,206021110,Alphington - Fairfield,11 ,19 ,23.0,3.0,0.0,55 ,21971
H,Accommodation and Food Services,206021112,Thornbury,21 ,40 ,32.0,11.0,0.0,104 ,20362
H,Accommodation and Food Services,206021499,Northcote - East,12 ,21 ,25.0,9.0,0.0,67 ,21971
H,Accommodation and Food Services,206021500,Northcote - West,13 ,19 ,23.0,6.0,0.0,61 ,20362
H,Accommodation and Food Services,206031113,Ascot Vale,15 ,21 ,16.0,3.0,0.0,55 ,20075
H,Accommodation and Food Services,206031115,Flemington,13 ,12 ,10.0,4.0,0.0,39 ,20075
H,Accommodation and Food Services,206031116,Moonee Ponds,27 ,48 ,35.0,13.0,0.0,123 ,20075
H,Accommodation and Food Services,206031501,Essendon (West) - Aberfeldie,25 ,23 ,17.0,11.0,0.0,76 ,20885
H,Accommodation and Food Services,206031502,Essendon - East,28 ,25 ,26.0,10.0,0.0,89 ,20363
H,Accommodation and Food Services,206041117,Carlton,77 ,63 ,63.0,36.0,0.0,240 ,20496
H,Accommodation and Food Services,206041118,Docklands,70 ,101 ,75.0,40.0,0.0,286 ,21640
H,Accommodation and Food Services,206041119,East Melbourne,21 ,10 ,13.0,5.0,3.0,50 ,20495
H,Accommodation and Food Services,206041120,Flemington Racecourse,0 ,3 ,3.0,0.0,0.0,5 ,20075
H,Accommodation and Food Services,206041121,Kensington (Vic.),15 ,22 ,15.0,8.0,0.0,61 ,20929
H,Accommodation and Food Services,206041124,Parkville,6 ,11 ,10.0,6.0,0.0,33 ,20361
H,Accommodation and Food Services,206041125,South Yarra - West,12 ,12 ,8.0,14.0,0.0,47 ,21640
H,Accommodation and Food Services,206041127,West Melbourne - Industrial,3 ,3 ,0.0,0.0,0.0,3 ,20935
H,Accommodation and Food Services,206041503,Melbourne CBD - East,151 ,135 ,184.0,123.0,5.0,598 ,20495
H,Accommodation and Food Services,206041504,Melbourne CBD - North,79 ,92 ,83.0,43.0,3.0,299 ,20495
H,Accommodation and Food Services,206041505,Melbourne CBD - West,215 ,189 ,187.0,91.0,3.0,684 ,21640
H,Accommodation and Food Services,206041506,North Melbourne,29 ,72 ,40.0,17.0,0.0,158 ,22038
H,Accommodation and Food Services,206041507,Royal Botanic Gardens Victoria,0 ,0 ,0.0,0.0,0.0,0 ,21640
H,Accommodation and Food Services,206041508,Southbank (West) - South Wharf,32 ,17 ,14.0,26.0,0.0,90 ,21640
H,Accommodation and Food Services,206041509,Southbank - East,42 ,31 ,22.0,6.0,0.0,101 ,21640
H,Accommodation and Food Services,206041510,West Melbourne - Residential,14 ,31 ,25.0,5.0,0.0,75 ,21640
H,Accommodation and Food Services,206051128,Albert Park,76 ,26 ,41.0,18.0,4.0,165 ,21640
H,Accommodation and Food Services,206051129,Elwood,23 ,13 ,12.0,5.0,0.0,53 ,22343
H,Accommodation and Food Services,206051130,Port Melbourne,28 ,44 ,31.0,20.0,3.0,124 ,22107
H,Accommodation and Food Services,206051134,St Kilda East,27 ,30 ,35.0,6.0,3.0,99 ,22118
H,Accommodation and Food Services,206051511,Port Melbourne Industrial,22 ,28 ,20.0,12.0,3.0,83 ,20766
H,Accommodation and Food Services,206051512,South Melbourne,77 ,81 ,72.0,39.0,3.0,272 ,21640
H,Accommodation and Food Services,206051513,St Kilda - Central,21 ,27 ,15.0,3.0,0.0,64 ,22805
H,Accommodation and Food Services,206051514,St Kilda - West,48 ,38 ,45.0,30.0,0.0,162 ,21640
H,Accommodation and Food Services,206061135,Armadale,13 ,30 ,29.0,7.0,0.0,80 ,22118
H,Accommodation and Food Services,206061136,Prahran - Windsor,65 ,69 ,70.0,35.0,0.0,239 ,21640
H,Accommodation and Food Services,206061138,Toorak,29 ,12 ,18.0,11.0,0.0,71 ,22118
H,Accommodation and Food Services,206061515,South Yarra - North,51 ,34 ,31.0,16.0,0.0,132 ,21640
H,Accommodation and Food Services,206061516,South Yarra - South,33 ,40 ,35.0,29.0,0.0,137 ,22118
H,Accommodation and Food Services,206071139,Abbotsford,21 ,25 ,29.0,14.0,3.0,90 ,20901
H,Accommodation and Food Services,206071140,Carlton North - Princes Hill,12 ,15 ,18.0,3.0,0.0,47 ,20361
H,Accommodation and Food Services,206071141,Collingwood,49 ,44 ,37.0,30.0,0.0,160 ,20925
H,Accommodation and Food Services,206071142,Fitzroy,59 ,61 ,73.0,41.0,3.0,236 ,20925
H,Accommodation and Food Services,206071143,Fitzroy North,16 ,21 ,33.0,10.0,0.0,80 ,20362
H,Accommodation and Food Services,206071145,Clifton Hill - Alphington,10 ,6 ,9.0,4.0,0.0,29 ,20925
H,Accommodation and Food Services,206071517,Richmond (South) - Cremorne,88 ,50 ,68.0,35.0,0.0,243 ,20830
H,Accommodation and Food Services,206071518,Richmond - North,21 ,44 ,30.0,14.0,0.0,109 ,20830
H,Accommodation and Food Services,207011146,Ashburton (Vic.),4 ,8 ,14.0,3.0,0.0,28 ,20077
H,Accommodation and Food Services,207011147,Balwyn,41 ,62 ,37.0,6.0,0.0,147 ,21336
H,Accommodation and Food Services,207011148,Balwyn North,49 ,56 ,34.0,12.0,0.0,151 ,21336
H,Accommodation and Food Services,207011149,Camberwell,43 ,36 ,37.0,15.0,0.0,131 ,21010
H,Accommodation and Food Services,207011150,Glen Iris - East,20 ,16 ,16.0,8.0,3.0,61 ,20077
H,Accommodation and Food Services,207011152,Hawthorn East,37 ,24 ,45.0,17.0,0.0,123 ,21586
H,Accommodation and Food Services,207011154,Kew East,12 ,7 ,11.0,5.0,0.0,35 ,20034
H,Accommodation and Food Services,207011155,Surrey Hills (West) - Canterbury,17 ,29 ,23.0,0.0,0.0,71 ,21336
H,Accommodation and Food Services,207011519,Hawthorn - North,20 ,22 ,28.0,10.0,0.0,80 ,22170
H,Accommodation and Food Services,207011520,Hawthorn - South,31 ,26 ,20.0,14.0,0.0,91 ,22547
H,Accommodation and Food Services,207011521,Kew - South,28 ,32 ,22.0,8.0,0.0,90 ,21152
H,Accommodation and Food Services,207011522,Kew - West,24 ,24 ,24.0,9.0,0.0,81 ,20034
H,Accommodation and Food Services,207021156,Bulleen,21 ,24 ,9.0,0.0,0.0,56 ,20124
H,Accommodation and Food Services,207021157,Doncaster,48 ,54 ,59.0,12.0,0.0,173 ,20124
H,Accommodation and Food Services,207021159,Templestowe,37 ,31 ,23.0,3.0,0.0,94 ,20771
H,Accommodation and Food Services,207021160,Templestowe Lower,17 ,21 ,16.0,0.0,0.0,55 ,20386
H,Accommodation and Food Services,207021424,Doncaster East - North,26 ,42 ,22.0,3.0,0.0,92 ,20771
H,Accommodation and Food Services,207021425,Doncaster East - South,30 ,42 ,44.0,4.0,0.0,120 ,20771
H,Accommodation and Food Services,207031161,Blackburn,28 ,46 ,20.0,0.0,0.0,96 ,20315
H,Accommodation and Food Services,207031162,Blackburn South,14 ,20 ,8.0,0.0,0.0,43 ,20426
H,Accommodation and Food Services,207031163,Box Hill,67 ,91 ,65.0,10.0,0.0,233 ,21732
H,Accommodation and Food Services,207031164,Box Hill North,23 ,21 ,19.0,0.0,0.0,65 ,20123
H,Accommodation and Food Services,207031165,Burwood (Vic.),21 ,27 ,15.0,0.0,0.0,64 ,21010
H,Accommodation and Food Services,207031166,Burwood East,20 ,24 ,20.0,5.0,0.0,69 ,20426
H,Accommodation and Food Services,207031167,Surrey Hills (East) - Mont Albert,9 ,7 ,11.0,3.0,0.0,30 ,21732
H,Accommodation and Food Services,208011168,Beaumaris,12 ,26 ,13.0,4.0,0.0,55 ,20182
H,Accommodation and Food Services,208011169,Brighton (Vic.),36 ,31 ,43.0,19.0,0.0,129 ,20337
H,Accommodation and Food Services,208011170,Brighton East,18 ,12 ,22.0,6.0,0.0,58 ,20337
H,Accommodation and Food Services,208011171,Highett (West) - Cheltenham,15 ,25 ,12.0,0.0,0.0,54 ,20182
H,Accommodation and Food Services,208011172,Hampton,21 ,27 ,25.0,11.0,0.0,84 ,20337
H,Accommodation and Food Services,208011173,Sandringham - Black Rock,24 ,28 ,36.0,12.0,0.0,101 ,20182
H,Accommodation and Food Services,208021174,Bentleigh - McKinnon,31 ,50 ,50.0,11.0,0.0,142 ,20338
H,Accommodation and Food Services,208021176,Carnegie,28 ,42 ,21.0,8.0,0.0,99 ,21587
H,Accommodation and Food Services,208021177,Caulfield - North,27 ,25 ,22.0,10.0,0.0,84 ,20105
H,Accommodation and Food Services,208021178,Caulfield - South,21 ,25 ,16.0,4.0,0.0,66 ,20864
H,Accommodation and Food Services,208021179,Elsternwick,20 ,21 ,23.0,8.0,0.0,72 ,20337
H,Accommodation and Food Services,208021180,Hughesdale,6 ,9 ,13.0,0.0,0.0,28 ,21587
H,Accommodation and Food Services,208021181,Murrumbeena,9 ,12 ,7.0,3.0,0.0,31 ,21587
H,Accommodation and Food Services,208021182,Ormond - Glen Huntly,21 ,19 ,16.0,3.0,0.0,59 ,20338
H,Accommodation and Food Services,208021426,Bentleigh East - North,23 ,33 ,13.0,0.0,0.0,71 ,20214
H,Accommodation and Food Services,208021427,Bentleigh East - South,19 ,15 ,12.0,3.0,0.0,49 ,20214
H,Accommodation and Food Services,208031183,Aspendale Gardens - Waterways,5 ,9 ,3.0,3.0,0.0,18 ,20079
H,Accommodation and Food Services,208031184,Braeside,6 ,11 ,3.0,0.0,0.0,21 ,20079
H,Accommodation and Food Services,208031185,Carrum - Patterson Lakes,12 ,17 ,9.0,0.0,0.0,39 ,20131
H,Accommodation and Food Services,208031186,Chelsea - Bonbeach,12 ,10 ,11.0,3.0,0.0,36 ,20538
H,Accommodation and Food Services,208031187,Chelsea Heights,6 ,9 ,3.0,0.0,0.0,17 ,20080
H,Accommodation and Food Services,208031188,Highett (East) - Cheltenham,41 ,56 ,49.0,23.0,0.0,169 ,20539
H,Accommodation and Food Services,208031189,Edithvale - Aspendale,10 ,12 ,10.0,3.0,0.0,35 ,20079
H,Accommodation and Food Services,208031190,Mentone,13 ,28 ,15.0,0.0,0.0,58 ,20182
H,Accommodation and Food Services,208031191,Moorabbin - Heatherton,37 ,33 ,23.0,9.0,0.0,102 ,20539
H,Accommodation and Food Services,208031192,Moorabbin Airport,0 ,3 ,4.0,0.0,0.0,8 ,20539
H,Accommodation and Food Services,208031193,Mordialloc - Parkdale,26 ,22 ,32.0,9.0,0.0,89 ,21648
H,Accommodation and Food Services,208041194,Malvern - Glen Iris,31 ,34 ,37.0,16.0,0.0,118 ,20066
H,Accommodation and Food Services,208041195,Malvern East,45 ,40 ,23.0,20.0,0.0,128 ,20523
H,Accommodation and Food Services,209011196,Bundoora - East,5 ,10 ,8.0,4.0,0.0,27 ,20399
H,Accommodation and Food Services,209011197,Greensborough,16 ,18 ,26.0,4.0,0.0,64 ,21104
H,Accommodation and Food Services,209011198,Heidelberg - Rosanna,21 ,29 ,13.0,5.0,0.0,68 ,21246
H,Accommodation and Food Services,209011199,Heidelberg West,20 ,20 ,7.0,3.0,3.0,50 ,22121
H,Accommodation and Food Services,209011200,Ivanhoe,16 ,27 ,17.0,0.0,0.0,61 ,22508
H,Accommodation and Food Services,209011201,Ivanhoe East - Eaglemont,8 ,10 ,6.0,3.0,0.0,26 ,21246
H,Accommodation and Food Services,209011202,Montmorency - Briar Hill,14 ,11 ,21.0,6.0,0.0,53 ,22484
H,Accommodation and Food Services,209011203,Viewbank - Yallambie,16 ,14 ,8.0,0.0,0.0,39 ,20386
H,Accommodation and Food Services,209011204,Watsonia,7 ,9 ,10.0,3.0,0.0,28 ,20399
H,Accommodation and Food Services,209021205,Kingsbury,9 ,25 ,11.0,3.0,0.0,48 ,20399
H,Accommodation and Food Services,209021428,Preston - East,47 ,49 ,45.0,17.0,3.0,159 ,22121
H,Accommodation and Food Services,209021429,Preston - West,16 ,13 ,9.0,3.0,0.0,39 ,20596
H,Accommodation and Food Services,209021523,Reservoir - North East,23 ,16 ,3.0,0.0,0.0,42 ,20399
H,Accommodation and Food Services,209021524,Reservoir - North West,10 ,20 ,3.0,3.0,0.0,34 ,22161
H,Accommodation and Food Services,209021525,Reservoir - South East,12 ,20 ,7.0,3.0,0.0,40 ,22121
H,Accommodation and Food Services,209021526,Reservoir - South West,19 ,15 ,11.0,0.0,3.0,47 ,20597
H,Accommodation and Food Services,209031209,Eltham,13 ,20 ,17.0,8.0,0.0,59 ,22483
H,Accommodation and Food Services,209031210,Hurstbridge,5 ,5 ,5.0,0.0,0.0,16 ,20752
H,Accommodation and Food Services,209031211,Kinglake,6 ,3 ,5.0,0.0,0.0,15 ,20916
H,Accommodation and Food Services,209031212,Panton Hill - St Andrews,5 ,4 ,5.0,0.0,0.0,14 ,21358
H,Accommodation and Food Services,209031213,Plenty - Yarrambat,6 ,9 ,10.0,3.0,0.0,28 ,20399
H,Accommodation and Food Services,209031214,Research - North Warrandyte,5 ,9 ,5.0,3.0,0.0,20 ,20865
H,Accommodation and Food Services,209031215,Wattle Glen - Diamond Creek,11 ,14 ,6.0,3.0,0.0,33 ,20865
H,Accommodation and Food Services,209041216,Bundoora - North,11 ,18 ,10.0,5.0,0.0,44 ,20399
H,Accommodation and Food Services,209041217,Bundoora - West,5 ,15 ,4.0,0.0,0.0,24 ,20399
H,Accommodation and Food Services,209041220,Mill Park - North,25 ,30 ,18.0,5.0,3.0,79 ,21683
H,Accommodation and Food Services,209041221,Mill Park - South,16 ,10 ,3.0,0.0,0.0,28 ,20399
H,Accommodation and Food Services,209041223,Thomastown,43 ,43 ,14.0,0.0,0.0,100 ,20399
H,Accommodation and Food Services,209041224,Wallan,26 ,19 ,18.0,0.0,0.0,63 ,20345
H,Accommodation and Food Services,209041225,Whittlesea,20 ,14 ,11.0,3.0,0.0,47 ,20576
H,Accommodation and Food Services,209041431,Epping - East,7 ,5 ,3.0,0.0,0.0,17 ,22311
H,Accommodation and Food Services,209041432,Epping - South,24 ,16 ,27.0,3.0,0.0,69 ,21683
H,Accommodation and Food Services,209041433,Epping (Vic.) - West,15 ,23 ,7.0,4.0,0.0,49 ,20878
H,Accommodation and Food Services,209041435,South Morang - North,13 ,13 ,3.0,0.0,0.0,30 ,20779
H,Accommodation and Food Services,209041436,South Morang - South,5 ,14 ,8.0,0.0,0.0,27 ,22916
H,Accommodation and Food Services,209041437,Wollert,44 ,32 ,20.0,3.0,0.0,99 ,22311
H,Accommodation and Food Services,209041527,Doreen - North,4 ,8 ,10.0,0.0,0.0,23 ,20779
H,Accommodation and Food Services,209041528,Doreen - South,6 ,7 ,10.0,0.0,0.0,23 ,20779
H,Accommodation and Food Services,209041529,Lalor - East,18 ,20 ,3.0,0.0,0.0,40 ,22504
H,Accommodation and Food Services,209041530,Lalor - West,17 ,14 ,10.0,0.0,0.0,41 ,22504
H,Accommodation and Food Services,209041531,Mernda - North,15 ,11 ,5.0,0.0,0.0,31 ,20779
H,Accommodation and Food Services,209041532,Mernda - South,9 ,10 ,5.0,0.0,0.0,25 ,20779
H,Accommodation and Food Services,210011226,Airport West,12 ,16 ,13.0,3.0,0.0,44 ,20886
H,Accommodation and Food Services,210011227,Essendon Airport,0 ,5 ,0.0,0.0,0.0,8 ,22380
H,Accommodation and Food Services,210011228,Keilor,25 ,25 ,19.0,8.0,0.0,77 ,20015
H,Accommodation and Food Services,210011230,Niddrie - Essendon West,9 ,14 ,11.0,3.0,0.0,37 ,20885
H,Accommodation and Food Services,210011231,Strathmore,10 ,16 ,9.0,0.0,0.0,35 ,20885
H,Accommodation and Food Services,210011533,Avondale Heights,11 ,15 ,12.0,0.0,0.0,39 ,21604
H,Accommodation and Food Services,210011534,Keilor East,10 ,21 ,6.0,3.0,0.0,38 ,20888
H,Accommodation and Food Services,210021232,Gisborne,12 ,11 ,13.0,5.0,3.0,42 ,20076
H,Accommodation and Food Services,210021233,Macedon,6 ,3 ,5.0,0.0,0.0,15 ,20387
H,Accommodation and Food Services,210021234,Riddells Creek,6 ,3 ,4.0,3.0,0.0,14 ,21176
H,Accommodation and Food Services,210021235,Romsey,12 ,13 ,6.0,3.0,0.0,33 ,20172
H,Accommodation and Food Services,210031236,Coburg North,16 ,26 ,16.0,4.0,3.0,63 ,20596
H,Accommodation and Food Services,210031237,Fawkner,32 ,18 ,11.0,0.0,0.0,61 ,20597
H,Accommodation and Food Services,210031439,Gowanbrae,5 ,0 ,3.0,3.0,0.0,8 ,22381
H,Accommodation and Food Services,210031440,Hadfield,12 ,7 ,4.0,0.0,0.0,23 ,22041
H,Accommodation and Food Services,210031535,Glenroy - East,26 ,17 ,4.0,0.0,0.0,48 ,22041
H,Accommodation and Food Services,210031536,Glenroy - West,10 ,21 ,4.0,0.0,0.0,35 ,22381
H,Accommodation and Food Services,210031537,Oak Park,3 ,12 ,5.0,0.0,0.0,20 ,22042
H,Accommodation and Food Services,210031538,Pascoe Vale,24 ,16 ,18.0,6.0,0.0,64 ,22042
H,Accommodation and Food Services,210041240,Sunbury,13 ,3 ,3.0,0.0,0.0,19 ,20567
H,Accommodation and Food Services,210041539,Diggers Rest,3 ,6 ,4.0,3.0,0.0,14 ,20754
H,Accommodation and Food Services,210041540,Sunbury - South,20 ,21 ,21.0,6.0,0.0,68 ,21318
H,Accommodation and Food Services,210041541,Sunbury - West,7 ,7 ,4.0,0.0,0.0,19 ,20754
H,Accommodation and Food Services,210051242,Broadmeadows,35 ,21 ,8.0,0.0,0.0,65 ,20909
H,Accommodation and Food Services,210051243,Campbellfield - Coolaroo,65 ,49 ,25.0,10.0,0.0,149 ,22161
H,Accommodation and Food Services,210051245,Gladstone Park - Westmeadows,23 ,27 ,3.0,3.0,0.0,56 ,22586
H,Accommodation and Food Services,210051246,Greenvale - Bulla,37 ,35 ,17.0,4.0,0.0,93 ,21675
H,Accommodation and Food Services,210051247,Meadow Heights,18 ,19 ,3.0,0.0,0.0,40 ,20624
H,Accommodation and Food Services,210051248,Melbourne Airport,3 ,0 ,3.0,3.0,0.0,10 ,21319
H,Accommodation and Food Services,210051250,Tullamarine,11 ,10 ,6.0,0.0,0.0,27 ,22586
H,Accommodation and Food Services,210051441,Craigieburn - Central,8 ,11 ,3.0,0.0,0.0,22 ,20661
H,Accommodation and Food Services,210051442,Craigieburn - North,20 ,20 ,11.0,3.0,0.0,53 ,21675
H,Accommodation and Food Services,210051443,Craigieburn - South,36 ,35 ,17.0,0.0,0.0,90 ,20878
H,Accommodation and Food Services,210051445,Mickleham - Yuroke,53 ,35 ,18.0,0.0,0.0,106 ,20233
H,Accommodation and Food Services,210051542,Craigieburn - North West,11 ,13 ,5.0,0.0,0.0,29 ,21675
H,Accommodation and Food Services,210051543,Craigieburn - West,18 ,21 ,7.0,3.0,0.0,49 ,21675
H,Accommodation and Food Services,210051544,Roxburgh Park (South) - Somerton,14 ,10 ,6.0,0.0,0.0,31 ,20878
H,Accommodation and Food Services,210051545,Roxburgh Park - North,18 ,9 ,3.0,0.0,0.0,30 ,20661
H,Accommodation and Food Services,211011251,Bayswater,16 ,29 ,16.0,3.0,0.0,64 ,20173
H,Accommodation and Food Services,211011254,Knoxfield - Scoresby,24 ,31 ,15.0,3.0,0.0,74 ,21013
H,Accommodation and Food Services,211011255,Lysterfield,3 ,3 ,0.0,0.0,0.0,7 ,20917
H,Accommodation and Food Services,211011256,Rowville - Central,21 ,14 ,10.0,6.0,3.0,52 ,21374
H,Accommodation and Food Services,211011257,Rowville - North,4 ,12 ,3.0,3.0,0.0,21 ,20917
H,Accommodation and Food Services,211011258,Rowville - South,10 ,8 ,8.0,3.0,0.0,28 ,22207
H,Accommodation and Food Services,211011259,Wantirna,9 ,26 ,17.0,0.0,0.0,52 ,22628
H,Accommodation and Food Services,211011260,Wantirna South,28 ,37 ,23.0,9.0,0.0,97 ,21013
H,Accommodation and Food Services,211011446,Boronia,28 ,36 ,16.0,6.0,0.0,86 ,20173
H,Accommodation and Food Services,211011447,Ferntree Gully - North,22 ,23 ,6.0,0.0,0.0,53 ,20304
H,Accommodation and Food Services,211011448,Ferntree Gully (South) - Upper Ferntree Gully,18 ,20 ,12.0,0.0,0.0,53 ,20917
H,Accommodation and Food Services,211011449,The Basin,0 ,7 ,3.0,0.0,0.0,11 ,20304
H,Accommodation and Food Services,211021261,Donvale - Park Orchards,15 ,17 ,19.0,0.0,0.0,52 ,20772
H,Accommodation and Food Services,211021262,Warrandyte - Wonga Park,9 ,17 ,21.0,4.0,0.0,51 ,20772
H,Accommodation and Food Services,211031263,Bayswater North,6 ,15 ,9.0,0.0,0.0,30 ,20173
H,Accommodation and Food Services,211031265,Croydon Hills - Warranwood,8 ,11 ,8.0,0.0,0.0,29 ,20556
H,Accommodation and Food Services,211031266,Ringwood,26 ,25 ,24.0,11.0,0.0,86 ,20774
H,Accommodation and Food Services,211031267,Ringwood East,8 ,28 ,14.0,3.0,0.0,53 ,20173
H,Accommodation and Food Services,211031268,Ringwood North,11 ,6 ,9.0,0.0,0.0,27 ,20774
H,Accommodation and Food Services,211031450,Croydon - East,11 ,19 ,16.0,5.0,0.0,51 ,21354
H,Accommodation and Food Services,211031451,Croydon - West,14 ,15 ,12.0,0.0,3.0,42 ,20556
H,Accommodation and Food Services,211031452,Croydon South,6 ,15 ,4.0,0.0,0.0,26 ,20174
H,Accommodation and Food Services,211041269,Forest Hill,16 ,25 ,14.0,4.0,0.0,59 ,20252
H,Accommodation and Food Services,211041270,Mitcham (Vic.),13 ,33 ,24.0,0.0,0.0,70 ,20774
H,Accommodation and Food Services,211041271,Nunawading,19 ,27 ,16.0,3.0,0.0,65 ,20774
H,Accommodation and Food Services,211041272,Vermont,10 ,14 ,16.0,5.0,0.0,45 ,20937
H,Accommodation and Food Services,211041273,Vermont South,12 ,22 ,14.0,3.0,0.0,51 ,20937
H,Accommodation and Food Services,211051274,Belgrave - Selby,10 ,7 ,7.0,4.0,0.0,28 ,21558
H,Accommodation and Food Services,211051275,Chirnside Park,13 ,4 ,13.0,4.0,0.0,34 ,20556
H,Accommodation and Food Services,211051276,Healesville - Yarra Glen,33 ,22 ,21.0,15.0,0.0,91 ,20916
H,Accommodation and Food Services,211051277,Kilsyth,6 ,8 ,3.0,0.0,0.0,18 ,20174
H,Accommodation and Food Services,211051278,Lilydale - Coldstream,20 ,26 ,20.0,14.0,0.0,80 ,20556
H,Accommodation and Food Services,211051279,Monbulk - Silvan,5 ,7 ,6.0,0.0,0.0,20 ,20868
H,Accommodation and Food Services,211051280,Montrose,5 ,0 ,3.0,3.0,0.0,12 ,21354
H,Accommodation and Food Services,211051281,Mooroolbark,14 ,17 ,8.0,3.0,0.0,40 ,20556
H,Accommodation and Food Services,211051282,Mount Dandenong - Olinda,28 ,20 ,21.0,7.0,0.0,76 ,20304
H,Accommodation and Food Services,211051283,Mount Evelyn,3 ,9 ,9.0,0.0,0.0,21 ,21736
H,Accommodation and Food Services,211051284,Upwey - Tecoma,6 ,4 ,12.0,3.0,0.0,23 ,21558
H,Accommodation and Food Services,211051285,Wandin - Seville,9 ,10 ,12.0,0.0,0.0,32 ,20613
H,Accommodation and Food Services,211051286,Yarra Valley,29 ,20 ,12.0,3.0,0.0,64 ,20833
H,Accommodation and Food Services,212011289,Emerald - Cockatoo,19 ,15 ,13.0,6.0,0.0,53 ,20979
H,Accommodation and Food Services,212011546,Beaconsfield - Officer,27 ,24 ,29.0,3.0,0.0,82 ,20176
H,Accommodation and Food Services,212011547,Bunyip - Garfield,10 ,12 ,11.0,0.0,0.0,33 ,20411
H,Accommodation and Food Services,212011548,Koo Wee Rup,8 ,5 ,6.0,3.0,0.0,21 ,20081
H,Accommodation and Food Services,212011549,Pakenham - North East,7 ,6 ,3.0,0.0,0.0,17 ,21879
H,Accommodation and Food Services,212011550,Pakenham - North West,5 ,3 ,4.0,0.0,0.0,12 ,20176
H,Accommodation and Food Services,212011551,Pakenham - South East,15 ,5 ,4.0,3.0,0.0,26 ,21879
H,Accommodation and Food Services,212011552,Pakenham - South West,25 ,31 ,29.0,4.0,0.0,89 ,22006
H,Accommodation and Food Services,212021293,Berwick - North,18 ,30 ,21.0,11.0,0.0,80 ,21895
H,Accommodation and Food Services,212021295,Doveton,12 ,9 ,3.0,0.0,0.0,24 ,20708
H,Accommodation and Food Services,212021297,Hallam,25 ,24 ,10.0,4.0,0.0,63 ,21895
H,Accommodation and Food Services,212021299,Narre Warren North,10 ,13 ,4.0,0.0,0.0,30 ,21558
H,Accommodation and Food Services,212021453,Endeavour Hills - North,13 ,10 ,5.0,0.0,0.0,28 ,22207
H,Accommodation and Food Services,212021454,Endeavour Hills - South,15 ,24 ,8.0,0.0,0.0,48 ,21895
H,Accommodation and Food Services,212021455,Narre Warren - North East,16 ,7 ,3.0,0.0,0.0,27 ,21895
H,Accommodation and Food Services,212021456,Narre Warren - South West,20 ,22 ,23.0,9.0,0.0,74 ,20224
H,Accommodation and Food Services,212021553,Berwick - South East,13 ,18 ,8.0,0.0,0.0,40 ,20175
H,Accommodation and Food Services,212021554,Berwick - South West,19 ,19 ,7.0,0.0,0.0,46 ,20224
H,Accommodation and Food Services,212031300,Cranbourne,30 ,41 ,14.0,7.0,0.0,92 ,20664
H,Accommodation and Food Services,212031303,Cranbourne South,27 ,24 ,5.0,3.0,0.0,58 ,20487
H,Accommodation and Food Services,212031304,Cranbourne West,29 ,23 ,12.0,0.0,0.0,65 ,20662
H,Accommodation and Food Services,212031306,Lynbrook - Lyndhurst,33 ,23 ,18.0,0.0,0.0,75 ,20709
H,Accommodation and Food Services,212031308,Pearcedale - Tooradin,3 ,5 ,3.0,0.0,0.0,9 ,21380
H,Accommodation and Food Services,212031457,Narre Warren South - East,14 ,10 ,8.0,0.0,0.0,34 ,20224
H,Accommodation and Food Services,212031458,Narre Warren South - West,14 ,11 ,3.0,0.0,0.0,28 ,21893
H,Accommodation and Food Services,212031555,Clyde North - North,11 ,19 ,8.0,4.0,0.0,42 ,22006
H,Accommodation and Food Services,212031556,Clyde North - South,43 ,45 ,22.0,5.0,0.0,115 ,20487
H,Accommodation and Food Services,212031557,Cranbourne East - North,39 ,36 ,24.0,3.0,0.0,102 ,20581
H,Accommodation and Food Services,212031558,Cranbourne East - South,21 ,16 ,7.0,0.0,0.0,46 ,20581
H,Accommodation and Food Services,212031559,Cranbourne North - East,23 ,18 ,13.0,4.0,0.0,58 ,20582
H,Accommodation and Food Services,212031560,Cranbourne North - West,15 ,5 ,5.0,0.0,0.0,25 ,21133
H,Accommodation and Food Services,212031561,Hampton Park - East,21 ,11 ,3.0,0.0,0.0,35 ,21893
H,Accommodation and Food Services,212031562,Hampton Park - West,17 ,14 ,4.0,3.0,0.0,38 ,20709
H,Accommodation and Food Services,212041309,Clarinda - Oakleigh South,26 ,19 ,7.0,5.0,0.0,57 ,21746
H,Accommodation and Food Services,212041310,Clayton South,21 ,40 ,16.0,3.0,0.0,80 ,20758
H,Accommodation and Food Services,212041312,Dandenong North,23 ,25 ,12.0,3.0,0.0,62 ,22207
H,Accommodation and Food Services,212041313,Dingley Village,8 ,10 ,7.0,0.0,0.0,25 ,20320
H,Accommodation and Food Services,212041316,Noble Park North,8 ,7 ,6.0,3.0,0.0,22 ,20708
H,Accommodation and Food Services,212041317,Springvale,65 ,105 ,28.0,6.0,0.0,204 ,21827
H,Accommodation and Food Services,212041318,Springvale South,22 ,21 ,4.0,0.0,0.0,47 ,21339
H,Accommodation and Food Services,212041459,Noble Park - East,9 ,13 ,9.0,0.0,0.0,31 ,21339
H,Accommodation and Food Services,212041460,Noble Park - West,25 ,30 ,5.0,0.0,0.0,62 ,21339
H,Accommodation and Food Services,212041563,Dandenong - North,80 ,69 ,30.0,8.0,0.0,187 ,20708
H,Accommodation and Food Services,212041564,Dandenong - South,47 ,46 ,22.0,9.0,0.0,124 ,20131
H,Accommodation and Food Services,212041565,Keysborough - North,20 ,26 ,12.0,3.0,0.0,61 ,21339
H,Accommodation and Food Services,212041566,Keysborough - South,35 ,50 ,19.0,3.0,0.0,107 ,20080
H,Accommodation and Food Services,212051319,Ashwood - Chadstone,28 ,36 ,20.0,6.0,0.0,90 ,20077
H,Accommodation and Food Services,212051321,Glen Waverley - East,42 ,33 ,22.0,5.0,0.0,102 ,20427
H,Accommodation and Food Services,212051322,Glen Waverley - West,62 ,66 ,68.0,17.0,0.0,213 ,20427
H,Accommodation and Food Services,212051323,Mount Waverley - North,30 ,31 ,29.0,7.0,0.0,97 ,20078
H,Accommodation and Food Services,212051324,Mount Waverley - South,58 ,54 ,29.0,10.0,0.0,151 ,21816
H,Accommodation and Food Services,212051325,Mulgrave,39 ,37 ,17.0,6.0,0.0,99 ,21013
H,Accommodation and Food Services,212051326,Oakleigh - Huntingdale,45 ,55 ,26.0,12.0,0.0,138 ,21587
H,Accommodation and Food Services,212051327,Wheelers Hill,19 ,35 ,16.0,6.0,0.0,77 ,21013
H,Accommodation and Food Services,212051567,Clayton (North) - Notting Hill,24 ,28 ,21.0,13.0,3.0,87 ,21816
H,Accommodation and Food Services,212051568,Clayton - Central,19 ,43 ,23.0,3.0,0.0,88 ,22002
H,Accommodation and Food Services,213011328,Ardeer - Albion,11 ,4 ,6.0,0.0,0.0,21 ,22396
H,Accommodation and Food Services,213011329,Cairnlea,10 ,20 ,7.0,0.0,0.0,37 ,20062
H,Accommodation and Food Services,213011331,Delahey,0 ,10 ,4.0,0.0,0.0,16 ,21315
H,Accommodation and Food Services,213011332,Keilor Downs,16 ,16 ,6.0,0.0,0.0,39 ,21316
H,Accommodation and Food Services,213011333,Kings Park (Vic.),10 ,9 ,3.0,0.0,0.0,21 ,20729
H,Accommodation and Food Services,213011334,St Albans - North,30 ,44 ,4.0,4.0,0.0,82 ,21312
H,Accommodation and Food Services,213011335,St Albans - South,25 ,18 ,4.0,0.0,0.0,48 ,21312
H,Accommodation and Food Services,213011336,Sunshine,23 ,37 ,18.0,3.0,0.0,81 ,20324
H,Accommodation and Food Services,213011337,Sunshine North,41 ,23 ,8.0,0.0,0.0,73 ,21316
H,Accommodation and Food Services,213011338,Sunshine West,23 ,27 ,10.0,4.0,0.0,64 ,20062
H,Accommodation and Food Services,213011339,Sydenham,17 ,5 ,3.0,3.0,0.0,25 ,22474
H,Accommodation and Food Services,213011340,Taylors Lakes,20 ,26 ,15.0,12.0,0.0,73 ,21314
H,Accommodation and Food Services,213011569,Deer Park,23 ,30 ,9.0,3.0,0.0,63 ,20062
H,Accommodation and Food Services,213011570,Derrimut,15 ,23 ,12.0,5.0,0.0,55 ,20062
H,Accommodation and Food Services,213021341,Altona,13 ,20 ,11.0,6.0,0.0,50 ,21477
H,Accommodation and Food Services,213021342,Altona Meadows,18 ,16 ,13.0,0.0,0.0,47 ,20035
H,Accommodation and Food Services,213021343,Altona North,29 ,27 ,10.0,3.0,0.0,67 ,22917
H,Accommodation and Food Services,213021344,Newport,17 ,38 ,17.0,3.0,0.0,74 ,22107
H,Accommodation and Food Services,213021345,Seabrook,3 ,3 ,3.0,0.0,0.0,7 ,20036
H,Accommodation and Food Services,213021346,Williamstown,33 ,29 ,35.0,15.0,0.0,112 ,21934
H,Accommodation and Food Services,213031347,Braybrook,37 ,37 ,18.0,3.0,0.0,95 ,20935
H,Accommodation and Food Services,213031348,Footscray,48 ,67 ,35.0,3.0,0.0,153 ,20929
H,Accommodation and Food Services,213031349,Maribyrnong,15 ,32 ,22.0,8.0,0.0,77 ,20075
H,Accommodation and Food Services,213031350,Seddon - Kingsville,19 ,11 ,12.0,4.0,0.0,46 ,20935
H,Accommodation and Food Services,213031351,West Footscray - Tottenham,10 ,17 ,10.0,5.0,0.0,42 ,20935
H,Accommodation and Food Services,213031352,Yarraville,16 ,25 ,27.0,11.0,0.0,79 ,20935
H,Accommodation and Food Services,213041353,Bacchus Marsh,27 ,31 ,18.0,4.0,0.0,80 ,20095
H,Accommodation and Food Services,213041358,Melton West,9 ,24 ,12.0,0.0,0.0,46 ,22537
H,Accommodation and Food Services,213041359,Rockbank - Mount Cottrell,37 ,42 ,18.0,0.0,3.0,99 ,20899
H,Accommodation and Food Services,213041360,Taylors Hill,30 ,18 ,10.0,5.0,0.0,63 ,20950
H,Accommodation and Food Services,213041461,Burnside,0 ,6 ,0.0,0.0,0.0,9 ,20729
H,Accommodation and Food Services,213041462,Burnside Heights,5 ,5 ,4.0,0.0,0.0,14 ,20420
H,Accommodation and Food Services,213041463,Caroline Springs,31 ,41 ,18.0,6.0,0.0,96 ,20950
H,Accommodation and Food Services,213041571,Brookfield,7 ,6 ,3.0,0.0,0.0,16 ,21202
H,Accommodation and Food Services,213041572,Cobblebank - Strathtulloh,11 ,10 ,6.0,0.0,0.0,27 ,21642
H,Accommodation and Food Services,213041573,Eynesbury - Exford,3 ,0 ,0.0,0.0,0.0,4 ,20899
H,Accommodation and Food Services,213041574,Fraser Rise - Plumpton,24 ,13 ,12.0,0.0,0.0,49 ,20754
H,Accommodation and Food Services,213041575,Hillside,15 ,20 ,10.0,0.0,0.0,45 ,20950
H,Accommodation and Food Services,213041576,Kurunjang - Toolern Vale,7 ,4 ,0.0,0.0,0.0,11 ,20605
H,Accommodation and Food Services,213041577,Melton,10 ,14 ,8.0,0.0,0.0,32 ,21140
H,Accommodation and Food Services,213041578,Melton South - Weir Views,16 ,20 ,5.0,0.0,0.0,41 ,20351
H,Accommodation and Food Services,213051361,Hoppers Crossing - North,22 ,20 ,16.0,3.0,0.0,62 ,22582
H,Accommodation and Food Services,213051362,Hoppers Crossing - South,19 ,25 ,15.0,6.0,0.0,65 ,22451
H,Accommodation and Food Services,213051363,Laverton,16 ,21 ,20.0,3.0,3.0,61 ,22397
H,Accommodation and Food Services,213051368,Werribee - South,20 ,38 ,27.0,11.0,0.0,97 ,20601
H,Accommodation and Food Services,213051464,Point Cook - East,37 ,27 ,17.0,5.0,0.0,86 ,20036
H,Accommodation and Food Services,213051466,Point Cook - South,17 ,20 ,28.0,6.0,0.0,71 ,22086
H,Accommodation and Food Services,213051467,Werribee - East,12 ,20 ,9.0,0.0,0.0,43 ,22451
H,Accommodation and Food Services,213051468,Werribee - West,29 ,15 ,13.0,0.0,0.0,57 ,20115
H,Accommodation and Food Services,213051579,Manor Lakes - Quandong,14 ,9 ,5.0,0.0,0.0,29 ,20115
H,Accommodation and Food Services,213051580,Point Cook - North East,21 ,20 ,19.0,5.0,0.0,65 ,20036
H,Accommodation and Food Services,213051581,Point Cook - North West,15 ,16 ,9.0,0.0,0.0,41 ,22086
H,Accommodation and Food Services,213051582,Tarneit (West) - Mount Cottrell,32 ,24 ,10.0,3.0,0.0,68 ,20899
H,Accommodation and Food Services,213051583,Tarneit - Central,58 ,45 ,28.0,5.0,3.0,137 ,22582
H,Accommodation and Food Services,213051584,Tarneit - North,32 ,27 ,11.0,3.0,0.0,72 ,22582
H,Accommodation and Food Services,213051585,Tarneit - South,26 ,9 ,7.0,4.0,0.0,46 ,22451
H,Accommodation and Food Services,213051586,Truganina - North,28 ,29 ,16.0,3.0,0.0,74 ,20743
H,Accommodation and Food Services,213051587,Truganina - South East,31 ,26 ,16.0,3.0,0.0,75 ,21477
H,Accommodation and Food Services,213051588,Truganina - South West,52 ,29 ,9.0,3.0,0.0,93 ,22582
H,Accommodation and Food Services,213051589,Wyndham Vale - North,15 ,12 ,6.0,3.0,0.0,34 ,20116
H,Accommodation and Food Services,213051590,Wyndham Vale - South,12 ,14 ,4.0,0.0,0.0,30 ,22750
H,Accommodation and Food Services,214011370,Carrum Downs,14 ,23 ,14.0,4.0,0.0,55 ,20131
H,Accommodation and Food Services,214011371,Frankston,21 ,42 ,21.0,6.0,0.0,90 ,22249
H,Accommodation and Food Services,214011372,Frankston North,17 ,20 ,11.0,3.0,0.0,51 ,20508
H,Accommodation and Food Services,214011373,Frankston South,10 ,10 ,20.0,3.0,0.0,43 ,21468
H,Accommodation and Food Services,214011374,Langwarrin,17 ,8 ,9.0,5.0,0.0,39 ,20508
H,Accommodation and Food Services,214011375,Seaford (Vic.),14 ,23 ,17.0,3.0,0.0,56 ,20507
H,Accommodation and Food Services,214011376,Skye - Sandhurst,8 ,6 ,7.0,3.0,3.0,26 ,20508
H,Accommodation and Food Services,214021377,Dromana,25 ,18 ,20.0,0.0,0.0,65 ,20072
H,Accommodation and Food Services,214021378,Flinders,29 ,11 ,18.0,13.0,0.0,71 ,20072
H,Accommodation and Food Services,214021379,Hastings - Somers,19 ,22 ,16.0,6.0,0.0,63 ,21664
H,Accommodation and Food Services,214021381,Mount Eliza,18 ,19 ,20.0,5.0,0.0,62 ,20949
H,Accommodation and Food Services,214021382,Mount Martha,16 ,12 ,14.0,7.0,0.0,49 ,21803
H,Accommodation and Food Services,214021383,Point Nepean,41 ,37 ,37.0,21.0,0.0,138 ,20280
H,Accommodation and Food Services,214021384,Rosebud - McCrae,35 ,24 ,25.0,10.0,0.0,94 ,20072
H,Accommodation and Food Services,214021385,Somerville,10 ,17 ,15.0,3.0,0.0,44 ,22050
H,Accommodation and Food Services,214021591,Mornington - East,10 ,13 ,17.0,4.0,0.0,44 ,21793
H,Accommodation and Food Services,214021592,Mornington - West,21 ,28 ,29.0,6.0,0.0,84 ,21793
H,Accommodation and Food Services,215011386,Ararat,8 ,16 ,12.0,0.0,0.0,37 ,20811
H,Accommodation and Food Services,215011387,Ararat Surrounds,11 ,6 ,5.0,3.0,0.0,23 ,20680
H,Accommodation and Food Services,215011388,Horsham,21 ,22 ,28.0,6.0,0.0,77 ,20403
H,Accommodation and Food Services,215011389,Horsham Surrounds,8 ,9 ,0.0,3.0,0.0,20 ,20403
H,Accommodation and Food Services,215011390,Nhill Region,9 ,8 ,8.0,0.0,0.0,25 ,20756
H,Accommodation and Food Services,215011391,St Arnaud,3 ,9 ,5.0,0.0,0.0,17 ,20142
H,Accommodation and Food Services,215011392,Stawell,20 ,32 ,14.0,3.0,0.0,67 ,20680
H,Accommodation and Food Services,215011393,West Wimmera,0 ,8 ,3.0,0.0,0.0,12 ,20119
H,Accommodation and Food Services,215011394,Yarriambiack,10 ,9 ,4.0,0.0,0.0,23 ,20756
H,Accommodation and Food Services,215021395,Irymple,5 ,9 ,8.0,3.0,0.0,23 ,20488
H,Accommodation and Food Services,215021396,Merbein,5 ,3 ,4.0,0.0,0.0,12 ,21388
H,Accommodation and Food Services,215021398,Mildura Surrounds,6 ,8 ,4.0,0.0,0.0,18 ,20234
H,Accommodation and Food Services,215021399,Red Cliffs,4 ,4 ,4.0,3.0,0.0,14 ,20488
H,Accommodation and Food Services,215021469,Mildura - North,23 ,37 ,41.0,14.0,0.0,115 ,21682
H,Accommodation and Food Services,215021470,Mildura - South,15 ,23 ,17.0,3.0,0.0,59 ,21245
H,Accommodation and Food Services,215031400,Buloke,12 ,16 ,10.0,0.0,0.0,38 ,20155
H,Accommodation and Food Services,215031401,Gannawarra,10 ,13 ,5.0,0.0,0.0,28 ,20051
H,Accommodation and Food Services,215031402,Kerang,5 ,3 ,7.0,3.0,0.0,16 ,20477
H,Accommodation and Food Services,215031403,Robinvale,6 ,7 ,5.0,0.0,0.0,19 ,22744
H,Accommodation and Food Services,215031404,Swan Hill,23 ,24 ,20.0,7.0,0.0,74 ,21076
H,Accommodation and Food Services,215031405,Swan Hill Surrounds,6 ,12 ,4.0,0.0,0.0,22 ,20047
H,Accommodation and Food Services,216011406,Echuca,33 ,38 ,39.0,8.0,3.0,120 ,20125
H,Accommodation and Food Services,216011407,Kyabram,12 ,11 ,7.0,0.0,0.0,31 ,20838
H,Accommodation and Food Services,216011408,Lockington - Gunbower,10 ,7 ,0.0,0.0,0.0,18 ,20755
H,Accommodation and Food Services,216011409,Rochester,5 ,5 ,3.0,0.0,0.0,12 ,20281
H,Accommodation and Food Services,216011410,Rushworth,6 ,4 ,6.0,0.0,0.0,17 ,20093
H,Accommodation and Food Services,216021411,Cobram,16 ,13 ,7.0,3.0,0.0,38 ,20301
H,Accommodation and Food Services,216021412,Moira,7 ,4 ,5.0,3.0,0.0,17 ,20032
H,Accommodation and Food Services,216021413,Numurkah,20 ,11 ,14.0,3.0,0.0,48 ,20839
H,Accommodation and Food Services,216021414,Yarrawonga,15 ,12 ,15.0,5.0,0.0,47 ,20395
H,Accommodation and Food Services,216031415,Mooroopna,8 ,6 ,9.0,0.0,0.0,23 ,20063
H,Accommodation and Food Services,216031416,Shepparton - North,33 ,37 ,31.0,8.0,0.0,109 ,20393
H,Accommodation and Food Services,216031418,Shepparton Surrounds - East,3 ,0 ,0.0,0.0,0.0,4 ,20056
H,Accommodation and Food Services,216031419,Shepparton Surrounds - West,12 ,15 ,5.0,3.0,0.0,34 ,20056
H,Accommodation and Food Services,216031593,Kialla,13 ,10 ,11.0,4.0,0.0,38 ,20056
H,Accommodation and Food Services,216031594,Shepparton - South East,17 ,25 ,24.0,4.0,0.0,70 ,21340
H,Accommodation and Food Services,217011420,Glenelg (Vic.),16 ,11 ,9.0,3.0,0.0,37 ,20340
H,Accommodation and Food Services,217011421,Hamilton (Vic.),15 ,17 ,22.0,4.0,0.0,58 ,20322
H,Accommodation and Food Services,217011422,Portland,15 ,14 ,16.0,7.0,0.0,52 ,20274
H,Accommodation and Food Services,217011423,Southern Grampians,6 ,6 ,7.0,0.0,0.0,21 ,20199
H,Accommodation and Food Services,217031471,Camperdown,5 ,10 ,4.0,0.0,0.0,19 ,20285
H,Accommodation and Food Services,217031472,Colac,13 ,18 ,29.0,3.0,0.0,63 ,20149
H,Accommodation and Food Services,217031473,Colac Surrounds,6 ,5 ,5.0,3.0,0.0,18 ,20671
H,Accommodation and Food Services,217031474,Corangamite - North,9 ,10 ,3.0,0.0,0.0,22 ,20319
H,Accommodation and Food Services,217031475,Corangamite - South,25 ,19 ,14.0,0.0,0.0,60 ,20306
H,Accommodation and Food Services,217031476,Otway,38 ,29 ,26.0,6.0,0.0,99 ,20161
H,Accommodation and Food Services,217041477,Moyne - East,6 ,6 ,6.0,0.0,0.0,18 ,21916
H,Accommodation and Food Services,217041478,Moyne - West,21 ,32 ,24.0,0.0,0.0,79 ,20225
H,Accommodation and Food Services,217041479,Warrnambool - North,19 ,29 ,14.0,5.0,0.0,67 ,20028
H,Accommodation and Food Services,217041480,Warrnambool - South,29 ,45 ,40.0,25.0,0.0,139 ,20028
I,"Transport, Postal and Warehousing",201011001,Alfredton,122 ,18 ,4.0,0.0,0.0,145 ,20023
I,"Transport, Postal and Warehousing",201011002,Ballarat,47 ,7 ,3.0,0.0,0.0,56 ,20023
I,"Transport, Postal and Warehousing",201011005,Buninyong,18 ,6 ,0.0,0.0,0.0,26 ,20409
I,"Transport, Postal and Warehousing",201011006,Delacombe,135 ,26 ,4.0,3.0,0.0,167 ,20023
I,"Transport, Postal and Warehousing",201011007,Smythes Creek,12 ,14 ,3.0,0.0,0.0,29 ,20262
I,"Transport, Postal and Warehousing",201011008,Wendouree - Miners Rest,62 ,19 ,7.0,5.0,0.0,93 ,20023
I,"Transport, Postal and Warehousing",201011481,Ballarat East - Warrenheip,42 ,11 ,0.0,0.0,0.0,53 ,20104
I,"Transport, Postal and Warehousing",201011482,Ballarat North - Invermay,47 ,12 ,3.0,0.0,0.0,62 ,22745
I,"Transport, Postal and Warehousing",201011483,Canadian - Mount Clear,58 ,7 ,0.0,0.0,0.0,65 ,20111
I,"Transport, Postal and Warehousing",201011484,Sebastopol - Redan,45 ,9 ,3.0,3.0,0.0,57 ,20730
I,"Transport, Postal and Warehousing",201021009,Bacchus Marsh Surrounds,21 ,16 ,4.0,0.0,0.0,41 ,20076
I,"Transport, Postal and Warehousing",201021010,Creswick - Clunes,21 ,12 ,4.0,0.0,0.0,39 ,20262
I,"Transport, Postal and Warehousing",201021011,Daylesford,20 ,13 ,3.0,0.0,0.0,34 ,20256
I,"Transport, Postal and Warehousing",201021012,Gordon (Vic.),24 ,13 ,7.0,0.0,0.0,44 ,20409
I,"Transport, Postal and Warehousing",201031013,Avoca,14 ,8 ,7.0,0.0,0.0,29 ,20008
I,"Transport, Postal and Warehousing",201031014,Beaufort,12 ,14 ,4.0,0.0,0.0,30 ,20262
I,"Transport, Postal and Warehousing",201031015,Golden Plains - North,10 ,10 ,3.0,3.0,0.0,22 ,21123
I,"Transport, Postal and Warehousing",201031016,Maryborough (Vic.),24 ,10 ,4.0,3.0,0.0,40 ,20009
I,"Transport, Postal and Warehousing",201031017,Maryborough Surrounds,18 ,10 ,0.0,0.0,0.0,28 ,20459
I,"Transport, Postal and Warehousing",202011018,Bendigo,76 ,10 ,6.0,0.0,0.0,92 ,20208
I,"Transport, Postal and Warehousing",202011019,California Gully - Eaglehawk,29 ,13 ,4.0,0.0,0.0,46 ,20444
I,"Transport, Postal and Warehousing",202011020,East Bendigo - Kennington,54 ,13 ,9.0,0.0,0.0,78 ,20208
I,"Transport, Postal and Warehousing",202011021,Flora Hill - Spring Gully,37 ,3 ,0.0,0.0,0.0,41 ,20208
I,"Transport, Postal and Warehousing",202011022,Kangaroo Flat - Golden Square,80 ,29 ,7.0,3.0,0.0,119 ,20208
I,"Transport, Postal and Warehousing",202011023,Maiden Gully,15 ,8 ,3.0,3.0,0.0,25 ,20444
I,"Transport, Postal and Warehousing",202011024,Strathfieldsaye,22 ,9 ,3.0,0.0,0.0,35 ,20828
I,"Transport, Postal and Warehousing",202011025,White Hills - Ascot,73 ,19 ,3.0,0.0,0.0,95 ,20208
I,"Transport, Postal and Warehousing",202021026,Bendigo Surrounds - South,24 ,15 ,3.0,0.0,0.0,41 ,20835
I,"Transport, Postal and Warehousing",202021027,Castlemaine,18 ,9 ,4.0,0.0,0.0,32 ,20955
I,"Transport, Postal and Warehousing",202021028,Castlemaine Surrounds,20 ,9 ,0.0,0.0,0.0,31 ,20459
I,"Transport, Postal and Warehousing",202021029,Heathcote,7 ,11 ,0.0,0.0,0.0,19 ,20877
I,"Transport, Postal and Warehousing",202021030,Kyneton,25 ,11 ,3.0,0.0,0.0,40 ,20076
I,"Transport, Postal and Warehousing",202021031,Woodend,9 ,8 ,0.0,0.0,0.0,17 ,20076
I,"Transport, Postal and Warehousing",202031032,Bendigo Surrounds - North,28 ,13 ,0.0,3.0,0.0,45 ,20828
I,"Transport, Postal and Warehousing",202031033,Loddon,12 ,25 ,5.0,0.0,0.0,42 ,20177
I,"Transport, Postal and Warehousing",203011034,Bannockburn,19 ,14 ,0.0,0.0,0.0,34 ,20133
I,"Transport, Postal and Warehousing",203011035,Golden Plains - South,27 ,18 ,6.0,0.0,0.0,51 ,20217
I,"Transport, Postal and Warehousing",203011036,Winchelsea,20 ,9 ,3.0,0.0,0.0,31 ,20151
I,"Transport, Postal and Warehousing",203021037,Belmont,117 ,7 ,0.0,0.0,0.0,126 ,20201
I,"Transport, Postal and Warehousing",203021039,Geelong,94 ,22 ,4.0,3.0,0.0,124 ,20201
I,"Transport, Postal and Warehousing",203021040,Geelong West - Hamlyn Heights,138 ,22 ,3.0,0.0,0.0,163 ,20165
I,"Transport, Postal and Warehousing",203021042,Highton,160 ,16 ,3.0,0.0,0.0,178 ,20151
I,"Transport, Postal and Warehousing",203021043,Lara,219 ,56 ,8.0,3.0,0.0,286 ,20115
I,"Transport, Postal and Warehousing",203021044,Leopold,43 ,14 ,3.0,0.0,0.0,60 ,20621
I,"Transport, Postal and Warehousing",203021045,Newcomb - Moolap,102 ,19 ,5.0,0.0,0.0,127 ,20326
I,"Transport, Postal and Warehousing",203021046,Newtown (Vic.),57 ,6 ,0.0,0.0,0.0,63 ,20960
I,"Transport, Postal and Warehousing",203021047,North Geelong - Bell Park,201 ,28 ,9.0,6.0,0.0,244 ,20165
I,"Transport, Postal and Warehousing",203021485,Charlemont,135 ,11 ,3.0,0.0,0.0,147 ,21790
I,"Transport, Postal and Warehousing",203021486,Corio - Lovely Banks,251 ,23 ,5.0,0.0,0.0,279 ,20165
I,"Transport, Postal and Warehousing",203021487,Grovedale - Mount Duneed,218 ,19 ,4.0,3.0,0.0,242 ,20954
I,"Transport, Postal and Warehousing",203021488,Norlane,194 ,14 ,3.0,0.0,0.0,212 ,20191
I,"Transport, Postal and Warehousing",203031048,Clifton Springs,35 ,16 ,0.0,0.0,0.0,52 ,20697
I,"Transport, Postal and Warehousing",203031049,Lorne - Anglesea,9 ,3 ,0.0,0.0,0.0,12 ,20046
I,"Transport, Postal and Warehousing",203031051,Portarlington,27 ,13 ,0.0,0.0,0.0,42 ,20193
I,"Transport, Postal and Warehousing",203031052,Point Lonsdale - Queenscliff,14 ,6 ,5.0,5.0,0.0,30 ,22663
I,"Transport, Postal and Warehousing",203031053,Torquay,23 ,10 ,3.0,3.0,0.0,36 ,20046
I,"Transport, Postal and Warehousing",203031489,Barwon Heads - Armstrong Creek,88 ,16 ,3.0,0.0,0.0,106 ,21790
I,"Transport, Postal and Warehousing",203031490,Ocean Grove,23 ,10 ,4.0,3.0,0.0,38 ,20621
I,"Transport, Postal and Warehousing",204011054,Alexandra,17 ,11 ,0.0,3.0,0.0,30 ,20005
I,"Transport, Postal and Warehousing",204011055,Euroa,20 ,13 ,4.0,0.0,0.0,37 ,20283
I,"Transport, Postal and Warehousing",204011056,Kilmore - Broadford,63 ,42 ,7.0,0.0,0.0,112 ,21980
I,"Transport, Postal and Warehousing",204011057,Mansfield (Vic.),22 ,20 ,3.0,3.0,0.0,45 ,20283
I,"Transport, Postal and Warehousing",204011058,Nagambie,16 ,9 ,3.0,0.0,0.0,26 ,20652
I,"Transport, Postal and Warehousing",204011059,Seymour,14 ,7 ,0.0,3.0,0.0,23 ,20086
I,"Transport, Postal and Warehousing",204011060,Seymour Surrounds,15 ,14 ,3.0,0.0,0.0,30 ,22154
I,"Transport, Postal and Warehousing",204011061,Upper Yarra Valley,0 ,0 ,0.0,0.0,0.0,0 ,20452
I,"Transport, Postal and Warehousing",204011062,Yea,10 ,6 ,0.0,0.0,0.0,19 ,20005
I,"Transport, Postal and Warehousing",204021063,Benalla,22 ,12 ,4.0,0.0,0.0,40 ,20096
I,"Transport, Postal and Warehousing",204021064,Benalla Surrounds,12 ,7 ,0.0,0.0,0.0,20 ,20283
I,"Transport, Postal and Warehousing",204021065,Rutherglen,16 ,6 ,4.0,0.0,0.0,26 ,20296
I,"Transport, Postal and Warehousing",204021066,Wangaratta,51 ,25 ,8.0,5.0,0.0,89 ,21349
I,"Transport, Postal and Warehousing",204021067,Wangaratta Surrounds,28 ,17 ,5.0,0.0,0.0,51 ,20060
I,"Transport, Postal and Warehousing",204031068,Beechworth,8 ,3 ,3.0,0.0,0.0,12 ,20551
I,"Transport, Postal and Warehousing",204031069,Bright - Mount Beauty,13 ,14 ,0.0,0.0,0.0,28 ,21210
I,"Transport, Postal and Warehousing",204031070,Chiltern - Indigo Valley,10 ,7 ,3.0,3.0,0.0,20 ,20357
I,"Transport, Postal and Warehousing",204031071,Myrtleford,15 ,15 ,0.0,0.0,0.0,32 ,20312
I,"Transport, Postal and Warehousing",204031072,Towong,20 ,16 ,5.0,0.0,0.0,42 ,20883
I,"Transport, Postal and Warehousing",204031073,West Wodonga,35 ,16 ,5.0,3.0,0.0,57 ,21230
I,"Transport, Postal and Warehousing",204031075,Yackandandah,12 ,11 ,5.0,0.0,0.0,29 ,22351
I,"Transport, Postal and Warehousing",204031491,Baranduda - Leneva,34 ,16 ,7.0,0.0,0.0,59 ,21230
I,"Transport, Postal and Warehousing",204031492,Wodonga,51 ,12 ,7.0,0.0,0.0,71 ,21222
I,"Transport, Postal and Warehousing",205011076,Drouin,74 ,40 ,6.0,0.0,0.0,120 ,20081
I,"Transport, Postal and Warehousing",205011077,Mount Baw Baw Region,16 ,15 ,0.0,0.0,0.0,32 ,20452
I,"Transport, Postal and Warehousing",205011078,Trafalgar (Vic.),23 ,11 ,4.0,0.0,0.0,38 ,20391
I,"Transport, Postal and Warehousing",205011079,Warragul,77 ,24 ,8.0,0.0,0.0,111 ,20081
I,"Transport, Postal and Warehousing",205021080,Alps - East,0 ,0 ,0.0,0.0,0.0,0 ,20719
I,"Transport, Postal and Warehousing",205021081,Bairnsdale,41 ,15 ,7.0,0.0,0.0,65 ,20103
I,"Transport, Postal and Warehousing",205021082,Bruthen - Omeo,19 ,29 ,6.0,3.0,0.0,56 ,20265
I,"Transport, Postal and Warehousing",205021083,Lake King,0 ,0 ,0.0,0.0,0.0,0 ,20822
I,"Transport, Postal and Warehousing",205021084,Lakes Entrance,31 ,12 ,0.0,3.0,0.0,46 ,20290
I,"Transport, Postal and Warehousing",205021085,Orbost,15 ,17 ,7.0,0.0,0.0,40 ,20360
I,"Transport, Postal and Warehousing",205021086,Paynesville,11 ,4 ,0.0,0.0,0.0,15 ,20103
I,"Transport, Postal and Warehousing",205031087,Foster,26 ,18 ,5.0,3.0,0.0,50 ,20010
I,"Transport, Postal and Warehousing",205031088,French Island,0 ,3 ,0.0,0.0,0.0,3 ,20856
I,"Transport, Postal and Warehousing",205031089,Korumburra,35 ,17 ,4.0,0.0,0.0,56 ,20081
I,"Transport, Postal and Warehousing",205031090,Leongatha,32 ,12 ,3.0,0.0,0.0,48 ,20024
I,"Transport, Postal and Warehousing",205031091,Phillip Island,39 ,10 ,0.0,3.0,0.0,52 ,20475
I,"Transport, Postal and Warehousing",205031092,Wilsons Promontory,0 ,0 ,0.0,0.0,0.0,0 ,22800
I,"Transport, Postal and Warehousing",205031093,Wonthaggi - Inverloch,53 ,33 ,5.0,3.0,0.0,93 ,21235
I,"Transport, Postal and Warehousing",205041094,Churchill,27 ,15 ,7.0,0.0,0.0,49 ,20585
I,"Transport, Postal and Warehousing",205041095,Moe - Newborough,45 ,14 ,3.0,0.0,0.0,62 ,21716
I,"Transport, Postal and Warehousing",205041096,Morwell,54 ,11 ,3.0,5.0,0.0,73 ,22596
I,"Transport, Postal and Warehousing",205041098,Yallourn North - Glengarry,12 ,12 ,0.0,0.0,0.0,25 ,20286
I,"Transport, Postal and Warehousing",205041493,Traralgon - East,37 ,13 ,7.0,3.0,0.0,58 ,21027
I,"Transport, Postal and Warehousing",205041494,Traralgon - West,42 ,10 ,4.0,0.0,0.0,56 ,21027
I,"Transport, Postal and Warehousing",205051099,Alps - West,0 ,0 ,0.0,0.0,0.0,0 ,21210
I,"Transport, Postal and Warehousing",205051100,Longford - Loch Sport,10 ,5 ,0.0,0.0,0.0,16 ,20938
I,"Transport, Postal and Warehousing",205051101,Maffra,42 ,23 ,9.0,5.0,0.0,79 ,22542
I,"Transport, Postal and Warehousing",205051102,Rosedale,17 ,10 ,4.0,3.0,0.0,33 ,22543
I,"Transport, Postal and Warehousing",205051103,Sale,38 ,6 ,3.0,3.0,0.0,48 ,20586
I,"Transport, Postal and Warehousing",205051104,Yarram,16 ,6 ,3.0,0.0,0.0,24 ,20242
I,"Transport, Postal and Warehousing",206011106,Brunswick East,43 ,13 ,0.0,0.0,0.0,56 ,20361
I,"Transport, Postal and Warehousing",206011107,Brunswick West,99 ,3 ,3.0,3.0,0.0,105 ,20361
I,"Transport, Postal and Warehousing",206011109,Pascoe Vale South,55 ,4 ,0.0,0.0,0.0,59 ,20596
I,"Transport, Postal and Warehousing",206011495,Brunswick - North,74 ,6 ,0.0,0.0,0.0,82 ,20361
I,"Transport, Postal and Warehousing",206011496,Brunswick - South,49 ,13 ,0.0,3.0,0.0,65 ,20361
I,"Transport, Postal and Warehousing",206011497,Coburg - East,100 ,9 ,3.0,0.0,0.0,112 ,20361
I,"Transport, Postal and Warehousing",206011498,Coburg - West,68 ,7 ,0.0,0.0,0.0,75 ,20361
I,"Transport, Postal and Warehousing",206021110,Alphington - Fairfield,32 ,3 ,0.0,3.0,0.0,36 ,21971
I,"Transport, Postal and Warehousing",206021112,Thornbury,74 ,6 ,0.0,0.0,0.0,81 ,20362
I,"Transport, Postal and Warehousing",206021499,Northcote - East,32 ,6 ,0.0,0.0,0.0,38 ,21971
I,"Transport, Postal and Warehousing",206021500,Northcote - West,21 ,5 ,0.0,0.0,0.0,28 ,20362
I,"Transport, Postal and Warehousing",206031113,Ascot Vale,165 ,7 ,0.0,0.0,0.0,174 ,20075
I,"Transport, Postal and Warehousing",206031115,Flemington,173 ,0 ,3.0,0.0,0.0,176 ,20075
I,"Transport, Postal and Warehousing",206031116,Moonee Ponds,58 ,9 ,0.0,0.0,0.0,69 ,20075
I,"Transport, Postal and Warehousing",206031501,Essendon (West) - Aberfeldie,85 ,11 ,5.0,0.0,0.0,102 ,20885
I,"Transport, Postal and Warehousing",206031502,Essendon - East,75 ,9 ,8.0,3.0,0.0,93 ,20363
I,"Transport, Postal and Warehousing",206041117,Carlton,182 ,8 ,0.0,0.0,3.0,191 ,20496
I,"Transport, Postal and Warehousing",206041118,Docklands,124 ,12 ,7.0,4.0,0.0,147 ,21640
I,"Transport, Postal and Warehousing",206041119,East Melbourne,13 ,4 ,3.0,0.0,0.0,19 ,20495
I,"Transport, Postal and Warehousing",206041120,Flemington Racecourse,3 ,0 ,0.0,0.0,0.0,0 ,20075
I,"Transport, Postal and Warehousing",206041121,Kensington (Vic.),67 ,0 ,3.0,3.0,0.0,71 ,20929
I,"Transport, Postal and Warehousing",206041124,Parkville,42 ,8 ,0.0,0.0,0.0,50 ,20361
I,"Transport, Postal and Warehousing",206041125,South Yarra - West,14 ,7 ,3.0,0.0,0.0,24 ,21640
I,"Transport, Postal and Warehousing",206041127,West Melbourne - Industrial,7 ,3 ,3.0,3.0,0.0,13 ,20935
I,"Transport, Postal and Warehousing",206041503,Melbourne CBD - East,103 ,15 ,6.0,3.0,0.0,127 ,20495
I,"Transport, Postal and Warehousing",206041504,Melbourne CBD - North,99 ,4 ,6.0,0.0,0.0,109 ,20495
I,"Transport, Postal and Warehousing",206041505,Melbourne CBD - West,195 ,20 ,8.0,14.0,0.0,238 ,21640
I,"Transport, Postal and Warehousing",206041506,North Melbourne,175 ,8 ,4.0,0.0,0.0,187 ,22038
I,"Transport, Postal and Warehousing",206041507,Royal Botanic Gardens Victoria,0 ,0 ,0.0,0.0,0.0,0 ,21640
I,"Transport, Postal and Warehousing",206041508,Southbank (West) - South Wharf,50 ,4 ,0.0,3.0,0.0,58 ,21640
I,"Transport, Postal and Warehousing",206041509,Southbank - East,142 ,5 ,3.0,3.0,0.0,153 ,21640
I,"Transport, Postal and Warehousing",206041510,West Melbourne - Residential,54 ,12 ,3.0,3.0,0.0,70 ,21640
I,"Transport, Postal and Warehousing",206051128,Albert Park,61 ,16 ,3.0,0.0,0.0,81 ,21640
I,"Transport, Postal and Warehousing",206051129,Elwood,57 ,3 ,0.0,0.0,0.0,60 ,22343
I,"Transport, Postal and Warehousing",206051130,Port Melbourne,55 ,13 ,0.0,0.0,0.0,69 ,22107
I,"Transport, Postal and Warehousing",206051134,St Kilda East,126 ,6 ,0.0,0.0,0.0,132 ,22118
I,"Transport, Postal and Warehousing",206051511,Port Melbourne Industrial,73 ,6 ,15.0,10.0,0.0,105 ,20766
I,"Transport, Postal and Warehousing",206051512,South Melbourne,58 ,17 ,5.0,0.0,0.0,82 ,21640
I,"Transport, Postal and Warehousing",206051513,St Kilda - Central,71 ,3 ,3.0,0.0,0.0,75 ,22805
I,"Transport, Postal and Warehousing",206051514,St Kilda - West,89 ,5 ,0.0,3.0,0.0,95 ,21640
I,"Transport, Postal and Warehousing",206061135,Armadale,33 ,3 ,0.0,0.0,0.0,36 ,22118
I,"Transport, Postal and Warehousing",206061136,Prahran - Windsor,79 ,6 ,0.0,0.0,0.0,86 ,21640
I,"Transport, Postal and Warehousing",206061138,Toorak,36 ,4 ,3.0,0.0,0.0,43 ,22118
I,"Transport, Postal and Warehousing",206061515,South Yarra - North,36 ,10 ,0.0,0.0,0.0,48 ,21640
I,"Transport, Postal and Warehousing",206061516,South Yarra - South,39 ,3 ,0.0,3.0,0.0,43 ,22118
I,"Transport, Postal and Warehousing",206071139,Abbotsford,41 ,0 ,0.0,3.0,0.0,46 ,20901
I,"Transport, Postal and Warehousing",206071140,Carlton North - Princes Hill,27 ,3 ,0.0,0.0,0.0,32 ,20361
I,"Transport, Postal and Warehousing",206071141,Collingwood,114 ,4 ,5.0,0.0,0.0,124 ,20925
I,"Transport, Postal and Warehousing",206071142,Fitzroy,87 ,0 ,0.0,0.0,0.0,90 ,20925
I,"Transport, Postal and Warehousing",206071143,Fitzroy North,29 ,3 ,0.0,0.0,0.0,30 ,20362
I,"Transport, Postal and Warehousing",206071145,Clifton Hill - Alphington,24 ,6 ,0.0,0.0,0.0,30 ,20925
I,"Transport, Postal and Warehousing",206071517,Richmond (South) - Cremorne,64 ,8 ,4.0,0.0,0.0,78 ,20830
I,"Transport, Postal and Warehousing",206071518,Richmond - North,92 ,4 ,3.0,0.0,0.0,101 ,20830
I,"Transport, Postal and Warehousing",207011146,Ashburton (Vic.),28 ,3 ,3.0,0.0,0.0,33 ,20077
I,"Transport, Postal and Warehousing",207011147,Balwyn,74 ,10 ,0.0,0.0,0.0,84 ,21336
I,"Transport, Postal and Warehousing",207011148,Balwyn North,107 ,18 ,0.0,0.0,0.0,127 ,21336
I,"Transport, Postal and Warehousing",207011149,Camberwell,66 ,12 ,3.0,0.0,0.0,81 ,21010
I,"Transport, Postal and Warehousing",207011150,Glen Iris - East,41 ,7 ,0.0,0.0,0.0,48 ,20077
I,"Transport, Postal and Warehousing",207011152,Hawthorn East,73 ,5 ,0.0,0.0,3.0,80 ,21586
I,"Transport, Postal and Warehousing",207011154,Kew East,17 ,4 ,0.0,0.0,0.0,21 ,20034
I,"Transport, Postal and Warehousing",207011155,Surrey Hills (West) - Canterbury,44 ,10 ,0.0,0.0,0.0,55 ,21336
I,"Transport, Postal and Warehousing",207011519,Hawthorn - North,47 ,4 ,0.0,0.0,0.0,53 ,22170
I,"Transport, Postal and Warehousing",207011520,Hawthorn - South,66 ,7 ,0.0,0.0,0.0,73 ,22547
I,"Transport, Postal and Warehousing",207011521,Kew - South,37 ,3 ,0.0,0.0,0.0,41 ,21152
I,"Transport, Postal and Warehousing",207011522,Kew - West,39 ,8 ,0.0,0.0,0.0,47 ,20034
I,"Transport, Postal and Warehousing",207021156,Bulleen,73 ,7 ,0.0,0.0,0.0,81 ,20124
I,"Transport, Postal and Warehousing",207021157,Doncaster,231 ,28 ,4.0,0.0,0.0,263 ,20124
I,"Transport, Postal and Warehousing",207021159,Templestowe,78 ,15 ,4.0,0.0,0.0,97 ,20771
I,"Transport, Postal and Warehousing",207021160,Templestowe Lower,72 ,15 ,0.0,0.0,0.0,88 ,20386
I,"Transport, Postal and Warehousing",207021424,Doncaster East - North,85 ,11 ,3.0,0.0,0.0,98 ,20771
I,"Transport, Postal and Warehousing",207021425,Doncaster East - South,110 ,10 ,0.0,0.0,0.0,122 ,20771
I,"Transport, Postal and Warehousing",207031161,Blackburn,129 ,8 ,3.0,0.0,0.0,141 ,20315
I,"Transport, Postal and Warehousing",207031162,Blackburn South,52 ,6 ,3.0,0.0,0.0,59 ,20426
I,"Transport, Postal and Warehousing",207031163,Box Hill,226 ,18 ,0.0,0.0,0.0,246 ,21732
I,"Transport, Postal and Warehousing",207031164,Box Hill North,150 ,7 ,3.0,0.0,0.0,160 ,20123
I,"Transport, Postal and Warehousing",207031165,Burwood (Vic.),185 ,7 ,0.0,0.0,0.0,192 ,21010
I,"Transport, Postal and Warehousing",207031166,Burwood East,108 ,9 ,0.0,0.0,0.0,119 ,20426
I,"Transport, Postal and Warehousing",207031167,Surrey Hills (East) - Mont Albert,29 ,3 ,0.0,3.0,0.0,32 ,21732
I,"Transport, Postal and Warehousing",208011168,Beaumaris,16 ,4 ,3.0,0.0,0.0,22 ,20182
I,"Transport, Postal and Warehousing",208011169,Brighton (Vic.),40 ,6 ,0.0,3.0,0.0,50 ,20337
I,"Transport, Postal and Warehousing",208011170,Brighton East,45 ,3 ,3.0,0.0,0.0,50 ,20337
I,"Transport, Postal and Warehousing",208011171,Highett (West) - Cheltenham,54 ,10 ,0.0,0.0,0.0,65 ,20182
I,"Transport, Postal and Warehousing",208011172,Hampton,41 ,10 ,3.0,0.0,0.0,52 ,20337
I,"Transport, Postal and Warehousing",208011173,Sandringham - Black Rock,30 ,6 ,0.0,0.0,0.0,37 ,20182
I,"Transport, Postal and Warehousing",208021174,Bentleigh - McKinnon,132 ,6 ,3.0,0.0,0.0,142 ,20338
I,"Transport, Postal and Warehousing",208021176,Carnegie,187 ,11 ,0.0,0.0,0.0,199 ,21587
I,"Transport, Postal and Warehousing",208021177,Caulfield - North,102 ,4 ,0.0,0.0,0.0,107 ,20105
I,"Transport, Postal and Warehousing",208021178,Caulfield - South,104 ,3 ,0.0,0.0,0.0,107 ,20864
I,"Transport, Postal and Warehousing",208021179,Elsternwick,45 ,0 ,0.0,0.0,0.0,47 ,20337
I,"Transport, Postal and Warehousing",208021180,Hughesdale,64 ,5 ,0.0,0.0,0.0,70 ,21587
I,"Transport, Postal and Warehousing",208021181,Murrumbeena,74 ,7 ,0.0,0.0,0.0,81 ,21587
I,"Transport, Postal and Warehousing",208021182,Ormond - Glen Huntly,159 ,11 ,3.0,0.0,0.0,171 ,20338
I,"Transport, Postal and Warehousing",208021426,Bentleigh East - North,93 ,13 ,0.0,0.0,0.0,106 ,20214
I,"Transport, Postal and Warehousing",208021427,Bentleigh East - South,79 ,15 ,0.0,0.0,0.0,95 ,20214
I,"Transport, Postal and Warehousing",208031183,Aspendale Gardens - Waterways,31 ,13 ,0.0,3.0,0.0,45 ,20079
I,"Transport, Postal and Warehousing",208031184,Braeside,20 ,4 ,5.0,3.0,0.0,31 ,20079
I,"Transport, Postal and Warehousing",208031185,Carrum - Patterson Lakes,40 ,8 ,0.0,0.0,0.0,48 ,20131
I,"Transport, Postal and Warehousing",208031186,Chelsea - Bonbeach,46 ,7 ,0.0,0.0,0.0,53 ,20538
I,"Transport, Postal and Warehousing",208031187,Chelsea Heights,11 ,4 ,0.0,0.0,0.0,16 ,20080
I,"Transport, Postal and Warehousing",208031188,Highett (East) - Cheltenham,119 ,18 ,3.0,3.0,0.0,142 ,20539
I,"Transport, Postal and Warehousing",208031189,Edithvale - Aspendale,16 ,5 ,3.0,0.0,0.0,24 ,20079
I,"Transport, Postal and Warehousing",208031190,Mentone,62 ,12 ,0.0,0.0,0.0,74 ,20182
I,"Transport, Postal and Warehousing",208031191,Moorabbin - Heatherton,71 ,13 ,4.0,6.0,3.0,95 ,20539
I,"Transport, Postal and Warehousing",208031192,Moorabbin Airport,15 ,4 ,3.0,4.0,0.0,26 ,20539
I,"Transport, Postal and Warehousing",208031193,Mordialloc - Parkdale,59 ,14 ,3.0,0.0,0.0,76 ,21648
I,"Transport, Postal and Warehousing",208041194,Malvern - Glen Iris,79 ,8 ,0.0,0.0,0.0,88 ,20066
I,"Transport, Postal and Warehousing",208041195,Malvern East,83 ,6 ,0.0,3.0,0.0,90 ,20523
I,"Transport, Postal and Warehousing",209011196,Bundoora - East,79 ,10 ,3.0,0.0,0.0,92 ,20399
I,"Transport, Postal and Warehousing",209011197,Greensborough,49 ,12 ,3.0,3.0,0.0,65 ,21104
I,"Transport, Postal and Warehousing",209011198,Heidelberg - Rosanna,60 ,9 ,0.0,0.0,0.0,69 ,21246
I,"Transport, Postal and Warehousing",209011199,Heidelberg West,264 ,11 ,3.0,3.0,0.0,280 ,22121
I,"Transport, Postal and Warehousing",209011200,Ivanhoe,42 ,9 ,3.0,0.0,0.0,53 ,22508
I,"Transport, Postal and Warehousing",209011201,Ivanhoe East - Eaglemont,22 ,3 ,0.0,0.0,0.0,27 ,21246
I,"Transport, Postal and Warehousing",209011202,Montmorency - Briar Hill,23 ,13 ,0.0,0.0,0.0,36 ,22484
I,"Transport, Postal and Warehousing",209011203,Viewbank - Yallambie,78 ,8 ,0.0,0.0,0.0,86 ,20386
I,"Transport, Postal and Warehousing",209011204,Watsonia,37 ,4 ,0.0,0.0,3.0,42 ,20399
I,"Transport, Postal and Warehousing",209021205,Kingsbury,153 ,12 ,0.0,0.0,0.0,165 ,20399
I,"Transport, Postal and Warehousing",209021428,Preston - East,166 ,16 ,0.0,0.0,0.0,183 ,22121
I,"Transport, Postal and Warehousing",209021429,Preston - West,92 ,4 ,0.0,0.0,0.0,96 ,20596
I,"Transport, Postal and Warehousing",209021523,Reservoir - North East,245 ,8 ,3.0,0.0,0.0,254 ,20399
I,"Transport, Postal and Warehousing",209021524,Reservoir - North West,106 ,9 ,3.0,0.0,0.0,118 ,22161
I,"Transport, Postal and Warehousing",209021525,Reservoir - South East,184 ,16 ,0.0,0.0,0.0,201 ,22121
I,"Transport, Postal and Warehousing",209021526,Reservoir - South West,187 ,9 ,0.0,0.0,0.0,197 ,20597
I,"Transport, Postal and Warehousing",209031209,Eltham,37 ,16 ,3.0,0.0,0.0,56 ,22483
I,"Transport, Postal and Warehousing",209031210,Hurstbridge,3 ,3 ,0.0,0.0,0.0,5 ,20752
I,"Transport, Postal and Warehousing",209031211,Kinglake,11 ,6 ,0.0,0.0,0.0,17 ,20916
I,"Transport, Postal and Warehousing",209031212,Panton Hill - St Andrews,8 ,5 ,0.0,0.0,0.0,14 ,21358
I,"Transport, Postal and Warehousing",209031213,Plenty - Yarrambat,38 ,11 ,3.0,3.0,0.0,52 ,20399
I,"Transport, Postal and Warehousing",209031214,Research - North Warrandyte,16 ,3 ,0.0,0.0,0.0,21 ,20865
I,"Transport, Postal and Warehousing",209031215,Wattle Glen - Diamond Creek,33 ,15 ,0.0,0.0,0.0,49 ,20865
I,"Transport, Postal and Warehousing",209041216,Bundoora - North,89 ,14 ,0.0,0.0,0.0,104 ,20399
I,"Transport, Postal and Warehousing",209041217,Bundoora - West,114 ,6 ,3.0,0.0,0.0,122 ,20399
I,"Transport, Postal and Warehousing",209041220,Mill Park - North,158 ,24 ,3.0,0.0,0.0,183 ,21683
I,"Transport, Postal and Warehousing",209041221,Mill Park - South,110 ,13 ,0.0,0.0,0.0,123 ,20399
I,"Transport, Postal and Warehousing",209041223,Thomastown,472 ,34 ,7.0,0.0,0.0,514 ,20399
I,"Transport, Postal and Warehousing",209041224,Wallan,474 ,73 ,9.0,3.0,0.0,557 ,20345
I,"Transport, Postal and Warehousing",209041225,Whittlesea,300 ,46 ,5.0,0.0,0.0,351 ,20576
I,"Transport, Postal and Warehousing",209041431,Epping - East,200 ,17 ,0.0,0.0,0.0,217 ,22311
I,"Transport, Postal and Warehousing",209041432,Epping - South,171 ,21 ,3.0,0.0,0.0,195 ,21683
I,"Transport, Postal and Warehousing",209041433,Epping (Vic.) - West,321 ,32 ,3.0,0.0,0.0,356 ,20878
I,"Transport, Postal and Warehousing",209041435,South Morang - North,155 ,33 ,0.0,0.0,0.0,188 ,20779
I,"Transport, Postal and Warehousing",209041436,South Morang - South,147 ,21 ,3.0,0.0,0.0,171 ,22916
I,"Transport, Postal and Warehousing",209041437,Wollert,"1,189 ",99 ,0.0,3.0,0.0,"1,290 ",22311
I,"Transport, Postal and Warehousing",209041527,Doreen - North,84 ,20 ,0.0,0.0,0.0,105 ,20779
I,"Transport, Postal and Warehousing",209041528,Doreen - South,109 ,11 ,3.0,0.0,0.0,122 ,20779
I,"Transport, Postal and Warehousing",209041529,Lalor - East,228 ,13 ,0.0,0.0,0.0,241 ,22504
I,"Transport, Postal and Warehousing",209041530,Lalor - West,213 ,25 ,0.0,0.0,0.0,239 ,22504
I,"Transport, Postal and Warehousing",209041531,Mernda - North,196 ,27 ,0.0,0.0,0.0,223 ,20779
I,"Transport, Postal and Warehousing",209041532,Mernda - South,240 ,25 ,0.0,0.0,0.0,265 ,20779
I,"Transport, Postal and Warehousing",210011226,Airport West,47 ,13 ,3.0,0.0,0.0,61 ,20886
I,"Transport, Postal and Warehousing",210011227,Essendon Airport,12 ,7 ,6.0,3.0,0.0,27 ,22380
I,"Transport, Postal and Warehousing",210011228,Keilor,55 ,37 ,27.0,18.0,0.0,137 ,20015
I,"Transport, Postal and Warehousing",210011230,Niddrie - Essendon West,33 ,6 ,0.0,0.0,0.0,39 ,20885
I,"Transport, Postal and Warehousing",210011231,Strathmore,50 ,11 ,3.0,0.0,0.0,63 ,20885
I,"Transport, Postal and Warehousing",210011533,Avondale Heights,72 ,19 ,0.0,0.0,0.0,93 ,21604
I,"Transport, Postal and Warehousing",210011534,Keilor East,72 ,17 ,0.0,0.0,0.0,90 ,20888
I,"Transport, Postal and Warehousing",210021232,Gisborne,43 ,25 ,3.0,0.0,0.0,71 ,20076
I,"Transport, Postal and Warehousing",210021233,Macedon,6 ,3 ,0.0,0.0,0.0,10 ,20387
I,"Transport, Postal and Warehousing",210021234,Riddells Creek,5 ,5 ,0.0,0.0,0.0,10 ,21176
I,"Transport, Postal and Warehousing",210021235,Romsey,25 ,28 ,4.0,0.0,0.0,57 ,20172
I,"Transport, Postal and Warehousing",210031236,Coburg North,98 ,14 ,0.0,0.0,0.0,112 ,20596
I,"Transport, Postal and Warehousing",210031237,Fawkner,530 ,17 ,3.0,3.0,0.0,552 ,20597
I,"Transport, Postal and Warehousing",210031439,Gowanbrae,21 ,3 ,0.0,0.0,0.0,24 ,22381
I,"Transport, Postal and Warehousing",210031440,Hadfield,113 ,6 ,0.0,0.0,0.0,120 ,22041
I,"Transport, Postal and Warehousing",210031535,Glenroy - East,341 ,18 ,0.0,0.0,0.0,361 ,22041
I,"Transport, Postal and Warehousing",210031536,Glenroy - West,204 ,8 ,3.0,0.0,0.0,213 ,22381
I,"Transport, Postal and Warehousing",210031537,Oak Park,89 ,6 ,3.0,0.0,0.0,96 ,22042
I,"Transport, Postal and Warehousing",210031538,Pascoe Vale,178 ,6 ,0.0,0.0,0.0,184 ,22042
I,"Transport, Postal and Warehousing",210041240,Sunbury,53 ,22 ,0.0,0.0,0.0,76 ,20567
I,"Transport, Postal and Warehousing",210041539,Diggers Rest,79 ,13 ,0.0,0.0,0.0,94 ,20754
I,"Transport, Postal and Warehousing",210041540,Sunbury - South,84 ,15 ,8.0,0.0,0.0,108 ,21318
I,"Transport, Postal and Warehousing",210041541,Sunbury - West,47 ,11 ,4.0,0.0,0.0,62 ,20754
I,"Transport, Postal and Warehousing",210051242,Broadmeadows,548 ,16 ,0.0,3.0,0.0,566 ,20909
I,"Transport, Postal and Warehousing",210051243,Campbellfield - Coolaroo,,,,,,,22161
I,"Transport, Postal and Warehousing",210051245,Gladstone Park - Westmeadows,186 ,32 ,6.0,4.0,0.0,229 ,22586
I,"Transport, Postal and Warehousing",210051246,Greenvale - Bulla,279 ,51 ,3.0,0.0,0.0,333 ,21675
I,"Transport, Postal and Warehousing",210051247,Meadow Heights,,,,,,,20624
I,"Transport, Postal and Warehousing",210051248,Melbourne Airport,10 ,5 ,0.0,7.0,0.0,24 ,21319
I,"Transport, Postal and Warehousing",210051250,Tullamarine,116 ,24 ,14.0,3.0,0.0,157 ,22586
I,"Transport, Postal and Warehousing",210051441,Craigieburn - Central,202 ,24 ,3.0,0.0,0.0,228 ,20661
I,"Transport, Postal and Warehousing",210051442,Craigieburn - North,365 ,25 ,0.0,0.0,0.0,390 ,21675
I,"Transport, Postal and Warehousing",210051443,Craigieburn - South,575 ,69 ,4.0,0.0,0.0,648 ,20878
I,"Transport, Postal and Warehousing",210051445,Mickleham - Yuroke,"1,426 ",122 ,3.0,3.0,0.0,"1,552 ",20233
I,"Transport, Postal and Warehousing",210051542,Craigieburn - North West,486 ,30 ,3.0,0.0,0.0,517 ,21675
I,"Transport, Postal and Warehousing",210051543,Craigieburn - West,515 ,24 ,3.0,3.0,0.0,541 ,21675
I,"Transport, Postal and Warehousing",210051544,Roxburgh Park (South) - Somerton,208 ,26 ,4.0,3.0,0.0,241 ,20878
I,"Transport, Postal and Warehousing",210051545,Roxburgh Park - North,288 ,28 ,0.0,0.0,0.0,316 ,20661
I,"Transport, Postal and Warehousing",211011251,Bayswater,96 ,11 ,4.0,4.0,0.0,116 ,20173
I,"Transport, Postal and Warehousing",211011254,Knoxfield - Scoresby,109 ,16 ,4.0,0.0,0.0,131 ,21013
I,"Transport, Postal and Warehousing",211011255,Lysterfield,16 ,14 ,0.0,3.0,0.0,33 ,20917
I,"Transport, Postal and Warehousing",211011256,Rowville - Central,68 ,10 ,0.0,0.0,0.0,78 ,21374
I,"Transport, Postal and Warehousing",211011257,Rowville - North,30 ,5 ,0.0,0.0,0.0,37 ,20917
I,"Transport, Postal and Warehousing",211011258,Rowville - South,56 ,13 ,3.0,0.0,0.0,73 ,22207
I,"Transport, Postal and Warehousing",211011259,Wantirna,73 ,20 ,4.0,0.0,0.0,97 ,22628
I,"Transport, Postal and Warehousing",211011260,Wantirna South,103 ,14 ,0.0,0.0,0.0,117 ,21013
I,"Transport, Postal and Warehousing",211011446,Boronia,101 ,20 ,3.0,0.0,0.0,124 ,20173
I,"Transport, Postal and Warehousing",211011447,Ferntree Gully - North,59 ,12 ,0.0,0.0,0.0,71 ,20304
I,"Transport, Postal and Warehousing",211011448,Ferntree Gully (South) - Upper Ferntree Gully,60 ,24 ,3.0,0.0,0.0,87 ,20917
I,"Transport, Postal and Warehousing",211011449,The Basin,9 ,7 ,0.0,0.0,0.0,16 ,20304
I,"Transport, Postal and Warehousing",211021261,Donvale - Park Orchards,44 ,17 ,3.0,0.0,0.0,64 ,20772
I,"Transport, Postal and Warehousing",211021262,Warrandyte - Wonga Park,22 ,7 ,3.0,0.0,0.0,32 ,20772
I,"Transport, Postal and Warehousing",211031263,Bayswater North,67 ,8 ,5.0,3.0,0.0,82 ,20173
I,"Transport, Postal and Warehousing",211031265,Croydon Hills - Warranwood,51 ,7 ,0.0,0.0,0.0,58 ,20556
I,"Transport, Postal and Warehousing",211031266,Ringwood,109 ,15 ,3.0,0.0,0.0,128 ,20774
I,"Transport, Postal and Warehousing",211031267,Ringwood East,79 ,13 ,3.0,0.0,0.0,93 ,20173
I,"Transport, Postal and Warehousing",211031268,Ringwood North,21 ,9 ,0.0,0.0,0.0,31 ,20774
I,"Transport, Postal and Warehousing",211031450,Croydon - East,71 ,6 ,3.0,0.0,0.0,80 ,21354
I,"Transport, Postal and Warehousing",211031451,Croydon - West,64 ,7 ,0.0,0.0,0.0,73 ,20556
I,"Transport, Postal and Warehousing",211031452,Croydon South,14 ,6 ,0.0,0.0,0.0,21 ,20174
I,"Transport, Postal and Warehousing",211041269,Forest Hill,63 ,9 ,0.0,0.0,0.0,73 ,20252
I,"Transport, Postal and Warehousing",211041270,Mitcham (Vic.),110 ,8 ,0.0,0.0,0.0,119 ,20774
I,"Transport, Postal and Warehousing",211041271,Nunawading,93 ,6 ,3.0,0.0,0.0,102 ,20774
I,"Transport, Postal and Warehousing",211041272,Vermont,75 ,12 ,3.0,3.0,0.0,90 ,20937
I,"Transport, Postal and Warehousing",211041273,Vermont South,67 ,13 ,3.0,0.0,0.0,84 ,20937
I,"Transport, Postal and Warehousing",211051274,Belgrave - Selby,11 ,11 ,0.0,0.0,0.0,24 ,21558
I,"Transport, Postal and Warehousing",211051275,Chirnside Park,37 ,9 ,0.0,0.0,0.0,48 ,20556
I,"Transport, Postal and Warehousing",211051276,Healesville - Yarra Glen,33 ,14 ,4.0,0.0,0.0,53 ,20916
I,"Transport, Postal and Warehousing",211051277,Kilsyth,42 ,10 ,3.0,0.0,0.0,54 ,20174
I,"Transport, Postal and Warehousing",211051278,Lilydale - Coldstream,55 ,14 ,3.0,0.0,0.0,72 ,20556
I,"Transport, Postal and Warehousing",211051279,Monbulk - Silvan,15 ,3 ,0.0,0.0,0.0,19 ,20868
I,"Transport, Postal and Warehousing",211051280,Montrose,14 ,3 ,0.0,3.0,0.0,19 ,21354
I,"Transport, Postal and Warehousing",211051281,Mooroolbark,84 ,12 ,0.0,0.0,0.0,97 ,20556
I,"Transport, Postal and Warehousing",211051282,Mount Dandenong - Olinda,14 ,6 ,0.0,0.0,0.0,21 ,20304
I,"Transport, Postal and Warehousing",211051283,Mount Evelyn,22 ,10 ,0.0,0.0,0.0,32 ,21736
I,"Transport, Postal and Warehousing",211051284,Upwey - Tecoma,12 ,4 ,3.0,0.0,0.0,17 ,21558
I,"Transport, Postal and Warehousing",211051285,Wandin - Seville,24 ,14 ,5.0,0.0,0.0,43 ,20613
I,"Transport, Postal and Warehousing",211051286,Yarra Valley,29 ,23 ,3.0,0.0,0.0,54 ,20833
I,"Transport, Postal and Warehousing",212011289,Emerald - Cockatoo,24 ,21 ,5.0,3.0,0.0,51 ,20979
I,"Transport, Postal and Warehousing",212011546,Beaconsfield - Officer,409 ,49 ,3.0,0.0,0.0,461 ,20176
I,"Transport, Postal and Warehousing",212011547,Bunyip - Garfield,54 ,26 ,5.0,0.0,0.0,85 ,20411
I,"Transport, Postal and Warehousing",212011548,Koo Wee Rup,68 ,34 ,7.0,3.0,0.0,112 ,20081
I,"Transport, Postal and Warehousing",212011549,Pakenham - North East,164 ,32 ,0.0,0.0,0.0,196 ,21879
I,"Transport, Postal and Warehousing",212011550,Pakenham - North West,175 ,26 ,0.0,0.0,0.0,202 ,20176
I,"Transport, Postal and Warehousing",212011551,Pakenham - South East,154 ,21 ,3.0,3.0,0.0,179 ,21879
I,"Transport, Postal and Warehousing",212011552,Pakenham - South West,537 ,70 ,6.0,3.0,0.0,614 ,22006
I,"Transport, Postal and Warehousing",212021293,Berwick - North,92 ,22 ,3.0,0.0,0.0,118 ,21895
I,"Transport, Postal and Warehousing",212021295,Doveton,294 ,22 ,4.0,0.0,0.0,321 ,20708
I,"Transport, Postal and Warehousing",212021297,Hallam,247 ,31 ,6.0,3.0,0.0,287 ,21895
I,"Transport, Postal and Warehousing",212021299,Narre Warren North,49 ,28 ,5.0,0.0,0.0,82 ,21558
I,"Transport, Postal and Warehousing",212021453,Endeavour Hills - North,139 ,21 ,0.0,0.0,0.0,161 ,22207
I,"Transport, Postal and Warehousing",212021454,Endeavour Hills - South,152 ,18 ,0.0,0.0,0.0,172 ,21895
I,"Transport, Postal and Warehousing",212021455,Narre Warren - North East,132 ,15 ,0.0,0.0,0.0,148 ,21895
I,"Transport, Postal and Warehousing",212021456,Narre Warren - South West,213 ,24 ,3.0,0.0,0.0,239 ,20224
I,"Transport, Postal and Warehousing",212021553,Berwick - South East,145 ,20 ,0.0,0.0,0.0,167 ,20175
I,"Transport, Postal and Warehousing",212021554,Berwick - South West,141 ,19 ,0.0,0.0,0.0,162 ,20224
I,"Transport, Postal and Warehousing",212031300,Cranbourne,407 ,43 ,5.0,0.0,0.0,456 ,20664
I,"Transport, Postal and Warehousing",212031303,Cranbourne South,434 ,74 ,9.0,0.0,0.0,520 ,20487
I,"Transport, Postal and Warehousing",212031304,Cranbourne West,637 ,54 ,4.0,3.0,0.0,697 ,20662
I,"Transport, Postal and Warehousing",212031306,Lynbrook - Lyndhurst,463 ,59 ,7.0,0.0,0.0,529 ,20709
I,"Transport, Postal and Warehousing",212031308,Pearcedale - Tooradin,33 ,20 ,5.0,0.0,0.0,58 ,21380
I,"Transport, Postal and Warehousing",212031457,Narre Warren South - East,95 ,15 ,3.0,0.0,0.0,113 ,20224
I,"Transport, Postal and Warehousing",212031458,Narre Warren South - West,220 ,38 ,3.0,0.0,0.0,260 ,21893
I,"Transport, Postal and Warehousing",212031555,Clyde North - North,318 ,42 ,3.0,0.0,0.0,361 ,22006
I,"Transport, Postal and Warehousing",212031556,Clyde North - South,962 ,97 ,3.0,0.0,0.0,"1,063 ",20487
I,"Transport, Postal and Warehousing",212031557,Cranbourne East - North,785 ,62 ,0.0,0.0,0.0,847 ,20581
I,"Transport, Postal and Warehousing",212031558,Cranbourne East - South,450 ,43 ,0.0,0.0,0.0,493 ,20581
I,"Transport, Postal and Warehousing",212031559,Cranbourne North - East,291 ,25 ,0.0,0.0,0.0,316 ,20582
I,"Transport, Postal and Warehousing",212031560,Cranbourne North - West,213 ,26 ,0.0,0.0,0.0,240 ,21133
I,"Transport, Postal and Warehousing",212031561,Hampton Park - East,202 ,16 ,0.0,0.0,0.0,218 ,21893
I,"Transport, Postal and Warehousing",212031562,Hampton Park - West,237 ,31 ,3.0,0.0,0.0,270 ,20709
I,"Transport, Postal and Warehousing",212041309,Clarinda - Oakleigh South,119 ,20 ,4.0,0.0,0.0,143 ,21746
I,"Transport, Postal and Warehousing",212041310,Clayton South,446 ,19 ,3.0,0.0,0.0,468 ,20758
I,"Transport, Postal and Warehousing",212041312,Dandenong North,422 ,52 ,3.0,0.0,0.0,475 ,22207
I,"Transport, Postal and Warehousing",212041313,Dingley Village,44 ,13 ,3.0,3.0,0.0,60 ,20320
I,"Transport, Postal and Warehousing",212041316,Noble Park North,137 ,8 ,0.0,3.0,0.0,147 ,20708
I,"Transport, Postal and Warehousing",212041317,Springvale,568 ,41 ,4.0,0.0,0.0,614 ,21827
I,"Transport, Postal and Warehousing",212041318,Springvale South,151 ,33 ,0.0,0.0,0.0,184 ,21339
I,"Transport, Postal and Warehousing",212041459,Noble Park - East,491 ,17 ,0.0,0.0,0.0,509 ,21339
I,"Transport, Postal and Warehousing",212041460,Noble Park - West,405 ,46 ,3.0,0.0,0.0,453 ,21339
I,"Transport, Postal and Warehousing",212041563,Dandenong - North,716 ,39 ,0.0,0.0,0.0,756 ,20708
I,"Transport, Postal and Warehousing",212041564,Dandenong - South,345 ,59 ,27.0,25.0,3.0,458 ,20131
I,"Transport, Postal and Warehousing",212041565,Keysborough - North,160 ,36 ,7.0,3.0,0.0,204 ,21339
I,"Transport, Postal and Warehousing",212041566,Keysborough - South,179 ,35 ,3.0,0.0,0.0,217 ,20080
I,"Transport, Postal and Warehousing",212051319,Ashwood - Chadstone,184 ,9 ,0.0,0.0,0.0,193 ,20077
I,"Transport, Postal and Warehousing",212051321,Glen Waverley - East,175 ,23 ,0.0,3.0,0.0,199 ,20427
I,"Transport, Postal and Warehousing",212051322,Glen Waverley - West,192 ,26 ,0.0,0.0,0.0,219 ,20427
I,"Transport, Postal and Warehousing",212051323,Mount Waverley - North,132 ,11 ,4.0,0.0,0.0,147 ,20078
I,"Transport, Postal and Warehousing",212051324,Mount Waverley - South,168 ,31 ,3.0,0.0,0.0,202 ,21816
I,"Transport, Postal and Warehousing",212051325,Mulgrave,215 ,26 ,4.0,3.0,0.0,247 ,21013
I,"Transport, Postal and Warehousing",212051326,Oakleigh - Huntingdale,303 ,28 ,3.0,3.0,0.0,336 ,21587
I,"Transport, Postal and Warehousing",212051327,Wheelers Hill,113 ,20 ,0.0,3.0,0.0,136 ,21013
I,"Transport, Postal and Warehousing",212051567,Clayton (North) - Notting Hill,227 ,14 ,4.0,0.0,0.0,246 ,21816
I,"Transport, Postal and Warehousing",212051568,Clayton - Central,459 ,16 ,3.0,0.0,0.0,479 ,22002
I,"Transport, Postal and Warehousing",213011328,Ardeer - Albion,254 ,8 ,3.0,0.0,0.0,263 ,22396
I,"Transport, Postal and Warehousing",213011329,Cairnlea,163 ,31 ,0.0,0.0,0.0,195 ,20062
I,"Transport, Postal and Warehousing",213011331,Delahey,105 ,19 ,3.0,0.0,0.0,125 ,21315
I,"Transport, Postal and Warehousing",213011332,Keilor Downs,135 ,35 ,0.0,0.0,0.0,172 ,21316
I,"Transport, Postal and Warehousing",213011333,Kings Park (Vic.),205 ,24 ,0.0,0.0,0.0,229 ,20729
I,"Transport, Postal and Warehousing",213011334,St Albans - North,590 ,43 ,0.0,0.0,0.0,633 ,21312
I,"Transport, Postal and Warehousing",213011335,St Albans - South,462 ,42 ,0.0,0.0,0.0,505 ,21312
I,"Transport, Postal and Warehousing",213011336,Sunshine,256 ,13 ,0.0,0.0,0.0,271 ,20324
I,"Transport, Postal and Warehousing",213011337,Sunshine North,270 ,17 ,3.0,3.0,0.0,292 ,21316
I,"Transport, Postal and Warehousing",213011338,Sunshine West,431 ,41 ,5.0,4.0,0.0,481 ,20062
I,"Transport, Postal and Warehousing",213011339,Sydenham,201 ,24 ,3.0,0.0,0.0,227 ,22474
I,"Transport, Postal and Warehousing",213011340,Taylors Lakes,150 ,34 ,0.0,0.0,0.0,188 ,21314
I,"Transport, Postal and Warehousing",213011569,Deer Park,397 ,27 ,3.0,3.0,0.0,428 ,20062
I,"Transport, Postal and Warehousing",213011570,Derrimut,198 ,32 ,8.0,7.0,0.0,246 ,20062
I,"Transport, Postal and Warehousing",213021341,Altona,74 ,19 ,7.0,5.0,0.0,105 ,21477
I,"Transport, Postal and Warehousing",213021342,Altona Meadows,138 ,19 ,3.0,0.0,0.0,160 ,20035
I,"Transport, Postal and Warehousing",213021343,Altona North,156 ,19 ,8.0,9.0,0.0,193 ,22917
I,"Transport, Postal and Warehousing",213021344,Newport,85 ,16 ,0.0,0.0,0.0,104 ,22107
I,"Transport, Postal and Warehousing",213021345,Seabrook,51 ,9 ,0.0,0.0,0.0,60 ,20036
I,"Transport, Postal and Warehousing",213021346,Williamstown,49 ,14 ,7.0,3.0,0.0,71 ,21934
I,"Transport, Postal and Warehousing",213031347,Braybrook,484 ,20 ,3.0,3.0,0.0,507 ,20935
I,"Transport, Postal and Warehousing",213031348,Footscray,292 ,18 ,3.0,3.0,0.0,314 ,20929
I,"Transport, Postal and Warehousing",213031349,Maribyrnong,151 ,22 ,4.0,0.0,0.0,177 ,20075
I,"Transport, Postal and Warehousing",213031350,Seddon - Kingsville,54 ,7 ,0.0,0.0,0.0,61 ,20935
I,"Transport, Postal and Warehousing",213031351,West Footscray - Tottenham,180 ,12 ,8.0,6.0,0.0,206 ,20935
I,"Transport, Postal and Warehousing",213031352,Yarraville,50 ,8 ,4.0,3.0,0.0,65 ,20935
I,"Transport, Postal and Warehousing",213041353,Bacchus Marsh,237 ,75 ,6.0,4.0,0.0,323 ,20095
I,"Transport, Postal and Warehousing",213041358,Melton West,289 ,46 ,4.0,3.0,0.0,340 ,22537
I,"Transport, Postal and Warehousing",213041359,Rockbank - Mount Cottrell,"1,222 ",145 ,8.0,4.0,0.0,"1,380 ",20899
I,"Transport, Postal and Warehousing",213041360,Taylors Hill,256 ,49 ,0.0,0.0,0.0,309 ,20950
I,"Transport, Postal and Warehousing",213041461,Burnside,81 ,20 ,0.0,0.0,0.0,101 ,20729
I,"Transport, Postal and Warehousing",213041462,Burnside Heights,100 ,13 ,0.0,0.0,0.0,114 ,20420
I,"Transport, Postal and Warehousing",213041463,Caroline Springs,245 ,35 ,3.0,0.0,0.0,282 ,20950
I,"Transport, Postal and Warehousing",213041571,Brookfield,220 ,24 ,0.0,0.0,0.0,244 ,21202
I,"Transport, Postal and Warehousing",213041572,Cobblebank - Strathtulloh,531 ,60 ,0.0,0.0,0.0,591 ,21642
I,"Transport, Postal and Warehousing",213041573,Eynesbury - Exford,12 ,5 ,0.0,0.0,0.0,18 ,20899
I,"Transport, Postal and Warehousing",213041574,Fraser Rise - Plumpton,399 ,62 ,0.0,0.0,0.0,461 ,20754
I,"Transport, Postal and Warehousing",213041575,Hillside,172 ,31 ,4.0,0.0,0.0,207 ,20950
I,"Transport, Postal and Warehousing",213041576,Kurunjang - Toolern Vale,125 ,29 ,4.0,0.0,0.0,159 ,20605
I,"Transport, Postal and Warehousing",213041577,Melton,76 ,20 ,3.0,0.0,0.0,99 ,21140
I,"Transport, Postal and Warehousing",213041578,Melton South - Weir Views,479 ,37 ,0.0,0.0,0.0,516 ,20351
I,"Transport, Postal and Warehousing",213051361,Hoppers Crossing - North,300 ,42 ,5.0,3.0,0.0,350 ,22582
I,"Transport, Postal and Warehousing",213051362,Hoppers Crossing - South,350 ,23 ,3.0,0.0,0.0,376 ,22451
I,"Transport, Postal and Warehousing",213051363,Laverton,476 ,49 ,21.0,14.0,0.0,560 ,22397
I,"Transport, Postal and Warehousing",213051368,Werribee - South,244 ,23 ,5.0,3.0,0.0,275 ,20601
I,"Transport, Postal and Warehousing",213051464,Point Cook - East,296 ,23 ,0.0,0.0,0.0,319 ,20036
I,"Transport, Postal and Warehousing",213051466,Point Cook - South,269 ,37 ,0.0,0.0,0.0,307 ,22086
I,"Transport, Postal and Warehousing",213051467,Werribee - East,307 ,20 ,0.0,0.0,0.0,327 ,22451
I,"Transport, Postal and Warehousing",213051468,Werribee - West,487 ,53 ,3.0,0.0,0.0,543 ,20115
I,"Transport, Postal and Warehousing",213051579,Manor Lakes - Quandong,287 ,20 ,0.0,0.0,0.0,307 ,20115
I,"Transport, Postal and Warehousing",213051580,Point Cook - North East,165 ,22 ,0.0,0.0,0.0,188 ,20036
I,"Transport, Postal and Warehousing",213051581,Point Cook - North West,168 ,11 ,0.0,0.0,0.0,180 ,22086
I,"Transport, Postal and Warehousing",213051582,Tarneit (West) - Mount Cottrell,889 ,57 ,3.0,0.0,0.0,949 ,20899
I,"Transport, Postal and Warehousing",213051583,Tarneit - Central,"1,510 ",98 ,4.0,0.0,0.0,"1,613 ",22582
I,"Transport, Postal and Warehousing",213051584,Tarneit - North,924 ,85 ,0.0,0.0,0.0,"1,010 ",22582
I,"Transport, Postal and Warehousing",213051585,Tarneit - South,490 ,31 ,0.0,0.0,0.0,522 ,22451
I,"Transport, Postal and Warehousing",213051586,Truganina - North,784 ,76 ,6.0,13.0,0.0,879 ,20743
I,"Transport, Postal and Warehousing",213051587,Truganina - South East,531 ,33 ,0.0,3.0,0.0,566 ,21477
I,"Transport, Postal and Warehousing",213051588,Truganina - South West,"1,237 ",62 ,0.0,0.0,0.0,"1,300 ",22582
I,"Transport, Postal and Warehousing",213051589,Wyndham Vale - North,324 ,27 ,0.0,0.0,0.0,351 ,20116
I,"Transport, Postal and Warehousing",213051590,Wyndham Vale - South,177 ,14 ,3.0,0.0,0.0,193 ,22750
I,"Transport, Postal and Warehousing",214011370,Carrum Downs,119 ,32 ,7.0,3.0,0.0,160 ,20131
I,"Transport, Postal and Warehousing",214011371,Frankston,70 ,9 ,3.0,0.0,0.0,82 ,22249
I,"Transport, Postal and Warehousing",214011372,Frankston North,84 ,15 ,3.0,0.0,0.0,102 ,20508
I,"Transport, Postal and Warehousing",214011373,Frankston South,30 ,17 ,3.0,0.0,0.0,50 ,21468
I,"Transport, Postal and Warehousing",214011374,Langwarrin,53 ,25 ,5.0,3.0,0.0,84 ,20508
I,"Transport, Postal and Warehousing",214011375,Seaford (Vic.),57 ,17 ,4.0,0.0,0.0,78 ,20507
I,"Transport, Postal and Warehousing",214011376,Skye - Sandhurst,60 ,15 ,3.0,0.0,0.0,77 ,20508
I,"Transport, Postal and Warehousing",214021377,Dromana,29 ,18 ,3.0,0.0,0.0,49 ,20072
I,"Transport, Postal and Warehousing",214021378,Flinders,8 ,8 ,3.0,0.0,0.0,17 ,20072
I,"Transport, Postal and Warehousing",214021379,Hastings - Somers,37 ,21 ,5.0,0.0,0.0,64 ,21664
I,"Transport, Postal and Warehousing",214021381,Mount Eliza,37 ,6 ,0.0,0.0,0.0,44 ,20949
I,"Transport, Postal and Warehousing",214021382,Mount Martha,29 ,13 ,4.0,0.0,0.0,46 ,21803
I,"Transport, Postal and Warehousing",214021383,Point Nepean,44 ,10 ,5.0,3.0,0.0,61 ,20280
I,"Transport, Postal and Warehousing",214021384,Rosebud - McCrae,52 ,17 ,4.0,0.0,0.0,73 ,20072
I,"Transport, Postal and Warehousing",214021385,Somerville,56 ,28 ,0.0,3.0,0.0,88 ,22050
I,"Transport, Postal and Warehousing",214021591,Mornington - East,49 ,16 ,3.0,0.0,0.0,68 ,21793
I,"Transport, Postal and Warehousing",214021592,Mornington - West,18 ,4 ,3.0,0.0,0.0,25 ,21793
I,"Transport, Postal and Warehousing",215011386,Ararat,24 ,8 ,0.0,0.0,0.0,34 ,20811
I,"Transport, Postal and Warehousing",215011387,Ararat Surrounds,9 ,0 ,3.0,0.0,0.0,14 ,20680
I,"Transport, Postal and Warehousing",215011388,Horsham,38 ,28 ,7.0,0.0,0.0,73 ,20403
I,"Transport, Postal and Warehousing",215011389,Horsham Surrounds,13 ,7 ,0.0,0.0,0.0,20 ,20403
I,"Transport, Postal and Warehousing",215011390,Nhill Region,30 ,25 ,7.0,0.0,0.0,62 ,20756
I,"Transport, Postal and Warehousing",215011391,St Arnaud,12 ,11 ,3.0,3.0,0.0,27 ,20142
I,"Transport, Postal and Warehousing",215011392,Stawell,17 ,13 ,0.0,0.0,0.0,32 ,20680
I,"Transport, Postal and Warehousing",215011393,West Wimmera,12 ,4 ,3.0,0.0,0.0,21 ,20119
I,"Transport, Postal and Warehousing",215011394,Yarriambiack,23 ,11 ,4.0,0.0,0.0,40 ,20756
I,"Transport, Postal and Warehousing",215021395,Irymple,23 ,11 ,6.0,3.0,0.0,41 ,20488
I,"Transport, Postal and Warehousing",215021396,Merbein,18 ,6 ,3.0,0.0,0.0,29 ,21388
I,"Transport, Postal and Warehousing",215021398,Mildura Surrounds,17 ,10 ,4.0,0.0,0.0,31 ,20234
I,"Transport, Postal and Warehousing",215021399,Red Cliffs,16 ,9 ,3.0,0.0,0.0,26 ,20488
I,"Transport, Postal and Warehousing",215021469,Mildura - North,51 ,11 ,5.0,5.0,0.0,73 ,21682
I,"Transport, Postal and Warehousing",215021470,Mildura - South,57 ,12 ,3.0,3.0,0.0,74 ,21245
I,"Transport, Postal and Warehousing",215031400,Buloke,26 ,23 ,4.0,0.0,0.0,53 ,20155
I,"Transport, Postal and Warehousing",215031401,Gannawarra,19 ,17 ,5.0,0.0,0.0,41 ,20051
I,"Transport, Postal and Warehousing",215031402,Kerang,13 ,5 ,0.0,3.0,0.0,20 ,20477
I,"Transport, Postal and Warehousing",215031403,Robinvale,8 ,5 ,3.0,0.0,0.0,16 ,22744
I,"Transport, Postal and Warehousing",215031404,Swan Hill,59 ,19 ,12.0,0.0,3.0,91 ,21076
I,"Transport, Postal and Warehousing",215031405,Swan Hill Surrounds,31 ,15 ,4.0,0.0,0.0,50 ,20047
I,"Transport, Postal and Warehousing",216011406,Echuca,43 ,25 ,4.0,3.0,0.0,74 ,20125
I,"Transport, Postal and Warehousing",216011407,Kyabram,46 ,28 ,7.0,0.0,0.0,83 ,20838
I,"Transport, Postal and Warehousing",216011408,Lockington - Gunbower,22 ,10 ,0.0,0.0,0.0,32 ,20755
I,"Transport, Postal and Warehousing",216011409,Rochester,10 ,5 ,3.0,0.0,0.0,19 ,20281
I,"Transport, Postal and Warehousing",216011410,Rushworth,17 ,7 ,3.0,0.0,0.0,27 ,20093
I,"Transport, Postal and Warehousing",216021411,Cobram,29 ,8 ,7.0,3.0,0.0,45 ,20301
I,"Transport, Postal and Warehousing",216021412,Moira,17 ,6 ,3.0,0.0,0.0,26 ,20032
I,"Transport, Postal and Warehousing",216021413,Numurkah,47 ,30 ,13.0,0.0,0.0,92 ,20839
I,"Transport, Postal and Warehousing",216021414,Yarrawonga,27 ,11 ,4.0,0.0,0.0,42 ,20395
I,"Transport, Postal and Warehousing",216031415,Mooroopna,21 ,13 ,3.0,0.0,0.0,37 ,20063
I,"Transport, Postal and Warehousing",216031416,Shepparton - North,106 ,23 ,10.0,4.0,0.0,143 ,20393
I,"Transport, Postal and Warehousing",216031418,Shepparton Surrounds - East,20 ,12 ,0.0,3.0,0.0,34 ,20056
I,"Transport, Postal and Warehousing",216031419,Shepparton Surrounds - West,34 ,23 ,3.0,0.0,0.0,62 ,20056
I,"Transport, Postal and Warehousing",216031593,Kialla,104 ,15 ,4.0,0.0,0.0,123 ,20056
I,"Transport, Postal and Warehousing",216031594,Shepparton - South East,113 ,18 ,7.0,3.0,0.0,141 ,21340
I,"Transport, Postal and Warehousing",217011420,Glenelg (Vic.),26 ,23 ,4.0,0.0,0.0,53 ,20340
I,"Transport, Postal and Warehousing",217011421,Hamilton (Vic.),23 ,16 ,0.0,0.0,0.0,42 ,20322
I,"Transport, Postal and Warehousing",217011422,Portland,38 ,16 ,3.0,4.0,0.0,61 ,20274
I,"Transport, Postal and Warehousing",217011423,Southern Grampians,21 ,10 ,4.0,0.0,0.0,35 ,20199
I,"Transport, Postal and Warehousing",217031471,Camperdown,7 ,10 ,3.0,0.0,0.0,18 ,20285
I,"Transport, Postal and Warehousing",217031472,Colac,34 ,17 ,5.0,3.0,3.0,59 ,20149
I,"Transport, Postal and Warehousing",217031473,Colac Surrounds,28 ,13 ,6.0,0.0,0.0,47 ,20671
I,"Transport, Postal and Warehousing",217031474,Corangamite - North,18 ,14 ,3.0,0.0,0.0,36 ,20319
I,"Transport, Postal and Warehousing",217031475,Corangamite - South,21 ,10 ,3.0,0.0,0.0,34 ,20306
I,"Transport, Postal and Warehousing",217031476,Otway,7 ,4 ,3.0,0.0,0.0,12 ,20161
I,"Transport, Postal and Warehousing",217041477,Moyne - East,21 ,18 ,7.0,0.0,0.0,47 ,21916
I,"Transport, Postal and Warehousing",217041478,Moyne - West,40 ,20 ,3.0,3.0,0.0,64 ,20225
I,"Transport, Postal and Warehousing",217041479,Warrnambool - North,48 ,12 ,5.0,3.0,0.0,66 ,20028
I,"Transport, Postal and Warehousing",217041480,Warrnambool - South,48 ,12 ,8.0,3.0,0.0,71 ,20028
J,Information Media and Telecommunications,201011001,Alfredton,5 ,0 ,0.0,0.0,0.0,7 ,20023
J,Information Media and Telecommunications,201011002,Ballarat,11 ,4 ,5.0,0.0,0.0,20 ,20023
J,Information Media and Telecommunications,201011005,Buninyong,5 ,3 ,0.0,0.0,0.0,6 ,20409
J,Information Media and Telecommunications,201011006,Delacombe,0 ,0 ,3.0,0.0,0.0,3 ,20023
J,Information Media and Telecommunications,201011007,Smythes Creek,3 ,3 ,0.0,0.0,0.0,3 ,20262
J,Information Media and Telecommunications,201011008,Wendouree - Miners Rest,3 ,0 ,0.0,0.0,0.0,4 ,20023
J,Information Media and Telecommunications,201011481,Ballarat East - Warrenheip,11 ,0 ,0.0,0.0,0.0,11 ,20104
J,Information Media and Telecommunications,201011482,Ballarat North - Invermay,6 ,3 ,0.0,0.0,0.0,8 ,22745
J,Information Media and Telecommunications,201011483,Canadian - Mount Clear,9 ,0 ,0.0,0.0,0.0,10 ,20111
J,Information Media and Telecommunications,201011484,Sebastopol - Redan,0 ,0 ,0.0,0.0,0.0,3 ,20730
J,Information Media and Telecommunications,201021009,Bacchus Marsh Surrounds,7 ,0 ,0.0,0.0,0.0,8 ,20076
J,Information Media and Telecommunications,201021010,Creswick - Clunes,0 ,3 ,0.0,0.0,0.0,3 ,20262
J,Information Media and Telecommunications,201021011,Daylesford,16 ,7 ,0.0,0.0,0.0,24 ,20256
J,Information Media and Telecommunications,201021012,Gordon (Vic.),0 ,3 ,0.0,0.0,0.0,3 ,20409
J,Information Media and Telecommunications,201031013,Avoca,3 ,0 ,0.0,0.0,0.0,3 ,20008
J,Information Media and Telecommunications,201031014,Beaufort,0 ,0 ,0.0,0.0,0.0,3 ,20262
J,Information Media and Telecommunications,201031015,Golden Plains - North,0 ,0 ,0.0,0.0,0.0,0 ,21123
J,Information Media and Telecommunications,201031016,Maryborough (Vic.),0 ,0 ,3.0,0.0,0.0,5 ,20009
J,Information Media and Telecommunications,201031017,Maryborough Surrounds,3 ,0 ,0.0,0.0,0.0,0 ,20459
J,Information Media and Telecommunications,202011018,Bendigo,4 ,3 ,0.0,0.0,0.0,8 ,20208
J,Information Media and Telecommunications,202011019,California Gully - Eaglehawk,3 ,0 ,3.0,0.0,0.0,3 ,20444
J,Information Media and Telecommunications,202011020,East Bendigo - Kennington,3 ,3 ,0.0,0.0,0.0,6 ,20208
J,Information Media and Telecommunications,202011021,Flora Hill - Spring Gully,0 ,0 ,0.0,0.0,0.0,3 ,20208
J,Information Media and Telecommunications,202011022,Kangaroo Flat - Golden Square,7 ,0 ,3.0,0.0,0.0,10 ,20208
J,Information Media and Telecommunications,202011023,Maiden Gully,0 ,0 ,0.0,0.0,0.0,0 ,20444
J,Information Media and Telecommunications,202011024,Strathfieldsaye,4 ,3 ,3.0,0.0,0.0,6 ,20828
J,Information Media and Telecommunications,202011025,White Hills - Ascot,5 ,0 ,0.0,0.0,0.0,5 ,20208
J,Information Media and Telecommunications,202021026,Bendigo Surrounds - South,0 ,0 ,0.0,0.0,0.0,3 ,20835
J,Information Media and Telecommunications,202021027,Castlemaine,14 ,3 ,0.0,0.0,0.0,18 ,20955
J,Information Media and Telecommunications,202021028,Castlemaine Surrounds,9 ,3 ,3.0,0.0,0.0,13 ,20459
J,Information Media and Telecommunications,202021029,Heathcote,0 ,0 ,0.0,0.0,0.0,0 ,20877
J,Information Media and Telecommunications,202021030,Kyneton,11 ,0 ,3.0,0.0,0.0,15 ,20076
J,Information Media and Telecommunications,202021031,Woodend,7 ,4 ,3.0,0.0,0.0,12 ,20076
J,Information Media and Telecommunications,202031032,Bendigo Surrounds - North,0 ,0 ,0.0,0.0,0.0,3 ,20828
J,Information Media and Telecommunications,202031033,Loddon,3 ,0 ,0.0,0.0,0.0,3 ,20177
J,Information Media and Telecommunications,203011034,Bannockburn,4 ,0 ,0.0,0.0,0.0,4 ,20133
J,Information Media and Telecommunications,203011035,Golden Plains - South,3 ,3 ,0.0,0.0,0.0,4 ,20217
J,Information Media and Telecommunications,203011036,Winchelsea,3 ,3 ,0.0,0.0,0.0,3 ,20151
J,Information Media and Telecommunications,203021037,Belmont,5 ,0 ,0.0,0.0,0.0,5 ,20201
J,Information Media and Telecommunications,203021039,Geelong,13 ,7 ,3.0,0.0,0.0,21 ,20201
J,Information Media and Telecommunications,203021040,Geelong West - Hamlyn Heights,7 ,6 ,0.0,0.0,0.0,13 ,20165
J,Information Media and Telecommunications,203021042,Highton,4 ,3 ,0.0,0.0,0.0,7 ,20151
J,Information Media and Telecommunications,203021043,Lara,7 ,3 ,0.0,0.0,0.0,11 ,20115
J,Information Media and Telecommunications,203021044,Leopold,3 ,0 ,0.0,0.0,0.0,3 ,20621
J,Information Media and Telecommunications,203021045,Newcomb - Moolap,3 ,0 ,0.0,0.0,0.0,4 ,20326
J,Information Media and Telecommunications,203021046,Newtown (Vic.),3 ,0 ,0.0,0.0,0.0,6 ,20960
J,Information Media and Telecommunications,203021047,North Geelong - Bell Park,8 ,3 ,3.0,0.0,0.0,13 ,20165
J,Information Media and Telecommunications,203021485,Charlemont,3 ,0 ,0.0,0.0,0.0,3 ,21790
J,Information Media and Telecommunications,203021486,Corio - Lovely Banks,4 ,0 ,0.0,0.0,0.0,5 ,20165
J,Information Media and Telecommunications,203021487,Grovedale - Mount Duneed,10 ,3 ,0.0,0.0,0.0,13 ,20954
J,Information Media and Telecommunications,203021488,Norlane,3 ,0 ,0.0,0.0,0.0,3 ,20191
J,Information Media and Telecommunications,203031048,Clifton Springs,9 ,3 ,0.0,0.0,0.0,10 ,20697
J,Information Media and Telecommunications,203031049,Lorne - Anglesea,5 ,3 ,0.0,0.0,0.0,7 ,20046
J,Information Media and Telecommunications,203031051,Portarlington,3 ,0 ,0.0,0.0,0.0,3 ,20193
J,Information Media and Telecommunications,203031052,Point Lonsdale - Queenscliff,3 ,0 ,0.0,0.0,0.0,3 ,22663
J,Information Media and Telecommunications,203031053,Torquay,14 ,9 ,0.0,3.0,0.0,26 ,20046
J,Information Media and Telecommunications,203031489,Barwon Heads - Armstrong Creek,6 ,3 ,0.0,0.0,0.0,10 ,21790
J,Information Media and Telecommunications,203031490,Ocean Grove,9 ,4 ,0.0,0.0,0.0,13 ,20621
J,Information Media and Telecommunications,204011054,Alexandra,0 ,0 ,0.0,0.0,0.0,0 ,20005
J,Information Media and Telecommunications,204011055,Euroa,4 ,3 ,0.0,0.0,0.0,6 ,20283
J,Information Media and Telecommunications,204011056,Kilmore - Broadford,3 ,3 ,0.0,0.0,0.0,5 ,21980
J,Information Media and Telecommunications,204011057,Mansfield (Vic.),0 ,0 ,0.0,0.0,0.0,0 ,20283
J,Information Media and Telecommunications,204011058,Nagambie,0 ,0 ,0.0,0.0,0.0,0 ,20652
J,Information Media and Telecommunications,204011059,Seymour,0 ,3 ,0.0,0.0,0.0,4 ,20086
J,Information Media and Telecommunications,204011060,Seymour Surrounds,3 ,0 ,0.0,0.0,0.0,0 ,22154
J,Information Media and Telecommunications,204011061,Upper Yarra Valley,0 ,0 ,0.0,0.0,0.0,0 ,20452
J,Information Media and Telecommunications,204011062,Yea,0 ,3 ,0.0,0.0,0.0,3 ,20005
J,Information Media and Telecommunications,204021063,Benalla,3 ,0 ,3.0,0.0,0.0,3 ,20096
J,Information Media and Telecommunications,204021064,Benalla Surrounds,0 ,3 ,0.0,0.0,0.0,3 ,20283
J,Information Media and Telecommunications,204021065,Rutherglen,0 ,0 ,0.0,0.0,0.0,0 ,20296
J,Information Media and Telecommunications,204021066,Wangaratta,5 ,0 ,3.0,0.0,0.0,9 ,21349
J,Information Media and Telecommunications,204021067,Wangaratta Surrounds,0 ,3 ,0.0,0.0,0.0,4 ,20060
J,Information Media and Telecommunications,204031068,Beechworth,3 ,0 ,0.0,0.0,0.0,0 ,20551
J,Information Media and Telecommunications,204031069,Bright - Mount Beauty,7 ,3 ,0.0,0.0,0.0,11 ,21210
J,Information Media and Telecommunications,204031070,Chiltern - Indigo Valley,0 ,0 ,0.0,0.0,0.0,0 ,20357
J,Information Media and Telecommunications,204031071,Myrtleford,3 ,0 ,0.0,0.0,0.0,3 ,20312
J,Information Media and Telecommunications,204031072,Towong,0 ,0 ,0.0,0.0,0.0,0 ,20883
J,Information Media and Telecommunications,204031073,West Wodonga,3 ,3 ,0.0,0.0,0.0,5 ,21230
J,Information Media and Telecommunications,204031075,Yackandandah,5 ,0 ,3.0,0.0,0.0,8 ,22351
J,Information Media and Telecommunications,204031491,Baranduda - Leneva,0 ,3 ,0.0,0.0,0.0,0 ,21230
J,Information Media and Telecommunications,204031492,Wodonga,3 ,3 ,0.0,0.0,0.0,3 ,21222
J,Information Media and Telecommunications,205011076,Drouin,10 ,3 ,0.0,0.0,0.0,13 ,20081
J,Information Media and Telecommunications,205011077,Mount Baw Baw Region,3 ,4 ,0.0,0.0,0.0,6 ,20452
J,Information Media and Telecommunications,205011078,Trafalgar (Vic.),3 ,0 ,0.0,0.0,0.0,3 ,20391
J,Information Media and Telecommunications,205011079,Warragul,7 ,0 ,3.0,3.0,0.0,13 ,20081
J,Information Media and Telecommunications,205021080,Alps - East,0 ,0 ,0.0,0.0,0.0,0 ,20719
J,Information Media and Telecommunications,205021081,Bairnsdale,3 ,0 ,0.0,0.0,0.0,5 ,20103
J,Information Media and Telecommunications,205021082,Bruthen - Omeo,0 ,0 ,0.0,0.0,0.0,0 ,20265
J,Information Media and Telecommunications,205021083,Lake King,0 ,0 ,0.0,0.0,0.0,0 ,20822
J,Information Media and Telecommunications,205021084,Lakes Entrance,0 ,0 ,0.0,0.0,0.0,3 ,20290
J,Information Media and Telecommunications,205021085,Orbost,0 ,0 ,0.0,0.0,0.0,3 ,20360
J,Information Media and Telecommunications,205021086,Paynesville,3 ,0 ,0.0,0.0,0.0,0 ,20103
J,Information Media and Telecommunications,205031087,Foster,5 ,3 ,0.0,0.0,0.0,6 ,20010
J,Information Media and Telecommunications,205031088,French Island,0 ,0 ,0.0,0.0,0.0,0 ,20856
J,Information Media and Telecommunications,205031089,Korumburra,3 ,0 ,0.0,0.0,0.0,4 ,20081
J,Information Media and Telecommunications,205031090,Leongatha,7 ,3 ,3.0,0.0,0.0,11 ,20024
J,Information Media and Telecommunications,205031091,Phillip Island,3 ,5 ,0.0,0.0,0.0,8 ,20475
J,Information Media and Telecommunications,205031092,Wilsons Promontory,0 ,0 ,0.0,0.0,0.0,0 ,22800
J,Information Media and Telecommunications,205031093,Wonthaggi - Inverloch,9 ,5 ,0.0,0.0,0.0,15 ,21235
J,Information Media and Telecommunications,205041094,Churchill,3 ,0 ,0.0,0.0,0.0,3 ,20585
J,Information Media and Telecommunications,205041095,Moe - Newborough,3 ,0 ,0.0,0.0,0.0,4 ,21716
J,Information Media and Telecommunications,205041096,Morwell,3 ,0 ,0.0,0.0,0.0,4 ,22596
J,Information Media and Telecommunications,205041098,Yallourn North - Glengarry,0 ,0 ,0.0,0.0,0.0,0 ,20286
J,Information Media and Telecommunications,205041493,Traralgon - East,3 ,3 ,0.0,0.0,0.0,5 ,21027
J,Information Media and Telecommunications,205041494,Traralgon - West,3 ,3 ,0.0,0.0,0.0,5 ,21027
J,Information Media and Telecommunications,205051099,Alps - West,0 ,0 ,0.0,0.0,0.0,0 ,21210
J,Information Media and Telecommunications,205051100,Longford - Loch Sport,6 ,0 ,0.0,0.0,0.0,6 ,20938
J,Information Media and Telecommunications,205051101,Maffra,3 ,0 ,0.0,0.0,0.0,4 ,22542
J,Information Media and Telecommunications,205051102,Rosedale,0 ,0 ,0.0,0.0,0.0,3 ,22543
J,Information Media and Telecommunications,205051103,Sale,7 ,3 ,0.0,0.0,0.0,10 ,20586
J,Information Media and Telecommunications,205051104,Yarram,0 ,0 ,0.0,0.0,0.0,0 ,20242
J,Information Media and Telecommunications,206011106,Brunswick East,38 ,13 ,3.0,0.0,0.0,53 ,20361
J,Information Media and Telecommunications,206011107,Brunswick West,21 ,6 ,0.0,0.0,0.0,29 ,20361
J,Information Media and Telecommunications,206011109,Pascoe Vale South,,,,,,,20596
J,Information Media and Telecommunications,206011495,Brunswick - North,33 ,9 ,0.0,0.0,0.0,45 ,20361
J,Information Media and Telecommunications,206011496,Brunswick - South,33 ,13 ,5.0,3.0,0.0,52 ,20361
J,Information Media and Telecommunications,206011497,Coburg - East,,,,,,,20361
J,Information Media and Telecommunications,206011498,Coburg - West,13 ,3 ,0.0,0.0,0.0,15 ,20361
J,Information Media and Telecommunications,206021110,Alphington - Fairfield,14 ,3 ,0.0,0.0,0.0,15 ,21971
J,Information Media and Telecommunications,206021112,Thornbury,21 ,13 ,3.0,0.0,0.0,36 ,20362
J,Information Media and Telecommunications,206021499,Northcote - East,33 ,8 ,3.0,0.0,0.0,44 ,21971
J,Information Media and Telecommunications,206021500,Northcote - West,28 ,4 ,0.0,0.0,0.0,32 ,20362
J,Information Media and Telecommunications,206031113,Ascot Vale,19 ,4 ,3.0,0.0,0.0,24 ,20075
J,Information Media and Telecommunications,206031115,Flemington,11 ,3 ,0.0,0.0,0.0,15 ,20075
J,Information Media and Telecommunications,206031116,Moonee Ponds,10 ,6 ,3.0,3.0,0.0,20 ,20075
J,Information Media and Telecommunications,206031501,Essendon (West) - Aberfeldie,7 ,5 ,0.0,0.0,0.0,12 ,20885
J,Information Media and Telecommunications,206031502,Essendon - East,7 ,7 ,0.0,0.0,0.0,16 ,20363
J,Information Media and Telecommunications,206041117,Carlton,34 ,13 ,3.0,3.0,0.0,50 ,20496
J,Information Media and Telecommunications,206041118,Docklands,22 ,10 ,8.0,4.0,0.0,44 ,21640
J,Information Media and Telecommunications,206041119,East Melbourne,9 ,0 ,0.0,0.0,0.0,15 ,20495
J,Information Media and Telecommunications,206041120,Flemington Racecourse,0 ,0 ,0.0,0.0,0.0,0 ,20075
J,Information Media and Telecommunications,206041121,Kensington (Vic.),24 ,3 ,0.0,0.0,0.0,29 ,20929
J,Information Media and Telecommunications,206041124,Parkville,12 ,4 ,3.0,0.0,0.0,17 ,20361
J,Information Media and Telecommunications,206041125,South Yarra - West,11 ,5 ,3.0,0.0,0.0,19 ,21640
J,Information Media and Telecommunications,206041127,West Melbourne - Industrial,0 ,0 ,0.0,0.0,0.0,0 ,20935
J,Information Media and Telecommunications,206041503,Melbourne CBD - East,45 ,22 ,18.0,11.0,0.0,96 ,20495
J,Information Media and Telecommunications,206041504,Melbourne CBD - North,18 ,6 ,5.0,3.0,0.0,32 ,20495
J,Information Media and Telecommunications,206041505,Melbourne CBD - West,101 ,38 ,34.0,23.0,0.0,196 ,21640
J,Information Media and Telecommunications,206041506,North Melbourne,30 ,12 ,4.0,0.0,0.0,48 ,22038
J,Information Media and Telecommunications,206041507,Royal Botanic Gardens Victoria,0 ,0 ,0.0,0.0,0.0,0 ,21640
J,Information Media and Telecommunications,206041508,Southbank (West) - South Wharf,21 ,6 ,3.0,0.0,0.0,29 ,21640
J,Information Media and Telecommunications,206041509,Southbank - East,24 ,9 ,4.0,3.0,3.0,40 ,21640
J,Information Media and Telecommunications,206041510,West Melbourne - Residential,7 ,4 ,3.0,0.0,0.0,13 ,21640
J,Information Media and Telecommunications,206051128,Albert Park,74 ,27 ,10.0,3.0,0.0,113 ,21640
J,Information Media and Telecommunications,206051129,Elwood,35 ,15 ,3.0,0.0,0.0,53 ,22343
J,Information Media and Telecommunications,206051130,Port Melbourne,28 ,11 ,3.0,3.0,0.0,45 ,22107
J,Information Media and Telecommunications,206051134,St Kilda East,33 ,9 ,4.0,0.0,0.0,47 ,22118
J,Information Media and Telecommunications,206051511,Port Melbourne Industrial,30 ,12 ,13.0,9.0,0.0,64 ,20766
J,Information Media and Telecommunications,206051512,South Melbourne,71 ,29 ,18.0,8.0,3.0,127 ,21640
J,Information Media and Telecommunications,206051513,St Kilda - Central,29 ,13 ,8.0,3.0,0.0,54 ,22805
J,Information Media and Telecommunications,206051514,St Kilda - West,37 ,20 ,6.0,3.0,0.0,66 ,21640
J,Information Media and Telecommunications,206061135,Armadale,8 ,3 ,0.0,0.0,0.0,11 ,22118
J,Information Media and Telecommunications,206061136,Prahran - Windsor,58 ,18 ,9.0,5.0,3.0,92 ,21640
J,Information Media and Telecommunications,206061138,Toorak,21 ,9 ,3.0,0.0,0.0,33 ,22118
J,Information Media and Telecommunications,206061515,South Yarra - North,34 ,12 ,8.0,7.0,0.0,61 ,21640
J,Information Media and Telecommunications,206061516,South Yarra - South,30 ,13 ,9.0,0.0,0.0,53 ,22118
J,Information Media and Telecommunications,206071139,Abbotsford,23 ,14 ,3.0,3.0,0.0,43 ,20901
J,Information Media and Telecommunications,206071140,Carlton North - Princes Hill,19 ,7 ,0.0,0.0,0.0,27 ,20361
J,Information Media and Telecommunications,206071141,Collingwood,57 ,26 ,25.0,12.0,0.0,120 ,20925
J,Information Media and Telecommunications,206071142,Fitzroy,69 ,32 ,14.0,7.0,3.0,123 ,20925
J,Information Media and Telecommunications,206071143,Fitzroy North,24 ,8 ,0.0,0.0,0.0,34 ,20362
J,Information Media and Telecommunications,206071145,Clifton Hill - Alphington,24 ,4 ,0.0,0.0,0.0,28 ,20925
J,Information Media and Telecommunications,206071517,Richmond (South) - Cremorne,74 ,22 ,21.0,10.0,5.0,132 ,20830
J,Information Media and Telecommunications,206071518,Richmond - North,28 ,6 ,3.0,0.0,0.0,38 ,20830
J,Information Media and Telecommunications,207011146,Ashburton (Vic.),3 ,4 ,0.0,0.0,0.0,8 ,20077
J,Information Media and Telecommunications,207011147,Balwyn,10 ,5 ,0.0,0.0,0.0,15 ,21336
J,Information Media and Telecommunications,207011148,Balwyn North,18 ,6 ,0.0,0.0,0.0,26 ,21336
J,Information Media and Telecommunications,207011149,Camberwell,17 ,10 ,0.0,0.0,0.0,28 ,21010
J,Information Media and Telecommunications,207011150,Glen Iris - East,13 ,3 ,0.0,0.0,0.0,16 ,20077
J,Information Media and Telecommunications,207011152,Hawthorn East,24 ,7 ,4.0,0.0,0.0,35 ,21586
J,Information Media and Telecommunications,207011154,Kew East,12 ,3 ,0.0,0.0,0.0,15 ,20034
J,Information Media and Telecommunications,207011155,Surrey Hills (West) - Canterbury,14 ,9 ,0.0,0.0,0.0,25 ,21336
J,Information Media and Telecommunications,207011519,Hawthorn - North,21 ,3 ,3.0,3.0,0.0,28 ,22170
J,Information Media and Telecommunications,207011520,Hawthorn - South,25 ,4 ,0.0,0.0,0.0,32 ,22547
J,Information Media and Telecommunications,207011521,Kew - South,17 ,3 ,0.0,0.0,0.0,20 ,21152
J,Information Media and Telecommunications,207011522,Kew - West,14 ,8 ,3.0,0.0,0.0,25 ,20034
J,Information Media and Telecommunications,207021156,Bulleen,6 ,4 ,0.0,0.0,0.0,10 ,20124
J,Information Media and Telecommunications,207021157,Doncaster,12 ,4 ,0.0,0.0,0.0,16 ,20124
J,Information Media and Telecommunications,207021159,Templestowe,9 ,4 ,0.0,0.0,0.0,13 ,20771
J,Information Media and Telecommunications,207021160,Templestowe Lower,10 ,3 ,0.0,0.0,0.0,13 ,20386
J,Information Media and Telecommunications,207021424,Doncaster East - North,9 ,5 ,0.0,0.0,0.0,14 ,20771
J,Information Media and Telecommunications,207021425,Doncaster East - South,9 ,4 ,0.0,0.0,0.0,13 ,20771
J,Information Media and Telecommunications,207031161,Blackburn,13 ,4 ,0.0,0.0,0.0,18 ,20315
J,Information Media and Telecommunications,207031162,Blackburn South,3 ,3 ,0.0,0.0,0.0,5 ,20426
J,Information Media and Telecommunications,207031163,Box Hill,20 ,15 ,3.0,0.0,0.0,39 ,21732
J,Information Media and Telecommunications,207031164,Box Hill North,6 ,4 ,0.0,0.0,0.0,11 ,20123
J,Information Media and Telecommunications,207031165,Burwood (Vic.),7 ,3 ,0.0,0.0,0.0,9 ,21010
J,Information Media and Telecommunications,207031166,Burwood East,4 ,3 ,0.0,0.0,0.0,6 ,20426
J,Information Media and Telecommunications,207031167,Surrey Hills (East) - Mont Albert,9 ,6 ,0.0,0.0,0.0,15 ,21732
J,Information Media and Telecommunications,208011168,Beaumaris,16 ,8 ,3.0,0.0,0.0,26 ,20182
J,Information Media and Telecommunications,208011169,Brighton (Vic.),44 ,9 ,3.0,0.0,0.0,56 ,20337
J,Information Media and Telecommunications,208011170,Brighton East,19 ,14 ,3.0,3.0,0.0,37 ,20337
J,Information Media and Telecommunications,208011171,Highett (West) - Cheltenham,16 ,10 ,0.0,3.0,0.0,28 ,20182
J,Information Media and Telecommunications,208011172,Hampton,14 ,7 ,0.0,0.0,0.0,21 ,20337
J,Information Media and Telecommunications,208011173,Sandringham - Black Rock,18 ,7 ,3.0,0.0,0.0,28 ,20182
J,Information Media and Telecommunications,208021174,Bentleigh - McKinnon,16 ,9 ,0.0,0.0,0.0,26 ,20338
J,Information Media and Telecommunications,208021176,Carnegie,11 ,3 ,0.0,0.0,0.0,14 ,21587
J,Information Media and Telecommunications,208021177,Caulfield - North,31 ,11 ,0.0,0.0,0.0,43 ,20105
J,Information Media and Telecommunications,208021178,Caulfield - South,24 ,10 ,3.0,0.0,0.0,37 ,20864
J,Information Media and Telecommunications,208021179,Elsternwick,22 ,11 ,0.0,0.0,0.0,35 ,20337
J,Information Media and Telecommunications,208021180,Hughesdale,3 ,3 ,0.0,0.0,0.0,7 ,21587
J,Information Media and Telecommunications,208021181,Murrumbeena,6 ,3 ,0.0,0.0,0.0,10 ,21587
J,Information Media and Telecommunications,208021182,Ormond - Glen Huntly,10 ,3 ,3.0,0.0,0.0,14 ,20338
J,Information Media and Telecommunications,208021426,Bentleigh East - North,18 ,5 ,0.0,0.0,0.0,23 ,20214
J,Information Media and Telecommunications,208021427,Bentleigh East - South,10 ,4 ,0.0,0.0,0.0,15 ,20214
J,Information Media and Telecommunications,208031183,Aspendale Gardens - Waterways,4 ,4 ,0.0,0.0,0.0,8 ,20079
J,Information Media and Telecommunications,208031184,Braeside,4 ,3 ,3.0,0.0,0.0,11 ,20079
J,Information Media and Telecommunications,208031185,Carrum - Patterson Lakes,5 ,3 ,3.0,0.0,0.0,9 ,20131
J,Information Media and Telecommunications,208031186,Chelsea - Bonbeach,6 ,3 ,0.0,0.0,0.0,8 ,20538
J,Information Media and Telecommunications,208031187,Chelsea Heights,3 ,0 ,0.0,0.0,0.0,3 ,20080
J,Information Media and Telecommunications,208031188,Highett (East) - Cheltenham,15 ,6 ,4.0,0.0,0.0,25 ,20539
J,Information Media and Telecommunications,208031189,Edithvale - Aspendale,8 ,0 ,0.0,0.0,0.0,10 ,20079
J,Information Media and Telecommunications,208031190,Mentone,10 ,5 ,0.0,0.0,0.0,15 ,20182
J,Information Media and Telecommunications,208031191,Moorabbin - Heatherton,8 ,7 ,3.0,0.0,0.0,19 ,20539
J,Information Media and Telecommunications,208031192,Moorabbin Airport,0 ,0 ,0.0,0.0,0.0,0 ,20539
J,Information Media and Telecommunications,208031193,Mordialloc - Parkdale,7 ,5 ,0.0,0.0,0.0,14 ,21648
J,Information Media and Telecommunications,208041194,Malvern - Glen Iris,35 ,13 ,3.0,0.0,0.0,52 ,20066
J,Information Media and Telecommunications,208041195,Malvern East,24 ,8 ,0.0,0.0,0.0,34 ,20523
J,Information Media and Telecommunications,209011196,Bundoora - East,4 ,3 ,0.0,0.0,0.0,7 ,20399
J,Information Media and Telecommunications,209011197,Greensborough,10 ,0 ,0.0,0.0,0.0,12 ,21104
J,Information Media and Telecommunications,209011198,Heidelberg - Rosanna,18 ,6 ,0.0,0.0,0.0,25 ,21246
J,Information Media and Telecommunications,209011199,Heidelberg West,8 ,7 ,3.0,0.0,0.0,16 ,22121
J,Information Media and Telecommunications,209011200,Ivanhoe,12 ,4 ,0.0,0.0,0.0,16 ,22508
J,Information Media and Telecommunications,209011201,Ivanhoe East - Eaglemont,6 ,4 ,0.0,0.0,0.0,10 ,21246
J,Information Media and Telecommunications,209011202,Montmorency - Briar Hill,12 ,8 ,3.0,0.0,0.0,21 ,22484
J,Information Media and Telecommunications,209011203,Viewbank - Yallambie,12 ,3 ,0.0,0.0,0.0,15 ,20386
J,Information Media and Telecommunications,209011204,Watsonia,7 ,0 ,0.0,0.0,0.0,9 ,20399
J,Information Media and Telecommunications,209021205,Kingsbury,3 ,3 ,0.0,0.0,0.0,4 ,20399
J,Information Media and Telecommunications,209021428,Preston - East,21 ,14 ,3.0,3.0,0.0,39 ,22121
J,Information Media and Telecommunications,209021429,Preston - West,11 ,5 ,4.0,0.0,0.0,20 ,20596
J,Information Media and Telecommunications,209021523,Reservoir - North East,7 ,0 ,0.0,0.0,0.0,9 ,20399
J,Information Media and Telecommunications,209021524,Reservoir - North West,3 ,3 ,0.0,0.0,0.0,5 ,22161
J,Information Media and Telecommunications,209021525,Reservoir - South East,11 ,4 ,0.0,0.0,0.0,16 ,22121
J,Information Media and Telecommunications,209021526,Reservoir - South West,16 ,6 ,0.0,0.0,0.0,22 ,20597
J,Information Media and Telecommunications,209031209,Eltham,24 ,7 ,0.0,0.0,0.0,31 ,22483
J,Information Media and Telecommunications,209031210,Hurstbridge,0 ,0 ,0.0,0.0,0.0,3 ,20752
J,Information Media and Telecommunications,209031211,Kinglake,4 ,0 ,0.0,0.0,0.0,5 ,20916
J,Information Media and Telecommunications,209031212,Panton Hill - St Andrews,4 ,0 ,0.0,0.0,0.0,6 ,21358
J,Information Media and Telecommunications,209031213,Plenty - Yarrambat,0 ,4 ,0.0,0.0,0.0,7 ,20399
J,Information Media and Telecommunications,209031214,Research - North Warrandyte,4 ,3 ,0.0,0.0,0.0,7 ,20865
J,Information Media and Telecommunications,209031215,Wattle Glen - Diamond Creek,3 ,3 ,0.0,0.0,0.0,6 ,20865
J,Information Media and Telecommunications,209041216,Bundoora - North,4 ,3 ,0.0,0.0,0.0,7 ,20399
J,Information Media and Telecommunications,209041217,Bundoora - West,6 ,0 ,0.0,0.0,0.0,6 ,20399
J,Information Media and Telecommunications,209041220,Mill Park - North,6 ,3 ,3.0,0.0,0.0,8 ,21683
J,Information Media and Telecommunications,209041221,Mill Park - South,3 ,3 ,0.0,0.0,0.0,4 ,20399
J,Information Media and Telecommunications,209041223,Thomastown,14 ,7 ,0.0,0.0,0.0,22 ,20399
J,Information Media and Telecommunications,209041224,Wallan,7 ,4 ,0.0,0.0,0.0,11 ,20345
J,Information Media and Telecommunications,209041225,Whittlesea,9 ,0 ,0.0,0.0,0.0,11 ,20576
J,Information Media and Telecommunications,209041431,Epping - East,5 ,0 ,0.0,0.0,0.0,5 ,22311
J,Information Media and Telecommunications,209041432,Epping - South,3 ,3 ,0.0,0.0,0.0,4 ,21683
J,Information Media and Telecommunications,209041433,Epping (Vic.) - West,13 ,4 ,0.0,0.0,0.0,17 ,20878
J,Information Media and Telecommunications,209041435,South Morang - North,3 ,0 ,0.0,0.0,0.0,3 ,20779
J,Information Media and Telecommunications,209041436,South Morang - South,7 ,0 ,0.0,0.0,0.0,7 ,22916
J,Information Media and Telecommunications,209041437,Wollert,10 ,11 ,0.0,0.0,0.0,21 ,22311
J,Information Media and Telecommunications,209041527,Doreen - North,5 ,0 ,0.0,0.0,0.0,7 ,20779
J,Information Media and Telecommunications,209041528,Doreen - South,3 ,5 ,0.0,0.0,0.0,7 ,20779
J,Information Media and Telecommunications,209041529,Lalor - East,5 ,0 ,0.0,0.0,0.0,6 ,22504
J,Information Media and Telecommunications,209041530,Lalor - West,6 ,0 ,0.0,0.0,0.0,6 ,22504
J,Information Media and Telecommunications,209041531,Mernda - North,3 ,0 ,0.0,0.0,0.0,4 ,20779
J,Information Media and Telecommunications,209041532,Mernda - South,4 ,0 ,0.0,0.0,0.0,6 ,20779
J,Information Media and Telecommunications,210011226,Airport West,3 ,3 ,0.0,0.0,0.0,4 ,20886
J,Information Media and Telecommunications,210011227,Essendon Airport,0 ,0 ,3.0,0.0,0.0,3 ,22380
J,Information Media and Telecommunications,210011228,Keilor,6 ,4 ,3.0,3.0,0.0,15 ,20015
J,Information Media and Telecommunications,210011230,Niddrie - Essendon West,5 ,5 ,0.0,0.0,0.0,10 ,20885
J,Information Media and Telecommunications,210011231,Strathmore,0 ,0 ,0.0,0.0,0.0,3 ,20885
J,Information Media and Telecommunications,210011533,Avondale Heights,6 ,3 ,0.0,0.0,0.0,7 ,21604
J,Information Media and Telecommunications,210011534,Keilor East,5 ,3 ,0.0,0.0,0.0,8 ,20888
J,Information Media and Telecommunications,210021232,Gisborne,8 ,3 ,0.0,0.0,0.0,13 ,20076
J,Information Media and Telecommunications,210021233,Macedon,6 ,3 ,0.0,0.0,0.0,7 ,20387
J,Information Media and Telecommunications,210021234,Riddells Creek,0 ,3 ,0.0,0.0,0.0,3 ,21176
J,Information Media and Telecommunications,210021235,Romsey,5 ,3 ,0.0,0.0,0.0,7 ,20172
J,Information Media and Telecommunications,210031236,Coburg North,19 ,3 ,3.0,0.0,0.0,23 ,20596
J,Information Media and Telecommunications,210031237,Fawkner,0 ,3 ,0.0,0.0,0.0,5 ,20597
J,Information Media and Telecommunications,210031439,Gowanbrae,0 ,0 ,0.0,0.0,0.0,0 ,22381
J,Information Media and Telecommunications,210031440,Hadfield,3 ,0 ,0.0,0.0,0.0,3 ,22041
J,Information Media and Telecommunications,210031535,Glenroy - East,6 ,0 ,0.0,0.0,0.0,8 ,22041
J,Information Media and Telecommunications,210031536,Glenroy - West,3 ,0 ,0.0,0.0,0.0,0 ,22381
J,Information Media and Telecommunications,210031537,Oak Park,5 ,0 ,0.0,0.0,0.0,5 ,22042
J,Information Media and Telecommunications,210031538,Pascoe Vale,9 ,4 ,0.0,3.0,0.0,14 ,22042
J,Information Media and Telecommunications,210041240,Sunbury,4 ,0 ,0.0,0.0,0.0,6 ,20567
J,Information Media and Telecommunications,210041539,Diggers Rest,0 ,0 ,0.0,0.0,0.0,4 ,20754
J,Information Media and Telecommunications,210041540,Sunbury - South,3 ,3 ,0.0,0.0,0.0,3 ,21318
J,Information Media and Telecommunications,210041541,Sunbury - West,3 ,3 ,0.0,0.0,0.0,5 ,20754
J,Information Media and Telecommunications,210051242,Broadmeadows,3 ,3 ,0.0,0.0,0.0,6 ,20909
J,Information Media and Telecommunications,210051243,Campbellfield - Coolaroo,7 ,3 ,3.0,0.0,0.0,11 ,22161
J,Information Media and Telecommunications,210051245,Gladstone Park - Westmeadows,4 ,4 ,0.0,0.0,0.0,8 ,22586
J,Information Media and Telecommunications,210051246,Greenvale - Bulla,6 ,3 ,0.0,0.0,0.0,8 ,21675
J,Information Media and Telecommunications,210051247,Meadow Heights,0 ,0 ,0.0,0.0,0.0,3 ,20624
J,Information Media and Telecommunications,210051248,Melbourne Airport,0 ,0 ,0.0,0.0,0.0,3 ,21319
J,Information Media and Telecommunications,210051250,Tullamarine,6 ,3 ,0.0,3.0,0.0,8 ,22586
J,Information Media and Telecommunications,210051441,Craigieburn - Central,0 ,0 ,0.0,0.0,0.0,3 ,20661
J,Information Media and Telecommunications,210051442,Craigieburn - North,3 ,0 ,0.0,0.0,0.0,3 ,21675
J,Information Media and Telecommunications,210051443,Craigieburn - South,8 ,5 ,0.0,0.0,0.0,13 ,20878
J,Information Media and Telecommunications,210051445,Mickleham - Yuroke,14 ,0 ,0.0,0.0,0.0,16 ,20233
J,Information Media and Telecommunications,210051542,Craigieburn - North West,3 ,3 ,0.0,0.0,0.0,5 ,21675
J,Information Media and Telecommunications,210051543,Craigieburn - West,3 ,3 ,0.0,0.0,0.0,6 ,21675
J,Information Media and Telecommunications,210051544,Roxburgh Park (South) - Somerton,3 ,0 ,0.0,0.0,0.0,4 ,20878
J,Information Media and Telecommunications,210051545,Roxburgh Park - North,4 ,0 ,0.0,0.0,0.0,6 ,20661
J,Information Media and Telecommunications,211011251,Bayswater,4 ,3 ,0.0,0.0,0.0,9 ,20173
J,Information Media and Telecommunications,211011254,Knoxfield - Scoresby,12 ,6 ,5.0,0.0,0.0,23 ,21013
J,Information Media and Telecommunications,211011255,Lysterfield,8 ,3 ,0.0,0.0,0.0,10 ,20917
J,Information Media and Telecommunications,211011256,Rowville - Central,10 ,3 ,3.0,0.0,0.0,15 ,21374
J,Information Media and Telecommunications,211011257,Rowville - North,3 ,0 ,3.0,0.0,0.0,5 ,20917
J,Information Media and Telecommunications,211011258,Rowville - South,3 ,3 ,0.0,0.0,0.0,6 ,22207
J,Information Media and Telecommunications,211011259,Wantirna,6 ,0 ,0.0,0.0,0.0,7 ,22628
J,Information Media and Telecommunications,211011260,Wantirna South,6 ,3 ,0.0,0.0,0.0,8 ,21013
J,Information Media and Telecommunications,211011446,Boronia,17 ,3 ,0.0,0.0,0.0,21 ,20173
J,Information Media and Telecommunications,211011447,Ferntree Gully - North,9 ,0 ,0.0,0.0,0.0,11 ,20304
J,Information Media and Telecommunications,211011448,Ferntree Gully (South) - Upper Ferntree Gully,6 ,6 ,0.0,0.0,0.0,12 ,20917
J,Information Media and Telecommunications,211011449,The Basin,0 ,0 ,0.0,0.0,0.0,3 ,20304
J,Information Media and Telecommunications,211021261,Donvale - Park Orchards,14 ,4 ,3.0,0.0,0.0,19 ,20772
J,Information Media and Telecommunications,211021262,Warrandyte - Wonga Park,8 ,6 ,3.0,0.0,0.0,15 ,20772
J,Information Media and Telecommunications,211031263,Bayswater North,7 ,3 ,0.0,0.0,0.0,11 ,20173
J,Information Media and Telecommunications,211031265,Croydon Hills - Warranwood,6 ,9 ,0.0,0.0,0.0,15 ,20556
J,Information Media and Telecommunications,211031266,Ringwood,11 ,3 ,3.0,0.0,0.0,17 ,20774
J,Information Media and Telecommunications,211031267,Ringwood East,19 ,5 ,0.0,0.0,0.0,25 ,20173
J,Information Media and Telecommunications,211031268,Ringwood North,0 ,4 ,0.0,0.0,0.0,6 ,20774
J,Information Media and Telecommunications,211031450,Croydon - East,10 ,5 ,0.0,0.0,0.0,15 ,21354
J,Information Media and Telecommunications,211031451,Croydon - West,4 ,3 ,0.0,0.0,0.0,7 ,20556
J,Information Media and Telecommunications,211031452,Croydon South,3 ,0 ,0.0,0.0,0.0,4 ,20174
J,Information Media and Telecommunications,211041269,Forest Hill,10 ,3 ,0.0,0.0,0.0,12 ,20252
J,Information Media and Telecommunications,211041270,Mitcham (Vic.),10 ,3 ,0.0,0.0,0.0,15 ,20774
J,Information Media and Telecommunications,211041271,Nunawading,4 ,5 ,0.0,0.0,0.0,9 ,20774
J,Information Media and Telecommunications,211041272,Vermont,5 ,3 ,0.0,0.0,0.0,9 ,20937
J,Information Media and Telecommunications,211041273,Vermont South,4 ,3 ,0.0,0.0,0.0,7 ,20937
J,Information Media and Telecommunications,211051274,Belgrave - Selby,4 ,3 ,0.0,0.0,0.0,6 ,21558
J,Information Media and Telecommunications,211051275,Chirnside Park,3 ,4 ,0.0,0.0,0.0,7 ,20556
J,Information Media and Telecommunications,211051276,Healesville - Yarra Glen,6 ,0 ,0.0,0.0,0.0,8 ,20916
J,Information Media and Telecommunications,211051277,Kilsyth,3 ,3 ,0.0,0.0,0.0,6 ,20174
J,Information Media and Telecommunications,211051278,Lilydale - Coldstream,7 ,4 ,0.0,0.0,0.0,11 ,20556
J,Information Media and Telecommunications,211051279,Monbulk - Silvan,0 ,0 ,0.0,0.0,0.0,3 ,20868
J,Information Media and Telecommunications,211051280,Montrose,3 ,0 ,0.0,0.0,0.0,3 ,21354
J,Information Media and Telecommunications,211051281,Mooroolbark,3 ,6 ,0.0,0.0,0.0,8 ,20556
J,Information Media and Telecommunications,211051282,Mount Dandenong - Olinda,7 ,3 ,0.0,0.0,0.0,10 ,20304
J,Information Media and Telecommunications,211051283,Mount Evelyn,6 ,3 ,0.0,0.0,0.0,9 ,21736
J,Information Media and Telecommunications,211051284,Upwey - Tecoma,0 ,0 ,3.0,0.0,0.0,4 ,21558
J,Information Media and Telecommunications,211051285,Wandin - Seville,4 ,0 ,0.0,0.0,0.0,6 ,20613
J,Information Media and Telecommunications,211051286,Yarra Valley,3 ,3 ,0.0,0.0,0.0,6 ,20833
J,Information Media and Telecommunications,212011289,Emerald - Cockatoo,13 ,5 ,0.0,0.0,0.0,18 ,20979
J,Information Media and Telecommunications,212011546,Beaconsfield - Officer,11 ,7 ,0.0,0.0,0.0,18 ,20176
J,Information Media and Telecommunications,212011547,Bunyip - Garfield,3 ,3 ,0.0,0.0,0.0,4 ,20411
J,Information Media and Telecommunications,212011548,Koo Wee Rup,5 ,0 ,0.0,0.0,0.0,6 ,20081
J,Information Media and Telecommunications,212011549,Pakenham - North East,4 ,3 ,0.0,3.0,0.0,8 ,21879
J,Information Media and Telecommunications,212011550,Pakenham - North West,3 ,3 ,0.0,0.0,0.0,6 ,20176
J,Information Media and Telecommunications,212011551,Pakenham - South East,4 ,0 ,3.0,0.0,0.0,6 ,21879
J,Information Media and Telecommunications,212011552,Pakenham - South West,11 ,3 ,3.0,0.0,0.0,15 ,22006
J,Information Media and Telecommunications,212021293,Berwick - North,12 ,5 ,0.0,0.0,0.0,18 ,21895
J,Information Media and Telecommunications,212021295,Doveton,0 ,0 ,0.0,0.0,0.0,3 ,20708
J,Information Media and Telecommunications,212021297,Hallam,12 ,0 ,0.0,0.0,0.0,12 ,21895
J,Information Media and Telecommunications,212021299,Narre Warren North,3 ,4 ,0.0,0.0,0.0,7 ,21558
J,Information Media and Telecommunications,212021453,Endeavour Hills - North,8 ,3 ,3.0,0.0,0.0,12 ,22207
J,Information Media and Telecommunications,212021454,Endeavour Hills - South,4 ,3 ,0.0,0.0,0.0,7 ,21895
J,Information Media and Telecommunications,212021455,Narre Warren - North East,4 ,3 ,0.0,0.0,0.0,6 ,21895
J,Information Media and Telecommunications,212021456,Narre Warren - South West,4 ,3 ,0.0,0.0,0.0,8 ,20224
J,Information Media and Telecommunications,212021553,Berwick - South East,9 ,6 ,0.0,0.0,0.0,17 ,20175
J,Information Media and Telecommunications,212021554,Berwick - South West,9 ,3 ,0.0,0.0,0.0,11 ,20224
J,Information Media and Telecommunications,212031300,Cranbourne,4 ,3 ,0.0,0.0,0.0,7 ,20664
J,Information Media and Telecommunications,212031303,Cranbourne South,10 ,5 ,0.0,0.0,0.0,15 ,20487
J,Information Media and Telecommunications,212031304,Cranbourne West,10 ,4 ,0.0,0.0,0.0,14 ,20662
J,Information Media and Telecommunications,212031306,Lynbrook - Lyndhurst,10 ,3 ,0.0,0.0,0.0,13 ,20709
J,Information Media and Telecommunications,212031308,Pearcedale - Tooradin,5 ,0 ,0.0,0.0,0.0,5 ,21380
J,Information Media and Telecommunications,212031457,Narre Warren South - East,5 ,0 ,0.0,0.0,0.0,7 ,20224
J,Information Media and Telecommunications,212031458,Narre Warren South - West,3 ,5 ,0.0,0.0,0.0,8 ,21893
J,Information Media and Telecommunications,212031555,Clyde North - North,8 ,0 ,0.0,0.0,0.0,8 ,22006
J,Information Media and Telecommunications,212031556,Clyde North - South,16 ,7 ,0.0,0.0,0.0,23 ,20487
J,Information Media and Telecommunications,212031557,Cranbourne East - North,13 ,4 ,0.0,0.0,0.0,17 ,20581
J,Information Media and Telecommunications,212031558,Cranbourne East - South,7 ,4 ,0.0,0.0,0.0,11 ,20581
J,Information Media and Telecommunications,212031559,Cranbourne North - East,8 ,3 ,3.0,0.0,0.0,11 ,20582
J,Information Media and Telecommunications,212031560,Cranbourne North - West,5 ,0 ,0.0,0.0,0.0,5 ,21133
J,Information Media and Telecommunications,212031561,Hampton Park - East,4 ,0 ,0.0,0.0,0.0,5 ,21893
J,Information Media and Telecommunications,212031562,Hampton Park - West,3 ,0 ,0.0,0.0,0.0,4 ,20709
J,Information Media and Telecommunications,212041309,Clarinda - Oakleigh South,4 ,3 ,0.0,0.0,0.0,6 ,21746
J,Information Media and Telecommunications,212041310,Clayton South,7 ,3 ,0.0,0.0,0.0,11 ,20758
J,Information Media and Telecommunications,212041312,Dandenong North,6 ,3 ,0.0,0.0,0.0,9 ,22207
J,Information Media and Telecommunications,212041313,Dingley Village,4 ,3 ,0.0,0.0,0.0,7 ,20320
J,Information Media and Telecommunications,212041316,Noble Park North,0 ,0 ,0.0,0.0,0.0,3 ,20708
J,Information Media and Telecommunications,212041317,Springvale,8 ,3 ,0.0,0.0,0.0,10 ,21827
J,Information Media and Telecommunications,212041318,Springvale South,0 ,0 ,0.0,0.0,0.0,0 ,21339
J,Information Media and Telecommunications,212041459,Noble Park - East,3 ,3 ,0.0,0.0,0.0,4 ,21339
J,Information Media and Telecommunications,212041460,Noble Park - West,5 ,3 ,0.0,0.0,0.0,6 ,21339
J,Information Media and Telecommunications,212041563,Dandenong - North,16 ,4 ,0.0,0.0,0.0,20 ,20708
J,Information Media and Telecommunications,212041564,Dandenong - South,8 ,0 ,3.0,3.0,0.0,15 ,20131
J,Information Media and Telecommunications,212041565,Keysborough - North,5 ,0 ,0.0,0.0,0.0,6 ,21339
J,Information Media and Telecommunications,212041566,Keysborough - South,6 ,0 ,0.0,0.0,0.0,8 ,20080
J,Information Media and Telecommunications,212051319,Ashwood - Chadstone,15 ,7 ,3.0,0.0,0.0,24 ,20077
J,Information Media and Telecommunications,212051321,Glen Waverley - East,13 ,9 ,0.0,0.0,0.0,22 ,20427
J,Information Media and Telecommunications,212051322,Glen Waverley - West,17 ,4 ,3.0,0.0,0.0,22 ,20427
J,Information Media and Telecommunications,212051323,Mount Waverley - North,10 ,4 ,0.0,0.0,0.0,15 ,20078
J,Information Media and Telecommunications,212051324,Mount Waverley - South,18 ,0 ,4.0,0.0,0.0,23 ,21816
J,Information Media and Telecommunications,212051325,Mulgrave,10 ,5 ,0.0,3.0,0.0,18 ,21013
J,Information Media and Telecommunications,212051326,Oakleigh - Huntingdale,17 ,6 ,3.0,0.0,0.0,26 ,21587
J,Information Media and Telecommunications,212051327,Wheelers Hill,10 ,4 ,0.0,0.0,0.0,14 ,21013
J,Information Media and Telecommunications,212051567,Clayton (North) - Notting Hill,9 ,5 ,0.0,3.0,0.0,16 ,21816
J,Information Media and Telecommunications,212051568,Clayton - Central,6 ,3 ,0.0,0.0,0.0,8 ,22002
J,Information Media and Telecommunications,213011328,Ardeer - Albion,3 ,3 ,0.0,0.0,0.0,4 ,22396
J,Information Media and Telecommunications,213011329,Cairnlea,0 ,0 ,0.0,0.0,0.0,3 ,20062
J,Information Media and Telecommunications,213011331,Delahey,0 ,0 ,0.0,0.0,0.0,0 ,21315
J,Information Media and Telecommunications,213011332,Keilor Downs,6 ,3 ,0.0,0.0,0.0,7 ,21316
J,Information Media and Telecommunications,213011333,Kings Park (Vic.),4 ,0 ,0.0,0.0,0.0,4 ,20729
J,Information Media and Telecommunications,213011334,St Albans - North,4 ,0 ,0.0,0.0,0.0,5 ,21312
J,Information Media and Telecommunications,213011335,St Albans - South,7 ,3 ,0.0,0.0,0.0,9 ,21312
J,Information Media and Telecommunications,213011336,Sunshine,4 ,0 ,3.0,0.0,0.0,5 ,20324
J,Information Media and Telecommunications,213011337,Sunshine North,5 ,3 ,0.0,0.0,0.0,9 ,21316
J,Information Media and Telecommunications,213011338,Sunshine West,10 ,0 ,0.0,3.0,0.0,12 ,20062
J,Information Media and Telecommunications,213011339,Sydenham,6 ,3 ,0.0,0.0,0.0,8 ,22474
J,Information Media and Telecommunications,213011340,Taylors Lakes,7 ,3 ,0.0,0.0,0.0,9 ,21314
J,Information Media and Telecommunications,213011569,Deer Park,6 ,6 ,0.0,0.0,0.0,12 ,20062
J,Information Media and Telecommunications,213011570,Derrimut,3 ,3 ,0.0,0.0,0.0,4 ,20062
J,Information Media and Telecommunications,213021341,Altona,10 ,3 ,0.0,0.0,0.0,13 ,21477
J,Information Media and Telecommunications,213021342,Altona Meadows,5 ,0 ,0.0,0.0,0.0,5 ,20035
J,Information Media and Telecommunications,213021343,Altona North,10 ,4 ,3.0,0.0,0.0,15 ,22917
J,Information Media and Telecommunications,213021344,Newport,18 ,7 ,0.0,3.0,0.0,26 ,22107
J,Information Media and Telecommunications,213021345,Seabrook,4 ,0 ,0.0,0.0,0.0,5 ,20036
J,Information Media and Telecommunications,213021346,Williamstown,16 ,8 ,0.0,0.0,0.0,24 ,21934
J,Information Media and Telecommunications,213031347,Braybrook,9 ,0 ,0.0,0.0,0.0,10 ,20935
J,Information Media and Telecommunications,213031348,Footscray,34 ,17 ,4.0,0.0,0.0,56 ,20929
J,Information Media and Telecommunications,213031349,Maribyrnong,9 ,4 ,0.0,0.0,0.0,13 ,20075
J,Information Media and Telecommunications,213031350,Seddon - Kingsville,17 ,5 ,0.0,0.0,0.0,22 ,20935
J,Information Media and Telecommunications,213031351,West Footscray - Tottenham,11 ,9 ,0.0,0.0,0.0,20 ,20935
J,Information Media and Telecommunications,213031352,Yarraville,31 ,9 ,3.0,3.0,0.0,45 ,20935
J,Information Media and Telecommunications,213041353,Bacchus Marsh,6 ,0 ,0.0,0.0,0.0,7 ,20095
J,Information Media and Telecommunications,213041358,Melton West,0 ,0 ,0.0,0.0,0.0,0 ,22537
J,Information Media and Telecommunications,213041359,Rockbank - Mount Cottrell,14 ,4 ,0.0,0.0,0.0,18 ,20899
J,Information Media and Telecommunications,213041360,Taylors Hill,6 ,4 ,0.0,0.0,0.0,10 ,20950
J,Information Media and Telecommunications,213041461,Burnside,3 ,0 ,0.0,0.0,0.0,3 ,20729
J,Information Media and Telecommunications,213041462,Burnside Heights,3 ,0 ,0.0,0.0,0.0,3 ,20420
J,Information Media and Telecommunications,213041463,Caroline Springs,6 ,0 ,0.0,0.0,0.0,7 ,20950
J,Information Media and Telecommunications,213041571,Brookfield,3 ,0 ,0.0,0.0,0.0,5 ,21202
J,Information Media and Telecommunications,213041572,Cobblebank - Strathtulloh,6 ,0 ,0.0,0.0,0.0,7 ,21642
J,Information Media and Telecommunications,213041573,Eynesbury - Exford,3 ,0 ,0.0,0.0,0.0,3 ,20899
J,Information Media and Telecommunications,213041574,Fraser Rise - Plumpton,7 ,3 ,0.0,0.0,0.0,9 ,20754
J,Information Media and Telecommunications,213041575,Hillside,6 ,3 ,0.0,0.0,0.0,9 ,20950
J,Information Media and Telecommunications,213041576,Kurunjang - Toolern Vale,3 ,0 ,0.0,0.0,0.0,0 ,20605
J,Information Media and Telecommunications,213041577,Melton,0 ,3 ,0.0,0.0,0.0,0 ,21140
J,Information Media and Telecommunications,213041578,Melton South - Weir Views,3 ,3 ,3.0,0.0,0.0,7 ,20351
J,Information Media and Telecommunications,213051361,Hoppers Crossing - North,4 ,0 ,0.0,0.0,0.0,5 ,22582
J,Information Media and Telecommunications,213051362,Hoppers Crossing - South,5 ,3 ,0.0,0.0,0.0,8 ,22451
J,Information Media and Telecommunications,213051363,Laverton,10 ,3 ,4.0,0.0,0.0,17 ,22397
J,Information Media and Telecommunications,213051368,Werribee - South,10 ,0 ,0.0,0.0,0.0,12 ,20601
J,Information Media and Telecommunications,213051464,Point Cook - East,17 ,0 ,0.0,0.0,0.0,18 ,20036
J,Information Media and Telecommunications,213051466,Point Cook - South,9 ,6 ,0.0,0.0,0.0,15 ,22086
J,Information Media and Telecommunications,213051467,Werribee - East,4 ,3 ,3.0,0.0,0.0,8 ,22451
J,Information Media and Telecommunications,213051468,Werribee - West,4 ,4 ,0.0,0.0,0.0,8 ,20115
J,Information Media and Telecommunications,213051579,Manor Lakes - Quandong,7 ,3 ,0.0,0.0,0.0,9 ,20115
J,Information Media and Telecommunications,213051580,Point Cook - North East,8 ,3 ,0.0,0.0,0.0,11 ,20036
J,Information Media and Telecommunications,213051581,Point Cook - North West,6 ,3 ,0.0,0.0,0.0,8 ,22086
J,Information Media and Telecommunications,213051582,Tarneit (West) - Mount Cottrell,10 ,3 ,0.0,0.0,0.0,13 ,20899
J,Information Media and Telecommunications,213051583,Tarneit - Central,14 ,8 ,0.0,0.0,0.0,22 ,22582
J,Information Media and Telecommunications,213051584,Tarneit - North,5 ,3 ,0.0,0.0,0.0,8 ,22582
J,Information Media and Telecommunications,213051585,Tarneit - South,3 ,0 ,0.0,0.0,0.0,3 ,22451
J,Information Media and Telecommunications,213051586,Truganina - North,11 ,6 ,3.0,3.0,0.0,20 ,20743
J,Information Media and Telecommunications,213051587,Truganina - South East,5 ,0 ,0.0,0.0,0.0,6 ,21477
J,Information Media and Telecommunications,213051588,Truganina - South West,6 ,3 ,0.0,0.0,0.0,7 ,22582
J,Information Media and Telecommunications,213051589,Wyndham Vale - North,6 ,0 ,0.0,0.0,0.0,8 ,20116
J,Information Media and Telecommunications,213051590,Wyndham Vale - South,0 ,3 ,0.0,0.0,0.0,5 ,22750
J,Information Media and Telecommunications,214011370,Carrum Downs,12 ,4 ,0.0,0.0,0.0,18 ,20131
J,Information Media and Telecommunications,214011371,Frankston,14 ,3 ,0.0,0.0,0.0,18 ,22249
J,Information Media and Telecommunications,214011372,Frankston North,4 ,3 ,3.0,0.0,0.0,7 ,20508
J,Information Media and Telecommunications,214011373,Frankston South,7 ,4 ,0.0,0.0,0.0,11 ,21468
J,Information Media and Telecommunications,214011374,Langwarrin,14 ,5 ,0.0,0.0,0.0,20 ,20508
J,Information Media and Telecommunications,214011375,Seaford (Vic.),7 ,5 ,0.0,0.0,0.0,13 ,20507
J,Information Media and Telecommunications,214011376,Skye - Sandhurst,3 ,3 ,0.0,0.0,0.0,7 ,20508
J,Information Media and Telecommunications,214021377,Dromana,8 ,6 ,0.0,0.0,0.0,14 ,20072
J,Information Media and Telecommunications,214021378,Flinders,11 ,5 ,0.0,0.0,0.0,18 ,20072
J,Information Media and Telecommunications,214021379,Hastings - Somers,9 ,5 ,0.0,0.0,0.0,14 ,21664
J,Information Media and Telecommunications,214021381,Mount Eliza,8 ,9 ,0.0,0.0,0.0,17 ,20949
J,Information Media and Telecommunications,214021382,Mount Martha,17 ,12 ,0.0,0.0,0.0,30 ,21803
J,Information Media and Telecommunications,214021383,Point Nepean,9 ,4 ,0.0,0.0,0.0,13 ,20280
J,Information Media and Telecommunications,214021384,Rosebud - McCrae,7 ,5 ,0.0,0.0,0.0,12 ,20072
J,Information Media and Telecommunications,214021385,Somerville,6 ,3 ,0.0,0.0,0.0,10 ,22050
J,Information Media and Telecommunications,214021591,Mornington - East,3 ,4 ,3.0,0.0,0.0,10 ,21793
J,Information Media and Telecommunications,214021592,Mornington - West,10 ,0 ,3.0,0.0,0.0,13 ,21793
J,Information Media and Telecommunications,215011386,Ararat,0 ,3 ,0.0,0.0,0.0,0 ,20811
J,Information Media and Telecommunications,215011387,Ararat Surrounds,3 ,0 ,0.0,0.0,0.0,3 ,20680
J,Information Media and Telecommunications,215011388,Horsham,3 ,0 ,0.0,0.0,0.0,4 ,20403
J,Information Media and Telecommunications,215011389,Horsham Surrounds,0 ,0 ,0.0,0.0,0.0,0 ,20403
J,Information Media and Telecommunications,215011390,Nhill Region,0 ,3 ,0.0,0.0,0.0,0 ,20756
J,Information Media and Telecommunications,215011391,St Arnaud,0 ,0 ,0.0,0.0,0.0,0 ,20142
J,Information Media and Telecommunications,215011392,Stawell,3 ,0 ,0.0,0.0,0.0,3 ,20680
J,Information Media and Telecommunications,215011393,West Wimmera,0 ,0 ,0.0,0.0,0.0,0 ,20119
J,Information Media and Telecommunications,215011394,Yarriambiack,0 ,3 ,0.0,0.0,0.0,3 ,20756
J,Information Media and Telecommunications,215021395,Irymple,0 ,3 ,0.0,0.0,0.0,0 ,20488
J,Information Media and Telecommunications,215021396,Merbein,0 ,0 ,3.0,0.0,0.0,0 ,21388
J,Information Media and Telecommunications,215021398,Mildura Surrounds,0 ,0 ,0.0,0.0,0.0,0 ,20234
J,Information Media and Telecommunications,215021399,Red Cliffs,0 ,3 ,0.0,0.0,0.0,0 ,20488
J,Information Media and Telecommunications,215021469,Mildura - North,0 ,0 ,3.0,0.0,0.0,6 ,21682
J,Information Media and Telecommunications,215021470,Mildura - South,0 ,3 ,0.0,0.0,0.0,3 ,21245
J,Information Media and Telecommunications,215031400,Buloke,3 ,0 ,0.0,0.0,0.0,3 ,20155
J,Information Media and Telecommunications,215031401,Gannawarra,3 ,0 ,0.0,0.0,0.0,0 ,20051
J,Information Media and Telecommunications,215031402,Kerang,0 ,3 ,0.0,0.0,0.0,3 ,20477
J,Information Media and Telecommunications,215031403,Robinvale,3 ,3 ,0.0,0.0,0.0,3 ,22744
J,Information Media and Telecommunications,215031404,Swan Hill,0 ,0 ,0.0,0.0,0.0,3 ,21076
J,Information Media and Telecommunications,215031405,Swan Hill Surrounds,0 ,0 ,0.0,0.0,0.0,0 ,20047
J,Information Media and Telecommunications,216011406,Echuca,3 ,3 ,0.0,3.0,0.0,6 ,20125
J,Information Media and Telecommunications,216011407,Kyabram,0 ,3 ,0.0,0.0,0.0,0 ,20838
J,Information Media and Telecommunications,216011408,Lockington - Gunbower,0 ,0 ,0.0,0.0,0.0,0 ,20755
J,Information Media and Telecommunications,216011409,Rochester,0 ,0 ,0.0,0.0,0.0,0 ,20281
J,Information Media and Telecommunications,216011410,Rushworth,3 ,0 ,0.0,0.0,0.0,3 ,20093
J,Information Media and Telecommunications,216021411,Cobram,0 ,0 ,3.0,0.0,0.0,3 ,20301
J,Information Media and Telecommunications,216021412,Moira,0 ,0 ,0.0,0.0,0.0,3 ,20032
J,Information Media and Telecommunications,216021413,Numurkah,0 ,3 ,0.0,0.0,0.0,3 ,20839
J,Information Media and Telecommunications,216021414,Yarrawonga,0 ,0 ,0.0,0.0,0.0,0 ,20395
J,Information Media and Telecommunications,216031415,Mooroopna,3 ,0 ,0.0,0.0,0.0,3 ,20063
J,Information Media and Telecommunications,216031416,Shepparton - North,6 ,3 ,3.0,3.0,0.0,12 ,20393
J,Information Media and Telecommunications,216031418,Shepparton Surrounds - East,0 ,0 ,0.0,0.0,0.0,0 ,20056
J,Information Media and Telecommunications,216031419,Shepparton Surrounds - West,4 ,0 ,0.0,0.0,0.0,4 ,20056
J,Information Media and Telecommunications,216031593,Kialla,4 ,0 ,0.0,0.0,0.0,5 ,20056
J,Information Media and Telecommunications,216031594,Shepparton - South East,5 ,3 ,0.0,0.0,0.0,7 ,21340
J,Information Media and Telecommunications,217011420,Glenelg (Vic.),0 ,0 ,0.0,0.0,0.0,0 ,20340
J,Information Media and Telecommunications,217011421,Hamilton (Vic.),0 ,0 ,0.0,0.0,0.0,3 ,20322
J,Information Media and Telecommunications,217011422,Portland,3 ,3 ,0.0,0.0,0.0,5 ,20274
J,Information Media and Telecommunications,217011423,Southern Grampians,3 ,0 ,0.0,0.0,0.0,0 ,20199
J,Information Media and Telecommunications,217031471,Camperdown,0 ,0 ,0.0,0.0,0.0,3 ,20285
J,Information Media and Telecommunications,217031472,Colac,3 ,3 ,0.0,0.0,0.0,8 ,20149
J,Information Media and Telecommunications,217031473,Colac Surrounds,4 ,0 ,0.0,0.0,0.0,4 ,20671
J,Information Media and Telecommunications,217031474,Corangamite - North,0 ,0 ,0.0,0.0,0.0,0 ,20319
J,Information Media and Telecommunications,217031475,Corangamite - South,0 ,0 ,0.0,0.0,0.0,0 ,20306
J,Information Media and Telecommunications,217031476,Otway,0 ,0 ,0.0,0.0,0.0,0 ,20161
J,Information Media and Telecommunications,217041477,Moyne - East,0 ,0 ,0.0,0.0,0.0,0 ,21916
J,Information Media and Telecommunications,217041478,Moyne - West,0 ,0 ,0.0,0.0,0.0,3 ,20225
J,Information Media and Telecommunications,217041479,Warrnambool - North,3 ,0 ,0.0,0.0,0.0,4 ,20028
J,Information Media and Telecommunications,217041480,Warrnambool - South,6 ,3 ,3.0,0.0,0.0,10 ,20028
K,Financial and Insurance Services,201011001,Alfredton,33 ,9 ,3.0,0.0,0.0,44 ,20023
K,Financial and Insurance Services,201011002,Ballarat,117 ,41 ,16.0,0.0,0.0,174 ,20023
K,Financial and Insurance Services,201011005,Buninyong,17 ,3 ,0.0,0.0,0.0,19 ,20409
K,Financial and Insurance Services,201011006,Delacombe,15 ,4 ,0.0,0.0,0.0,20 ,20023
K,Financial and Insurance Services,201011007,Smythes Creek,3 ,3 ,0.0,0.0,0.0,5 ,20262
K,Financial and Insurance Services,201011008,Wendouree - Miners Rest,27 ,9 ,3.0,0.0,0.0,37 ,20023
K,Financial and Insurance Services,201011481,Ballarat East - Warrenheip,5 ,3 ,0.0,0.0,0.0,8 ,20104
K,Financial and Insurance Services,201011482,Ballarat North - Invermay,28 ,13 ,0.0,0.0,0.0,42 ,22745
K,Financial and Insurance Services,201011483,Canadian - Mount Clear,13 ,3 ,0.0,0.0,0.0,16 ,20111
K,Financial and Insurance Services,201011484,Sebastopol - Redan,5 ,0 ,0.0,0.0,0.0,7 ,20730
K,Financial and Insurance Services,201021009,Bacchus Marsh Surrounds,5 ,5 ,0.0,0.0,0.0,11 ,20076
K,Financial and Insurance Services,201021010,Creswick - Clunes,9 ,6 ,3.0,0.0,0.0,18 ,20262
K,Financial and Insurance Services,201021011,Daylesford,23 ,6 ,0.0,0.0,0.0,31 ,20256
K,Financial and Insurance Services,201021012,Gordon (Vic.),7 ,3 ,0.0,0.0,0.0,8 ,20409
K,Financial and Insurance Services,201031013,Avoca,5 ,3 ,3.0,0.0,0.0,7 ,20008
K,Financial and Insurance Services,201031014,Beaufort,5 ,3 ,0.0,0.0,0.0,8 ,20262
K,Financial and Insurance Services,201031015,Golden Plains - North,4 ,3 ,0.0,0.0,0.0,5 ,21123
K,Financial and Insurance Services,201031016,Maryborough (Vic.),11 ,4 ,0.0,0.0,0.0,15 ,20009
K,Financial and Insurance Services,201031017,Maryborough Surrounds,5 ,0 ,0.0,0.0,0.0,6 ,20459
K,Financial and Insurance Services,202011018,Bendigo,67 ,32 ,14.0,0.0,0.0,113 ,20208
K,Financial and Insurance Services,202011019,California Gully - Eaglehawk,8 ,0 ,0.0,0.0,0.0,10 ,20444
K,Financial and Insurance Services,202011020,East Bendigo - Kennington,32 ,10 ,0.0,0.0,0.0,44 ,20208
K,Financial and Insurance Services,202011021,Flora Hill - Spring Gully,23 ,4 ,0.0,0.0,0.0,27 ,20208
K,Financial and Insurance Services,202011022,Kangaroo Flat - Golden Square,15 ,9 ,0.0,0.0,0.0,24 ,20208
K,Financial and Insurance Services,202011023,Maiden Gully,7 ,3 ,0.0,0.0,0.0,10 ,20444
K,Financial and Insurance Services,202011024,Strathfieldsaye,21 ,3 ,0.0,0.0,0.0,25 ,20828
K,Financial and Insurance Services,202011025,White Hills - Ascot,7 ,5 ,0.0,3.0,0.0,13 ,20208
K,Financial and Insurance Services,202021026,Bendigo Surrounds - South,7 ,5 ,0.0,0.0,0.0,12 ,20835
K,Financial and Insurance Services,202021027,Castlemaine,6 ,4 ,0.0,0.0,0.0,10 ,20955
K,Financial and Insurance Services,202021028,Castlemaine Surrounds,13 ,5 ,0.0,0.0,0.0,19 ,20459
K,Financial and Insurance Services,202021029,Heathcote,4 ,3 ,0.0,0.0,0.0,8 ,20877
K,Financial and Insurance Services,202021030,Kyneton,34 ,8 ,0.0,0.0,0.0,42 ,20076
K,Financial and Insurance Services,202021031,Woodend,15 ,7 ,0.0,0.0,0.0,23 ,20076
K,Financial and Insurance Services,202031032,Bendigo Surrounds - North,7 ,0 ,3.0,0.0,0.0,10 ,20828
K,Financial and Insurance Services,202031033,Loddon,5 ,3 ,0.0,0.0,0.0,8 ,20177
K,Financial and Insurance Services,203011034,Bannockburn,11 ,0 ,0.0,0.0,0.0,14 ,20133
K,Financial and Insurance Services,203011035,Golden Plains - South,11 ,5 ,3.0,0.0,0.0,17 ,20217
K,Financial and Insurance Services,203011036,Winchelsea,11 ,3 ,3.0,0.0,0.0,15 ,20151
K,Financial and Insurance Services,203021037,Belmont,35 ,8 ,4.0,0.0,0.0,47 ,20201
K,Financial and Insurance Services,203021039,Geelong,122 ,40 ,17.0,6.0,0.0,185 ,20201
K,Financial and Insurance Services,203021040,Geelong West - Hamlyn Heights,62 ,20 ,4.0,0.0,0.0,86 ,20165
K,Financial and Insurance Services,203021042,Highton,67 ,10 ,3.0,0.0,0.0,79 ,20151
K,Financial and Insurance Services,203021043,Lara,20 ,3 ,3.0,3.0,0.0,25 ,20115
K,Financial and Insurance Services,203021044,Leopold,18 ,3 ,0.0,0.0,0.0,21 ,20621
K,Financial and Insurance Services,203021045,Newcomb - Moolap,9 ,5 ,0.0,0.0,0.0,15 ,20326
K,Financial and Insurance Services,203021046,Newtown (Vic.),68 ,20 ,4.0,3.0,0.0,93 ,20960
K,Financial and Insurance Services,203021047,North Geelong - Bell Park,38 ,14 ,3.0,0.0,0.0,55 ,20165
K,Financial and Insurance Services,203021485,Charlemont,13 ,3 ,0.0,0.0,0.0,15 ,21790
K,Financial and Insurance Services,203021486,Corio - Lovely Banks,16 ,3 ,0.0,0.0,0.0,19 ,20165
K,Financial and Insurance Services,203021487,Grovedale - Mount Duneed,30 ,12 ,3.0,0.0,0.0,44 ,20954
K,Financial and Insurance Services,203021488,Norlane,5 ,0 ,3.0,0.0,0.0,6 ,20191
K,Financial and Insurance Services,203031048,Clifton Springs,21 ,9 ,0.0,0.0,0.0,30 ,20697
K,Financial and Insurance Services,203031049,Lorne - Anglesea,15 ,10 ,3.0,0.0,0.0,26 ,20046
K,Financial and Insurance Services,203031051,Portarlington,16 ,3 ,0.0,0.0,0.0,21 ,20193
K,Financial and Insurance Services,203031052,Point Lonsdale - Queenscliff,23 ,6 ,0.0,0.0,0.0,30 ,22663
K,Financial and Insurance Services,203031053,Torquay,88 ,27 ,7.0,3.0,0.0,123 ,20046
K,Financial and Insurance Services,203031489,Barwon Heads - Armstrong Creek,25 ,9 ,0.0,0.0,0.0,35 ,21790
K,Financial and Insurance Services,203031490,Ocean Grove,46 ,12 ,0.0,0.0,0.0,59 ,20621
K,Financial and Insurance Services,204011054,Alexandra,24 ,3 ,0.0,0.0,0.0,27 ,20005
K,Financial and Insurance Services,204011055,Euroa,12 ,3 ,0.0,0.0,0.0,15 ,20283
K,Financial and Insurance Services,204011056,Kilmore - Broadford,23 ,4 ,3.0,0.0,0.0,28 ,21980
K,Financial and Insurance Services,204011057,Mansfield (Vic.),28 ,5 ,3.0,3.0,0.0,36 ,20283
K,Financial and Insurance Services,204011058,Nagambie,7 ,0 ,0.0,0.0,0.0,8 ,20652
K,Financial and Insurance Services,204011059,Seymour,4 ,3 ,0.0,0.0,0.0,7 ,20086
K,Financial and Insurance Services,204011060,Seymour Surrounds,7 ,0 ,0.0,0.0,0.0,9 ,22154
K,Financial and Insurance Services,204011061,Upper Yarra Valley,0 ,0 ,0.0,0.0,0.0,0 ,20452
K,Financial and Insurance Services,204011062,Yea,6 ,3 ,0.0,0.0,0.0,10 ,20005
K,Financial and Insurance Services,204021063,Benalla,9 ,3 ,0.0,0.0,0.0,13 ,20096
K,Financial and Insurance Services,204021064,Benalla Surrounds,15 ,0 ,0.0,0.0,0.0,15 ,20283
K,Financial and Insurance Services,204021065,Rutherglen,4 ,3 ,0.0,0.0,0.0,7 ,20296
K,Financial and Insurance Services,204021066,Wangaratta,30 ,21 ,4.0,0.0,0.0,55 ,21349
K,Financial and Insurance Services,204021067,Wangaratta Surrounds,19 ,4 ,0.0,0.0,0.0,24 ,20060
K,Financial and Insurance Services,204031068,Beechworth,3 ,3 ,0.0,0.0,0.0,6 ,20551
K,Financial and Insurance Services,204031069,Bright - Mount Beauty,16 ,9 ,3.0,0.0,0.0,28 ,21210
K,Financial and Insurance Services,204031070,Chiltern - Indigo Valley,3 ,0 ,0.0,0.0,0.0,4 ,20357
K,Financial and Insurance Services,204031071,Myrtleford,9 ,6 ,0.0,0.0,0.0,15 ,20312
K,Financial and Insurance Services,204031072,Towong,13 ,0 ,0.0,0.0,0.0,16 ,20883
K,Financial and Insurance Services,204031073,West Wodonga,22 ,5 ,0.0,0.0,0.0,27 ,21230
K,Financial and Insurance Services,204031075,Yackandandah,7 ,0 ,0.0,0.0,0.0,9 ,22351
K,Financial and Insurance Services,204031491,Baranduda - Leneva,17 ,5 ,0.0,0.0,0.0,23 ,21230
K,Financial and Insurance Services,204031492,Wodonga,29 ,15 ,8.0,3.0,0.0,54 ,21222
K,Financial and Insurance Services,205011076,Drouin,28 ,6 ,3.0,0.0,0.0,37 ,20081
K,Financial and Insurance Services,205011077,Mount Baw Baw Region,11 ,0 ,0.0,0.0,0.0,15 ,20452
K,Financial and Insurance Services,205011078,Trafalgar (Vic.),13 ,5 ,0.0,0.0,0.0,19 ,20391
K,Financial and Insurance Services,205011079,Warragul,54 ,18 ,5.0,0.0,0.0,77 ,20081
K,Financial and Insurance Services,205021080,Alps - East,0 ,0 ,0.0,0.0,0.0,0 ,20719
K,Financial and Insurance Services,205021081,Bairnsdale,27 ,12 ,3.0,0.0,0.0,41 ,20103
K,Financial and Insurance Services,205021082,Bruthen - Omeo,4 ,3 ,0.0,0.0,0.0,8 ,20265
K,Financial and Insurance Services,205021083,Lake King,0 ,0 ,0.0,0.0,0.0,0 ,20822
K,Financial and Insurance Services,205021084,Lakes Entrance,14 ,3 ,0.0,0.0,0.0,17 ,20290
K,Financial and Insurance Services,205021085,Orbost,5 ,3 ,0.0,0.0,0.0,7 ,20360
K,Financial and Insurance Services,205021086,Paynesville,6 ,3 ,0.0,0.0,0.0,8 ,20103
K,Financial and Insurance Services,205031087,Foster,14 ,6 ,3.0,0.0,0.0,22 ,20010
K,Financial and Insurance Services,205031088,French Island,3 ,0 ,0.0,0.0,0.0,3 ,20856
K,Financial and Insurance Services,205031089,Korumburra,24 ,7 ,3.0,0.0,0.0,32 ,20081
K,Financial and Insurance Services,205031090,Leongatha,24 ,9 ,7.0,0.0,0.0,40 ,20024
K,Financial and Insurance Services,205031091,Phillip Island,19 ,7 ,3.0,0.0,0.0,28 ,20475
K,Financial and Insurance Services,205031092,Wilsons Promontory,0 ,0 ,0.0,0.0,0.0,0 ,22800
K,Financial and Insurance Services,205031093,Wonthaggi - Inverloch,41 ,16 ,5.0,0.0,0.0,62 ,21235
K,Financial and Insurance Services,205041094,Churchill,9 ,5 ,0.0,0.0,0.0,15 ,20585
K,Financial and Insurance Services,205041095,Moe - Newborough,7 ,0 ,0.0,0.0,0.0,10 ,21716
K,Financial and Insurance Services,205041096,Morwell,26 ,0 ,3.0,0.0,0.0,31 ,22596
K,Financial and Insurance Services,205041098,Yallourn North - Glengarry,3 ,3 ,0.0,0.0,0.0,4 ,20286
K,Financial and Insurance Services,205041493,Traralgon - East,36 ,15 ,4.0,0.0,0.0,55 ,21027
K,Financial and Insurance Services,205041494,Traralgon - West,35 ,8 ,0.0,0.0,0.0,44 ,21027
K,Financial and Insurance Services,205051099,Alps - West,0 ,0 ,0.0,0.0,0.0,0 ,21210
K,Financial and Insurance Services,205051100,Longford - Loch Sport,5 ,3 ,3.0,0.0,0.0,8 ,20938
K,Financial and Insurance Services,205051101,Maffra,8 ,4 ,0.0,0.0,0.0,13 ,22542
K,Financial and Insurance Services,205051102,Rosedale,5 ,0 ,3.0,0.0,0.0,6 ,22543
K,Financial and Insurance Services,205051103,Sale,17 ,5 ,3.0,0.0,0.0,25 ,20586
K,Financial and Insurance Services,205051104,Yarram,6 ,4 ,0.0,0.0,0.0,10 ,20242
K,Financial and Insurance Services,206011106,Brunswick East,44 ,5 ,3.0,0.0,0.0,52 ,20361
K,Financial and Insurance Services,206011107,Brunswick West,37 ,12 ,5.0,0.0,0.0,54 ,20361
K,Financial and Insurance Services,206011109,Pascoe Vale South,20 ,9 ,0.0,0.0,0.0,29 ,20596
K,Financial and Insurance Services,206011495,Brunswick - North,28 ,7 ,0.0,0.0,0.0,35 ,20361
K,Financial and Insurance Services,206011496,Brunswick - South,55 ,10 ,3.0,0.0,0.0,67 ,20361
K,Financial and Insurance Services,206011497,Coburg - East,54 ,17 ,0.0,3.0,0.0,73 ,20361
K,Financial and Insurance Services,206011498,Coburg - West,19 ,10 ,0.0,0.0,0.0,30 ,20361
K,Financial and Insurance Services,206021110,Alphington - Fairfield,39 ,12 ,3.0,0.0,0.0,53 ,21971
K,Financial and Insurance Services,206021112,Thornbury,32 ,14 ,0.0,0.0,0.0,46 ,20362
K,Financial and Insurance Services,206021499,Northcote - East,42 ,15 ,0.0,0.0,0.0,58 ,21971
K,Financial and Insurance Services,206021500,Northcote - West,23 ,8 ,0.0,0.0,0.0,33 ,20362
K,Financial and Insurance Services,206031113,Ascot Vale,46 ,20 ,3.0,0.0,0.0,69 ,20075
K,Financial and Insurance Services,206031115,Flemington,23 ,10 ,0.0,0.0,0.0,34 ,20075
K,Financial and Insurance Services,206031116,Moonee Ponds,94 ,32 ,9.0,0.0,0.0,135 ,20075
K,Financial and Insurance Services,206031501,Essendon (West) - Aberfeldie,95 ,29 ,4.0,0.0,0.0,128 ,20885
K,Financial and Insurance Services,206031502,Essendon - East,74 ,34 ,4.0,3.0,0.0,114 ,20363
K,Financial and Insurance Services,206041117,Carlton,156 ,30 ,9.0,6.0,3.0,203 ,20496
K,Financial and Insurance Services,206041118,Docklands,318 ,79 ,20.0,3.0,0.0,421 ,21640
K,Financial and Insurance Services,206041119,East Melbourne,133 ,35 ,7.0,3.0,0.0,179 ,20495
K,Financial and Insurance Services,206041120,Flemington Racecourse,0 ,0 ,0.0,0.0,0.0,0 ,20075
K,Financial and Insurance Services,206041121,Kensington (Vic.),34 ,6 ,3.0,0.0,0.0,43 ,20929
K,Financial and Insurance Services,206041124,Parkville,38 ,6 ,0.0,0.0,0.0,46 ,20361
K,Financial and Insurance Services,206041125,South Yarra - West,136 ,22 ,6.0,3.0,0.0,166 ,21640
K,Financial and Insurance Services,206041127,West Melbourne - Industrial,4 ,0 ,0.0,0.0,0.0,4 ,20935
K,Financial and Insurance Services,206041503,Melbourne CBD - East,"1,387 ",284 ,85.0,42.0,3.0,"1,800 ",20495
K,Financial and Insurance Services,206041504,Melbourne CBD - North,142 ,33 ,11.0,3.0,0.0,189 ,20495
K,Financial and Insurance Services,206041505,Melbourne CBD - West,"2,432 ",623 ,150.0,75.0,6.0,"3,286 ",21640
K,Financial and Insurance Services,206041506,North Melbourne,75 ,21 ,4.0,3.0,0.0,103 ,22038
K,Financial and Insurance Services,206041507,Royal Botanic Gardens Victoria,0 ,0 ,0.0,0.0,0.0,3 ,21640
K,Financial and Insurance Services,206041508,Southbank (West) - South Wharf,168 ,24 ,12.0,7.0,0.0,211 ,21640
K,Financial and Insurance Services,206041509,Southbank - East,117 ,15 ,4.0,0.0,0.0,137 ,21640
K,Financial and Insurance Services,206041510,West Melbourne - Residential,58 ,18 ,6.0,3.0,0.0,85 ,21640
K,Financial and Insurance Services,206051128,Albert Park,432 ,130 ,33.0,5.0,0.0,600 ,21640
K,Financial and Insurance Services,206051129,Elwood,70 ,18 ,5.0,0.0,0.0,93 ,22343
K,Financial and Insurance Services,206051130,Port Melbourne,121 ,35 ,5.0,0.0,0.0,161 ,22107
K,Financial and Insurance Services,206051134,St Kilda East,48 ,10 ,0.0,0.0,0.0,60 ,22118
K,Financial and Insurance Services,206051511,Port Melbourne Industrial,110 ,25 ,7.0,4.0,0.0,146 ,20766
K,Financial and Insurance Services,206051512,South Melbourne,356 ,106 ,34.0,4.0,0.0,501 ,21640
K,Financial and Insurance Services,206051513,St Kilda - Central,114 ,25 ,7.0,0.0,0.0,146 ,22805
K,Financial and Insurance Services,206051514,St Kilda - West,138 ,35 ,13.0,3.0,0.0,189 ,21640
K,Financial and Insurance Services,206061135,Armadale,130 ,17 ,3.0,0.0,0.0,150 ,22118
K,Financial and Insurance Services,206061136,Prahran - Windsor,182 ,31 ,12.0,3.0,0.0,227 ,21640
K,Financial and Insurance Services,206061138,Toorak,331 ,61 ,5.0,0.0,0.0,397 ,22118
K,Financial and Insurance Services,206061515,South Yarra - North,350 ,63 ,20.0,0.0,0.0,435 ,21640
K,Financial and Insurance Services,206061516,South Yarra - South,106 ,23 ,8.0,0.0,0.0,138 ,22118
K,Financial and Insurance Services,206071139,Abbotsford,98 ,20 ,3.0,3.0,0.0,123 ,20901
K,Financial and Insurance Services,206071140,Carlton North - Princes Hill,38 ,7 ,0.0,0.0,0.0,46 ,20361
K,Financial and Insurance Services,206071141,Collingwood,92 ,19 ,4.0,3.0,0.0,117 ,20925
K,Financial and Insurance Services,206071142,Fitzroy,62 ,14 ,3.0,0.0,0.0,79 ,20925
K,Financial and Insurance Services,206071143,Fitzroy North,48 ,17 ,3.0,0.0,0.0,69 ,20362
K,Financial and Insurance Services,206071145,Clifton Hill - Alphington,55 ,8 ,3.0,0.0,0.0,64 ,20925
K,Financial and Insurance Services,206071517,Richmond (South) - Cremorne,335 ,82 ,36.0,9.0,3.0,463 ,20830
K,Financial and Insurance Services,206071518,Richmond - North,99 ,25 ,7.0,0.0,0.0,131 ,20830
K,Financial and Insurance Services,207011146,Ashburton (Vic.),39 ,14 ,0.0,0.0,0.0,54 ,20077
K,Financial and Insurance Services,207011147,Balwyn,171 ,42 ,6.0,0.0,0.0,219 ,21336
K,Financial and Insurance Services,207011148,Balwyn North,178 ,43 ,7.0,0.0,0.0,228 ,21336
K,Financial and Insurance Services,207011149,Camberwell,195 ,54 ,7.0,6.0,0.0,262 ,21010
K,Financial and Insurance Services,207011150,Glen Iris - East,133 ,40 ,5.0,3.0,0.0,180 ,20077
K,Financial and Insurance Services,207011152,Hawthorn East,206 ,70 ,12.0,3.0,0.0,290 ,21586
K,Financial and Insurance Services,207011154,Kew East,53 ,20 ,7.0,0.0,0.0,81 ,20034
K,Financial and Insurance Services,207011155,Surrey Hills (West) - Canterbury,135 ,56 ,9.0,3.0,0.0,203 ,21336
K,Financial and Insurance Services,207011519,Hawthorn - North,119 ,29 ,5.0,0.0,0.0,154 ,22170
K,Financial and Insurance Services,207011520,Hawthorn - South,155 ,44 ,11.0,0.0,0.0,211 ,22547
K,Financial and Insurance Services,207011521,Kew - South,135 ,30 ,6.0,0.0,0.0,171 ,21152
K,Financial and Insurance Services,207011522,Kew - West,130 ,31 ,0.0,0.0,0.0,163 ,20034
K,Financial and Insurance Services,207021156,Bulleen,51 ,28 ,0.0,0.0,0.0,81 ,20124
K,Financial and Insurance Services,207021157,Doncaster,156 ,40 ,0.0,0.0,0.0,198 ,20124
K,Financial and Insurance Services,207021159,Templestowe,122 ,31 ,0.0,0.0,0.0,154 ,20771
K,Financial and Insurance Services,207021160,Templestowe Lower,66 ,13 ,0.0,0.0,0.0,79 ,20386
K,Financial and Insurance Services,207021424,Doncaster East - North,72 ,14 ,0.0,0.0,0.0,86 ,20771
K,Financial and Insurance Services,207021425,Doncaster East - South,91 ,26 ,5.0,0.0,0.0,122 ,20771
K,Financial and Insurance Services,207031161,Blackburn,127 ,34 ,7.0,0.0,0.0,168 ,20315
K,Financial and Insurance Services,207031162,Blackburn South,45 ,13 ,3.0,0.0,0.0,62 ,20426
K,Financial and Insurance Services,207031163,Box Hill,168 ,66 ,6.0,0.0,0.0,240 ,21732
K,Financial and Insurance Services,207031164,Box Hill North,78 ,20 ,0.0,0.0,0.0,99 ,20123
K,Financial and Insurance Services,207031165,Burwood (Vic.),64 ,12 ,0.0,0.0,0.0,77 ,21010
K,Financial and Insurance Services,207031166,Burwood East,52 ,16 ,3.0,0.0,0.0,70 ,20426
K,Financial and Insurance Services,207031167,Surrey Hills (East) - Mont Albert,80 ,10 ,5.0,0.0,0.0,95 ,21732
K,Financial and Insurance Services,208011168,Beaumaris,86 ,28 ,3.0,0.0,0.0,116 ,20182
K,Financial and Insurance Services,208011169,Brighton (Vic.),355 ,58 ,4.0,3.0,0.0,419 ,20337
K,Financial and Insurance Services,208011170,Brighton East,123 ,20 ,3.0,0.0,0.0,145 ,20337
K,Financial and Insurance Services,208011171,Highett (West) - Cheltenham,72 ,26 ,10.0,0.0,0.0,108 ,20182
K,Financial and Insurance Services,208011172,Hampton,98 ,35 ,6.0,0.0,0.0,139 ,20337
K,Financial and Insurance Services,208011173,Sandringham - Black Rock,122 ,32 ,9.0,3.0,0.0,164 ,20182
K,Financial and Insurance Services,208021174,Bentleigh - McKinnon,134 ,28 ,3.0,0.0,0.0,166 ,20338
K,Financial and Insurance Services,208021176,Carnegie,66 ,20 ,0.0,0.0,0.0,89 ,21587
K,Financial and Insurance Services,208021177,Caulfield - North,312 ,38 ,4.0,0.0,0.0,355 ,20105
K,Financial and Insurance Services,208021178,Caulfield - South,158 ,37 ,4.0,0.0,0.0,200 ,20864
K,Financial and Insurance Services,208021179,Elsternwick,109 ,29 ,5.0,0.0,0.0,145 ,20337
K,Financial and Insurance Services,208021180,Hughesdale,35 ,5 ,0.0,0.0,0.0,40 ,21587
K,Financial and Insurance Services,208021181,Murrumbeena,32 ,10 ,0.0,0.0,0.0,44 ,21587
K,Financial and Insurance Services,208021182,Ormond - Glen Huntly,40 ,22 ,0.0,0.0,0.0,62 ,20338
K,Financial and Insurance Services,208021426,Bentleigh East - North,73 ,24 ,3.0,0.0,0.0,99 ,20214
K,Financial and Insurance Services,208021427,Bentleigh East - South,46 ,15 ,0.0,0.0,0.0,63 ,20214
K,Financial and Insurance Services,208031183,Aspendale Gardens - Waterways,24 ,6 ,0.0,0.0,0.0,31 ,20079
K,Financial and Insurance Services,208031184,Braeside,38 ,10 ,3.0,3.0,0.0,52 ,20079
K,Financial and Insurance Services,208031185,Carrum - Patterson Lakes,37 ,10 ,3.0,0.0,0.0,49 ,20131
K,Financial and Insurance Services,208031186,Chelsea - Bonbeach,19 ,15 ,0.0,0.0,0.0,34 ,20538
K,Financial and Insurance Services,208031187,Chelsea Heights,6 ,8 ,0.0,0.0,0.0,14 ,20080
K,Financial and Insurance Services,208031188,Highett (East) - Cheltenham,99 ,36 ,5.0,0.0,0.0,140 ,20539
K,Financial and Insurance Services,208031189,Edithvale - Aspendale,30 ,10 ,0.0,0.0,0.0,40 ,20079
K,Financial and Insurance Services,208031190,Mentone,46 ,12 ,0.0,0.0,0.0,60 ,20182
K,Financial and Insurance Services,208031191,Moorabbin - Heatherton,93 ,16 ,10.0,3.0,0.0,122 ,20539
K,Financial and Insurance Services,208031192,Moorabbin Airport,4 ,3 ,0.0,0.0,0.0,6 ,20539
K,Financial and Insurance Services,208031193,Mordialloc - Parkdale,73 ,17 ,3.0,3.0,0.0,93 ,21648
K,Financial and Insurance Services,208041194,Malvern - Glen Iris,237 ,71 ,14.0,3.0,0.0,323 ,20066
K,Financial and Insurance Services,208041195,Malvern East,158 ,50 ,7.0,0.0,0.0,216 ,20523
K,Financial and Insurance Services,209011196,Bundoora - East,20 ,3 ,0.0,0.0,0.0,23 ,20399
K,Financial and Insurance Services,209011197,Greensborough,58 ,26 ,4.0,0.0,0.0,88 ,21104
K,Financial and Insurance Services,209011198,Heidelberg - Rosanna,63 ,15 ,4.0,3.0,0.0,83 ,21246
K,Financial and Insurance Services,209011199,Heidelberg West,32 ,7 ,3.0,0.0,0.0,41 ,22121
K,Financial and Insurance Services,209011200,Ivanhoe,63 ,15 ,0.0,0.0,0.0,78 ,22508
K,Financial and Insurance Services,209011201,Ivanhoe East - Eaglemont,70 ,15 ,0.0,3.0,0.0,88 ,21246
K,Financial and Insurance Services,209011202,Montmorency - Briar Hill,59 ,19 ,3.0,0.0,0.0,80 ,22484
K,Financial and Insurance Services,209011203,Viewbank - Yallambie,42 ,12 ,0.0,0.0,0.0,55 ,20386
K,Financial and Insurance Services,209011204,Watsonia,19 ,4 ,0.0,0.0,0.0,24 ,20399
K,Financial and Insurance Services,209021205,Kingsbury,25 ,4 ,0.0,0.0,0.0,29 ,20399
K,Financial and Insurance Services,209021428,Preston - East,89 ,31 ,6.0,0.0,0.0,127 ,22121
K,Financial and Insurance Services,209021429,Preston - West,21 ,7 ,0.0,0.0,0.0,28 ,20596
K,Financial and Insurance Services,209021523,Reservoir - North East,11 ,5 ,3.0,0.0,0.0,17 ,20399
K,Financial and Insurance Services,209021524,Reservoir - North West,22 ,3 ,0.0,0.0,0.0,25 ,22161
K,Financial and Insurance Services,209021525,Reservoir - South East,25 ,4 ,0.0,0.0,0.0,29 ,22121
K,Financial and Insurance Services,209021526,Reservoir - South West,27 ,7 ,0.0,0.0,0.0,36 ,20597
K,Financial and Insurance Services,209031209,Eltham,73 ,21 ,5.0,0.0,0.0,99 ,22483
K,Financial and Insurance Services,209031210,Hurstbridge,4 ,3 ,0.0,0.0,0.0,6 ,20752
K,Financial and Insurance Services,209031211,Kinglake,8 ,0 ,0.0,0.0,0.0,9 ,20916
K,Financial and Insurance Services,209031212,Panton Hill - St Andrews,12 ,4 ,3.0,0.0,0.0,18 ,21358
K,Financial and Insurance Services,209031213,Plenty - Yarrambat,44 ,9 ,0.0,0.0,0.0,55 ,20399
K,Financial and Insurance Services,209031214,Research - North Warrandyte,33 ,5 ,0.0,0.0,0.0,40 ,20865
K,Financial and Insurance Services,209031215,Wattle Glen - Diamond Creek,31 ,12 ,0.0,0.0,0.0,43 ,20865
K,Financial and Insurance Services,209041216,Bundoora - North,44 ,16 ,6.0,3.0,0.0,68 ,20399
K,Financial and Insurance Services,209041217,Bundoora - West,10 ,0 ,3.0,0.0,0.0,13 ,20399
K,Financial and Insurance Services,209041220,Mill Park - North,28 ,9 ,0.0,3.0,0.0,38 ,21683
K,Financial and Insurance Services,209041221,Mill Park - South,24 ,4 ,0.0,0.0,0.0,28 ,20399
K,Financial and Insurance Services,209041223,Thomastown,73 ,14 ,0.0,3.0,0.0,91 ,20399
K,Financial and Insurance Services,209041224,Wallan,30 ,11 ,0.0,3.0,0.0,42 ,20345
K,Financial and Insurance Services,209041225,Whittlesea,33 ,5 ,0.0,3.0,0.0,39 ,20576
K,Financial and Insurance Services,209041431,Epping - East,18 ,4 ,0.0,0.0,0.0,22 ,22311
K,Financial and Insurance Services,209041432,Epping - South,27 ,5 ,3.0,0.0,0.0,34 ,21683
K,Financial and Insurance Services,209041433,Epping (Vic.) - West,26 ,4 ,0.0,0.0,0.0,31 ,20878
K,Financial and Insurance Services,209041435,South Morang - North,25 ,9 ,0.0,3.0,0.0,35 ,20779
K,Financial and Insurance Services,209041436,South Morang - South,19 ,6 ,3.0,0.0,0.0,27 ,22916
K,Financial and Insurance Services,209041437,Wollert,48 ,10 ,0.0,0.0,0.0,59 ,22311
K,Financial and Insurance Services,209041527,Doreen - North,26 ,10 ,0.0,0.0,0.0,36 ,20779
K,Financial and Insurance Services,209041528,Doreen - South,11 ,3 ,0.0,0.0,0.0,14 ,20779
K,Financial and Insurance Services,209041529,Lalor - East,9 ,3 ,0.0,0.0,0.0,11 ,22504
K,Financial and Insurance Services,209041530,Lalor - West,22 ,10 ,0.0,3.0,0.0,34 ,22504
K,Financial and Insurance Services,209041531,Mernda - North,12 ,4 ,0.0,0.0,0.0,16 ,20779
K,Financial and Insurance Services,209041532,Mernda - South,21 ,3 ,0.0,0.0,0.0,23 ,20779
K,Financial and Insurance Services,210011226,Airport West,39 ,7 ,0.0,0.0,0.0,47 ,20886
K,Financial and Insurance Services,210011227,Essendon Airport,3 ,0 ,0.0,0.0,0.0,4 ,22380
K,Financial and Insurance Services,210011228,Keilor,104 ,18 ,6.0,0.0,0.0,129 ,20015
K,Financial and Insurance Services,210011230,Niddrie - Essendon West,27 ,20 ,0.0,0.0,0.0,49 ,20885
K,Financial and Insurance Services,210011231,Strathmore,38 ,14 ,0.0,0.0,0.0,53 ,20885
K,Financial and Insurance Services,210011533,Avondale Heights,49 ,9 ,0.0,0.0,0.0,58 ,21604
K,Financial and Insurance Services,210011534,Keilor East,49 ,12 ,0.0,0.0,0.0,61 ,20888
K,Financial and Insurance Services,210021232,Gisborne,45 ,20 ,3.0,0.0,0.0,68 ,20076
K,Financial and Insurance Services,210021233,Macedon,29 ,3 ,0.0,0.0,0.0,33 ,20387
K,Financial and Insurance Services,210021234,Riddells Creek,10 ,3 ,0.0,0.0,0.0,11 ,21176
K,Financial and Insurance Services,210021235,Romsey,18 ,5 ,3.0,0.0,0.0,24 ,20172
K,Financial and Insurance Services,210031236,Coburg North,31 ,15 ,3.0,0.0,0.0,49 ,20596
K,Financial and Insurance Services,210031237,Fawkner,20 ,5 ,0.0,0.0,0.0,25 ,20597
K,Financial and Insurance Services,210031439,Gowanbrae,10 ,0 ,0.0,0.0,0.0,11 ,22381
K,Financial and Insurance Services,210031440,Hadfield,12 ,3 ,0.0,0.0,0.0,13 ,22041
K,Financial and Insurance Services,210031535,Glenroy - East,15 ,3 ,0.0,0.0,0.0,17 ,22041
K,Financial and Insurance Services,210031536,Glenroy - West,18 ,4 ,0.0,0.0,0.0,22 ,22381
K,Financial and Insurance Services,210031537,Oak Park,14 ,5 ,0.0,0.0,0.0,19 ,22042
K,Financial and Insurance Services,210031538,Pascoe Vale,35 ,16 ,3.0,0.0,0.0,54 ,22042
K,Financial and Insurance Services,210041240,Sunbury,24 ,3 ,0.0,0.0,0.0,27 ,20567
K,Financial and Insurance Services,210041539,Diggers Rest,8 ,3 ,0.0,0.0,0.0,11 ,20754
K,Financial and Insurance Services,210041540,Sunbury - South,38 ,12 ,3.0,0.0,0.0,52 ,21318
K,Financial and Insurance Services,210041541,Sunbury - West,21 ,3 ,0.0,0.0,0.0,23 ,20754
K,Financial and Insurance Services,210051242,Broadmeadows,21 ,3 ,0.0,0.0,0.0,23 ,20909
K,Financial and Insurance Services,210051243,Campbellfield - Coolaroo,75 ,9 ,5.0,3.0,0.0,91 ,22161
K,Financial and Insurance Services,210051245,Gladstone Park - Westmeadows,35 ,4 ,3.0,0.0,0.0,41 ,22586
K,Financial and Insurance Services,210051246,Greenvale - Bulla,83 ,14 ,3.0,0.0,0.0,99 ,21675
K,Financial and Insurance Services,210051247,Meadow Heights,11 ,0 ,0.0,0.0,0.0,12 ,20624
K,Financial and Insurance Services,210051248,Melbourne Airport,5 ,3 ,0.0,0.0,0.0,7 ,21319
K,Financial and Insurance Services,210051250,Tullamarine,21 ,3 ,0.0,3.0,0.0,25 ,22586
K,Financial and Insurance Services,210051441,Craigieburn - Central,8 ,0 ,0.0,0.0,0.0,9 ,20661
K,Financial and Insurance Services,210051442,Craigieburn - North,19 ,6 ,0.0,0.0,0.0,25 ,21675
K,Financial and Insurance Services,210051443,Craigieburn - South,35 ,11 ,0.0,0.0,0.0,47 ,20878
K,Financial and Insurance Services,210051445,Mickleham - Yuroke,52 ,14 ,0.0,0.0,0.0,66 ,20233
K,Financial and Insurance Services,210051542,Craigieburn - North West,14 ,0 ,0.0,0.0,0.0,15 ,21675
K,Financial and Insurance Services,210051543,Craigieburn - West,24 ,6 ,0.0,0.0,0.0,30 ,21675
K,Financial and Insurance Services,210051544,Roxburgh Park (South) - Somerton,19 ,3 ,0.0,0.0,0.0,23 ,20878
K,Financial and Insurance Services,210051545,Roxburgh Park - North,8 ,4 ,3.0,0.0,0.0,13 ,20661
K,Financial and Insurance Services,211011251,Bayswater,45 ,10 ,4.0,0.0,0.0,59 ,20173
K,Financial and Insurance Services,211011254,Knoxfield - Scoresby,76 ,25 ,5.0,3.0,0.0,109 ,21013
K,Financial and Insurance Services,211011255,Lysterfield,31 ,8 ,0.0,0.0,0.0,39 ,20917
K,Financial and Insurance Services,211011256,Rowville - Central,61 ,14 ,3.0,0.0,0.0,76 ,21374
K,Financial and Insurance Services,211011257,Rowville - North,29 ,10 ,3.0,0.0,0.0,42 ,20917
K,Financial and Insurance Services,211011258,Rowville - South,29 ,8 ,0.0,0.0,0.0,37 ,22207
K,Financial and Insurance Services,211011259,Wantirna,40 ,9 ,0.0,0.0,0.0,50 ,22628
K,Financial and Insurance Services,211011260,Wantirna South,67 ,25 ,3.0,0.0,0.0,95 ,21013
K,Financial and Insurance Services,211011446,Boronia,32 ,14 ,0.0,0.0,0.0,47 ,20173
K,Financial and Insurance Services,211011447,Ferntree Gully - North,18 ,9 ,0.0,0.0,0.0,28 ,20304
K,Financial and Insurance Services,211011448,Ferntree Gully (South) - Upper Ferntree Gully,32 ,7 ,3.0,0.0,0.0,42 ,20917
K,Financial and Insurance Services,211011449,The Basin,4 ,5 ,0.0,0.0,0.0,9 ,20304
K,Financial and Insurance Services,211021261,Donvale - Park Orchards,107 ,29 ,4.0,0.0,0.0,140 ,20772
K,Financial and Insurance Services,211021262,Warrandyte - Wonga Park,59 ,12 ,4.0,0.0,0.0,75 ,20772
K,Financial and Insurance Services,211031263,Bayswater North,28 ,5 ,3.0,0.0,0.0,36 ,20173
K,Financial and Insurance Services,211031265,Croydon Hills - Warranwood,40 ,15 ,3.0,0.0,0.0,56 ,20556
K,Financial and Insurance Services,211031266,Ringwood,63 ,26 ,5.0,0.0,0.0,94 ,20774
K,Financial and Insurance Services,211031267,Ringwood East,47 ,17 ,3.0,3.0,0.0,66 ,20173
K,Financial and Insurance Services,211031268,Ringwood North,35 ,11 ,3.0,0.0,0.0,47 ,20774
K,Financial and Insurance Services,211031450,Croydon - East,17 ,10 ,3.0,0.0,0.0,29 ,21354
K,Financial and Insurance Services,211031451,Croydon - West,34 ,16 ,4.0,0.0,0.0,55 ,20556
K,Financial and Insurance Services,211031452,Croydon South,17 ,4 ,3.0,0.0,0.0,24 ,20174
K,Financial and Insurance Services,211041269,Forest Hill,29 ,11 ,0.0,0.0,0.0,41 ,20252
K,Financial and Insurance Services,211041270,Mitcham (Vic.),78 ,20 ,5.0,0.0,0.0,103 ,20774
K,Financial and Insurance Services,211041271,Nunawading,56 ,14 ,0.0,0.0,0.0,72 ,20774
K,Financial and Insurance Services,211041272,Vermont,38 ,12 ,3.0,0.0,0.0,52 ,20937
K,Financial and Insurance Services,211041273,Vermont South,41 ,12 ,3.0,0.0,0.0,54 ,20937
K,Financial and Insurance Services,211051274,Belgrave - Selby,29 ,4 ,0.0,0.0,0.0,33 ,21558
K,Financial and Insurance Services,211051275,Chirnside Park,41 ,7 ,3.0,0.0,0.0,50 ,20556
K,Financial and Insurance Services,211051276,Healesville - Yarra Glen,30 ,7 ,3.0,0.0,0.0,39 ,20916
K,Financial and Insurance Services,211051277,Kilsyth,18 ,4 ,0.0,0.0,0.0,22 ,20174
K,Financial and Insurance Services,211051278,Lilydale - Coldstream,36 ,12 ,0.0,0.0,0.0,49 ,20556
K,Financial and Insurance Services,211051279,Monbulk - Silvan,11 ,3 ,0.0,0.0,0.0,15 ,20868
K,Financial and Insurance Services,211051280,Montrose,10 ,5 ,0.0,0.0,0.0,16 ,21354
K,Financial and Insurance Services,211051281,Mooroolbark,38 ,7 ,0.0,0.0,0.0,46 ,20556
K,Financial and Insurance Services,211051282,Mount Dandenong - Olinda,22 ,8 ,3.0,0.0,0.0,32 ,20304
K,Financial and Insurance Services,211051283,Mount Evelyn,12 ,3 ,0.0,0.0,0.0,16 ,21736
K,Financial and Insurance Services,211051284,Upwey - Tecoma,17 ,4 ,0.0,0.0,0.0,23 ,21558
K,Financial and Insurance Services,211051285,Wandin - Seville,15 ,0 ,0.0,0.0,0.0,18 ,20613
K,Financial and Insurance Services,211051286,Yarra Valley,15 ,10 ,3.0,3.0,0.0,29 ,20833
K,Financial and Insurance Services,212011289,Emerald - Cockatoo,44 ,11 ,3.0,0.0,0.0,56 ,20979
K,Financial and Insurance Services,212011546,Beaconsfield - Officer,57 ,20 ,3.0,0.0,0.0,80 ,20176
K,Financial and Insurance Services,212011547,Bunyip - Garfield,24 ,7 ,3.0,0.0,0.0,32 ,20411
K,Financial and Insurance Services,212011548,Koo Wee Rup,17 ,3 ,0.0,0.0,0.0,21 ,20081
K,Financial and Insurance Services,212011549,Pakenham - North East,15 ,4 ,3.0,0.0,0.0,20 ,21879
K,Financial and Insurance Services,212011550,Pakenham - North West,16 ,3 ,0.0,0.0,0.0,19 ,20176
K,Financial and Insurance Services,212011551,Pakenham - South East,21 ,9 ,3.0,0.0,0.0,32 ,21879
K,Financial and Insurance Services,212011552,Pakenham - South West,42 ,12 ,3.0,0.0,0.0,55 ,22006
K,Financial and Insurance Services,212021293,Berwick - North,83 ,26 ,4.0,0.0,0.0,113 ,21895
K,Financial and Insurance Services,212021295,Doveton,9 ,3 ,0.0,0.0,0.0,11 ,20708
K,Financial and Insurance Services,212021297,Hallam,51 ,7 ,3.0,0.0,0.0,61 ,21895
K,Financial and Insurance Services,212021299,Narre Warren North,43 ,9 ,0.0,0.0,0.0,53 ,21558
K,Financial and Insurance Services,212021453,Endeavour Hills - North,25 ,4 ,3.0,0.0,0.0,31 ,22207
K,Financial and Insurance Services,212021454,Endeavour Hills - South,22 ,3 ,0.0,0.0,0.0,25 ,21895
K,Financial and Insurance Services,212021455,Narre Warren - North East,17 ,5 ,0.0,0.0,0.0,22 ,21895
K,Financial and Insurance Services,212021456,Narre Warren - South West,34 ,20 ,6.0,0.0,0.0,60 ,20224
K,Financial and Insurance Services,212021553,Berwick - South East,50 ,19 ,3.0,0.0,0.0,71 ,20175
K,Financial and Insurance Services,212021554,Berwick - South West,39 ,16 ,0.0,0.0,0.0,55 ,20224
K,Financial and Insurance Services,212031300,Cranbourne,24 ,11 ,0.0,0.0,0.0,36 ,20664
K,Financial and Insurance Services,212031303,Cranbourne South,23 ,11 ,3.0,3.0,0.0,36 ,20487
K,Financial and Insurance Services,212031304,Cranbourne West,39 ,7 ,0.0,0.0,0.0,46 ,20662
K,Financial and Insurance Services,212031306,Lynbrook - Lyndhurst,52 ,3 ,0.0,0.0,0.0,55 ,20709
K,Financial and Insurance Services,212031308,Pearcedale - Tooradin,15 ,3 ,0.0,0.0,0.0,18 ,21380
K,Financial and Insurance Services,212031457,Narre Warren South - East,32 ,6 ,0.0,0.0,0.0,38 ,20224
K,Financial and Insurance Services,212031458,Narre Warren South - West,20 ,6 ,0.0,0.0,0.0,26 ,21893
K,Financial and Insurance Services,212031555,Clyde North - North,32 ,10 ,3.0,0.0,0.0,43 ,22006
K,Financial and Insurance Services,212031556,Clyde North - South,38 ,14 ,0.0,0.0,0.0,52 ,20487
K,Financial and Insurance Services,212031557,Cranbourne East - North,33 ,10 ,0.0,0.0,0.0,43 ,20581
K,Financial and Insurance Services,212031558,Cranbourne East - South,14 ,3 ,0.0,0.0,0.0,17 ,20581
K,Financial and Insurance Services,212031559,Cranbourne North - East,20 ,6 ,0.0,0.0,0.0,26 ,20582
K,Financial and Insurance Services,212031560,Cranbourne North - West,12 ,3 ,0.0,0.0,0.0,15 ,21133
K,Financial and Insurance Services,212031561,Hampton Park - East,13 ,3 ,0.0,0.0,0.0,16 ,21893
K,Financial and Insurance Services,212031562,Hampton Park - West,14 ,4 ,0.0,0.0,0.0,19 ,20709
K,Financial and Insurance Services,212041309,Clarinda - Oakleigh South,31 ,6 ,0.0,0.0,0.0,37 ,21746
K,Financial and Insurance Services,212041310,Clayton South,29 ,7 ,0.0,0.0,0.0,36 ,20758
K,Financial and Insurance Services,212041312,Dandenong North,29 ,6 ,0.0,0.0,0.0,35 ,22207
K,Financial and Insurance Services,212041313,Dingley Village,32 ,4 ,0.0,0.0,0.0,38 ,20320
K,Financial and Insurance Services,212041316,Noble Park North,10 ,0 ,0.0,0.0,0.0,12 ,20708
K,Financial and Insurance Services,212041317,Springvale,54 ,20 ,0.0,3.0,0.0,75 ,21827
K,Financial and Insurance Services,212041318,Springvale South,5 ,5 ,3.0,0.0,0.0,11 ,21339
K,Financial and Insurance Services,212041459,Noble Park - East,9 ,4 ,0.0,0.0,0.0,13 ,21339
K,Financial and Insurance Services,212041460,Noble Park - West,11 ,3 ,0.0,0.0,0.0,13 ,21339
K,Financial and Insurance Services,212041563,Dandenong - North,66 ,17 ,5.0,3.0,0.0,90 ,20708
K,Financial and Insurance Services,212041564,Dandenong - South,122 ,17 ,7.0,4.0,0.0,151 ,20131
K,Financial and Insurance Services,212041565,Keysborough - North,26 ,8 ,3.0,0.0,0.0,37 ,21339
K,Financial and Insurance Services,212041566,Keysborough - South,55 ,19 ,3.0,0.0,0.0,76 ,20080
K,Financial and Insurance Services,212051319,Ashwood - Chadstone,65 ,22 ,3.0,0.0,0.0,91 ,20077
K,Financial and Insurance Services,212051321,Glen Waverley - East,111 ,30 ,3.0,0.0,0.0,142 ,20427
K,Financial and Insurance Services,212051322,Glen Waverley - West,110 ,42 ,3.0,0.0,0.0,156 ,20427
K,Financial and Insurance Services,212051323,Mount Waverley - North,105 ,25 ,0.0,0.0,0.0,131 ,20078
K,Financial and Insurance Services,212051324,Mount Waverley - South,155 ,44 ,14.0,3.0,0.0,215 ,21816
K,Financial and Insurance Services,212051325,Mulgrave,94 ,25 ,6.0,3.0,0.0,127 ,21013
K,Financial and Insurance Services,212051326,Oakleigh - Huntingdale,114 ,23 ,3.0,0.0,0.0,140 ,21587
K,Financial and Insurance Services,212051327,Wheelers Hill,128 ,34 ,3.0,0.0,0.0,165 ,21013
K,Financial and Insurance Services,212051567,Clayton (North) - Notting Hill,71 ,25 ,9.0,0.0,0.0,105 ,21816
K,Financial and Insurance Services,212051568,Clayton - Central,41 ,4 ,0.0,0.0,0.0,45 ,22002
K,Financial and Insurance Services,213011328,Ardeer - Albion,7 ,3 ,0.0,0.0,0.0,10 ,22396
K,Financial and Insurance Services,213011329,Cairnlea,18 ,9 ,0.0,0.0,0.0,27 ,20062
K,Financial and Insurance Services,213011331,Delahey,7 ,0 ,0.0,0.0,0.0,8 ,21315
K,Financial and Insurance Services,213011332,Keilor Downs,26 ,7 ,0.0,0.0,0.0,34 ,21316
K,Financial and Insurance Services,213011333,Kings Park (Vic.),8 ,4 ,0.0,0.0,0.0,12 ,20729
K,Financial and Insurance Services,213011334,St Albans - North,18 ,6 ,3.0,0.0,0.0,25 ,21312
K,Financial and Insurance Services,213011335,St Albans - South,19 ,7 ,0.0,0.0,0.0,27 ,21312
K,Financial and Insurance Services,213011336,Sunshine,15 ,6 ,0.0,0.0,0.0,21 ,20324
K,Financial and Insurance Services,213011337,Sunshine North,22 ,7 ,0.0,0.0,0.0,29 ,21316
K,Financial and Insurance Services,213011338,Sunshine West,28 ,11 ,0.0,0.0,0.0,39 ,20062
K,Financial and Insurance Services,213011339,Sydenham,19 ,0 ,0.0,0.0,0.0,21 ,22474
K,Financial and Insurance Services,213011340,Taylors Lakes,45 ,17 ,3.0,0.0,0.0,64 ,21314
K,Financial and Insurance Services,213011569,Deer Park,29 ,4 ,0.0,0.0,0.0,33 ,20062
K,Financial and Insurance Services,213011570,Derrimut,27 ,10 ,0.0,0.0,0.0,38 ,20062
K,Financial and Insurance Services,213021341,Altona,34 ,12 ,0.0,0.0,0.0,47 ,21477
K,Financial and Insurance Services,213021342,Altona Meadows,24 ,11 ,0.0,0.0,0.0,35 ,20035
K,Financial and Insurance Services,213021343,Altona North,39 ,10 ,3.0,0.0,0.0,51 ,22917
K,Financial and Insurance Services,213021344,Newport,51 ,12 ,0.0,0.0,0.0,64 ,22107
K,Financial and Insurance Services,213021345,Seabrook,8 ,0 ,0.0,0.0,0.0,8 ,20036
K,Financial and Insurance Services,213021346,Williamstown,93 ,27 ,4.0,0.0,0.0,125 ,21934
K,Financial and Insurance Services,213031347,Braybrook,33 ,16 ,3.0,0.0,0.0,51 ,20935
K,Financial and Insurance Services,213031348,Footscray,80 ,26 ,3.0,0.0,0.0,109 ,20929
K,Financial and Insurance Services,213031349,Maribyrnong,51 ,12 ,0.0,0.0,0.0,64 ,20075
K,Financial and Insurance Services,213031350,Seddon - Kingsville,15 ,6 ,0.0,0.0,0.0,23 ,20935
K,Financial and Insurance Services,213031351,West Footscray - Tottenham,27 ,8 ,0.0,0.0,0.0,36 ,20935
K,Financial and Insurance Services,213031352,Yarraville,55 ,21 ,3.0,0.0,0.0,78 ,20935
K,Financial and Insurance Services,213041353,Bacchus Marsh,38 ,10 ,3.0,0.0,0.0,51 ,20095
K,Financial and Insurance Services,213041358,Melton West,21 ,5 ,0.0,0.0,0.0,26 ,22537
K,Financial and Insurance Services,213041359,Rockbank - Mount Cottrell,62 ,16 ,0.0,0.0,0.0,78 ,20899
K,Financial and Insurance Services,213041360,Taylors Hill,50 ,15 ,3.0,0.0,0.0,66 ,20950
K,Financial and Insurance Services,213041461,Burnside,10 ,3 ,0.0,0.0,0.0,11 ,20729
K,Financial and Insurance Services,213041462,Burnside Heights,14 ,7 ,0.0,0.0,0.0,21 ,20420
K,Financial and Insurance Services,213041463,Caroline Springs,47 ,18 ,0.0,0.0,0.0,65 ,20950
K,Financial and Insurance Services,213041571,Brookfield,8 ,4 ,0.0,0.0,0.0,12 ,21202
K,Financial and Insurance Services,213041572,Cobblebank - Strathtulloh,12 ,0 ,0.0,0.0,0.0,14 ,21642
K,Financial and Insurance Services,213041573,Eynesbury - Exford,5 ,0 ,0.0,0.0,0.0,6 ,20899
K,Financial and Insurance Services,213041574,Fraser Rise - Plumpton,29 ,16 ,0.0,0.0,0.0,45 ,20754
K,Financial and Insurance Services,213041575,Hillside,24 ,7 ,0.0,0.0,0.0,31 ,20950
K,Financial and Insurance Services,213041576,Kurunjang - Toolern Vale,8 ,4 ,3.0,0.0,0.0,13 ,20605
K,Financial and Insurance Services,213041577,Melton,11 ,4 ,0.0,3.0,0.0,17 ,21140
K,Financial and Insurance Services,213041578,Melton South - Weir Views,3 ,0 ,0.0,0.0,0.0,4 ,20351
K,Financial and Insurance Services,213051361,Hoppers Crossing - North,35 ,6 ,0.0,0.0,0.0,42 ,22582
K,Financial and Insurance Services,213051362,Hoppers Crossing - South,20 ,5 ,0.0,0.0,0.0,25 ,22451
K,Financial and Insurance Services,213051363,Laverton,75 ,22 ,4.0,0.0,0.0,102 ,22397
K,Financial and Insurance Services,213051368,Werribee - South,57 ,20 ,3.0,0.0,0.0,81 ,20601
K,Financial and Insurance Services,213051464,Point Cook - East,82 ,21 ,0.0,0.0,0.0,103 ,20036
K,Financial and Insurance Services,213051466,Point Cook - South,69 ,20 ,0.0,0.0,0.0,90 ,22086
K,Financial and Insurance Services,213051467,Werribee - East,13 ,0 ,0.0,0.0,0.0,16 ,22451
K,Financial and Insurance Services,213051468,Werribee - West,37 ,5 ,3.0,0.0,0.0,44 ,20115
K,Financial and Insurance Services,213051579,Manor Lakes - Quandong,31 ,9 ,0.0,0.0,0.0,40 ,20115
K,Financial and Insurance Services,213051580,Point Cook - North East,41 ,19 ,3.0,0.0,0.0,62 ,20036
K,Financial and Insurance Services,213051581,Point Cook - North West,41 ,14 ,0.0,0.0,0.0,55 ,22086
K,Financial and Insurance Services,213051582,Tarneit (West) - Mount Cottrell,48 ,8 ,0.0,0.0,0.0,56 ,20899
K,Financial and Insurance Services,213051583,Tarneit - Central,69 ,19 ,3.0,0.0,0.0,89 ,22582
K,Financial and Insurance Services,213051584,Tarneit - North,32 ,5 ,0.0,0.0,0.0,37 ,22582
K,Financial and Insurance Services,213051585,Tarneit - South,9 ,8 ,0.0,0.0,0.0,17 ,22451
K,Financial and Insurance Services,213051586,Truganina - North,42 ,10 ,3.0,3.0,0.0,54 ,20743
K,Financial and Insurance Services,213051587,Truganina - South East,43 ,21 ,0.0,0.0,0.0,64 ,21477
K,Financial and Insurance Services,213051588,Truganina - South West,36 ,9 ,0.0,0.0,0.0,45 ,22582
K,Financial and Insurance Services,213051589,Wyndham Vale - North,13 ,4 ,0.0,0.0,0.0,18 ,20116
K,Financial and Insurance Services,213051590,Wyndham Vale - South,10 ,0 ,0.0,0.0,0.0,11 ,22750
K,Financial and Insurance Services,214011370,Carrum Downs,59 ,12 ,4.0,0.0,0.0,75 ,20131
K,Financial and Insurance Services,214011371,Frankston,58 ,22 ,7.0,0.0,0.0,88 ,22249
K,Financial and Insurance Services,214011372,Frankston North,16 ,5 ,0.0,0.0,0.0,21 ,20508
K,Financial and Insurance Services,214011373,Frankston South,51 ,14 ,3.0,0.0,0.0,67 ,21468
K,Financial and Insurance Services,214011374,Langwarrin,32 ,9 ,3.0,0.0,0.0,43 ,20508
K,Financial and Insurance Services,214011375,Seaford (Vic.),31 ,5 ,4.0,0.0,0.0,40 ,20507
K,Financial and Insurance Services,214011376,Skye - Sandhurst,31 ,13 ,0.0,0.0,0.0,44 ,20508
K,Financial and Insurance Services,214021377,Dromana,39 ,11 ,0.0,0.0,0.0,51 ,20072
K,Financial and Insurance Services,214021378,Flinders,42 ,12 ,0.0,0.0,0.0,54 ,20072
K,Financial and Insurance Services,214021379,Hastings - Somers,35 ,17 ,3.0,0.0,0.0,55 ,21664
K,Financial and Insurance Services,214021381,Mount Eliza,104 ,37 ,3.0,0.0,0.0,144 ,20949
K,Financial and Insurance Services,214021382,Mount Martha,66 ,20 ,3.0,0.0,0.0,89 ,21803
K,Financial and Insurance Services,214021383,Point Nepean,90 ,17 ,3.0,0.0,0.0,108 ,20280
K,Financial and Insurance Services,214021384,Rosebud - McCrae,30 ,7 ,0.0,0.0,0.0,38 ,20072
K,Financial and Insurance Services,214021385,Somerville,50 ,16 ,5.0,0.0,0.0,71 ,22050
K,Financial and Insurance Services,214021591,Mornington - East,49 ,15 ,5.0,0.0,0.0,70 ,21793
K,Financial and Insurance Services,214021592,Mornington - West,60 ,16 ,8.0,0.0,0.0,84 ,21793
K,Financial and Insurance Services,215011386,Ararat,6 ,3 ,0.0,0.0,0.0,10 ,20811
K,Financial and Insurance Services,215011387,Ararat Surrounds,9 ,0 ,0.0,0.0,0.0,10 ,20680
K,Financial and Insurance Services,215011388,Horsham,27 ,10 ,8.0,0.0,0.0,46 ,20403
K,Financial and Insurance Services,215011389,Horsham Surrounds,4 ,3 ,0.0,0.0,0.0,6 ,20403
K,Financial and Insurance Services,215011390,Nhill Region,6 ,0 ,0.0,0.0,0.0,7 ,20756
K,Financial and Insurance Services,215011391,St Arnaud,5 ,0 ,0.0,0.0,0.0,5 ,20142
K,Financial and Insurance Services,215011392,Stawell,9 ,0 ,3.0,0.0,0.0,11 ,20680
K,Financial and Insurance Services,215011393,West Wimmera,0 ,3 ,3.0,0.0,0.0,4 ,20119
K,Financial and Insurance Services,215011394,Yarriambiack,8 ,3 ,0.0,0.0,0.0,10 ,20756
K,Financial and Insurance Services,215021395,Irymple,17 ,0 ,0.0,0.0,0.0,19 ,20488
K,Financial and Insurance Services,215021396,Merbein,5 ,0 ,0.0,0.0,0.0,7 ,21388
K,Financial and Insurance Services,215021398,Mildura Surrounds,4 ,0 ,0.0,0.0,0.0,4 ,20234
K,Financial and Insurance Services,215021399,Red Cliffs,4 ,0 ,0.0,0.0,0.0,4 ,20488
K,Financial and Insurance Services,215021469,Mildura - North,41 ,19 ,5.0,3.0,0.0,68 ,21682
K,Financial and Insurance Services,215021470,Mildura - South,19 ,4 ,0.0,0.0,0.0,25 ,21245
K,Financial and Insurance Services,215031400,Buloke,9 ,0 ,0.0,0.0,0.0,12 ,20155
K,Financial and Insurance Services,215031401,Gannawarra,7 ,3 ,3.0,0.0,0.0,9 ,20051
K,Financial and Insurance Services,215031402,Kerang,6 ,0 ,0.0,0.0,0.0,7 ,20477
K,Financial and Insurance Services,215031403,Robinvale,6 ,0 ,0.0,0.0,0.0,7 ,22744
K,Financial and Insurance Services,215031404,Swan Hill,25 ,9 ,4.0,0.0,0.0,39 ,21076
K,Financial and Insurance Services,215031405,Swan Hill Surrounds,6 ,3 ,3.0,0.0,0.0,9 ,20047
K,Financial and Insurance Services,216011406,Echuca,40 ,14 ,5.0,0.0,0.0,59 ,20125
K,Financial and Insurance Services,216011407,Kyabram,12 ,5 ,4.0,3.0,0.0,23 ,20838
K,Financial and Insurance Services,216011408,Lockington - Gunbower,7 ,0 ,0.0,0.0,0.0,8 ,20755
K,Financial and Insurance Services,216011409,Rochester,5 ,0 ,0.0,0.0,0.0,5 ,20281
K,Financial and Insurance Services,216011410,Rushworth,3 ,3 ,0.0,0.0,0.0,3 ,20093
K,Financial and Insurance Services,216021411,Cobram,19 ,3 ,0.0,0.0,0.0,22 ,20301
K,Financial and Insurance Services,216021412,Moira,5 ,0 ,0.0,0.0,0.0,5 ,20032
K,Financial and Insurance Services,216021413,Numurkah,13 ,7 ,0.0,0.0,0.0,21 ,20839
K,Financial and Insurance Services,216021414,Yarrawonga,13 ,4 ,0.0,0.0,0.0,19 ,20395
K,Financial and Insurance Services,216031415,Mooroopna,5 ,0 ,0.0,0.0,0.0,5 ,20063
K,Financial and Insurance Services,216031416,Shepparton - North,60 ,25 ,12.0,3.0,0.0,99 ,20393
K,Financial and Insurance Services,216031418,Shepparton Surrounds - East,4 ,5 ,0.0,0.0,0.0,9 ,20056
K,Financial and Insurance Services,216031419,Shepparton Surrounds - West,27 ,6 ,0.0,0.0,0.0,33 ,20056
K,Financial and Insurance Services,216031593,Kialla,28 ,3 ,0.0,0.0,0.0,30 ,20056
K,Financial and Insurance Services,216031594,Shepparton - South East,32 ,7 ,4.0,0.0,0.0,43 ,21340
K,Financial and Insurance Services,217011420,Glenelg (Vic.),9 ,3 ,0.0,0.0,0.0,13 ,20340
K,Financial and Insurance Services,217011421,Hamilton (Vic.),13 ,3 ,0.0,0.0,0.0,18 ,20322
K,Financial and Insurance Services,217011422,Portland,6 ,3 ,3.0,0.0,0.0,10 ,20274
K,Financial and Insurance Services,217011423,Southern Grampians,13 ,5 ,3.0,0.0,0.0,19 ,20199
K,Financial and Insurance Services,217031471,Camperdown,9 ,3 ,0.0,0.0,0.0,12 ,20285
K,Financial and Insurance Services,217031472,Colac,17 ,5 ,0.0,3.0,0.0,24 ,20149
K,Financial and Insurance Services,217031473,Colac Surrounds,6 ,3 ,0.0,0.0,0.0,8 ,20671
K,Financial and Insurance Services,217031474,Corangamite - North,5 ,3 ,0.0,3.0,0.0,8 ,20319
K,Financial and Insurance Services,217031475,Corangamite - South,6 ,0 ,0.0,0.0,0.0,7 ,20306
K,Financial and Insurance Services,217031476,Otway,8 ,4 ,0.0,0.0,0.0,12 ,20161
K,Financial and Insurance Services,217041477,Moyne - East,14 ,0 ,0.0,0.0,0.0,16 ,21916
K,Financial and Insurance Services,217041478,Moyne - West,12 ,5 ,3.0,0.0,0.0,19 ,20225
K,Financial and Insurance Services,217041479,Warrnambool - North,23 ,5 ,3.0,0.0,0.0,30 ,20028
K,Financial and Insurance Services,217041480,Warrnambool - South,32 ,22 ,7.0,0.0,0.0,61 ,20028
L,"Rental, Hiring and Real Estate Services",201011001,Alfredton,127 ,16 ,0.0,0.0,0.0,144 ,20023
L,"Rental, Hiring and Real Estate Services",201011002,Ballarat,437 ,27 ,26.0,6.0,0.0,497 ,20023
L,"Rental, Hiring and Real Estate Services",201011005,Buninyong,51 ,5 ,0.0,0.0,0.0,57 ,20409
L,"Rental, Hiring and Real Estate Services",201011006,Delacombe,71 ,3 ,5.0,0.0,0.0,79 ,20023
L,"Rental, Hiring and Real Estate Services",201011007,Smythes Creek,28 ,0 ,0.0,0.0,0.0,30 ,20262
L,"Rental, Hiring and Real Estate Services",201011008,Wendouree - Miners Rest,107 ,7 ,3.0,3.0,0.0,117 ,20023
L,"Rental, Hiring and Real Estate Services",201011481,Ballarat East - Warrenheip,53 ,5 ,3.0,0.0,0.0,60 ,20104
L,"Rental, Hiring and Real Estate Services",201011482,Ballarat North - Invermay,121 ,10 ,3.0,0.0,0.0,132 ,22745
L,"Rental, Hiring and Real Estate Services",201011483,Canadian - Mount Clear,53 ,3 ,0.0,0.0,0.0,56 ,20111
L,"Rental, Hiring and Real Estate Services",201011484,Sebastopol - Redan,41 ,4 ,0.0,0.0,0.0,45 ,20730
L,"Rental, Hiring and Real Estate Services",201021009,Bacchus Marsh Surrounds,39 ,7 ,3.0,0.0,0.0,47 ,20076
L,"Rental, Hiring and Real Estate Services",201021010,Creswick - Clunes,38 ,5 ,0.0,0.0,0.0,45 ,20262
L,"Rental, Hiring and Real Estate Services",201021011,Daylesford,87 ,9 ,3.0,0.0,0.0,98 ,20256
L,"Rental, Hiring and Real Estate Services",201021012,Gordon (Vic.),47 ,3 ,0.0,0.0,0.0,50 ,20409
L,"Rental, Hiring and Real Estate Services",201031013,Avoca,32 ,3 ,0.0,0.0,0.0,36 ,20008
L,"Rental, Hiring and Real Estate Services",201031014,Beaufort,35 ,8 ,0.0,0.0,0.0,43 ,20262
L,"Rental, Hiring and Real Estate Services",201031015,Golden Plains - North,25 ,3 ,0.0,0.0,0.0,28 ,21123
L,"Rental, Hiring and Real Estate Services",201031016,Maryborough (Vic.),30 ,3 ,0.0,0.0,0.0,35 ,20009
L,"Rental, Hiring and Real Estate Services",201031017,Maryborough Surrounds,22 ,0 ,0.0,0.0,0.0,23 ,20459
L,"Rental, Hiring and Real Estate Services",202011018,Bendigo,173 ,14 ,11.0,4.0,0.0,202 ,20208
L,"Rental, Hiring and Real Estate Services",202011019,California Gully - Eaglehawk,28 ,0 ,0.0,0.0,0.0,29 ,20444
L,"Rental, Hiring and Real Estate Services",202011020,East Bendigo - Kennington,153 ,8 ,4.0,3.0,0.0,167 ,20208
L,"Rental, Hiring and Real Estate Services",202011021,Flora Hill - Spring Gully,41 ,3 ,0.0,0.0,0.0,44 ,20208
L,"Rental, Hiring and Real Estate Services",202011022,Kangaroo Flat - Golden Square,100 ,12 ,4.0,0.0,0.0,117 ,20208
L,"Rental, Hiring and Real Estate Services",202011023,Maiden Gully,26 ,0 ,0.0,0.0,0.0,26 ,20444
L,"Rental, Hiring and Real Estate Services",202011024,Strathfieldsaye,67 ,6 ,3.0,0.0,0.0,75 ,20828
L,"Rental, Hiring and Real Estate Services",202011025,White Hills - Ascot,39 ,3 ,0.0,0.0,0.0,42 ,20208
L,"Rental, Hiring and Real Estate Services",202021026,Bendigo Surrounds - South,47 ,6 ,0.0,0.0,0.0,53 ,20835
L,"Rental, Hiring and Real Estate Services",202021027,Castlemaine,76 ,4 ,3.0,0.0,0.0,83 ,20955
L,"Rental, Hiring and Real Estate Services",202021028,Castlemaine Surrounds,54 ,4 ,3.0,0.0,0.0,59 ,20459
L,"Rental, Hiring and Real Estate Services",202021029,Heathcote,22 ,6 ,0.0,0.0,0.0,28 ,20877
L,"Rental, Hiring and Real Estate Services",202021030,Kyneton,102 ,9 ,3.0,0.0,0.0,113 ,20076
L,"Rental, Hiring and Real Estate Services",202021031,Woodend,45 ,7 ,3.0,0.0,0.0,55 ,20076
L,"Rental, Hiring and Real Estate Services",202031032,Bendigo Surrounds - North,23 ,3 ,0.0,0.0,0.0,25 ,20828
L,"Rental, Hiring and Real Estate Services",202031033,Loddon,39 ,3 ,3.0,0.0,0.0,42 ,20177
L,"Rental, Hiring and Real Estate Services",203011034,Bannockburn,56 ,4 ,3.0,0.0,0.0,63 ,20133
L,"Rental, Hiring and Real Estate Services",203011035,Golden Plains - South,57 ,0 ,0.0,0.0,0.0,58 ,20217
L,"Rental, Hiring and Real Estate Services",203011036,Winchelsea,69 ,3 ,0.0,0.0,0.0,71 ,20151
L,"Rental, Hiring and Real Estate Services",203021037,Belmont,83 ,7 ,5.0,0.0,0.0,96 ,20201
L,"Rental, Hiring and Real Estate Services",203021039,Geelong,430 ,30 ,12.0,4.0,0.0,476 ,20201
L,"Rental, Hiring and Real Estate Services",203021040,Geelong West - Hamlyn Heights,153 ,15 ,9.0,0.0,0.0,177 ,20165
L,"Rental, Hiring and Real Estate Services",203021042,Highton,185 ,12 ,4.0,0.0,0.0,201 ,20151
L,"Rental, Hiring and Real Estate Services",203021043,Lara,92 ,17 ,4.0,0.0,0.0,114 ,20115
L,"Rental, Hiring and Real Estate Services",203021044,Leopold,37 ,5 ,0.0,0.0,0.0,43 ,20621
L,"Rental, Hiring and Real Estate Services",203021045,Newcomb - Moolap,53 ,13 ,5.0,0.0,0.0,71 ,20326
L,"Rental, Hiring and Real Estate Services",203021046,Newtown (Vic.),232 ,9 ,12.0,0.0,0.0,254 ,20960
L,"Rental, Hiring and Real Estate Services",203021047,North Geelong - Bell Park,178 ,8 ,7.0,3.0,0.0,196 ,20165
L,"Rental, Hiring and Real Estate Services",203021485,Charlemont,28 ,0 ,3.0,0.0,0.0,29 ,21790
L,"Rental, Hiring and Real Estate Services",203021486,Corio - Lovely Banks,60 ,6 ,4.0,0.0,0.0,70 ,20165
L,"Rental, Hiring and Real Estate Services",203021487,Grovedale - Mount Duneed,89 ,11 ,3.0,0.0,0.0,103 ,20954
L,"Rental, Hiring and Real Estate Services",203021488,Norlane,24 ,0 ,0.0,0.0,0.0,25 ,20191
L,"Rental, Hiring and Real Estate Services",203031048,Clifton Springs,50 ,7 ,3.0,0.0,0.0,60 ,20697
L,"Rental, Hiring and Real Estate Services",203031049,Lorne - Anglesea,77 ,6 ,6.0,3.0,0.0,90 ,20046
L,"Rental, Hiring and Real Estate Services",203031051,Portarlington,73 ,7 ,3.0,0.0,0.0,82 ,20193
L,"Rental, Hiring and Real Estate Services",203031052,Point Lonsdale - Queenscliff,50 ,5 ,3.0,0.0,0.0,57 ,22663
L,"Rental, Hiring and Real Estate Services",203031053,Torquay,245 ,21 ,8.0,0.0,0.0,274 ,20046
L,"Rental, Hiring and Real Estate Services",203031489,Barwon Heads - Armstrong Creek,63 ,5 ,4.0,0.0,0.0,72 ,21790
L,"Rental, Hiring and Real Estate Services",203031490,Ocean Grove,143 ,17 ,3.0,0.0,0.0,164 ,20621
L,"Rental, Hiring and Real Estate Services",204011054,Alexandra,61 ,6 ,6.0,0.0,0.0,74 ,20005
L,"Rental, Hiring and Real Estate Services",204011055,Euroa,47 ,6 ,0.0,0.0,0.0,53 ,20283
L,"Rental, Hiring and Real Estate Services",204011056,Kilmore - Broadford,79 ,5 ,4.0,0.0,0.0,88 ,21980
L,"Rental, Hiring and Real Estate Services",204011057,Mansfield (Vic.),127 ,15 ,5.0,3.0,0.0,150 ,20283
L,"Rental, Hiring and Real Estate Services",204011058,Nagambie,32 ,3 ,0.0,3.0,0.0,38 ,20652
L,"Rental, Hiring and Real Estate Services",204011059,Seymour,31 ,4 ,4.0,0.0,0.0,39 ,20086
L,"Rental, Hiring and Real Estate Services",204011060,Seymour Surrounds,17 ,3 ,0.0,0.0,0.0,19 ,22154
L,"Rental, Hiring and Real Estate Services",204011061,Upper Yarra Valley,0 ,0 ,0.0,0.0,0.0,0 ,20452
L,"Rental, Hiring and Real Estate Services",204011062,Yea,35 ,7 ,0.0,0.0,0.0,42 ,20005
L,"Rental, Hiring and Real Estate Services",204021063,Benalla,69 ,7 ,5.0,0.0,0.0,81 ,20096
L,"Rental, Hiring and Real Estate Services",204021064,Benalla Surrounds,33 ,3 ,0.0,0.0,0.0,34 ,20283
L,"Rental, Hiring and Real Estate Services",204021065,Rutherglen,30 ,3 ,0.0,0.0,0.0,32 ,20296
L,"Rental, Hiring and Real Estate Services",204021066,Wangaratta,156 ,10 ,5.0,0.0,0.0,173 ,21349
L,"Rental, Hiring and Real Estate Services",204021067,Wangaratta Surrounds,95 ,6 ,3.0,0.0,0.0,103 ,20060
L,"Rental, Hiring and Real Estate Services",204031068,Beechworth,24 ,6 ,0.0,0.0,0.0,30 ,20551
L,"Rental, Hiring and Real Estate Services",204031069,Bright - Mount Beauty,85 ,12 ,11.0,0.0,0.0,109 ,21210
L,"Rental, Hiring and Real Estate Services",204031070,Chiltern - Indigo Valley,16 ,0 ,0.0,0.0,0.0,17 ,20357
L,"Rental, Hiring and Real Estate Services",204031071,Myrtleford,37 ,4 ,0.0,0.0,0.0,43 ,20312
L,"Rental, Hiring and Real Estate Services",204031072,Towong,63 ,5 ,0.0,0.0,0.0,68 ,20883
L,"Rental, Hiring and Real Estate Services",204031073,West Wodonga,76 ,4 ,0.0,3.0,0.0,82 ,21230
L,"Rental, Hiring and Real Estate Services",204031075,Yackandandah,28 ,3 ,0.0,0.0,0.0,31 ,22351
L,"Rental, Hiring and Real Estate Services",204031491,Baranduda - Leneva,66 ,4 ,0.0,0.0,0.0,71 ,21230
L,"Rental, Hiring and Real Estate Services",204031492,Wodonga,165 ,10 ,13.0,3.0,0.0,190 ,21222
L,"Rental, Hiring and Real Estate Services",205011076,Drouin,120 ,13 ,0.0,0.0,0.0,135 ,20081
L,"Rental, Hiring and Real Estate Services",205011077,Mount Baw Baw Region,64 ,6 ,4.0,0.0,0.0,75 ,20452
L,"Rental, Hiring and Real Estate Services",205011078,Trafalgar (Vic.),60 ,7 ,0.0,0.0,0.0,68 ,20391
L,"Rental, Hiring and Real Estate Services",205011079,Warragul,239 ,15 ,7.0,0.0,0.0,262 ,20081
L,"Rental, Hiring and Real Estate Services",205021080,Alps - East,0 ,0 ,0.0,0.0,0.0,0 ,20719
L,"Rental, Hiring and Real Estate Services",205021081,Bairnsdale,147 ,10 ,8.0,3.0,0.0,167 ,20103
L,"Rental, Hiring and Real Estate Services",205021082,Bruthen - Omeo,54 ,0 ,3.0,0.0,0.0,57 ,20265
L,"Rental, Hiring and Real Estate Services",205021083,Lake King,0 ,0 ,0.0,0.0,0.0,0 ,20822
L,"Rental, Hiring and Real Estate Services",205021084,Lakes Entrance,101 ,8 ,5.0,0.0,0.0,114 ,20290
L,"Rental, Hiring and Real Estate Services",205021085,Orbost,30 ,7 ,0.0,0.0,0.0,37 ,20360
L,"Rental, Hiring and Real Estate Services",205021086,Paynesville,43 ,0 ,0.0,0.0,0.0,45 ,20103
L,"Rental, Hiring and Real Estate Services",205031087,Foster,76 ,10 ,0.0,0.0,0.0,87 ,20010
L,"Rental, Hiring and Real Estate Services",205031088,French Island,0 ,0 ,0.0,0.0,0.0,0 ,20856
L,"Rental, Hiring and Real Estate Services",205031089,Korumburra,58 ,5 ,3.0,0.0,0.0,66 ,20081
L,"Rental, Hiring and Real Estate Services",205031090,Leongatha,124 ,15 ,5.0,0.0,0.0,144 ,20024
L,"Rental, Hiring and Real Estate Services",205031091,Phillip Island,99 ,13 ,3.0,0.0,0.0,115 ,20475
L,"Rental, Hiring and Real Estate Services",205031092,Wilsons Promontory,0 ,0 ,0.0,0.0,0.0,0 ,22800
L,"Rental, Hiring and Real Estate Services",205031093,Wonthaggi - Inverloch,167 ,18 ,11.0,0.0,0.0,196 ,21235
L,"Rental, Hiring and Real Estate Services",205041094,Churchill,42 ,4 ,0.0,0.0,0.0,46 ,20585
L,"Rental, Hiring and Real Estate Services",205041095,Moe - Newborough,56 ,4 ,3.0,0.0,0.0,63 ,21716
L,"Rental, Hiring and Real Estate Services",205041096,Morwell,77 ,8 ,6.0,0.0,0.0,91 ,22596
L,"Rental, Hiring and Real Estate Services",205041098,Yallourn North - Glengarry,23 ,0 ,0.0,0.0,0.0,24 ,20286
L,"Rental, Hiring and Real Estate Services",205041493,Traralgon - East,141 ,9 ,8.0,0.0,0.0,159 ,21027
L,"Rental, Hiring and Real Estate Services",205041494,Traralgon - West,91 ,4 ,0.0,0.0,0.0,98 ,21027
L,"Rental, Hiring and Real Estate Services",205051099,Alps - West,0 ,0 ,0.0,0.0,0.0,0 ,21210
L,"Rental, Hiring and Real Estate Services",205051100,Longford - Loch Sport,27 ,6 ,0.0,0.0,0.0,33 ,20938
L,"Rental, Hiring and Real Estate Services",205051101,Maffra,103 ,12 ,3.0,0.0,0.0,118 ,22542
L,"Rental, Hiring and Real Estate Services",205051102,Rosedale,25 ,0 ,0.0,0.0,0.0,27 ,22543
L,"Rental, Hiring and Real Estate Services",205051103,Sale,108 ,8 ,3.0,0.0,0.0,120 ,20586
L,"Rental, Hiring and Real Estate Services",205051104,Yarram,35 ,0 ,0.0,0.0,0.0,38 ,20242
L,"Rental, Hiring and Real Estate Services",206011106,Brunswick East,119 ,11 ,3.0,0.0,0.0,132 ,20361
L,"Rental, Hiring and Real Estate Services",206011107,Brunswick West,83 ,10 ,3.0,0.0,0.0,94 ,20361
L,"Rental, Hiring and Real Estate Services",206011109,Pascoe Vale South,105 ,5 ,3.0,0.0,0.0,114 ,20596
L,"Rental, Hiring and Real Estate Services",206011495,Brunswick - North,134 ,10 ,3.0,3.0,0.0,148 ,20361
L,"Rental, Hiring and Real Estate Services",206011496,Brunswick - South,211 ,8 ,3.0,3.0,0.0,223 ,20361
L,"Rental, Hiring and Real Estate Services",206011497,Coburg - East,167 ,13 ,7.0,0.0,0.0,187 ,20361
L,"Rental, Hiring and Real Estate Services",206011498,Coburg - West,77 ,4 ,0.0,0.0,0.0,82 ,20361
L,"Rental, Hiring and Real Estate Services",206021110,Alphington - Fairfield,139 ,6 ,3.0,0.0,0.0,148 ,21971
L,"Rental, Hiring and Real Estate Services",206021112,Thornbury,167 ,21 ,5.0,0.0,0.0,193 ,20362
L,"Rental, Hiring and Real Estate Services",206021499,Northcote - East,107 ,8 ,3.0,3.0,0.0,118 ,21971
L,"Rental, Hiring and Real Estate Services",206021500,Northcote - West,84 ,7 ,5.0,3.0,0.0,97 ,20362
L,"Rental, Hiring and Real Estate Services",206031113,Ascot Vale,120 ,8 ,4.0,0.0,0.0,132 ,20075
L,"Rental, Hiring and Real Estate Services",206031115,Flemington,75 ,0 ,0.0,3.0,0.0,77 ,20075
L,"Rental, Hiring and Real Estate Services",206031116,Moonee Ponds,248 ,14 ,6.0,0.0,0.0,269 ,20075
L,"Rental, Hiring and Real Estate Services",206031501,Essendon (West) - Aberfeldie,223 ,20 ,5.0,0.0,0.0,248 ,20885
L,"Rental, Hiring and Real Estate Services",206031502,Essendon - East,233 ,23 ,10.0,0.0,0.0,267 ,20363
L,"Rental, Hiring and Real Estate Services",206041117,Carlton,399 ,27 ,9.0,0.0,0.0,436 ,20496
L,"Rental, Hiring and Real Estate Services",206041118,Docklands,441 ,65 ,14.0,3.0,0.0,522 ,21640
L,"Rental, Hiring and Real Estate Services",206041119,East Melbourne,197 ,7 ,9.0,0.0,0.0,215 ,20495
L,"Rental, Hiring and Real Estate Services",206041120,Flemington Racecourse,0 ,0 ,0.0,0.0,0.0,3 ,20075
L,"Rental, Hiring and Real Estate Services",206041121,Kensington (Vic.),113 ,10 ,4.0,3.0,0.0,129 ,20929
L,"Rental, Hiring and Real Estate Services",206041124,Parkville,69 ,5 ,0.0,0.0,0.0,74 ,20361
L,"Rental, Hiring and Real Estate Services",206041125,South Yarra - West,281 ,20 ,3.0,3.0,0.0,307 ,21640
L,"Rental, Hiring and Real Estate Services",206041127,West Melbourne - Industrial,37 ,6 ,0.0,0.0,0.0,44 ,20935
L,"Rental, Hiring and Real Estate Services",206041503,Melbourne CBD - East,"1,040 ",151 ,26.0,10.0,0.0,"1,227 ",20495
L,"Rental, Hiring and Real Estate Services",206041504,Melbourne CBD - North,335 ,50 ,19.0,0.0,0.0,405 ,20495
L,"Rental, Hiring and Real Estate Services",206041505,Melbourne CBD - West,"1,704 ",187 ,57.0,24.0,0.0,"1,973 ",21640
L,"Rental, Hiring and Real Estate Services",206041506,North Melbourne,276 ,25 ,9.0,0.0,0.0,311 ,22038
L,"Rental, Hiring and Real Estate Services",206041507,Royal Botanic Gardens Victoria,0 ,0 ,0.0,0.0,0.0,0 ,21640
L,"Rental, Hiring and Real Estate Services",206041508,Southbank (West) - South Wharf,224 ,24 ,9.0,4.0,0.0,262 ,21640
L,"Rental, Hiring and Real Estate Services",206041509,Southbank - East,335 ,29 ,5.0,4.0,0.0,373 ,21640
L,"Rental, Hiring and Real Estate Services",206041510,West Melbourne - Residential,181 ,14 ,4.0,3.0,0.0,202 ,21640
L,"Rental, Hiring and Real Estate Services",206051128,Albert Park,874 ,108 ,23.0,7.0,0.0,"1,012 ",21640
L,"Rental, Hiring and Real Estate Services",206051129,Elwood,137 ,10 ,5.0,3.0,0.0,154 ,22343
L,"Rental, Hiring and Real Estate Services",206051130,Port Melbourne,312 ,21 ,6.0,0.0,0.0,339 ,22107
L,"Rental, Hiring and Real Estate Services",206051134,St Kilda East,139 ,9 ,0.0,0.0,0.0,151 ,22118
L,"Rental, Hiring and Real Estate Services",206051511,Port Melbourne Industrial,406 ,19 ,9.0,7.0,0.0,441 ,20766
L,"Rental, Hiring and Real Estate Services",206051512,South Melbourne,796 ,74 ,29.0,7.0,0.0,906 ,21640
L,"Rental, Hiring and Real Estate Services",206051513,St Kilda - Central,336 ,19 ,10.0,0.0,0.0,367 ,22805
L,"Rental, Hiring and Real Estate Services",206051514,St Kilda - West,282 ,22 ,11.0,3.0,0.0,318 ,21640
L,"Rental, Hiring and Real Estate Services",206061135,Armadale,368 ,29 ,5.0,3.0,3.0,406 ,22118
L,"Rental, Hiring and Real Estate Services",206061136,Prahran - Windsor,317 ,30 ,8.0,0.0,0.0,356 ,21640
L,"Rental, Hiring and Real Estate Services",206061138,Toorak,873 ,56 ,6.0,3.0,0.0,938 ,22118
L,"Rental, Hiring and Real Estate Services",206061515,South Yarra - North,531 ,61 ,19.0,3.0,0.0,614 ,21640
L,"Rental, Hiring and Real Estate Services",206061516,South Yarra - South,220 ,25 ,4.0,0.0,0.0,250 ,22118
L,"Rental, Hiring and Real Estate Services",206071139,Abbotsford,248 ,18 ,4.0,0.0,0.0,272 ,20901
L,"Rental, Hiring and Real Estate Services",206071140,Carlton North - Princes Hill,74 ,4 ,0.0,0.0,0.0,79 ,20361
L,"Rental, Hiring and Real Estate Services",206071141,Collingwood,247 ,31 ,11.0,0.0,0.0,290 ,20925
L,"Rental, Hiring and Real Estate Services",206071142,Fitzroy,241 ,13 ,3.0,3.0,0.0,261 ,20925
L,"Rental, Hiring and Real Estate Services",206071143,Fitzroy North,135 ,5 ,3.0,0.0,0.0,143 ,20362
L,"Rental, Hiring and Real Estate Services",206071145,Clifton Hill - Alphington,137 ,4 ,3.0,0.0,0.0,143 ,20925
L,"Rental, Hiring and Real Estate Services",206071517,Richmond (South) - Cremorne,597 ,37 ,12.0,4.0,0.0,650 ,20830
L,"Rental, Hiring and Real Estate Services",206071518,Richmond - North,266 ,26 ,5.0,0.0,0.0,299 ,20830
L,"Rental, Hiring and Real Estate Services",207011146,Ashburton (Vic.),71 ,6 ,4.0,0.0,0.0,81 ,20077
L,"Rental, Hiring and Real Estate Services",207011147,Balwyn,483 ,52 ,10.0,0.0,0.0,545 ,21336
L,"Rental, Hiring and Real Estate Services",207011148,Balwyn North,671 ,58 ,5.0,3.0,0.0,735 ,21336
L,"Rental, Hiring and Real Estate Services",207011149,Camberwell,456 ,44 ,10.0,0.0,0.0,513 ,21010
L,"Rental, Hiring and Real Estate Services",207011150,Glen Iris - East,291 ,36 ,5.0,0.0,0.0,333 ,20077
L,"Rental, Hiring and Real Estate Services",207011152,Hawthorn East,475 ,35 ,9.0,4.0,0.0,523 ,21586
L,"Rental, Hiring and Real Estate Services",207011154,Kew East,204 ,15 ,5.0,0.0,0.0,224 ,20034
L,"Rental, Hiring and Real Estate Services",207011155,Surrey Hills (West) - Canterbury,381 ,59 ,9.0,3.0,0.0,452 ,21336
L,"Rental, Hiring and Real Estate Services",207011519,Hawthorn - North,243 ,12 ,5.0,6.0,0.0,266 ,22170
L,"Rental, Hiring and Real Estate Services",207011520,Hawthorn - South,352 ,22 ,6.0,4.0,0.0,385 ,22547
L,"Rental, Hiring and Real Estate Services",207011521,Kew - South,337 ,37 ,7.0,3.0,0.0,383 ,21152
L,"Rental, Hiring and Real Estate Services",207011522,Kew - West,338 ,32 ,0.0,3.0,0.0,373 ,20034
L,"Rental, Hiring and Real Estate Services",207021156,Bulleen,234 ,14 ,3.0,0.0,0.0,250 ,20124
L,"Rental, Hiring and Real Estate Services",207021157,Doncaster,468 ,32 ,6.0,0.0,0.0,506 ,20124
L,"Rental, Hiring and Real Estate Services",207021159,Templestowe,435 ,33 ,4.0,0.0,0.0,473 ,20771
L,"Rental, Hiring and Real Estate Services",207021160,Templestowe Lower,182 ,16 ,0.0,0.0,0.0,198 ,20386
L,"Rental, Hiring and Real Estate Services",207021424,Doncaster East - North,223 ,16 ,0.0,4.0,0.0,245 ,20771
L,"Rental, Hiring and Real Estate Services",207021425,Doncaster East - South,206 ,31 ,4.0,5.0,0.0,246 ,20771
L,"Rental, Hiring and Real Estate Services",207031161,Blackburn,298 ,31 ,15.0,3.0,0.0,348 ,20315
L,"Rental, Hiring and Real Estate Services",207031162,Blackburn South,121 ,6 ,0.0,0.0,0.0,127 ,20426
L,"Rental, Hiring and Real Estate Services",207031163,Box Hill,428 ,51 ,16.0,3.0,0.0,499 ,21732
L,"Rental, Hiring and Real Estate Services",207031164,Box Hill North,167 ,13 ,0.0,0.0,0.0,180 ,20123
L,"Rental, Hiring and Real Estate Services",207031165,Burwood (Vic.),149 ,20 ,6.0,0.0,0.0,175 ,21010
L,"Rental, Hiring and Real Estate Services",207031166,Burwood East,150 ,17 ,0.0,3.0,0.0,169 ,20426
L,"Rental, Hiring and Real Estate Services",207031167,Surrey Hills (East) - Mont Albert,123 ,12 ,0.0,0.0,0.0,137 ,21732
L,"Rental, Hiring and Real Estate Services",208011168,Beaumaris,161 ,14 ,6.0,0.0,0.0,181 ,20182
L,"Rental, Hiring and Real Estate Services",208011169,Brighton (Vic.),785 ,71 ,16.0,5.0,0.0,877 ,20337
L,"Rental, Hiring and Real Estate Services",208011170,Brighton East,271 ,24 ,4.0,0.0,0.0,299 ,20337
L,"Rental, Hiring and Real Estate Services",208011171,Highett (West) - Cheltenham,163 ,14 ,3.0,3.0,0.0,182 ,20182
L,"Rental, Hiring and Real Estate Services",208011172,Hampton,246 ,26 ,3.0,3.0,0.0,277 ,20337
L,"Rental, Hiring and Real Estate Services",208011173,Sandringham - Black Rock,277 ,19 ,4.0,3.0,0.0,303 ,20182
L,"Rental, Hiring and Real Estate Services",208021174,Bentleigh - McKinnon,295 ,16 ,12.0,5.0,0.0,328 ,20338
L,"Rental, Hiring and Real Estate Services",208021176,Carnegie,181 ,9 ,0.0,3.0,0.0,193 ,21587
L,"Rental, Hiring and Real Estate Services",208021177,Caulfield - North,957 ,46 ,4.0,5.0,0.0,"1,012 ",20105
L,"Rental, Hiring and Real Estate Services",208021178,Caulfield - South,427 ,36 ,3.0,0.0,0.0,466 ,20864
L,"Rental, Hiring and Real Estate Services",208021179,Elsternwick,251 ,18 ,5.0,0.0,0.0,274 ,20337
L,"Rental, Hiring and Real Estate Services",208021180,Hughesdale,69 ,0 ,0.0,0.0,0.0,72 ,21587
L,"Rental, Hiring and Real Estate Services",208021181,Murrumbeena,72 ,6 ,3.0,0.0,0.0,80 ,21587
L,"Rental, Hiring and Real Estate Services",208021182,Ormond - Glen Huntly,101 ,9 ,5.0,0.0,0.0,115 ,20338
L,"Rental, Hiring and Real Estate Services",208021426,Bentleigh East - North,153 ,7 ,3.0,0.0,0.0,161 ,20214
L,"Rental, Hiring and Real Estate Services",208021427,Bentleigh East - South,96 ,14 ,0.0,0.0,0.0,110 ,20214
L,"Rental, Hiring and Real Estate Services",208031183,Aspendale Gardens - Waterways,55 ,9 ,0.0,0.0,0.0,64 ,20079
L,"Rental, Hiring and Real Estate Services",208031184,Braeside,237 ,9 ,5.0,4.0,0.0,255 ,20079
L,"Rental, Hiring and Real Estate Services",208031185,Carrum - Patterson Lakes,135 ,13 ,0.0,0.0,0.0,149 ,20131
L,"Rental, Hiring and Real Estate Services",208031186,Chelsea - Bonbeach,77 ,9 ,4.0,0.0,0.0,90 ,20538
L,"Rental, Hiring and Real Estate Services",208031187,Chelsea Heights,30 ,0 ,0.0,0.0,0.0,32 ,20080
L,"Rental, Hiring and Real Estate Services",208031188,Highett (East) - Cheltenham,341 ,23 ,9.0,4.0,0.0,377 ,20539
L,"Rental, Hiring and Real Estate Services",208031189,Edithvale - Aspendale,97 ,9 ,3.0,0.0,0.0,107 ,20079
L,"Rental, Hiring and Real Estate Services",208031190,Mentone,125 ,11 ,3.0,0.0,0.0,139 ,20182
L,"Rental, Hiring and Real Estate Services",208031191,Moorabbin - Heatherton,295 ,26 ,11.0,5.0,0.0,337 ,20539
L,"Rental, Hiring and Real Estate Services",208031192,Moorabbin Airport,6 ,0 ,0.0,0.0,0.0,7 ,20539
L,"Rental, Hiring and Real Estate Services",208031193,Mordialloc - Parkdale,225 ,21 ,5.0,3.0,0.0,252 ,21648
L,"Rental, Hiring and Real Estate Services",208041194,Malvern - Glen Iris,534 ,41 ,15.0,0.0,0.0,590 ,20066
L,"Rental, Hiring and Real Estate Services",208041195,Malvern East,377 ,23 ,8.0,0.0,0.0,408 ,20523
L,"Rental, Hiring and Real Estate Services",209011196,Bundoora - East,79 ,3 ,3.0,0.0,0.0,83 ,20399
L,"Rental, Hiring and Real Estate Services",209011197,Greensborough,131 ,11 ,4.0,0.0,0.0,146 ,21104
L,"Rental, Hiring and Real Estate Services",209011198,Heidelberg - Rosanna,162 ,13 ,4.0,0.0,0.0,179 ,21246
L,"Rental, Hiring and Real Estate Services",209011199,Heidelberg West,150 ,8 ,3.0,0.0,0.0,162 ,22121
L,"Rental, Hiring and Real Estate Services",209011200,Ivanhoe,166 ,11 ,4.0,0.0,0.0,181 ,22508
L,"Rental, Hiring and Real Estate Services",209011201,Ivanhoe East - Eaglemont,220 ,15 ,0.0,0.0,0.0,238 ,21246
L,"Rental, Hiring and Real Estate Services",209011202,Montmorency - Briar Hill,145 ,8 ,0.0,0.0,0.0,155 ,22484
L,"Rental, Hiring and Real Estate Services",209011203,Viewbank - Yallambie,67 ,8 ,3.0,0.0,0.0,76 ,20386
L,"Rental, Hiring and Real Estate Services",209011204,Watsonia,47 ,3 ,0.0,0.0,0.0,51 ,20399
L,"Rental, Hiring and Real Estate Services",209021205,Kingsbury,82 ,4 ,3.0,3.0,0.0,88 ,20399
L,"Rental, Hiring and Real Estate Services",209021428,Preston - East,333 ,23 ,6.0,4.0,0.0,366 ,22121
L,"Rental, Hiring and Real Estate Services",209021429,Preston - West,85 ,7 ,3.0,0.0,0.0,93 ,20596
L,"Rental, Hiring and Real Estate Services",209021523,Reservoir - North East,33 ,3 ,0.0,0.0,0.0,36 ,20399
L,"Rental, Hiring and Real Estate Services",209021524,Reservoir - North West,148 ,4 ,3.0,0.0,0.0,154 ,22161
L,"Rental, Hiring and Real Estate Services",209021525,Reservoir - South East,48 ,3 ,3.0,0.0,0.0,51 ,22121
L,"Rental, Hiring and Real Estate Services",209021526,Reservoir - South West,102 ,9 ,5.0,0.0,0.0,117 ,20597
L,"Rental, Hiring and Real Estate Services",209031209,Eltham,196 ,14 ,3.0,3.0,0.0,215 ,22483
L,"Rental, Hiring and Real Estate Services",209031210,Hurstbridge,14 ,4 ,0.0,0.0,0.0,20 ,20752
L,"Rental, Hiring and Real Estate Services",209031211,Kinglake,22 ,0 ,0.0,0.0,0.0,22 ,20916
L,"Rental, Hiring and Real Estate Services",209031212,Panton Hill - St Andrews,62 ,9 ,3.0,0.0,0.0,75 ,21358
L,"Rental, Hiring and Real Estate Services",209031213,Plenty - Yarrambat,148 ,9 ,0.0,0.0,0.0,157 ,20399
L,"Rental, Hiring and Real Estate Services",209031214,Research - North Warrandyte,71 ,7 ,0.0,0.0,0.0,78 ,20865
L,"Rental, Hiring and Real Estate Services",209031215,Wattle Glen - Diamond Creek,72 ,5 ,3.0,0.0,0.0,79 ,20865
L,"Rental, Hiring and Real Estate Services",209041216,Bundoora - North,91 ,6 ,0.0,0.0,0.0,97 ,20399
L,"Rental, Hiring and Real Estate Services",209041217,Bundoora - West,35 ,6 ,0.0,0.0,0.0,41 ,20399
L,"Rental, Hiring and Real Estate Services",209041220,Mill Park - North,121 ,15 ,4.0,0.0,0.0,140 ,21683
L,"Rental, Hiring and Real Estate Services",209041221,Mill Park - South,42 ,6 ,0.0,0.0,0.0,48 ,20399
L,"Rental, Hiring and Real Estate Services",209041223,Thomastown,355 ,15 ,12.0,3.0,0.0,383 ,20399
L,"Rental, Hiring and Real Estate Services",209041224,Wallan,93 ,21 ,4.0,0.0,0.0,119 ,20345
L,"Rental, Hiring and Real Estate Services",209041225,Whittlesea,74 ,11 ,3.0,0.0,0.0,88 ,20576
L,"Rental, Hiring and Real Estate Services",209041431,Epping - East,49 ,4 ,0.0,0.0,0.0,54 ,22311
L,"Rental, Hiring and Real Estate Services",209041432,Epping - South,99 ,12 ,4.0,3.0,0.0,116 ,21683
L,"Rental, Hiring and Real Estate Services",209041433,Epping (Vic.) - West,118 ,11 ,4.0,0.0,0.0,133 ,20878
L,"Rental, Hiring and Real Estate Services",209041435,South Morang - North,88 ,6 ,0.0,3.0,0.0,95 ,20779
L,"Rental, Hiring and Real Estate Services",209041436,South Morang - South,67 ,6 ,3.0,0.0,0.0,76 ,22916
L,"Rental, Hiring and Real Estate Services",209041437,Wollert,118 ,15 ,4.0,0.0,0.0,137 ,22311
L,"Rental, Hiring and Real Estate Services",209041527,Doreen - North,53 ,9 ,3.0,0.0,0.0,65 ,20779
L,"Rental, Hiring and Real Estate Services",209041528,Doreen - South,26 ,6 ,3.0,0.0,0.0,34 ,20779
L,"Rental, Hiring and Real Estate Services",209041529,Lalor - East,53 ,3 ,0.0,0.0,0.0,56 ,22504
L,"Rental, Hiring and Real Estate Services",209041530,Lalor - West,84 ,7 ,3.0,0.0,0.0,94 ,22504
L,"Rental, Hiring and Real Estate Services",209041531,Mernda - North,31 ,0 ,5.0,0.0,0.0,36 ,20779
L,"Rental, Hiring and Real Estate Services",209041532,Mernda - South,39 ,3 ,0.0,0.0,0.0,44 ,20779
L,"Rental, Hiring and Real Estate Services",210011226,Airport West,100 ,14 ,5.0,0.0,0.0,119 ,20886
L,"Rental, Hiring and Real Estate Services",210011227,Essendon Airport,13 ,0 ,3.0,3.0,0.0,16 ,22380
L,"Rental, Hiring and Real Estate Services",210011228,Keilor,484 ,24 ,17.0,4.0,3.0,530 ,20015
L,"Rental, Hiring and Real Estate Services",210011230,Niddrie - Essendon West,74 ,17 ,5.0,0.0,0.0,96 ,20885
L,"Rental, Hiring and Real Estate Services",210011231,Strathmore,123 ,6 ,4.0,0.0,0.0,133 ,20885
L,"Rental, Hiring and Real Estate Services",210011533,Avondale Heights,148 ,15 ,0.0,0.0,0.0,163 ,21604
L,"Rental, Hiring and Real Estate Services",210011534,Keilor East,124 ,11 ,5.0,0.0,0.0,140 ,20888
L,"Rental, Hiring and Real Estate Services",210021232,Gisborne,112 ,16 ,0.0,3.0,0.0,133 ,20076
L,"Rental, Hiring and Real Estate Services",210021233,Macedon,33 ,6 ,3.0,0.0,0.0,42 ,20387
L,"Rental, Hiring and Real Estate Services",210021234,Riddells Creek,25 ,4 ,0.0,0.0,0.0,29 ,21176
L,"Rental, Hiring and Real Estate Services",210021235,Romsey,62 ,9 ,5.0,0.0,0.0,77 ,20172
L,"Rental, Hiring and Real Estate Services",210031236,Coburg North,169 ,9 ,5.0,0.0,0.0,183 ,20596
L,"Rental, Hiring and Real Estate Services",210031237,Fawkner,66 ,8 ,3.0,0.0,0.0,76 ,20597
L,"Rental, Hiring and Real Estate Services",210031439,Gowanbrae,12 ,0 ,0.0,0.0,0.0,13 ,22381
L,"Rental, Hiring and Real Estate Services",210031440,Hadfield,25 ,3 ,0.0,0.0,0.0,27 ,22041
L,"Rental, Hiring and Real Estate Services",210031535,Glenroy - East,66 ,4 ,0.0,0.0,0.0,72 ,22041
L,"Rental, Hiring and Real Estate Services",210031536,Glenroy - West,50 ,3 ,8.0,3.0,0.0,63 ,22381
L,"Rental, Hiring and Real Estate Services",210031537,Oak Park,26 ,3 ,3.0,0.0,0.0,31 ,22042
L,"Rental, Hiring and Real Estate Services",210031538,Pascoe Vale,124 ,10 ,0.0,0.0,0.0,136 ,22042
L,"Rental, Hiring and Real Estate Services",210041240,Sunbury,65 ,7 ,0.0,0.0,0.0,74 ,20567
L,"Rental, Hiring and Real Estate Services",210041539,Diggers Rest,17 ,4 ,0.0,0.0,0.0,21 ,20754
L,"Rental, Hiring and Real Estate Services",210041540,Sunbury - South,81 ,6 ,5.0,0.0,0.0,92 ,21318
L,"Rental, Hiring and Real Estate Services",210041541,Sunbury - West,33 ,3 ,3.0,0.0,0.0,39 ,20754
L,"Rental, Hiring and Real Estate Services",210051242,Broadmeadows,85 ,5 ,4.0,0.0,0.0,95 ,20909
L,"Rental, Hiring and Real Estate Services",210051243,Campbellfield - Coolaroo,401 ,35 ,13.0,5.0,0.0,454 ,22161
L,"Rental, Hiring and Real Estate Services",210051245,Gladstone Park - Westmeadows,98 ,7 ,6.0,0.0,0.0,111 ,22586
L,"Rental, Hiring and Real Estate Services",210051246,Greenvale - Bulla,212 ,20 ,0.0,0.0,0.0,232 ,21675
L,"Rental, Hiring and Real Estate Services",210051247,Meadow Heights,31 ,0 ,0.0,0.0,0.0,33 ,20624
L,"Rental, Hiring and Real Estate Services",210051248,Melbourne Airport,5 ,0 ,0.0,0.0,0.0,7 ,21319
L,"Rental, Hiring and Real Estate Services",210051250,Tullamarine,76 ,14 ,5.0,0.0,0.0,96 ,22586
L,"Rental, Hiring and Real Estate Services",210051441,Craigieburn - Central,16 ,0 ,3.0,0.0,0.0,19 ,20661
L,"Rental, Hiring and Real Estate Services",210051442,Craigieburn - North,47 ,8 ,3.0,0.0,0.0,57 ,21675
L,"Rental, Hiring and Real Estate Services",210051443,Craigieburn - South,115 ,17 ,0.0,0.0,0.0,134 ,20878
L,"Rental, Hiring and Real Estate Services",210051445,Mickleham - Yuroke,127 ,17 ,0.0,3.0,0.0,146 ,20233
L,"Rental, Hiring and Real Estate Services",210051542,Craigieburn - North West,35 ,6 ,0.0,0.0,0.0,41 ,21675
L,"Rental, Hiring and Real Estate Services",210051543,Craigieburn - West,39 ,10 ,0.0,0.0,0.0,50 ,21675
L,"Rental, Hiring and Real Estate Services",210051544,Roxburgh Park (South) - Somerton,112 ,6 ,7.0,3.0,0.0,128 ,20878
L,"Rental, Hiring and Real Estate Services",210051545,Roxburgh Park - North,38 ,3 ,0.0,0.0,0.0,42 ,20661
L,"Rental, Hiring and Real Estate Services",211011251,Bayswater,211 ,21 ,9.0,4.0,0.0,245 ,20173
L,"Rental, Hiring and Real Estate Services",211011254,Knoxfield - Scoresby,191 ,22 ,8.0,3.0,0.0,224 ,21013
L,"Rental, Hiring and Real Estate Services",211011255,Lysterfield,78 ,5 ,0.0,0.0,0.0,83 ,20917
L,"Rental, Hiring and Real Estate Services",211011256,Rowville - Central,116 ,12 ,3.0,0.0,0.0,132 ,21374
L,"Rental, Hiring and Real Estate Services",211011257,Rowville - North,67 ,7 ,3.0,0.0,0.0,76 ,20917
L,"Rental, Hiring and Real Estate Services",211011258,Rowville - South,78 ,6 ,0.0,0.0,0.0,85 ,22207
L,"Rental, Hiring and Real Estate Services",211011259,Wantirna,80 ,8 ,0.0,3.0,0.0,90 ,22628
L,"Rental, Hiring and Real Estate Services",211011260,Wantirna South,165 ,17 ,6.0,0.0,0.0,188 ,21013
L,"Rental, Hiring and Real Estate Services",211011446,Boronia,101 ,15 ,11.0,0.0,0.0,128 ,20173
L,"Rental, Hiring and Real Estate Services",211011447,Ferntree Gully - North,48 ,3 ,0.0,0.0,0.0,51 ,20304
L,"Rental, Hiring and Real Estate Services",211011448,Ferntree Gully (South) - Upper Ferntree Gully,90 ,9 ,3.0,3.0,0.0,104 ,20917
L,"Rental, Hiring and Real Estate Services",211011449,The Basin,13 ,0 ,3.0,0.0,0.0,15 ,20304
L,"Rental, Hiring and Real Estate Services",211021261,Donvale - Park Orchards,284 ,16 ,3.0,0.0,0.0,303 ,20772
L,"Rental, Hiring and Real Estate Services",211021262,Warrandyte - Wonga Park,203 ,8 ,0.0,0.0,0.0,211 ,20772
L,"Rental, Hiring and Real Estate Services",211031263,Bayswater North,124 ,9 ,4.0,0.0,0.0,139 ,20173
L,"Rental, Hiring and Real Estate Services",211031265,Croydon Hills - Warranwood,90 ,13 ,0.0,3.0,0.0,106 ,20556
L,"Rental, Hiring and Real Estate Services",211031266,Ringwood,183 ,12 ,10.0,3.0,0.0,206 ,20774
L,"Rental, Hiring and Real Estate Services",211031267,Ringwood East,99 ,8 ,3.0,0.0,0.0,110 ,20173
L,"Rental, Hiring and Real Estate Services",211031268,Ringwood North,64 ,10 ,0.0,0.0,0.0,74 ,20774
L,"Rental, Hiring and Real Estate Services",211031450,Croydon - East,77 ,6 ,7.0,0.0,0.0,90 ,21354
L,"Rental, Hiring and Real Estate Services",211031451,Croydon - West,70 ,9 ,0.0,0.0,0.0,82 ,20556
L,"Rental, Hiring and Real Estate Services",211031452,Croydon South,57 ,0 ,0.0,0.0,0.0,59 ,20174
L,"Rental, Hiring and Real Estate Services",211041269,Forest Hill,85 ,10 ,3.0,0.0,0.0,97 ,20252
L,"Rental, Hiring and Real Estate Services",211041270,Mitcham (Vic.),177 ,11 ,4.0,3.0,0.0,193 ,20774
L,"Rental, Hiring and Real Estate Services",211041271,Nunawading,182 ,10 ,3.0,3.0,0.0,196 ,20774
L,"Rental, Hiring and Real Estate Services",211041272,Vermont,104 ,15 ,4.0,0.0,0.0,124 ,20937
L,"Rental, Hiring and Real Estate Services",211041273,Vermont South,106 ,21 ,0.0,0.0,0.0,129 ,20937
L,"Rental, Hiring and Real Estate Services",211051274,Belgrave - Selby,67 ,8 ,3.0,0.0,0.0,77 ,21558
L,"Rental, Hiring and Real Estate Services",211051275,Chirnside Park,102 ,5 ,0.0,0.0,0.0,107 ,20556
L,"Rental, Hiring and Real Estate Services",211051276,Healesville - Yarra Glen,93 ,12 ,5.0,0.0,0.0,110 ,20916
L,"Rental, Hiring and Real Estate Services",211051277,Kilsyth,60 ,4 ,3.0,0.0,0.0,65 ,20174
L,"Rental, Hiring and Real Estate Services",211051278,Lilydale - Coldstream,183 ,17 ,10.0,3.0,0.0,211 ,20556
L,"Rental, Hiring and Real Estate Services",211051279,Monbulk - Silvan,49 ,8 ,3.0,0.0,0.0,60 ,20868
L,"Rental, Hiring and Real Estate Services",211051280,Montrose,33 ,0 ,0.0,3.0,0.0,37 ,21354
L,"Rental, Hiring and Real Estate Services",211051281,Mooroolbark,92 ,10 ,3.0,3.0,0.0,107 ,20556
L,"Rental, Hiring and Real Estate Services",211051282,Mount Dandenong - Olinda,55 ,3 ,3.0,0.0,0.0,60 ,20304
L,"Rental, Hiring and Real Estate Services",211051283,Mount Evelyn,48 ,4 ,3.0,0.0,0.0,55 ,21736
L,"Rental, Hiring and Real Estate Services",211051284,Upwey - Tecoma,22 ,5 ,0.0,0.0,0.0,27 ,21558
L,"Rental, Hiring and Real Estate Services",211051285,Wandin - Seville,93 ,10 ,3.0,0.0,0.0,106 ,20613
L,"Rental, Hiring and Real Estate Services",211051286,Yarra Valley,68 ,9 ,3.0,0.0,0.0,80 ,20833
L,"Rental, Hiring and Real Estate Services",212011289,Emerald - Cockatoo,166 ,14 ,5.0,0.0,0.0,185 ,20979
L,"Rental, Hiring and Real Estate Services",212011546,Beaconsfield - Officer,150 ,17 ,6.0,0.0,0.0,173 ,20176
L,"Rental, Hiring and Real Estate Services",212011547,Bunyip - Garfield,75 ,9 ,3.0,0.0,0.0,86 ,20411
L,"Rental, Hiring and Real Estate Services",212011548,Koo Wee Rup,75 ,7 ,0.0,0.0,0.0,83 ,20081
L,"Rental, Hiring and Real Estate Services",212011549,Pakenham - North East,36 ,7 ,0.0,0.0,0.0,44 ,21879
L,"Rental, Hiring and Real Estate Services",212011550,Pakenham - North West,45 ,6 ,0.0,0.0,0.0,51 ,20176
L,"Rental, Hiring and Real Estate Services",212011551,Pakenham - South East,90 ,8 ,3.0,3.0,0.0,103 ,21879
L,"Rental, Hiring and Real Estate Services",212011552,Pakenham - South West,161 ,17 ,7.0,3.0,0.0,186 ,22006
L,"Rental, Hiring and Real Estate Services",212021293,Berwick - North,249 ,26 ,11.0,3.0,0.0,288 ,21895
L,"Rental, Hiring and Real Estate Services",212021295,Doveton,24 ,3 ,0.0,0.0,0.0,28 ,20708
L,"Rental, Hiring and Real Estate Services",212021297,Hallam,212 ,14 ,4.0,3.0,0.0,233 ,21895
L,"Rental, Hiring and Real Estate Services",212021299,Narre Warren North,180 ,7 ,3.0,0.0,0.0,189 ,21558
L,"Rental, Hiring and Real Estate Services",212021453,Endeavour Hills - North,59 ,9 ,3.0,0.0,0.0,70 ,22207
L,"Rental, Hiring and Real Estate Services",212021454,Endeavour Hills - South,71 ,4 ,3.0,0.0,0.0,78 ,21895
L,"Rental, Hiring and Real Estate Services",212021455,Narre Warren - North East,45 ,0 ,0.0,0.0,0.0,47 ,21895
L,"Rental, Hiring and Real Estate Services",212021456,Narre Warren - South West,94 ,13 ,8.0,3.0,0.0,117 ,20224
L,"Rental, Hiring and Real Estate Services",212021553,Berwick - South East,91 ,10 ,3.0,0.0,0.0,103 ,20175
L,"Rental, Hiring and Real Estate Services",212021554,Berwick - South West,35 ,10 ,0.0,0.0,0.0,45 ,20224
L,"Rental, Hiring and Real Estate Services",212031300,Cranbourne,96 ,10 ,11.0,3.0,0.0,119 ,20664
L,"Rental, Hiring and Real Estate Services",212031303,Cranbourne South,135 ,14 ,0.0,0.0,0.0,150 ,20487
L,"Rental, Hiring and Real Estate Services",212031304,Cranbourne West,71 ,9 ,3.0,0.0,0.0,83 ,20662
L,"Rental, Hiring and Real Estate Services",212031306,Lynbrook - Lyndhurst,122 ,10 ,3.0,0.0,0.0,133 ,20709
L,"Rental, Hiring and Real Estate Services",212031308,Pearcedale - Tooradin,63 ,8 ,3.0,3.0,0.0,73 ,21380
L,"Rental, Hiring and Real Estate Services",212031457,Narre Warren South - East,59 ,12 ,0.0,0.0,0.0,72 ,20224
L,"Rental, Hiring and Real Estate Services",212031458,Narre Warren South - West,67 ,6 ,3.0,0.0,0.0,75 ,21893
L,"Rental, Hiring and Real Estate Services",212031555,Clyde North - North,40 ,8 ,0.0,0.0,0.0,48 ,22006
L,"Rental, Hiring and Real Estate Services",212031556,Clyde North - South,104 ,15 ,0.0,3.0,0.0,121 ,20487
L,"Rental, Hiring and Real Estate Services",212031557,Cranbourne East - North,62 ,10 ,0.0,0.0,0.0,72 ,20581
L,"Rental, Hiring and Real Estate Services",212031558,Cranbourne East - South,40 ,10 ,0.0,0.0,0.0,50 ,20581
L,"Rental, Hiring and Real Estate Services",212031559,Cranbourne North - East,42 ,5 ,0.0,0.0,0.0,47 ,20582
L,"Rental, Hiring and Real Estate Services",212031560,Cranbourne North - West,30 ,4 ,0.0,0.0,0.0,34 ,21133
L,"Rental, Hiring and Real Estate Services",212031561,Hampton Park - East,22 ,3 ,0.0,0.0,0.0,25 ,21893
L,"Rental, Hiring and Real Estate Services",212031562,Hampton Park - West,38 ,6 ,0.0,0.0,0.0,46 ,20709
L,"Rental, Hiring and Real Estate Services",212041309,Clarinda - Oakleigh South,85 ,6 ,0.0,0.0,0.0,91 ,21746
L,"Rental, Hiring and Real Estate Services",212041310,Clayton South,182 ,10 ,5.0,0.0,0.0,198 ,20758
L,"Rental, Hiring and Real Estate Services",212041312,Dandenong North,90 ,10 ,3.0,0.0,0.0,102 ,22207
L,"Rental, Hiring and Real Estate Services",212041313,Dingley Village,68 ,5 ,3.0,0.0,0.0,76 ,20320
L,"Rental, Hiring and Real Estate Services",212041316,Noble Park North,39 ,0 ,0.0,3.0,0.0,43 ,20708
L,"Rental, Hiring and Real Estate Services",212041317,Springvale,246 ,17 ,9.0,0.0,0.0,272 ,21827
L,"Rental, Hiring and Real Estate Services",212041318,Springvale South,35 ,6 ,0.0,0.0,0.0,41 ,21339
L,"Rental, Hiring and Real Estate Services",212041459,Noble Park - East,39 ,5 ,0.0,0.0,0.0,44 ,21339
L,"Rental, Hiring and Real Estate Services",212041460,Noble Park - West,48 ,3 ,3.0,0.0,0.0,53 ,21339
L,"Rental, Hiring and Real Estate Services",212041563,Dandenong - North,197 ,20 ,11.0,3.0,0.0,231 ,20708
L,"Rental, Hiring and Real Estate Services",212041564,Dandenong - South,698 ,47 ,23.0,14.0,0.0,782 ,20131
L,"Rental, Hiring and Real Estate Services",212041565,Keysborough - North,111 ,11 ,3.0,4.0,0.0,129 ,21339
L,"Rental, Hiring and Real Estate Services",212041566,Keysborough - South,205 ,13 ,0.0,0.0,0.0,219 ,20080
L,"Rental, Hiring and Real Estate Services",212051319,Ashwood - Chadstone,188 ,15 ,0.0,0.0,0.0,204 ,20077
L,"Rental, Hiring and Real Estate Services",212051321,Glen Waverley - East,314 ,26 ,3.0,0.0,0.0,342 ,20427
L,"Rental, Hiring and Real Estate Services",212051322,Glen Waverley - West,367 ,50 ,9.0,4.0,0.0,430 ,20427
L,"Rental, Hiring and Real Estate Services",212051323,Mount Waverley - North,202 ,22 ,0.0,0.0,0.0,226 ,20078
L,"Rental, Hiring and Real Estate Services",212051324,Mount Waverley - South,426 ,44 ,13.0,6.0,0.0,489 ,21816
L,"Rental, Hiring and Real Estate Services",212051325,Mulgrave,263 ,21 ,5.0,5.0,0.0,294 ,21013
L,"Rental, Hiring and Real Estate Services",212051326,Oakleigh - Huntingdale,330 ,34 ,17.0,3.0,0.0,384 ,21587
L,"Rental, Hiring and Real Estate Services",212051327,Wheelers Hill,339 ,37 ,3.0,0.0,0.0,379 ,21013
L,"Rental, Hiring and Real Estate Services",212051567,Clayton (North) - Notting Hill,247 ,21 ,10.0,3.0,0.0,281 ,21816
L,"Rental, Hiring and Real Estate Services",212051568,Clayton - Central,116 ,11 ,7.0,0.0,0.0,134 ,22002
L,"Rental, Hiring and Real Estate Services",213011328,Ardeer - Albion,24 ,4 ,0.0,0.0,0.0,28 ,22396
L,"Rental, Hiring and Real Estate Services",213011329,Cairnlea,62 ,0 ,0.0,3.0,0.0,63 ,20062
L,"Rental, Hiring and Real Estate Services",213011331,Delahey,17 ,3 ,0.0,0.0,0.0,18 ,21315
L,"Rental, Hiring and Real Estate Services",213011332,Keilor Downs,91 ,4 ,0.0,0.0,0.0,95 ,21316
L,"Rental, Hiring and Real Estate Services",213011333,Kings Park (Vic.),18 ,3 ,0.0,0.0,0.0,21 ,20729
L,"Rental, Hiring and Real Estate Services",213011334,St Albans - North,80 ,11 ,10.0,0.0,0.0,101 ,21312
L,"Rental, Hiring and Real Estate Services",213011335,St Albans - South,54 ,4 ,3.0,0.0,0.0,59 ,21312
L,"Rental, Hiring and Real Estate Services",213011336,Sunshine,67 ,8 ,7.0,0.0,0.0,83 ,20324
L,"Rental, Hiring and Real Estate Services",213011337,Sunshine North,121 ,12 ,3.0,0.0,0.0,137 ,21316
L,"Rental, Hiring and Real Estate Services",213011338,Sunshine West,175 ,15 ,3.0,0.0,0.0,194 ,20062
L,"Rental, Hiring and Real Estate Services",213011339,Sydenham,48 ,4 ,0.0,0.0,0.0,54 ,22474
L,"Rental, Hiring and Real Estate Services",213011340,Taylors Lakes,140 ,12 ,0.0,0.0,0.0,155 ,21314
L,"Rental, Hiring and Real Estate Services",213011569,Deer Park,68 ,15 ,0.0,0.0,0.0,85 ,20062
L,"Rental, Hiring and Real Estate Services",213011570,Derrimut,166 ,13 ,4.0,0.0,0.0,183 ,20062
L,"Rental, Hiring and Real Estate Services",213021341,Altona,161 ,22 ,4.0,5.0,0.0,192 ,21477
L,"Rental, Hiring and Real Estate Services",213021342,Altona Meadows,76 ,10 ,0.0,0.0,0.0,86 ,20035
L,"Rental, Hiring and Real Estate Services",213021343,Altona North,188 ,13 ,7.0,0.0,0.0,209 ,22917
L,"Rental, Hiring and Real Estate Services",213021344,Newport,123 ,16 ,5.0,3.0,0.0,145 ,22107
L,"Rental, Hiring and Real Estate Services",213021345,Seabrook,12 ,0 ,0.0,0.0,0.0,12 ,20036
L,"Rental, Hiring and Real Estate Services",213021346,Williamstown,307 ,17 ,11.0,0.0,0.0,336 ,21934
L,"Rental, Hiring and Real Estate Services",213031347,Braybrook,137 ,15 ,3.0,3.0,0.0,157 ,20935
L,"Rental, Hiring and Real Estate Services",213031348,Footscray,228 ,18 ,8.0,0.0,0.0,256 ,20929
L,"Rental, Hiring and Real Estate Services",213031349,Maribyrnong,169 ,13 ,3.0,0.0,0.0,186 ,20075
L,"Rental, Hiring and Real Estate Services",213031350,Seddon - Kingsville,33 ,3 ,3.0,0.0,0.0,39 ,20935
L,"Rental, Hiring and Real Estate Services",213031351,West Footscray - Tottenham,108 ,7 ,4.0,0.0,0.0,119 ,20935
L,"Rental, Hiring and Real Estate Services",213031352,Yarraville,138 ,11 ,10.0,0.0,0.0,160 ,20935
L,"Rental, Hiring and Real Estate Services",213041353,Bacchus Marsh,126 ,21 ,6.0,0.0,0.0,154 ,20095
L,"Rental, Hiring and Real Estate Services",213041358,Melton West,38 ,3 ,0.0,0.0,0.0,41 ,22537
L,"Rental, Hiring and Real Estate Services",213041359,Rockbank - Mount Cottrell,249 ,33 ,4.0,0.0,0.0,288 ,20899
L,"Rental, Hiring and Real Estate Services",213041360,Taylors Hill,97 ,15 ,0.0,0.0,0.0,112 ,20950
L,"Rental, Hiring and Real Estate Services",213041461,Burnside,21 ,3 ,0.0,0.0,0.0,24 ,20729
L,"Rental, Hiring and Real Estate Services",213041462,Burnside Heights,32 ,0 ,0.0,0.0,0.0,33 ,20420
L,"Rental, Hiring and Real Estate Services",213041463,Caroline Springs,158 ,23 ,12.0,0.0,0.0,193 ,20950
L,"Rental, Hiring and Real Estate Services",213041571,Brookfield,27 ,4 ,0.0,0.0,0.0,31 ,21202
L,"Rental, Hiring and Real Estate Services",213041572,Cobblebank - Strathtulloh,20 ,6 ,0.0,0.0,0.0,26 ,21642
L,"Rental, Hiring and Real Estate Services",213041573,Eynesbury - Exford,7 ,0 ,0.0,0.0,0.0,8 ,20899
L,"Rental, Hiring and Real Estate Services",213041574,Fraser Rise - Plumpton,71 ,10 ,0.0,0.0,0.0,81 ,20754
L,"Rental, Hiring and Real Estate Services",213041575,Hillside,128 ,8 ,0.0,0.0,0.0,137 ,20950
L,"Rental, Hiring and Real Estate Services",213041576,Kurunjang - Toolern Vale,48 ,3 ,0.0,3.0,0.0,53 ,20605
L,"Rental, Hiring and Real Estate Services",213041577,Melton,55 ,7 ,7.0,0.0,0.0,70 ,21140
L,"Rental, Hiring and Real Estate Services",213041578,Melton South - Weir Views,32 ,4 ,0.0,0.0,0.0,36 ,20351
L,"Rental, Hiring and Real Estate Services",213051361,Hoppers Crossing - North,152 ,8 ,4.0,0.0,0.0,164 ,22582
L,"Rental, Hiring and Real Estate Services",213051362,Hoppers Crossing - South,43 ,6 ,0.0,0.0,0.0,50 ,22451
L,"Rental, Hiring and Real Estate Services",213051363,Laverton,246 ,25 ,22.0,8.0,0.0,301 ,22397
L,"Rental, Hiring and Real Estate Services",213051368,Werribee - South,318 ,23 ,14.0,3.0,0.0,358 ,20601
L,"Rental, Hiring and Real Estate Services",213051464,Point Cook - East,249 ,22 ,5.0,3.0,0.0,277 ,20036
L,"Rental, Hiring and Real Estate Services",213051466,Point Cook - South,129 ,21 ,4.0,3.0,0.0,156 ,22086
L,"Rental, Hiring and Real Estate Services",213051467,Werribee - East,47 ,4 ,4.0,0.0,0.0,55 ,22451
L,"Rental, Hiring and Real Estate Services",213051468,Werribee - West,80 ,7 ,0.0,0.0,0.0,87 ,20115
L,"Rental, Hiring and Real Estate Services",213051579,Manor Lakes - Quandong,28 ,5 ,0.0,0.0,0.0,34 ,20115
L,"Rental, Hiring and Real Estate Services",213051580,Point Cook - North East,100 ,20 ,9.0,0.0,0.0,129 ,20036
L,"Rental, Hiring and Real Estate Services",213051581,Point Cook - North West,58 ,10 ,3.0,0.0,0.0,69 ,22086
L,"Rental, Hiring and Real Estate Services",213051582,Tarneit (West) - Mount Cottrell,54 ,8 ,0.0,0.0,0.0,62 ,20899
L,"Rental, Hiring and Real Estate Services",213051583,Tarneit - Central,168 ,21 ,3.0,0.0,0.0,193 ,22582
L,"Rental, Hiring and Real Estate Services",213051584,Tarneit - North,56 ,8 ,3.0,0.0,0.0,65 ,22582
L,"Rental, Hiring and Real Estate Services",213051585,Tarneit - South,51 ,11 ,0.0,0.0,0.0,62 ,22451
L,"Rental, Hiring and Real Estate Services",213051586,Truganina - North,149 ,22 ,7.0,3.0,0.0,180 ,20743
L,"Rental, Hiring and Real Estate Services",213051587,Truganina - South East,98 ,9 ,0.0,0.0,0.0,107 ,21477
L,"Rental, Hiring and Real Estate Services",213051588,Truganina - South West,83 ,13 ,4.0,0.0,0.0,100 ,22582
L,"Rental, Hiring and Real Estate Services",213051589,Wyndham Vale - North,28 ,3 ,3.0,0.0,0.0,31 ,20116
L,"Rental, Hiring and Real Estate Services",213051590,Wyndham Vale - South,21 ,4 ,0.0,0.0,0.0,25 ,22750
L,"Rental, Hiring and Real Estate Services",214011370,Carrum Downs,241 ,21 ,13.0,0.0,0.0,276 ,20131
L,"Rental, Hiring and Real Estate Services",214011371,Frankston,146 ,20 ,19.0,3.0,0.0,187 ,22249
L,"Rental, Hiring and Real Estate Services",214011372,Frankston North,36 ,5 ,0.0,0.0,0.0,42 ,20508
L,"Rental, Hiring and Real Estate Services",214011373,Frankston South,155 ,15 ,0.0,0.0,0.0,171 ,21468
L,"Rental, Hiring and Real Estate Services",214011374,Langwarrin,104 ,10 ,7.0,0.0,0.0,121 ,20508
L,"Rental, Hiring and Real Estate Services",214011375,Seaford (Vic.),181 ,19 ,3.0,4.0,0.0,207 ,20507
L,"Rental, Hiring and Real Estate Services",214011376,Skye - Sandhurst,60 ,6 ,0.0,0.0,0.0,67 ,20508
L,"Rental, Hiring and Real Estate Services",214021377,Dromana,156 ,18 ,4.0,0.0,0.0,178 ,20072
L,"Rental, Hiring and Real Estate Services",214021378,Flinders,134 ,4 ,5.0,0.0,0.0,143 ,20072
L,"Rental, Hiring and Real Estate Services",214021379,Hastings - Somers,134 ,8 ,10.0,3.0,0.0,153 ,21664
L,"Rental, Hiring and Real Estate Services",214021381,Mount Eliza,255 ,31 ,15.0,0.0,0.0,301 ,20949
L,"Rental, Hiring and Real Estate Services",214021382,Mount Martha,181 ,17 ,5.0,0.0,0.0,204 ,21803
L,"Rental, Hiring and Real Estate Services",214021383,Point Nepean,198 ,20 ,12.0,0.0,0.0,231 ,20280
L,"Rental, Hiring and Real Estate Services",214021384,Rosebud - McCrae,133 ,19 ,7.0,0.0,0.0,159 ,20072
L,"Rental, Hiring and Real Estate Services",214021385,Somerville,198 ,15 ,6.0,0.0,0.0,219 ,22050
L,"Rental, Hiring and Real Estate Services",214021591,Mornington - East,154 ,17 ,5.0,3.0,0.0,177 ,21793
L,"Rental, Hiring and Real Estate Services",214021592,Mornington - West,161 ,21 ,13.0,0.0,0.0,195 ,21793
L,"Rental, Hiring and Real Estate Services",215011386,Ararat,33 ,5 ,3.0,0.0,0.0,41 ,20811
L,"Rental, Hiring and Real Estate Services",215011387,Ararat Surrounds,87 ,4 ,0.0,0.0,0.0,91 ,20680
L,"Rental, Hiring and Real Estate Services",215011388,Horsham,139 ,13 ,8.0,0.0,0.0,160 ,20403
L,"Rental, Hiring and Real Estate Services",215011389,Horsham Surrounds,69 ,5 ,0.0,0.0,0.0,74 ,20403
L,"Rental, Hiring and Real Estate Services",215011390,Nhill Region,83 ,3 ,0.0,0.0,0.0,87 ,20756
L,"Rental, Hiring and Real Estate Services",215011391,St Arnaud,20 ,4 ,0.0,0.0,0.0,24 ,20142
L,"Rental, Hiring and Real Estate Services",215011392,Stawell,53 ,4 ,0.0,0.0,0.0,58 ,20680
L,"Rental, Hiring and Real Estate Services",215011393,West Wimmera,52 ,3 ,0.0,0.0,0.0,55 ,20119
L,"Rental, Hiring and Real Estate Services",215011394,Yarriambiack,90 ,3 ,0.0,0.0,0.0,94 ,20756
L,"Rental, Hiring and Real Estate Services",215021395,Irymple,70 ,0 ,3.0,0.0,0.0,75 ,20488
L,"Rental, Hiring and Real Estate Services",215021396,Merbein,15 ,3 ,0.0,0.0,0.0,18 ,21388
L,"Rental, Hiring and Real Estate Services",215021398,Mildura Surrounds,18 ,4 ,0.0,0.0,0.0,22 ,20234
L,"Rental, Hiring and Real Estate Services",215021399,Red Cliffs,14 ,0 ,3.0,0.0,0.0,18 ,20488
L,"Rental, Hiring and Real Estate Services",215021469,Mildura - North,221 ,27 ,16.0,3.0,0.0,267 ,21682
L,"Rental, Hiring and Real Estate Services",215021470,Mildura - South,85 ,6 ,0.0,0.0,0.0,92 ,21245
L,"Rental, Hiring and Real Estate Services",215031400,Buloke,59 ,6 ,3.0,0.0,0.0,66 ,20155
L,"Rental, Hiring and Real Estate Services",215031401,Gannawarra,47 ,5 ,6.0,0.0,0.0,58 ,20051
L,"Rental, Hiring and Real Estate Services",215031402,Kerang,21 ,3 ,3.0,0.0,0.0,25 ,20477
L,"Rental, Hiring and Real Estate Services",215031403,Robinvale,39 ,3 ,0.0,0.0,0.0,40 ,22744
L,"Rental, Hiring and Real Estate Services",215031404,Swan Hill,150 ,14 ,7.0,0.0,0.0,171 ,21076
L,"Rental, Hiring and Real Estate Services",215031405,Swan Hill Surrounds,38 ,5 ,0.0,0.0,0.0,44 ,20047
L,"Rental, Hiring and Real Estate Services",216011406,Echuca,147 ,15 ,8.0,0.0,0.0,171 ,20125
L,"Rental, Hiring and Real Estate Services",216011407,Kyabram,64 ,6 ,8.0,0.0,0.0,78 ,20838
L,"Rental, Hiring and Real Estate Services",216011408,Lockington - Gunbower,26 ,0 ,0.0,0.0,0.0,26 ,20755
L,"Rental, Hiring and Real Estate Services",216011409,Rochester,35 ,3 ,0.0,0.0,0.0,38 ,20281
L,"Rental, Hiring and Real Estate Services",216011410,Rushworth,18 ,3 ,0.0,0.0,0.0,22 ,20093
L,"Rental, Hiring and Real Estate Services",216021411,Cobram,61 ,3 ,5.0,0.0,0.0,69 ,20301
L,"Rental, Hiring and Real Estate Services",216021412,Moira,31 ,3 ,0.0,0.0,0.0,34 ,20032
L,"Rental, Hiring and Real Estate Services",216021413,Numurkah,89 ,5 ,3.0,0.0,0.0,95 ,20839
L,"Rental, Hiring and Real Estate Services",216021414,Yarrawonga,57 ,6 ,4.0,0.0,0.0,67 ,20395
L,"Rental, Hiring and Real Estate Services",216031415,Mooroopna,36 ,4 ,0.0,0.0,0.0,41 ,20063
L,"Rental, Hiring and Real Estate Services",216031416,Shepparton - North,239 ,20 ,8.0,0.0,0.0,268 ,20393
L,"Rental, Hiring and Real Estate Services",216031418,Shepparton Surrounds - East,40 ,3 ,0.0,0.0,0.0,42 ,20056
L,"Rental, Hiring and Real Estate Services",216031419,Shepparton Surrounds - West,82 ,4 ,3.0,0.0,0.0,89 ,20056
L,"Rental, Hiring and Real Estate Services",216031593,Kialla,78 ,10 ,4.0,0.0,0.0,92 ,20056
L,"Rental, Hiring and Real Estate Services",216031594,Shepparton - South East,179 ,18 ,4.0,3.0,0.0,202 ,21340
L,"Rental, Hiring and Real Estate Services",217011420,Glenelg (Vic.),67 ,8 ,0.0,0.0,0.0,75 ,20340
L,"Rental, Hiring and Real Estate Services",217011421,Hamilton (Vic.),66 ,7 ,3.0,0.0,0.0,75 ,20322
L,"Rental, Hiring and Real Estate Services",217011422,Portland,60 ,8 ,3.0,0.0,0.0,71 ,20274
L,"Rental, Hiring and Real Estate Services",217011423,Southern Grampians,62 ,3 ,3.0,0.0,0.0,67 ,20199
L,"Rental, Hiring and Real Estate Services",217031471,Camperdown,18 ,3 ,0.0,0.0,0.0,20 ,20285
L,"Rental, Hiring and Real Estate Services",217031472,Colac,110 ,3 ,5.0,0.0,0.0,116 ,20149
L,"Rental, Hiring and Real Estate Services",217031473,Colac Surrounds,70 ,3 ,3.0,0.0,0.0,73 ,20671
L,"Rental, Hiring and Real Estate Services",217031474,Corangamite - North,63 ,0 ,3.0,0.0,0.0,66 ,20319
L,"Rental, Hiring and Real Estate Services",217031475,Corangamite - South,88 ,4 ,3.0,0.0,0.0,94 ,20306
L,"Rental, Hiring and Real Estate Services",217031476,Otway,34 ,6 ,3.0,0.0,0.0,41 ,20161
L,"Rental, Hiring and Real Estate Services",217041477,Moyne - East,96 ,3 ,0.0,0.0,0.0,98 ,21916
L,"Rental, Hiring and Real Estate Services",217041478,Moyne - West,104 ,8 ,3.0,0.0,0.0,114 ,20225
L,"Rental, Hiring and Real Estate Services",217041479,Warrnambool - North,112 ,10 ,3.0,0.0,0.0,124 ,20028
L,"Rental, Hiring and Real Estate Services",217041480,Warrnambool - South,208 ,14 ,15.0,3.0,0.0,240 ,20028
M,"Professional, Scientific and Technical Services",201011001,Alfredton,86 ,46 ,4.0,3.0,0.0,137 ,20023
M,"Professional, Scientific and Technical Services",201011002,Ballarat,158 ,118 ,47.0,12.0,0.0,335 ,20023
M,"Professional, Scientific and Technical Services",201011005,Buninyong,50 ,20 ,0.0,3.0,0.0,72 ,20409
M,"Professional, Scientific and Technical Services",201011006,Delacombe,25 ,24 ,4.0,4.0,0.0,57 ,20023
M,"Professional, Scientific and Technical Services",201011007,Smythes Creek,21 ,5 ,0.0,0.0,0.0,27 ,20262
M,"Professional, Scientific and Technical Services",201011008,Wendouree - Miners Rest,36 ,19 ,9.0,4.0,0.0,68 ,20023
M,"Professional, Scientific and Technical Services",201011481,Ballarat East - Warrenheip,33 ,25 ,3.0,0.0,0.0,61 ,20104
M,"Professional, Scientific and Technical Services",201011482,Ballarat North - Invermay,93 ,49 ,5.0,3.0,0.0,148 ,22745
M,"Professional, Scientific and Technical Services",201011483,Canadian - Mount Clear,46 ,30 ,7.0,0.0,0.0,83 ,20111
M,"Professional, Scientific and Technical Services",201011484,Sebastopol - Redan,30 ,14 ,3.0,0.0,0.0,46 ,20730
M,"Professional, Scientific and Technical Services",201021009,Bacchus Marsh Surrounds,29 ,16 ,3.0,0.0,0.0,49 ,20076
M,"Professional, Scientific and Technical Services",201021010,Creswick - Clunes,39 ,25 ,3.0,0.0,0.0,66 ,20262
M,"Professional, Scientific and Technical Services",201021011,Daylesford,108 ,64 ,9.0,0.0,0.0,181 ,20256
M,"Professional, Scientific and Technical Services",201021012,Gordon (Vic.),46 ,25 ,3.0,0.0,0.0,74 ,20409
M,"Professional, Scientific and Technical Services",201031013,Avoca,12 ,5 ,3.0,0.0,0.0,18 ,20008
M,"Professional, Scientific and Technical Services",201031014,Beaufort,10 ,5 ,3.0,0.0,0.0,16 ,20262
M,"Professional, Scientific and Technical Services",201031015,Golden Plains - North,23 ,7 ,0.0,0.0,0.0,32 ,21123
M,"Professional, Scientific and Technical Services",201031016,Maryborough (Vic.),24 ,4 ,3.0,0.0,0.0,31 ,20009
M,"Professional, Scientific and Technical Services",201031017,Maryborough Surrounds,19 ,6 ,0.0,0.0,0.0,26 ,20459
M,"Professional, Scientific and Technical Services",202011018,Bendigo,79 ,65 ,43.0,11.0,0.0,198 ,20208
M,"Professional, Scientific and Technical Services",202011019,California Gully - Eaglehawk,28 ,15 ,7.0,0.0,0.0,50 ,20444
M,"Professional, Scientific and Technical Services",202011020,East Bendigo - Kennington,83 ,40 ,11.0,3.0,0.0,135 ,20208
M,"Professional, Scientific and Technical Services",202011021,Flora Hill - Spring Gully,41 ,28 ,3.0,4.0,0.0,76 ,20208
M,"Professional, Scientific and Technical Services",202011022,Kangaroo Flat - Golden Square,49 ,32 ,4.0,4.0,0.0,89 ,20208
M,"Professional, Scientific and Technical Services",202011023,Maiden Gully,26 ,11 ,0.0,3.0,0.0,38 ,20444
M,"Professional, Scientific and Technical Services",202011024,Strathfieldsaye,65 ,30 ,8.0,0.0,0.0,104 ,20828
M,"Professional, Scientific and Technical Services",202011025,White Hills - Ascot,29 ,20 ,3.0,0.0,0.0,52 ,20208
M,"Professional, Scientific and Technical Services",202021026,Bendigo Surrounds - South,48 ,29 ,3.0,0.0,0.0,79 ,20835
M,"Professional, Scientific and Technical Services",202021027,Castlemaine,85 ,35 ,9.0,0.0,0.0,130 ,20955
M,"Professional, Scientific and Technical Services",202021028,Castlemaine Surrounds,73 ,39 ,3.0,0.0,0.0,115 ,20459
M,"Professional, Scientific and Technical Services",202021029,Heathcote,21 ,6 ,3.0,0.0,0.0,28 ,20877
M,"Professional, Scientific and Technical Services",202021030,Kyneton,95 ,55 ,6.0,0.0,0.0,156 ,20076
M,"Professional, Scientific and Technical Services",202021031,Woodend,84 ,37 ,7.0,3.0,0.0,129 ,20076
M,"Professional, Scientific and Technical Services",202031032,Bendigo Surrounds - North,17 ,5 ,0.0,0.0,0.0,23 ,20828
M,"Professional, Scientific and Technical Services",202031033,Loddon,20 ,6 ,0.0,0.0,0.0,26 ,20177
M,"Professional, Scientific and Technical Services",203011034,Bannockburn,30 ,13 ,3.0,0.0,0.0,44 ,20133
M,"Professional, Scientific and Technical Services",203011035,Golden Plains - South,44 ,17 ,0.0,0.0,0.0,65 ,20217
M,"Professional, Scientific and Technical Services",203011036,Winchelsea,52 ,27 ,3.0,3.0,0.0,82 ,20151
M,"Professional, Scientific and Technical Services",203021037,Belmont,80 ,37 ,3.0,0.0,0.0,120 ,20201
M,"Professional, Scientific and Technical Services",203021039,Geelong,195 ,153 ,57.0,17.0,0.0,422 ,20201
M,"Professional, Scientific and Technical Services",203021040,Geelong West - Hamlyn Heights,185 ,75 ,18.0,4.0,0.0,282 ,20165
M,"Professional, Scientific and Technical Services",203021042,Highton,182 ,74 ,9.0,3.0,0.0,268 ,20151
M,"Professional, Scientific and Technical Services",203021043,Lara,91 ,40 ,4.0,3.0,0.0,137 ,20115
M,"Professional, Scientific and Technical Services",203021044,Leopold,30 ,19 ,0.0,0.0,0.0,50 ,20621
M,"Professional, Scientific and Technical Services",203021045,Newcomb - Moolap,40 ,19 ,4.0,3.0,0.0,65 ,20326
M,"Professional, Scientific and Technical Services",203021046,Newtown (Vic.),124 ,82 ,16.0,4.0,0.0,226 ,20960
M,"Professional, Scientific and Technical Services",203021047,North Geelong - Bell Park,87 ,44 ,18.0,8.0,0.0,157 ,20165
M,"Professional, Scientific and Technical Services",203021485,Charlemont,44 ,23 ,4.0,0.0,0.0,71 ,21790
M,"Professional, Scientific and Technical Services",203021486,Corio - Lovely Banks,27 ,11 ,6.0,0.0,0.0,44 ,20165
M,"Professional, Scientific and Technical Services",203021487,Grovedale - Mount Duneed,104 ,44 ,7.0,3.0,0.0,158 ,20954
M,"Professional, Scientific and Technical Services",203021488,Norlane,9 ,7 ,0.0,3.0,0.0,19 ,20191
M,"Professional, Scientific and Technical Services",203031048,Clifton Springs,80 ,32 ,4.0,0.0,0.0,117 ,20697
M,"Professional, Scientific and Technical Services",203031049,Lorne - Anglesea,55 ,28 ,0.0,0.0,0.0,85 ,20046
M,"Professional, Scientific and Technical Services",203031051,Portarlington,54 ,27 ,0.0,0.0,0.0,82 ,20193
M,"Professional, Scientific and Technical Services",203031052,Point Lonsdale - Queenscliff,64 ,38 ,8.0,0.0,0.0,110 ,22663
M,"Professional, Scientific and Technical Services",203031053,Torquay,285 ,144 ,23.0,3.0,0.0,454 ,20046
M,"Professional, Scientific and Technical Services",203031489,Barwon Heads - Armstrong Creek,96 ,38 ,4.0,3.0,0.0,140 ,21790
M,"Professional, Scientific and Technical Services",203031490,Ocean Grove,146 ,87 ,11.0,0.0,0.0,244 ,20621
M,"Professional, Scientific and Technical Services",204011054,Alexandra,38 ,21 ,3.0,0.0,0.0,61 ,20005
M,"Professional, Scientific and Technical Services",204011055,Euroa,41 ,31 ,6.0,0.0,0.0,78 ,20283
M,"Professional, Scientific and Technical Services",204011056,Kilmore - Broadford,56 ,37 ,6.0,0.0,0.0,100 ,21980
M,"Professional, Scientific and Technical Services",204011057,Mansfield (Vic.),59 ,43 ,8.0,3.0,0.0,111 ,20283
M,"Professional, Scientific and Technical Services",204011058,Nagambie,26 ,7 ,3.0,0.0,0.0,37 ,20652
M,"Professional, Scientific and Technical Services",204011059,Seymour,14 ,10 ,6.0,0.0,0.0,30 ,20086
M,"Professional, Scientific and Technical Services",204011060,Seymour Surrounds,25 ,12 ,4.0,0.0,0.0,41 ,22154
M,"Professional, Scientific and Technical Services",204011061,Upper Yarra Valley,3 ,0 ,3.0,0.0,0.0,3 ,20452
M,"Professional, Scientific and Technical Services",204011062,Yea,26 ,10 ,0.0,0.0,0.0,36 ,20005
M,"Professional, Scientific and Technical Services",204021063,Benalla,34 ,19 ,8.0,0.0,0.0,61 ,20096
M,"Professional, Scientific and Technical Services",204021064,Benalla Surrounds,22 ,11 ,0.0,0.0,0.0,34 ,20283
M,"Professional, Scientific and Technical Services",204021065,Rutherglen,14 ,13 ,0.0,0.0,0.0,28 ,20296
M,"Professional, Scientific and Technical Services",204021066,Wangaratta,65 ,44 ,13.0,3.0,0.0,125 ,21349
M,"Professional, Scientific and Technical Services",204021067,Wangaratta Surrounds,48 ,21 ,6.0,0.0,0.0,75 ,20060
M,"Professional, Scientific and Technical Services",204031068,Beechworth,42 ,26 ,4.0,0.0,0.0,73 ,20551
M,"Professional, Scientific and Technical Services",204031069,Bright - Mount Beauty,74 ,33 ,8.0,3.0,0.0,116 ,21210
M,"Professional, Scientific and Technical Services",204031070,Chiltern - Indigo Valley,16 ,6 ,0.0,0.0,0.0,23 ,20357
M,"Professional, Scientific and Technical Services",204031071,Myrtleford,25 ,12 ,7.0,3.0,0.0,45 ,20312
M,"Professional, Scientific and Technical Services",204031072,Towong,20 ,13 ,6.0,0.0,0.0,39 ,20883
M,"Professional, Scientific and Technical Services",204031073,West Wodonga,40 ,23 ,7.0,0.0,0.0,71 ,21230
M,"Professional, Scientific and Technical Services",204031075,Yackandandah,36 ,18 ,3.0,0.0,0.0,57 ,22351
M,"Professional, Scientific and Technical Services",204031491,Baranduda - Leneva,47 ,21 ,3.0,0.0,0.0,70 ,21230
M,"Professional, Scientific and Technical Services",204031492,Wodonga,67 ,48 ,19.0,7.0,0.0,141 ,21222
M,"Professional, Scientific and Technical Services",205011076,Drouin,75 ,41 ,5.0,3.0,0.0,123 ,20081
M,"Professional, Scientific and Technical Services",205011077,Mount Baw Baw Region,29 ,25 ,0.0,0.0,0.0,54 ,20452
M,"Professional, Scientific and Technical Services",205011078,Trafalgar (Vic.),40 ,11 ,4.0,0.0,0.0,55 ,20391
M,"Professional, Scientific and Technical Services",205011079,Warragul,127 ,63 ,26.0,7.0,0.0,223 ,20081
M,"Professional, Scientific and Technical Services",205021080,Alps - East,0 ,0 ,0.0,0.0,0.0,0 ,20719
M,"Professional, Scientific and Technical Services",205021081,Bairnsdale,44 ,45 ,16.0,4.0,0.0,109 ,20103
M,"Professional, Scientific and Technical Services",205021082,Bruthen - Omeo,31 ,22 ,0.0,0.0,0.0,55 ,20265
M,"Professional, Scientific and Technical Services",205021083,Lake King,0 ,0 ,0.0,0.0,0.0,0 ,20822
M,"Professional, Scientific and Technical Services",205021084,Lakes Entrance,45 ,12 ,5.0,0.0,0.0,62 ,20290
M,"Professional, Scientific and Technical Services",205021085,Orbost,13 ,10 ,3.0,0.0,0.0,25 ,20360
M,"Professional, Scientific and Technical Services",205021086,Paynesville,28 ,15 ,0.0,3.0,0.0,45 ,20103
M,"Professional, Scientific and Technical Services",205031087,Foster,57 ,22 ,5.0,0.0,0.0,84 ,20010
M,"Professional, Scientific and Technical Services",205031088,French Island,0 ,0 ,0.0,0.0,0.0,3 ,20856
M,"Professional, Scientific and Technical Services",205031089,Korumburra,54 ,31 ,3.0,0.0,0.0,87 ,20081
M,"Professional, Scientific and Technical Services",205031090,Leongatha,54 ,26 ,6.0,0.0,0.0,87 ,20024
M,"Professional, Scientific and Technical Services",205031091,Phillip Island,65 ,36 ,7.0,0.0,0.0,108 ,20475
M,"Professional, Scientific and Technical Services",205031092,Wilsons Promontory,0 ,0 ,0.0,0.0,0.0,0 ,22800
M,"Professional, Scientific and Technical Services",205031093,Wonthaggi - Inverloch,132 ,85 ,17.0,0.0,0.0,234 ,21235
M,"Professional, Scientific and Technical Services",205041094,Churchill,50 ,19 ,7.0,0.0,0.0,76 ,20585
M,"Professional, Scientific and Technical Services",205041095,Moe - Newborough,28 ,15 ,11.0,4.0,0.0,58 ,21716
M,"Professional, Scientific and Technical Services",205041096,Morwell,22 ,23 ,10.0,6.0,0.0,61 ,22596
M,"Professional, Scientific and Technical Services",205041098,Yallourn North - Glengarry,8 ,5 ,0.0,0.0,0.0,13 ,20286
M,"Professional, Scientific and Technical Services",205041493,Traralgon - East,44 ,35 ,14.0,4.0,0.0,97 ,21027
M,"Professional, Scientific and Technical Services",205041494,Traralgon - West,60 ,33 ,4.0,0.0,0.0,98 ,21027
M,"Professional, Scientific and Technical Services",205051099,Alps - West,0 ,0 ,0.0,0.0,0.0,0 ,21210
M,"Professional, Scientific and Technical Services",205051100,Longford - Loch Sport,18 ,4 ,3.0,0.0,0.0,24 ,20938
M,"Professional, Scientific and Technical Services",205051101,Maffra,37 ,21 ,7.0,0.0,0.0,65 ,22542
M,"Professional, Scientific and Technical Services",205051102,Rosedale,10 ,12 ,3.0,0.0,0.0,25 ,22543
M,"Professional, Scientific and Technical Services",205051103,Sale,39 ,33 ,9.0,3.0,0.0,83 ,20586
M,"Professional, Scientific and Technical Services",205051104,Yarram,19 ,7 ,0.0,0.0,0.0,28 ,20242
M,"Professional, Scientific and Technical Services",206011106,Brunswick East,173 ,88 ,16.0,0.0,0.0,279 ,20361
M,"Professional, Scientific and Technical Services",206011107,Brunswick West,138 ,54 ,4.0,0.0,0.0,196 ,20361
M,"Professional, Scientific and Technical Services",206011109,Pascoe Vale South,78 ,44 ,7.0,0.0,0.0,131 ,20596
M,"Professional, Scientific and Technical Services",206011495,Brunswick - North,181 ,63 ,15.0,3.0,0.0,261 ,20361
M,"Professional, Scientific and Technical Services",206011496,Brunswick - South,189 ,96 ,27.0,8.0,0.0,320 ,20361
M,"Professional, Scientific and Technical Services",206011497,Coburg - East,157 ,72 ,12.0,3.0,0.0,243 ,20361
M,"Professional, Scientific and Technical Services",206011498,Coburg - West,127 ,49 ,5.0,0.0,0.0,181 ,20361
M,"Professional, Scientific and Technical Services",206021110,Alphington - Fairfield,114 ,55 ,11.0,0.0,0.0,181 ,21971
M,"Professional, Scientific and Technical Services",206021112,Thornbury,208 ,81 ,17.0,4.0,0.0,310 ,20362
M,"Professional, Scientific and Technical Services",206021499,Northcote - East,211 ,95 ,11.0,0.0,0.0,317 ,21971
M,"Professional, Scientific and Technical Services",206021500,Northcote - West,156 ,75 ,7.0,3.0,0.0,239 ,20362
M,"Professional, Scientific and Technical Services",206031113,Ascot Vale,157 ,70 ,15.0,0.0,0.0,243 ,20075
M,"Professional, Scientific and Technical Services",206031115,Flemington,89 ,42 ,8.0,0.0,0.0,139 ,20075
M,"Professional, Scientific and Technical Services",206031116,Moonee Ponds,206 ,114 ,24.0,3.0,0.0,347 ,20075
M,"Professional, Scientific and Technical Services",206031501,Essendon (West) - Aberfeldie,182 ,102 ,22.0,0.0,0.0,307 ,20885
M,"Professional, Scientific and Technical Services",206031502,Essendon - East,169 ,87 ,33.0,3.0,0.0,292 ,20363
M,"Professional, Scientific and Technical Services",206041117,Carlton,261 ,160 ,44.0,16.0,0.0,481 ,20496
M,"Professional, Scientific and Technical Services",206041118,Docklands,367 ,204 ,77.0,35.0,5.0,688 ,21640
M,"Professional, Scientific and Technical Services",206041119,East Melbourne,159 ,84 ,38.0,16.0,0.0,297 ,20495
M,"Professional, Scientific and Technical Services",206041120,Flemington Racecourse,0 ,0 ,0.0,0.0,0.0,3 ,20075
M,"Professional, Scientific and Technical Services",206041121,Kensington (Vic.),148 ,62 ,13.0,7.0,0.0,231 ,20929
M,"Professional, Scientific and Technical Services",206041124,Parkville,80 ,37 ,5.0,4.0,0.0,126 ,20361
M,"Professional, Scientific and Technical Services",206041125,South Yarra - West,139 ,54 ,18.0,9.0,0.0,220 ,21640
M,"Professional, Scientific and Technical Services",206041127,West Melbourne - Industrial,4 ,0 ,3.0,0.0,0.0,7 ,20935
M,"Professional, Scientific and Technical Services",206041503,Melbourne CBD - East,515 ,356 ,173.0,103.0,6.0,"1,153 ",20495
M,"Professional, Scientific and Technical Services",206041504,Melbourne CBD - North,214 ,121 ,71.0,23.0,3.0,432 ,20495
M,"Professional, Scientific and Technical Services",206041505,Melbourne CBD - West,"2,545 ","1,114 ",514.0,323.0,19.0,"4,515 ",21640
M,"Professional, Scientific and Technical Services",206041506,North Melbourne,218 ,136 ,45.0,12.0,0.0,411 ,22038
M,"Professional, Scientific and Technical Services",206041507,Royal Botanic Gardens Victoria,0 ,0 ,0.0,0.0,0.0,0 ,21640
M,"Professional, Scientific and Technical Services",206041508,Southbank (West) - South Wharf,218 ,88 ,34.0,29.0,0.0,370 ,21640
M,"Professional, Scientific and Technical Services",206041509,Southbank - East,251 ,98 ,23.0,17.0,0.0,389 ,21640
M,"Professional, Scientific and Technical Services",206041510,West Melbourne - Residential,137 ,68 ,31.0,6.0,0.0,242 ,21640
M,"Professional, Scientific and Technical Services",206051128,Albert Park,659 ,391 ,112.0,36.0,0.0,"1,200 ",21640
M,"Professional, Scientific and Technical Services",206051129,Elwood,316 ,119 ,10.0,3.0,0.0,447 ,22343
M,"Professional, Scientific and Technical Services",206051130,Port Melbourne,346 ,164 ,19.0,5.0,0.0,534 ,22107
M,"Professional, Scientific and Technical Services",206051134,St Kilda East,212 ,83 ,13.0,0.0,0.0,310 ,22118
M,"Professional, Scientific and Technical Services",206051511,Port Melbourne Industrial,137 ,110 ,65.0,41.0,3.0,354 ,20766
M,"Professional, Scientific and Technical Services",206051512,South Melbourne,542 ,328 ,166.0,53.0,0.0,"1,090 ",21640
M,"Professional, Scientific and Technical Services",206051513,St Kilda - Central,231 ,112 ,42.0,9.0,0.0,394 ,22805
M,"Professional, Scientific and Technical Services",206051514,St Kilda - West,292 ,124 ,33.0,9.0,3.0,459 ,21640
M,"Professional, Scientific and Technical Services",206061135,Armadale,212 ,80 ,21.0,6.0,0.0,320 ,22118
M,"Professional, Scientific and Technical Services",206061136,Prahran - Windsor,406 ,198 ,63.0,21.0,0.0,688 ,21640
M,"Professional, Scientific and Technical Services",206061138,Toorak,331 ,119 ,17.0,0.0,0.0,469 ,22118
M,"Professional, Scientific and Technical Services",206061515,South Yarra - North,286 ,138 ,58.0,22.0,0.0,504 ,21640
M,"Professional, Scientific and Technical Services",206061516,South Yarra - South,238 ,107 ,39.0,22.0,0.0,406 ,22118
M,"Professional, Scientific and Technical Services",206071139,Abbotsford,192 ,100 ,37.0,20.0,0.0,349 ,20901
M,"Professional, Scientific and Technical Services",206071140,Carlton North - Princes Hill,144 ,71 ,5.0,0.0,0.0,220 ,20361
M,"Professional, Scientific and Technical Services",206071141,Collingwood,296 ,296 ,100.0,48.0,0.0,740 ,20925
M,"Professional, Scientific and Technical Services",206071142,Fitzroy,259 ,126 ,67.0,19.0,0.0,471 ,20925
M,"Professional, Scientific and Technical Services",206071143,Fitzroy North,213 ,85 ,22.0,3.0,0.0,323 ,20362
M,"Professional, Scientific and Technical Services",206071145,Clifton Hill - Alphington,149 ,71 ,10.0,3.0,0.0,233 ,20925
M,"Professional, Scientific and Technical Services",206071517,Richmond (South) - Cremorne,498 ,307 ,177.0,80.0,0.0,"1,064 ",20830
M,"Professional, Scientific and Technical Services",206071518,Richmond - North,209 ,121 ,49.0,14.0,0.0,393 ,20830
M,"Professional, Scientific and Technical Services",207011146,Ashburton (Vic.),116 ,72 ,9.0,0.0,0.0,197 ,20077
M,"Professional, Scientific and Technical Services",207011147,Balwyn,240 ,122 ,26.0,3.0,0.0,391 ,21336
M,"Professional, Scientific and Technical Services",207011148,Balwyn North,260 ,170 ,12.0,0.0,0.0,443 ,21336
M,"Professional, Scientific and Technical Services",207011149,Camberwell,397 ,217 ,31.0,8.0,0.0,653 ,21010
M,"Professional, Scientific and Technical Services",207011150,Glen Iris - East,309 ,142 ,25.0,8.0,0.0,484 ,20077
M,"Professional, Scientific and Technical Services",207011152,Hawthorn East,352 ,220 ,72.0,21.0,0.0,665 ,21586
M,"Professional, Scientific and Technical Services",207011154,Kew East,121 ,67 ,14.0,3.0,0.0,204 ,20034
M,"Professional, Scientific and Technical Services",207011155,Surrey Hills (West) - Canterbury,267 ,161 ,29.0,8.0,0.0,466 ,21336
M,"Professional, Scientific and Technical Services",207011519,Hawthorn - North,193 ,115 ,26.0,12.0,0.0,346 ,22170
M,"Professional, Scientific and Technical Services",207011520,Hawthorn - South,229 ,95 ,41.0,17.0,0.0,382 ,22547
M,"Professional, Scientific and Technical Services",207011521,Kew - South,236 ,107 ,28.0,6.0,0.0,377 ,21152
M,"Professional, Scientific and Technical Services",207011522,Kew - West,249 ,116 ,17.0,0.0,0.0,384 ,20034
M,"Professional, Scientific and Technical Services",207021156,Bulleen,117 ,59 ,7.0,0.0,0.0,183 ,20124
M,"Professional, Scientific and Technical Services",207021157,Doncaster,275 ,113 ,11.0,7.0,0.0,406 ,20124
M,"Professional, Scientific and Technical Services",207021159,Templestowe,220 ,101 ,10.0,0.0,0.0,333 ,20771
M,"Professional, Scientific and Technical Services",207021160,Templestowe Lower,147 ,70 ,5.0,0.0,0.0,222 ,20386
M,"Professional, Scientific and Technical Services",207021424,Doncaster East - North,203 ,77 ,3.0,0.0,0.0,283 ,20771
M,"Professional, Scientific and Technical Services",207021425,Doncaster East - South,178 ,73 ,16.0,4.0,0.0,271 ,20771
M,"Professional, Scientific and Technical Services",207031161,Blackburn,278 ,178 ,34.0,11.0,0.0,501 ,20315
M,"Professional, Scientific and Technical Services",207031162,Blackburn South,118 ,48 ,4.0,0.0,0.0,170 ,20426
M,"Professional, Scientific and Technical Services",207031163,Box Hill,269 ,156 ,40.0,9.0,0.0,476 ,21732
M,"Professional, Scientific and Technical Services",207031164,Box Hill North,180 ,113 ,10.0,3.0,0.0,305 ,20123
M,"Professional, Scientific and Technical Services",207031165,Burwood (Vic.),117 ,41 ,10.0,3.0,0.0,171 ,21010
M,"Professional, Scientific and Technical Services",207031166,Burwood East,104 ,57 ,8.0,5.0,0.0,174 ,20426
M,"Professional, Scientific and Technical Services",207031167,Surrey Hills (East) - Mont Albert,174 ,73 ,8.0,3.0,0.0,256 ,21732
M,"Professional, Scientific and Technical Services",208011168,Beaumaris,233 ,121 ,12.0,3.0,0.0,367 ,20182
M,"Professional, Scientific and Technical Services",208011169,Brighton (Vic.),563 ,272 ,47.0,5.0,0.0,887 ,20337
M,"Professional, Scientific and Technical Services",208011170,Brighton East,273 ,139 ,9.0,0.0,0.0,423 ,20337
M,"Professional, Scientific and Technical Services",208011171,Highett (West) - Cheltenham,182 ,119 ,24.0,9.0,0.0,334 ,20182
M,"Professional, Scientific and Technical Services",208011172,Hampton,308 ,165 ,13.0,3.0,0.0,489 ,20337
M,"Professional, Scientific and Technical Services",208011173,Sandringham - Black Rock,313 ,181 ,26.0,3.0,0.0,522 ,20182
M,"Professional, Scientific and Technical Services",208021174,Bentleigh - McKinnon,346 ,181 ,24.0,3.0,0.0,553 ,20338
M,"Professional, Scientific and Technical Services",208021176,Carnegie,209 ,101 ,9.0,0.0,0.0,320 ,21587
M,"Professional, Scientific and Technical Services",208021177,Caulfield - North,426 ,156 ,22.0,3.0,0.0,607 ,20105
M,"Professional, Scientific and Technical Services",208021178,Caulfield - South,300 ,142 ,12.0,6.0,0.0,460 ,20864
M,"Professional, Scientific and Technical Services",208021179,Elsternwick,221 ,124 ,21.0,0.0,0.0,368 ,20337
M,"Professional, Scientific and Technical Services",208021180,Hughesdale,54 ,39 ,5.0,0.0,0.0,98 ,21587
M,"Professional, Scientific and Technical Services",208021181,Murrumbeena,107 ,42 ,3.0,3.0,0.0,155 ,21587
M,"Professional, Scientific and Technical Services",208021182,Ormond - Glen Huntly,152 ,63 ,8.0,0.0,0.0,225 ,20338
M,"Professional, Scientific and Technical Services",208021426,Bentleigh East - North,216 ,98 ,6.0,3.0,0.0,321 ,20214
M,"Professional, Scientific and Technical Services",208021427,Bentleigh East - South,148 ,68 ,6.0,0.0,0.0,222 ,20214
M,"Professional, Scientific and Technical Services",208031183,Aspendale Gardens - Waterways,73 ,50 ,3.0,0.0,0.0,126 ,20079
M,"Professional, Scientific and Technical Services",208031184,Braeside,34 ,41 ,15.0,7.0,3.0,99 ,20079
M,"Professional, Scientific and Technical Services",208031185,Carrum - Patterson Lakes,78 ,40 ,4.0,3.0,0.0,123 ,20131
M,"Professional, Scientific and Technical Services",208031186,Chelsea - Bonbeach,96 ,43 ,10.0,0.0,0.0,149 ,20538
M,"Professional, Scientific and Technical Services",208031187,Chelsea Heights,36 ,13 ,4.0,0.0,0.0,54 ,20080
M,"Professional, Scientific and Technical Services",208031188,Highett (East) - Cheltenham,260 ,142 ,27.0,7.0,0.0,436 ,20539
M,"Professional, Scientific and Technical Services",208031189,Edithvale - Aspendale,104 ,67 ,8.0,0.0,0.0,179 ,20079
M,"Professional, Scientific and Technical Services",208031190,Mentone,127 ,87 ,15.0,0.0,0.0,229 ,20182
M,"Professional, Scientific and Technical Services",208031191,Moorabbin - Heatherton,143 ,75 ,22.0,12.0,0.0,252 ,20539
M,"Professional, Scientific and Technical Services",208031192,Moorabbin Airport,0 ,0 ,0.0,0.0,0.0,4 ,20539
M,"Professional, Scientific and Technical Services",208031193,Mordialloc - Parkdale,202 ,134 ,17.0,5.0,0.0,358 ,21648
M,"Professional, Scientific and Technical Services",208041194,Malvern - Glen Iris,445 ,201 ,49.0,9.0,0.0,704 ,20066
M,"Professional, Scientific and Technical Services",208041195,Malvern East,367 ,189 ,29.0,8.0,0.0,593 ,20523
M,"Professional, Scientific and Technical Services",209011196,Bundoora - East,50 ,25 ,5.0,0.0,0.0,80 ,20399
M,"Professional, Scientific and Technical Services",209011197,Greensborough,148 ,80 ,10.0,0.0,0.0,240 ,21104
M,"Professional, Scientific and Technical Services",209011198,Heidelberg - Rosanna,153 ,92 ,24.0,3.0,0.0,271 ,21246
M,"Professional, Scientific and Technical Services",209011199,Heidelberg West,120 ,54 ,8.0,4.0,0.0,186 ,22121
M,"Professional, Scientific and Technical Services",209011200,Ivanhoe,171 ,74 ,23.0,5.0,0.0,273 ,22508
M,"Professional, Scientific and Technical Services",209011201,Ivanhoe East - Eaglemont,151 ,73 ,6.0,3.0,0.0,231 ,21246
M,"Professional, Scientific and Technical Services",209011202,Montmorency - Briar Hill,153 ,64 ,9.0,3.0,0.0,227 ,22484
M,"Professional, Scientific and Technical Services",209011203,Viewbank - Yallambie,138 ,67 ,3.0,0.0,0.0,207 ,20386
M,"Professional, Scientific and Technical Services",209011204,Watsonia,52 ,37 ,3.0,0.0,0.0,91 ,20399
M,"Professional, Scientific and Technical Services",209021205,Kingsbury,65 ,26 ,5.0,0.0,0.0,96 ,20399
M,"Professional, Scientific and Technical Services",209021428,Preston - East,188 ,101 ,28.0,4.0,0.0,321 ,22121
M,"Professional, Scientific and Technical Services",209021429,Preston - West,84 ,38 ,4.0,0.0,0.0,128 ,20596
M,"Professional, Scientific and Technical Services",209021523,Reservoir - North East,71 ,30 ,3.0,0.0,0.0,103 ,20399
M,"Professional, Scientific and Technical Services",209021524,Reservoir - North West,46 ,13 ,0.0,0.0,0.0,60 ,22161
M,"Professional, Scientific and Technical Services",209021525,Reservoir - South East,60 ,27 ,3.0,0.0,0.0,90 ,22121
M,"Professional, Scientific and Technical Services",209021526,Reservoir - South West,95 ,35 ,9.0,0.0,0.0,140 ,20597
M,"Professional, Scientific and Technical Services",209031209,Eltham,295 ,147 ,24.0,3.0,0.0,469 ,22483
M,"Professional, Scientific and Technical Services",209031210,Hurstbridge,26 ,19 ,0.0,0.0,0.0,47 ,20752
M,"Professional, Scientific and Technical Services",209031211,Kinglake,11 ,16 ,3.0,3.0,0.0,31 ,20916
M,"Professional, Scientific and Technical Services",209031212,Panton Hill - St Andrews,42 ,32 ,6.0,0.0,0.0,81 ,21358
M,"Professional, Scientific and Technical Services",209031213,Plenty - Yarrambat,90 ,49 ,4.0,0.0,0.0,144 ,20399
M,"Professional, Scientific and Technical Services",209031214,Research - North Warrandyte,104 ,63 ,9.0,3.0,0.0,177 ,20865
M,"Professional, Scientific and Technical Services",209031215,Wattle Glen - Diamond Creek,115 ,50 ,0.0,0.0,0.0,167 ,20865
M,"Professional, Scientific and Technical Services",209041216,Bundoora - North,78 ,55 ,22.0,3.0,0.0,157 ,20399
M,"Professional, Scientific and Technical Services",209041217,Bundoora - West,31 ,9 ,0.0,3.0,0.0,42 ,20399
M,"Professional, Scientific and Technical Services",209041220,Mill Park - North,94 ,41 ,6.0,0.0,0.0,141 ,21683
M,"Professional, Scientific and Technical Services",209041221,Mill Park - South,54 ,26 ,0.0,3.0,0.0,81 ,20399
M,"Professional, Scientific and Technical Services",209041223,Thomastown,84 ,63 ,18.0,9.0,0.0,174 ,20399
M,"Professional, Scientific and Technical Services",209041224,Wallan,92 ,45 ,5.0,0.0,0.0,143 ,20345
M,"Professional, Scientific and Technical Services",209041225,Whittlesea,68 ,31 ,3.0,3.0,0.0,103 ,20576
M,"Professional, Scientific and Technical Services",209041431,Epping - East,40 ,12 ,3.0,0.0,0.0,55 ,22311
M,"Professional, Scientific and Technical Services",209041432,Epping - South,42 ,19 ,4.0,0.0,0.0,65 ,21683
M,"Professional, Scientific and Technical Services",209041433,Epping (Vic.) - West,50 ,31 ,4.0,0.0,0.0,86 ,20878
M,"Professional, Scientific and Technical Services",209041435,South Morang - North,73 ,23 ,0.0,0.0,0.0,99 ,20779
M,"Professional, Scientific and Technical Services",209041436,South Morang - South,43 ,21 ,3.0,0.0,0.0,67 ,22916
M,"Professional, Scientific and Technical Services",209041437,Wollert,130 ,60 ,3.0,0.0,0.0,192 ,22311
M,"Professional, Scientific and Technical Services",209041527,Doreen - North,75 ,48 ,5.0,0.0,0.0,128 ,20779
M,"Professional, Scientific and Technical Services",209041528,Doreen - South,56 ,30 ,3.0,0.0,0.0,88 ,20779
M,"Professional, Scientific and Technical Services",209041529,Lalor - East,33 ,13 ,3.0,0.0,0.0,49 ,22504
M,"Professional, Scientific and Technical Services",209041530,Lalor - West,50 ,28 ,3.0,0.0,0.0,80 ,22504
M,"Professional, Scientific and Technical Services",209041531,Mernda - North,45 ,24 ,0.0,0.0,0.0,71 ,20779
M,"Professional, Scientific and Technical Services",209041532,Mernda - South,55 ,30 ,0.0,0.0,0.0,85 ,20779
M,"Professional, Scientific and Technical Services",210011226,Airport West,50 ,41 ,4.0,3.0,0.0,97 ,20886
M,"Professional, Scientific and Technical Services",210011227,Essendon Airport,4 ,5 ,3.0,3.0,0.0,15 ,22380
M,"Professional, Scientific and Technical Services",210011228,Keilor,89 ,61 ,23.0,9.0,0.0,182 ,20015
M,"Professional, Scientific and Technical Services",210011230,Niddrie - Essendon West,79 ,39 ,5.0,0.0,0.0,123 ,20885
M,"Professional, Scientific and Technical Services",210011231,Strathmore,96 ,61 ,8.0,0.0,0.0,165 ,20885
M,"Professional, Scientific and Technical Services",210011533,Avondale Heights,87 ,29 ,0.0,0.0,0.0,118 ,21604
M,"Professional, Scientific and Technical Services",210011534,Keilor East,93 ,46 ,5.0,0.0,0.0,144 ,20888
M,"Professional, Scientific and Technical Services",210021232,Gisborne,118 ,69 ,11.0,0.0,0.0,199 ,20076
M,"Professional, Scientific and Technical Services",210021233,Macedon,48 ,34 ,3.0,0.0,0.0,85 ,20387
M,"Professional, Scientific and Technical Services",210021234,Riddells Creek,35 ,25 ,0.0,0.0,0.0,61 ,21176
M,"Professional, Scientific and Technical Services",210021235,Romsey,62 ,36 ,3.0,0.0,0.0,101 ,20172
M,"Professional, Scientific and Technical Services",210031236,Coburg North,69 ,42 ,9.0,3.0,0.0,122 ,20596
M,"Professional, Scientific and Technical Services",210031237,Fawkner,58 ,33 ,3.0,0.0,0.0,94 ,20597
M,"Professional, Scientific and Technical Services",210031439,Gowanbrae,15 ,10 ,0.0,0.0,0.0,26 ,22381
M,"Professional, Scientific and Technical Services",210031440,Hadfield,19 ,10 ,0.0,0.0,0.0,29 ,22041
M,"Professional, Scientific and Technical Services",210031535,Glenroy - East,77 ,28 ,0.0,0.0,0.0,106 ,22041
M,"Professional, Scientific and Technical Services",210031536,Glenroy - West,41 ,19 ,5.0,3.0,0.0,67 ,22381
M,"Professional, Scientific and Technical Services",210031537,Oak Park,42 ,22 ,3.0,0.0,0.0,66 ,22042
M,"Professional, Scientific and Technical Services",210031538,Pascoe Vale,121 ,58 ,4.0,0.0,0.0,183 ,22042
M,"Professional, Scientific and Technical Services",210041240,Sunbury,51 ,28 ,3.0,0.0,0.0,83 ,20567
M,"Professional, Scientific and Technical Services",210041539,Diggers Rest,19 ,10 ,0.0,0.0,0.0,30 ,20754
M,"Professional, Scientific and Technical Services",210041540,Sunbury - South,70 ,44 ,5.0,3.0,0.0,122 ,21318
M,"Professional, Scientific and Technical Services",210041541,Sunbury - West,35 ,20 ,0.0,0.0,0.0,57 ,20754
M,"Professional, Scientific and Technical Services",210051242,Broadmeadows,57 ,21 ,3.0,0.0,0.0,82 ,20909
M,"Professional, Scientific and Technical Services",210051243,Campbellfield - Coolaroo,95 ,54 ,21.0,10.0,0.0,181 ,22161
M,"Professional, Scientific and Technical Services",210051245,Gladstone Park - Westmeadows,68 ,39 ,8.0,0.0,0.0,115 ,22586
M,"Professional, Scientific and Technical Services",210051246,Greenvale - Bulla,133 ,64 ,3.0,0.0,0.0,200 ,21675
M,"Professional, Scientific and Technical Services",210051247,Meadow Heights,38 ,11 ,3.0,0.0,0.0,50 ,20624
M,"Professional, Scientific and Technical Services",210051248,Melbourne Airport,0 ,0 ,0.0,0.0,0.0,3 ,21319
M,"Professional, Scientific and Technical Services",210051250,Tullamarine,31 ,22 ,7.0,0.0,0.0,62 ,22586
M,"Professional, Scientific and Technical Services",210051441,Craigieburn - Central,15 ,10 ,3.0,0.0,0.0,28 ,20661
M,"Professional, Scientific and Technical Services",210051442,Craigieburn - North,60 ,23 ,3.0,0.0,0.0,86 ,21675
M,"Professional, Scientific and Technical Services",210051443,Craigieburn - South,89 ,46 ,3.0,0.0,0.0,139 ,20878
M,"Professional, Scientific and Technical Services",210051445,Mickleham - Yuroke,132 ,46 ,6.0,0.0,0.0,184 ,20233
M,"Professional, Scientific and Technical Services",210051542,Craigieburn - North West,28 ,19 ,0.0,0.0,0.0,48 ,21675
M,"Professional, Scientific and Technical Services",210051543,Craigieburn - West,57 ,26 ,0.0,0.0,0.0,84 ,21675
M,"Professional, Scientific and Technical Services",210051544,Roxburgh Park (South) - Somerton,45 ,19 ,6.0,3.0,0.0,72 ,20878
M,"Professional, Scientific and Technical Services",210051545,Roxburgh Park - North,41 ,17 ,0.0,0.0,0.0,58 ,20661
M,"Professional, Scientific and Technical Services",211011251,Bayswater,89 ,43 ,19.0,5.0,0.0,156 ,20173
M,"Professional, Scientific and Technical Services",211011254,Knoxfield - Scoresby,149 ,97 ,27.0,12.0,0.0,285 ,21013
M,"Professional, Scientific and Technical Services",211011255,Lysterfield,54 ,28 ,3.0,0.0,0.0,84 ,20917
M,"Professional, Scientific and Technical Services",211011256,Rowville - Central,140 ,63 ,5.0,0.0,0.0,209 ,21374
M,"Professional, Scientific and Technical Services",211011257,Rowville - North,52 ,37 ,12.0,3.0,0.0,104 ,20917
M,"Professional, Scientific and Technical Services",211011258,Rowville - South,72 ,46 ,6.0,3.0,0.0,125 ,22207
M,"Professional, Scientific and Technical Services",211011259,Wantirna,95 ,52 ,8.0,0.0,0.0,156 ,22628
M,"Professional, Scientific and Technical Services",211011260,Wantirna South,160 ,81 ,14.0,0.0,0.0,256 ,21013
M,"Professional, Scientific and Technical Services",211011446,Boronia,111 ,73 ,10.0,4.0,0.0,198 ,20173
M,"Professional, Scientific and Technical Services",211011447,Ferntree Gully - North,48 ,44 ,6.0,0.0,0.0,99 ,20304
M,"Professional, Scientific and Technical Services",211011448,Ferntree Gully (South) - Upper Ferntree Gully,96 ,59 ,7.0,0.0,0.0,162 ,20917
M,"Professional, Scientific and Technical Services",211011449,The Basin,23 ,12 ,0.0,0.0,0.0,36 ,20304
M,"Professional, Scientific and Technical Services",211021261,Donvale - Park Orchards,172 ,101 ,14.0,0.0,0.0,288 ,20772
M,"Professional, Scientific and Technical Services",211021262,Warrandyte - Wonga Park,129 ,69 ,6.0,0.0,0.0,204 ,20772
M,"Professional, Scientific and Technical Services",211031263,Bayswater North,76 ,42 ,13.0,0.0,0.0,133 ,20173
M,"Professional, Scientific and Technical Services",211031265,Croydon Hills - Warranwood,156 ,89 ,6.0,0.0,0.0,251 ,20556
M,"Professional, Scientific and Technical Services",211031266,Ringwood,196 ,94 ,43.0,6.0,0.0,339 ,20774
M,"Professional, Scientific and Technical Services",211031267,Ringwood East,146 ,85 ,18.0,0.0,0.0,250 ,20173
M,"Professional, Scientific and Technical Services",211031268,Ringwood North,119 ,51 ,3.0,0.0,0.0,172 ,20774
M,"Professional, Scientific and Technical Services",211031450,Croydon - East,95 ,54 ,8.0,0.0,0.0,157 ,21354
M,"Professional, Scientific and Technical Services",211031451,Croydon - West,102 ,59 ,5.0,0.0,0.0,166 ,20556
M,"Professional, Scientific and Technical Services",211031452,Croydon South,38 ,27 ,5.0,3.0,0.0,73 ,20174
M,"Professional, Scientific and Technical Services",211041269,Forest Hill,100 ,46 ,6.0,4.0,3.0,157 ,20252
M,"Professional, Scientific and Technical Services",211041270,Mitcham (Vic.),177 ,104 ,14.0,5.0,0.0,300 ,20774
M,"Professional, Scientific and Technical Services",211041271,Nunawading,135 ,87 ,15.0,4.0,0.0,241 ,20774
M,"Professional, Scientific and Technical Services",211041272,Vermont,90 ,75 ,7.0,3.0,0.0,175 ,20937
M,"Professional, Scientific and Technical Services",211041273,Vermont South,110 ,58 ,8.0,0.0,0.0,177 ,20937
M,"Professional, Scientific and Technical Services",211051274,Belgrave - Selby,90 ,48 ,6.0,0.0,0.0,145 ,21558
M,"Professional, Scientific and Technical Services",211051275,Chirnside Park,88 ,29 ,5.0,0.0,0.0,123 ,20556
M,"Professional, Scientific and Technical Services",211051276,Healesville - Yarra Glen,105 ,52 ,7.0,0.0,0.0,164 ,20916
M,"Professional, Scientific and Technical Services",211051277,Kilsyth,47 ,21 ,3.0,0.0,0.0,70 ,20174
M,"Professional, Scientific and Technical Services",211051278,Lilydale - Coldstream,124 ,54 ,23.0,0.0,0.0,202 ,20556
M,"Professional, Scientific and Technical Services",211051279,Monbulk - Silvan,45 ,24 ,6.0,0.0,0.0,75 ,20868
M,"Professional, Scientific and Technical Services",211051280,Montrose,40 ,22 ,0.0,3.0,0.0,65 ,21354
M,"Professional, Scientific and Technical Services",211051281,Mooroolbark,92 ,62 ,11.0,0.0,0.0,166 ,20556
M,"Professional, Scientific and Technical Services",211051282,Mount Dandenong - Olinda,116 ,60 ,6.0,0.0,0.0,183 ,20304
M,"Professional, Scientific and Technical Services",211051283,Mount Evelyn,67 ,29 ,4.0,3.0,0.0,101 ,21736
M,"Professional, Scientific and Technical Services",211051284,Upwey - Tecoma,77 ,53 ,4.0,0.0,0.0,134 ,21558
M,"Professional, Scientific and Technical Services",211051285,Wandin - Seville,52 ,34 ,3.0,0.0,0.0,90 ,20613
M,"Professional, Scientific and Technical Services",211051286,Yarra Valley,74 ,32 ,3.0,0.0,0.0,108 ,20833
M,"Professional, Scientific and Technical Services",212011289,Emerald - Cockatoo,108 ,59 ,14.0,3.0,0.0,183 ,20979
M,"Professional, Scientific and Technical Services",212011546,Beaconsfield - Officer,151 ,68 ,21.0,0.0,0.0,240 ,20176
M,"Professional, Scientific and Technical Services",212011547,Bunyip - Garfield,45 ,33 ,4.0,3.0,0.0,83 ,20411
M,"Professional, Scientific and Technical Services",212011548,Koo Wee Rup,42 ,20 ,3.0,0.0,0.0,65 ,20081
M,"Professional, Scientific and Technical Services",212011549,Pakenham - North East,55 ,22 ,0.0,0.0,0.0,78 ,21879
M,"Professional, Scientific and Technical Services",212011550,Pakenham - North West,41 ,17 ,3.0,0.0,0.0,60 ,20176
M,"Professional, Scientific and Technical Services",212011551,Pakenham - South East,33 ,33 ,8.0,4.0,0.0,78 ,21879
M,"Professional, Scientific and Technical Services",212011552,Pakenham - South West,86 ,63 ,10.0,3.0,0.0,162 ,22006
M,"Professional, Scientific and Technical Services",212021293,Berwick - North,168 ,114 ,31.0,0.0,0.0,314 ,21895
M,"Professional, Scientific and Technical Services",212021295,Doveton,26 ,10 ,0.0,0.0,0.0,38 ,20708
M,"Professional, Scientific and Technical Services",212021297,Hallam,65 ,47 ,18.0,9.0,0.0,139 ,21895
M,"Professional, Scientific and Technical Services",212021299,Narre Warren North,76 ,34 ,8.0,0.0,0.0,118 ,21558
M,"Professional, Scientific and Technical Services",212021453,Endeavour Hills - North,61 ,30 ,5.0,0.0,0.0,96 ,22207
M,"Professional, Scientific and Technical Services",212021454,Endeavour Hills - South,74 ,22 ,4.0,0.0,0.0,100 ,21895
M,"Professional, Scientific and Technical Services",212021455,Narre Warren - North East,49 ,30 ,0.0,0.0,0.0,79 ,21895
M,"Professional, Scientific and Technical Services",212021456,Narre Warren - South West,87 ,46 ,15.0,3.0,0.0,151 ,20224
M,"Professional, Scientific and Technical Services",212021553,Berwick - South East,139 ,80 ,3.0,0.0,0.0,221 ,20175
M,"Professional, Scientific and Technical Services",212021554,Berwick - South West,79 ,33 ,7.0,0.0,0.0,119 ,20224
M,"Professional, Scientific and Technical Services",212031300,Cranbourne,83 ,36 ,11.0,0.0,0.0,131 ,20664
M,"Professional, Scientific and Technical Services",212031303,Cranbourne South,100 ,44 ,3.0,0.0,0.0,148 ,20487
M,"Professional, Scientific and Technical Services",212031304,Cranbourne West,88 ,34 ,3.0,3.0,0.0,127 ,20662
M,"Professional, Scientific and Technical Services",212031306,Lynbrook - Lyndhurst,101 ,59 ,9.0,3.0,0.0,170 ,20709
M,"Professional, Scientific and Technical Services",212031308,Pearcedale - Tooradin,32 ,29 ,3.0,0.0,0.0,63 ,21380
M,"Professional, Scientific and Technical Services",212031457,Narre Warren South - East,63 ,37 ,3.0,0.0,0.0,102 ,20224
M,"Professional, Scientific and Technical Services",212031458,Narre Warren South - West,71 ,31 ,0.0,0.0,0.0,103 ,21893
M,"Professional, Scientific and Technical Services",212031555,Clyde North - North,69 ,39 ,3.0,0.0,0.0,111 ,22006
M,"Professional, Scientific and Technical Services",212031556,Clyde North - South,110 ,49 ,11.0,0.0,0.0,171 ,20487
M,"Professional, Scientific and Technical Services",212031557,Cranbourne East - North,92 ,39 ,4.0,0.0,0.0,135 ,20581
M,"Professional, Scientific and Technical Services",212031558,Cranbourne East - South,46 ,14 ,0.0,0.0,0.0,62 ,20581
M,"Professional, Scientific and Technical Services",212031559,Cranbourne North - East,63 ,36 ,0.0,0.0,0.0,100 ,20582
M,"Professional, Scientific and Technical Services",212031560,Cranbourne North - West,39 ,22 ,0.0,0.0,0.0,62 ,21133
M,"Professional, Scientific and Technical Services",212031561,Hampton Park - East,17 ,7 ,3.0,3.0,0.0,29 ,21893
M,"Professional, Scientific and Technical Services",212031562,Hampton Park - West,38 ,10 ,3.0,3.0,0.0,50 ,20709
M,"Professional, Scientific and Technical Services",212041309,Clarinda - Oakleigh South,85 ,36 ,5.0,0.0,0.0,127 ,21746
M,"Professional, Scientific and Technical Services",212041310,Clayton South,94 ,30 ,8.0,4.0,0.0,136 ,20758
M,"Professional, Scientific and Technical Services",212041312,Dandenong North,84 ,34 ,6.0,0.0,0.0,124 ,22207
M,"Professional, Scientific and Technical Services",212041313,Dingley Village,70 ,35 ,3.0,0.0,0.0,108 ,20320
M,"Professional, Scientific and Technical Services",212041316,Noble Park North,31 ,16 ,4.0,0.0,0.0,51 ,20708
M,"Professional, Scientific and Technical Services",212041317,Springvale,78 ,76 ,12.0,4.0,0.0,170 ,21827
M,"Professional, Scientific and Technical Services",212041318,Springvale South,38 ,12 ,0.0,0.0,0.0,52 ,21339
M,"Professional, Scientific and Technical Services",212041459,Noble Park - East,44 ,17 ,3.0,0.0,0.0,62 ,21339
M,"Professional, Scientific and Technical Services",212041460,Noble Park - West,53 ,21 ,4.0,0.0,0.0,78 ,21339
M,"Professional, Scientific and Technical Services",212041563,Dandenong - North,112 ,72 ,23.0,7.0,0.0,214 ,20708
M,"Professional, Scientific and Technical Services",212041564,Dandenong - South,107 ,60 ,51.0,29.0,3.0,248 ,20131
M,"Professional, Scientific and Technical Services",212041565,Keysborough - North,63 ,31 ,7.0,3.0,0.0,104 ,21339
M,"Professional, Scientific and Technical Services",212041566,Keysborough - South,121 ,61 ,8.0,3.0,0.0,191 ,20080
M,"Professional, Scientific and Technical Services",212051319,Ashwood - Chadstone,195 ,110 ,12.0,3.0,0.0,319 ,20077
M,"Professional, Scientific and Technical Services",212051321,Glen Waverley - East,232 ,107 ,8.0,3.0,0.0,348 ,20427
M,"Professional, Scientific and Technical Services",212051322,Glen Waverley - West,249 ,143 ,17.0,3.0,0.0,411 ,20427
M,"Professional, Scientific and Technical Services",212051323,Mount Waverley - North,217 ,132 ,20.0,0.0,0.0,370 ,20078
M,"Professional, Scientific and Technical Services",212051324,Mount Waverley - South,253 ,194 ,47.0,8.0,0.0,502 ,21816
M,"Professional, Scientific and Technical Services",212051325,Mulgrave,186 ,92 ,38.0,17.0,0.0,333 ,21013
M,"Professional, Scientific and Technical Services",212051326,Oakleigh - Huntingdale,227 ,140 ,34.0,11.0,0.0,412 ,21587
M,"Professional, Scientific and Technical Services",212051327,Wheelers Hill,229 ,118 ,19.0,5.0,0.0,371 ,21013
M,"Professional, Scientific and Technical Services",212051567,Clayton (North) - Notting Hill,100 ,78 ,45.0,24.0,0.0,247 ,21816
M,"Professional, Scientific and Technical Services",212051568,Clayton - Central,66 ,35 ,6.0,3.0,0.0,110 ,22002
M,"Professional, Scientific and Technical Services",213011328,Ardeer - Albion,26 ,10 ,3.0,0.0,0.0,38 ,22396
M,"Professional, Scientific and Technical Services",213011329,Cairnlea,33 ,24 ,0.0,0.0,0.0,58 ,20062
M,"Professional, Scientific and Technical Services",213011331,Delahey,26 ,7 ,0.0,0.0,0.0,34 ,21315
M,"Professional, Scientific and Technical Services",213011332,Keilor Downs,48 ,29 ,3.0,0.0,0.0,79 ,21316
M,"Professional, Scientific and Technical Services",213011333,Kings Park (Vic.),18 ,6 ,3.0,0.0,0.0,26 ,20729
M,"Professional, Scientific and Technical Services",213011334,St Albans - North,42 ,25 ,3.0,0.0,0.0,71 ,21312
M,"Professional, Scientific and Technical Services",213011335,St Albans - South,42 ,16 ,4.0,0.0,0.0,62 ,21312
M,"Professional, Scientific and Technical Services",213011336,Sunshine,60 ,40 ,12.0,0.0,0.0,112 ,20324
M,"Professional, Scientific and Technical Services",213011337,Sunshine North,51 ,26 ,0.0,0.0,0.0,79 ,21316
M,"Professional, Scientific and Technical Services",213011338,Sunshine West,67 ,25 ,11.0,3.0,0.0,106 ,20062
M,"Professional, Scientific and Technical Services",213011339,Sydenham,42 ,20 ,0.0,0.0,0.0,63 ,22474
M,"Professional, Scientific and Technical Services",213011340,Taylors Lakes,91 ,44 ,3.0,0.0,0.0,138 ,21314
M,"Professional, Scientific and Technical Services",213011569,Deer Park,44 ,13 ,0.0,0.0,0.0,58 ,20062
M,"Professional, Scientific and Technical Services",213011570,Derrimut,57 ,35 ,6.0,5.0,0.0,103 ,20062
M,"Professional, Scientific and Technical Services",213021341,Altona,110 ,60 ,13.0,3.0,0.0,186 ,21477
M,"Professional, Scientific and Technical Services",213021342,Altona Meadows,60 ,31 ,0.0,0.0,0.0,92 ,20035
M,"Professional, Scientific and Technical Services",213021343,Altona North,105 ,53 ,11.0,4.0,0.0,173 ,22917
M,"Professional, Scientific and Technical Services",213021344,Newport,206 ,88 ,14.0,3.0,0.0,310 ,22107
M,"Professional, Scientific and Technical Services",213021345,Seabrook,26 ,15 ,0.0,0.0,0.0,42 ,20036
M,"Professional, Scientific and Technical Services",213021346,Williamstown,261 ,129 ,22.0,3.0,0.0,415 ,21934
M,"Professional, Scientific and Technical Services",213031347,Braybrook,106 ,45 ,5.0,0.0,0.0,158 ,20935
M,"Professional, Scientific and Technical Services",213031348,Footscray,182 ,109 ,28.0,3.0,0.0,322 ,20929
M,"Professional, Scientific and Technical Services",213031349,Maribyrnong,112 ,53 ,8.0,0.0,0.0,173 ,20075
M,"Professional, Scientific and Technical Services",213031350,Seddon - Kingsville,112 ,45 ,4.0,0.0,0.0,161 ,20935
M,"Professional, Scientific and Technical Services",213031351,West Footscray - Tottenham,111 ,37 ,6.0,3.0,0.0,156 ,20935
M,"Professional, Scientific and Technical Services",213031352,Yarraville,164 ,88 ,16.0,3.0,0.0,270 ,20935
M,"Professional, Scientific and Technical Services",213041353,Bacchus Marsh,88 ,63 ,14.0,3.0,0.0,167 ,20095
M,"Professional, Scientific and Technical Services",213041358,Melton West,52 ,26 ,3.0,0.0,0.0,81 ,22537
M,"Professional, Scientific and Technical Services",213041359,Rockbank - Mount Cottrell,147 ,88 ,11.0,3.0,0.0,248 ,20899
M,"Professional, Scientific and Technical Services",213041360,Taylors Hill,101 ,43 ,0.0,0.0,0.0,145 ,20950
M,"Professional, Scientific and Technical Services",213041461,Burnside,16 ,16 ,0.0,0.0,0.0,32 ,20729
M,"Professional, Scientific and Technical Services",213041462,Burnside Heights,38 ,19 ,0.0,0.0,0.0,58 ,20420
M,"Professional, Scientific and Technical Services",213041463,Caroline Springs,128 ,66 ,4.0,0.0,0.0,198 ,20950
M,"Professional, Scientific and Technical Services",213041571,Brookfield,21 ,7 ,0.0,0.0,0.0,29 ,21202
M,"Professional, Scientific and Technical Services",213041572,Cobblebank - Strathtulloh,31 ,25 ,3.0,0.0,0.0,57 ,21642
M,"Professional, Scientific and Technical Services",213041573,Eynesbury - Exford,17 ,9 ,0.0,0.0,0.0,27 ,20899
M,"Professional, Scientific and Technical Services",213041574,Fraser Rise - Plumpton,57 ,40 ,3.0,0.0,0.0,100 ,20754
M,"Professional, Scientific and Technical Services",213041575,Hillside,75 ,28 ,4.0,0.0,0.0,107 ,20950
M,"Professional, Scientific and Technical Services",213041576,Kurunjang - Toolern Vale,28 ,14 ,0.0,0.0,0.0,42 ,20605
M,"Professional, Scientific and Technical Services",213041577,Melton,31 ,19 ,9.0,0.0,0.0,59 ,21140
M,"Professional, Scientific and Technical Services",213041578,Melton South - Weir Views,60 ,20 ,0.0,0.0,0.0,81 ,20351
M,"Professional, Scientific and Technical Services",213051361,Hoppers Crossing - North,88 ,47 ,9.0,0.0,0.0,145 ,22582
M,"Professional, Scientific and Technical Services",213051362,Hoppers Crossing - South,65 ,39 ,0.0,0.0,0.0,105 ,22451
M,"Professional, Scientific and Technical Services",213051363,Laverton,129 ,77 ,16.0,5.0,0.0,227 ,22397
M,"Professional, Scientific and Technical Services",213051368,Werribee - South,121 ,76 ,18.0,3.0,0.0,217 ,20601
M,"Professional, Scientific and Technical Services",213051464,Point Cook - East,199 ,129 ,7.0,0.0,0.0,336 ,20036
M,"Professional, Scientific and Technical Services",213051466,Point Cook - South,207 ,153 ,5.0,0.0,0.0,365 ,22086
M,"Professional, Scientific and Technical Services",213051467,Werribee - East,58 ,32 ,3.0,0.0,0.0,93 ,22451
M,"Professional, Scientific and Technical Services",213051468,Werribee - West,145 ,74 ,4.0,0.0,0.0,223 ,20115
M,"Professional, Scientific and Technical Services",213051579,Manor Lakes - Quandong,99 ,83 ,0.0,0.0,0.0,182 ,20115
M,"Professional, Scientific and Technical Services",213051580,Point Cook - North East,130 ,76 ,12.0,0.0,0.0,219 ,20036
M,"Professional, Scientific and Technical Services",213051581,Point Cook - North West,92 ,51 ,3.0,0.0,0.0,146 ,22086
M,"Professional, Scientific and Technical Services",213051582,Tarneit (West) - Mount Cottrell,98 ,68 ,0.0,0.0,0.0,167 ,20899
M,"Professional, Scientific and Technical Services",213051583,Tarneit - Central,182 ,106 ,3.0,3.0,0.0,292 ,22582
M,"Professional, Scientific and Technical Services",213051584,Tarneit - North,92 ,49 ,4.0,0.0,0.0,145 ,22582
M,"Professional, Scientific and Technical Services",213051585,Tarneit - South,52 ,35 ,0.0,0.0,0.0,87 ,22451
M,"Professional, Scientific and Technical Services",213051586,Truganina - North,110 ,71 ,3.0,3.0,0.0,187 ,20743
M,"Professional, Scientific and Technical Services",213051587,Truganina - South East,88 ,61 ,3.0,3.0,0.0,153 ,21477
M,"Professional, Scientific and Technical Services",213051588,Truganina - South West,124 ,46 ,6.0,0.0,0.0,176 ,22582
M,"Professional, Scientific and Technical Services",213051589,Wyndham Vale - North,58 ,43 ,3.0,0.0,0.0,104 ,20116
M,"Professional, Scientific and Technical Services",213051590,Wyndham Vale - South,39 ,30 ,0.0,0.0,0.0,69 ,22750
M,"Professional, Scientific and Technical Services",214011370,Carrum Downs,97 ,60 ,39.0,0.0,0.0,196 ,20131
M,"Professional, Scientific and Technical Services",214011371,Frankston,126 ,77 ,24.0,4.0,0.0,231 ,22249
M,"Professional, Scientific and Technical Services",214011372,Frankston North,62 ,29 ,3.0,0.0,0.0,95 ,20508
M,"Professional, Scientific and Technical Services",214011373,Frankston South,171 ,91 ,8.0,3.0,0.0,273 ,21468
M,"Professional, Scientific and Technical Services",214011374,Langwarrin,107 ,76 ,3.0,3.0,0.0,187 ,20508
M,"Professional, Scientific and Technical Services",214011375,Seaford (Vic.),91 ,61 ,18.0,3.0,0.0,173 ,20507
M,"Professional, Scientific and Technical Services",214011376,Skye - Sandhurst,66 ,36 ,3.0,3.0,0.0,106 ,20508
M,"Professional, Scientific and Technical Services",214021377,Dromana,94 ,38 ,4.0,3.0,0.0,137 ,20072
M,"Professional, Scientific and Technical Services",214021378,Flinders,98 ,30 ,3.0,0.0,0.0,131 ,20072
M,"Professional, Scientific and Technical Services",214021379,Hastings - Somers,114 ,56 ,11.0,0.0,0.0,183 ,21664
M,"Professional, Scientific and Technical Services",214021381,Mount Eliza,248 ,143 ,18.0,3.0,0.0,411 ,20949
M," ",214021382,Mount Martha,187 ,97 ,7.0,0.0,0.0,292 ,21803
M,"Professional, Scientific and Technical Services",214021383,Point Nepean,166 ,77 ,12.0,0.0,0.0,256 ,20280
M,"Professional, Scientific and Technical Services",214021384,Rosebud - McCrae,100 ,54 ,13.0,0.0,0.0,168 ,20072
M,"Professional, Scientific and Technical Services",214021385,Somerville,97 ,52 ,12.0,3.0,0.0,164 ,22050
M,"Professional, Scientific and Technical Services",214021591,Mornington - East,108 ,67 ,20.0,3.0,0.0,198 ,21793
M,"Professional, Scientific and Technical Services",214021592,Mornington - West,110 ,59 ,17.0,6.0,0.0,192 ,21793
M,"Professional, Scientific and Technical Services",215011386,Ararat,22 ,5 ,3.0,0.0,0.0,30 ,20811
M,"Professional, Scientific and Technical Services",215011387,Ararat Surrounds,7 ,7 ,3.0,0.0,0.0,17 ,20680
M,"Professional, Scientific and Technical Services",215011388,Horsham,61 ,22 ,14.0,0.0,0.0,99 ,20403
M,"Professional, Scientific and Technical Services",215011389,Horsham Surrounds,14 ,3 ,0.0,0.0,0.0,18 ,20403
M,"Professional, Scientific and Technical Services",215011390,Nhill Region,12 ,9 ,0.0,0.0,0.0,22 ,20756
M,"Professional, Scientific and Technical Services",215011391,St Arnaud,8 ,4 ,3.0,0.0,0.0,15 ,20142
M,"Professional, Scientific and Technical Services",215011392,Stawell,33 ,13 ,3.0,0.0,0.0,48 ,20680
M,"Professional, Scientific and Technical Services",215011393,West Wimmera,9 ,3 ,0.0,0.0,0.0,12 ,20119
M,"Professional, Scientific and Technical Services",215011394,Yarriambiack,9 ,7 ,3.0,0.0,0.0,19 ,20756
M,"Professional, Scientific and Technical Services",215021395,Irymple,33 ,13 ,4.0,0.0,0.0,50 ,20488
M,"Professional, Scientific and Technical Services",215021396,Merbein,9 ,7 ,3.0,0.0,0.0,18 ,21388
M,"Professional, Scientific and Technical Services",215021398,Mildura Surrounds,11 ,3 ,0.0,0.0,0.0,13 ,20234
M,"Professional, Scientific and Technical Services",215021399,Red Cliffs,9 ,5 ,0.0,0.0,0.0,17 ,20488
M,"Professional, Scientific and Technical Services",215021469,Mildura - North,88 ,59 ,26.0,6.0,0.0,179 ,21682
M,"Professional, Scientific and Technical Services",215021470,Mildura - South,45 ,24 ,4.0,0.0,0.0,74 ,21245
M,"Professional, Scientific and Technical Services",215031400,Buloke,11 ,12 ,4.0,0.0,0.0,27 ,20155
M,"Professional, Scientific and Technical Services",215031401,Gannawarra,11 ,8 ,3.0,0.0,0.0,22 ,20051
M,"Professional, Scientific and Technical Services",215031402,Kerang,12 ,6 ,3.0,0.0,0.0,22 ,20477
M,"Professional, Scientific and Technical Services",215031403,Robinvale,6 ,3 ,3.0,3.0,0.0,11 ,22744
M,"Professional, Scientific and Technical Services",215031404,Swan Hill,26 ,17 ,9.0,0.0,0.0,53 ,21076
M,"Professional, Scientific and Technical Services",215031405,Swan Hill Surrounds,24 ,4 ,0.0,0.0,0.0,30 ,20047
M,"Professional, Scientific and Technical Services",216011406,Echuca,70 ,32 ,15.0,0.0,0.0,117 ,20125
M,"Professional, Scientific and Technical Services",216011407,Kyabram,37 ,16 ,7.0,5.0,0.0,65 ,20838
M,"Professional, Scientific and Technical Services",216011408,Lockington - Gunbower,11 ,5 ,0.0,0.0,0.0,17 ,20755
M,"Professional, Scientific and Technical Services",216011409,Rochester,14 ,6 ,3.0,0.0,0.0,21 ,20281
M,"Professional, Scientific and Technical Services",216011410,Rushworth,10 ,7 ,0.0,0.0,0.0,17 ,20093
M,"Professional, Scientific and Technical Services",216021411,Cobram,23 ,12 ,8.0,0.0,0.0,44 ,20301
M,"Professional, Scientific and Technical Services",216021412,Moira,16 ,3 ,0.0,0.0,0.0,20 ,20032
M,"Professional, Scientific and Technical Services",216021413,Numurkah,33 ,17 ,3.0,0.0,0.0,52 ,20839
M,"Professional, Scientific and Technical Services",216021414,Yarrawonga,38 ,13 ,7.0,0.0,0.0,58 ,20395
M,"Professional, Scientific and Technical Services",216031415,Mooroopna,11 ,16 ,3.0,0.0,0.0,28 ,20063
M,"Professional, Scientific and Technical Services",216031416,Shepparton - North,111 ,68 ,25.0,7.0,0.0,212 ,20393
M,"Professional, Scientific and Technical Services",216031418,Shepparton Surrounds - East,19 ,14 ,0.0,0.0,0.0,35 ,20056
M,"Professional, Scientific and Technical Services",216031419,Shepparton Surrounds - West,27 ,14 ,5.0,0.0,0.0,47 ,20056
M,"Professional, Scientific and Technical Services",216031593,Kialla,51 ,26 ,4.0,0.0,0.0,81 ,20056
M,"Professional, Scientific and Technical Services",216031594,Shepparton - South East,56 ,35 ,11.0,3.0,0.0,105 ,21340
M,"Professional, Scientific and Technical Services",217011420,Glenelg (Vic.),21 ,9 ,0.0,3.0,0.0,32 ,20340
M,"Professional, Scientific and Technical Services",217011421,Hamilton (Vic.),23 ,17 ,6.0,0.0,0.0,47 ,20322
M,"Professional, Scientific and Technical Services",217011422,Portland,33 ,14 ,6.0,0.0,0.0,54 ,20274
M,"Professional, Scientific and Technical Services",217011423,Southern Grampians,28 ,17 ,0.0,0.0,0.0,46 ,20199
M,"Professional, Scientific and Technical Services",217031471,Camperdown,10 ,7 ,3.0,0.0,0.0,19 ,20285
M,"Professional, Scientific and Technical Services",217031472,Colac,35 ,14 ,8.0,3.0,0.0,58 ,20149
M,"Professional, Scientific and Technical Services",217031473,Colac Surrounds,23 ,8 ,0.0,0.0,0.0,33 ,20671
M,"Professional, Scientific and Technical Services",217031474,Corangamite - North,9 ,5 ,0.0,0.0,0.0,16 ,20319
M,"Professional, Scientific and Technical Services",217031475,Corangamite - South,26 ,15 ,0.0,0.0,0.0,42 ,20306
M,"Professional, Scientific and Technical Services",217031476,Otway,26 ,10 ,0.0,3.0,0.0,39 ,20161
M,"Professional, Scientific and Technical Services",217041477,Moyne - East,28 ,8 ,0.0,0.0,0.0,37 ,21916
M,"Professional, Scientific and Technical Services",217041478,Moyne - West,39 ,13 ,4.0,0.0,0.0,56 ,20225
M,"Professional, Scientific and Technical Services",217041479,Warrnambool - North,72 ,25 ,3.0,0.0,0.0,101 ,20028
M,"Professional, Scientific and Technical Services",217041480,Warrnambool - South,50 ,37 ,25.0,8.0,0.0,120 ,20028
N,Administrative and Support Services,201011001,Alfredton,35 ,19 ,5.0,5.0,0.0,64 ,20023
N,Administrative and Support Services,201011002,Ballarat,38 ,16 ,17.0,7.0,3.0,80 ,20023
N,Administrative and Support Services,201011005,Buninyong,20 ,5 ,3.0,0.0,0.0,30 ,20409
N,Administrative and Support Services,201011006,Delacombe,30 ,13 ,3.0,0.0,0.0,47 ,20023
N,Administrative and Support Services,201011007,Smythes Creek,5 ,4 ,3.0,0.0,0.0,10 ,20262
N,Administrative and Support Services,201011008,Wendouree - Miners Rest,21 ,13 ,6.0,3.0,0.0,42 ,20023
N,Administrative and Support Services,201011481,Ballarat East - Warrenheip,18 ,9 ,6.0,0.0,0.0,34 ,20104
N,Administrative and Support Services,201011482,Ballarat North - Invermay,19 ,19 ,4.0,3.0,0.0,45 ,22745
N,Administrative and Support Services,201011483,Canadian - Mount Clear,22 ,13 ,4.0,0.0,0.0,41 ,20111
N,Administrative and Support Services,201011484,Sebastopol - Redan,25 ,4 ,3.0,0.0,0.0,32 ,20730
N,Administrative and Support Services,201021009,Bacchus Marsh Surrounds,14 ,10 ,3.0,0.0,0.0,26 ,20076
N,Administrative and Support Services,201021010,Creswick - Clunes,17 ,3 ,3.0,0.0,0.0,22 ,20262
N,Administrative and Support Services,201021011,Daylesford,23 ,17 ,8.0,0.0,0.0,48 ,20256
N,Administrative and Support Services,201021012,Gordon (Vic.),10 ,8 ,5.0,0.0,0.0,23 ,20409
N,Administrative and Support Services,201031013,Avoca,0 ,3 ,0.0,0.0,0.0,4 ,20008
N,Administrative and Support Services,201031014,Beaufort,4 ,4 ,0.0,0.0,0.0,8 ,20262
N,Administrative and Support Services,201031015,Golden Plains - North,13 ,6 ,0.0,0.0,0.0,19 ,21123
N,Administrative and Support Services,201031016,Maryborough (Vic.),12 ,4 ,3.0,3.0,0.0,18 ,20009
N,Administrative and Support Services,201031017,Maryborough Surrounds,6 ,8 ,0.0,0.0,0.0,15 ,20459
N,Administrative and Support Services,202011018,Bendigo,39 ,19 ,11.0,4.0,0.0,73 ,20208
N,Administrative and Support Services,202011019,California Gully - Eaglehawk,23 ,7 ,3.0,3.0,0.0,34 ,20444
N,Administrative and Support Services,202011020,East Bendigo - Kennington,27 ,16 ,5.0,6.0,3.0,55 ,20208
N,Administrative and Support Services,202011021,Flora Hill - Spring Gully,18 ,6 ,3.0,0.0,0.0,28 ,20208
N,Administrative and Support Services,202011022,Kangaroo Flat - Golden Square,32 ,18 ,4.0,0.0,0.0,54 ,20208
N,Administrative and Support Services,202011023,Maiden Gully,7 ,0 ,3.0,0.0,0.0,11 ,20444
N,Administrative and Support Services,202011024,Strathfieldsaye,15 ,10 ,3.0,3.0,0.0,31 ,20828
N,Administrative and Support Services,202011025,White Hills - Ascot,22 ,7 ,5.0,3.0,0.0,36 ,20208
N,Administrative and Support Services,202021026,Bendigo Surrounds - South,14 ,5 ,0.0,3.0,0.0,22 ,20835
N,Administrative and Support Services,202021027,Castlemaine,22 ,13 ,0.0,0.0,0.0,35 ,20955
N,Administrative and Support Services,202021028,Castlemaine Surrounds,16 ,20 ,3.0,0.0,0.0,39 ,20459
N,Administrative and Support Services,202021029,Heathcote,7 ,4 ,3.0,0.0,0.0,13 ,20877
N,Administrative and Support Services,202021030,Kyneton,31 ,8 ,7.0,0.0,0.0,48 ,20076
N,Administrative and Support Services,202021031,Woodend,13 ,13 ,4.0,0.0,0.0,30 ,20076
N,Administrative and Support Services,202031032,Bendigo Surrounds - North,8 ,4 ,0.0,0.0,0.0,12 ,20828
N,Administrative and Support Services,202031033,Loddon,10 ,5 ,3.0,0.0,0.0,17 ,20177
N,Administrative and Support Services,203011034,Bannockburn,15 ,15 ,3.0,0.0,0.0,33 ,20133
N,Administrative and Support Services,203011035,Golden Plains - South,18 ,6 ,3.0,0.0,0.0,27 ,20217
N,Administrative and Support Services,203011036,Winchelsea,15 ,8 ,0.0,0.0,0.0,23 ,20151
N,Administrative and Support Services,203021037,Belmont,41 ,6 ,5.0,0.0,0.0,53 ,20201
N,Administrative and Support Services,203021039,Geelong,46 ,43 ,19.0,10.0,0.0,118 ,20201
N,Administrative and Support Services,203021040,Geelong West - Hamlyn Heights,42 ,19 ,9.0,3.0,0.0,72 ,20165
N,Administrative and Support Services,203021042,Highton,65 ,18 ,8.0,0.0,0.0,92 ,20151
N,Administrative and Support Services,203021043,Lara,48 ,14 ,6.0,0.0,0.0,69 ,20115
N,Administrative and Support Services,203021044,Leopold,30 ,12 ,4.0,0.0,0.0,46 ,20621
N,Administrative and Support Services,203021045,Newcomb - Moolap,31 ,13 ,3.0,0.0,0.0,48 ,20326
N,Administrative and Support Services,203021046,Newtown (Vic.),24 ,16 ,4.0,0.0,3.0,45 ,20960
N,Administrative and Support Services,203021047,North Geelong - Bell Park,40 ,10 ,9.0,3.0,0.0,61 ,20165
N,Administrative and Support Services,203021485,Charlemont,45 ,8 ,4.0,0.0,0.0,57 ,21790
N,Administrative and Support Services,203021486,Corio - Lovely Banks,43 ,10 ,6.0,3.0,0.0,61 ,20165
N,Administrative and Support Services,203021487,Grovedale - Mount Duneed,78 ,14 ,4.0,3.0,0.0,98 ,20954
N,Administrative and Support Services,203021488,Norlane,30 ,4 ,3.0,0.0,0.0,37 ,20191
N,Administrative and Support Services,203031048,Clifton Springs,28 ,15 ,6.0,3.0,0.0,50 ,20697
N,Administrative and Support Services,203031049,Lorne - Anglesea,20 ,9 ,3.0,3.0,0.0,33 ,20046
N,Administrative and Support Services,203031051,Portarlington,21 ,4 ,3.0,3.0,0.0,28 ,20193
N,Administrative and Support Services,203031052,Point Lonsdale - Queenscliff,13 ,3 ,4.0,0.0,0.0,21 ,22663
N,Administrative and Support Services,203031053,Torquay,55 ,32 ,13.0,4.0,0.0,104 ,20046
N,Administrative and Support Services,203031489,Barwon Heads - Armstrong Creek,48 ,18 ,4.0,3.0,0.0,72 ,21790
N,Administrative and Support Services,203031490,Ocean Grove,43 ,24 ,6.0,3.0,0.0,75 ,20621
N,Administrative and Support Services,204011054,Alexandra,13 ,6 ,3.0,0.0,0.0,20 ,20005
N,Administrative and Support Services,204011055,Euroa,20 ,4 ,0.0,0.0,0.0,25 ,20283
N,Administrative and Support Services,204011056,Kilmore - Broadford,44 ,14 ,8.0,3.0,0.0,69 ,21980
N,Administrative and Support Services,204011057,Mansfield (Vic.),37 ,18 ,8.0,0.0,0.0,64 ,20283
N,Administrative and Support Services,204011058,Nagambie,7 ,7 ,0.0,0.0,0.0,14 ,20652
N,Administrative and Support Services,204011059,Seymour,10 ,7 ,3.0,0.0,0.0,18 ,20086
N,Administrative and Support Services,204011060,Seymour Surrounds,3 ,3 ,0.0,0.0,0.0,8 ,22154
N,Administrative and Support Services,204011061,Upper Yarra Valley,0 ,0 ,0.0,0.0,0.0,0 ,20452
N,Administrative and Support Services,204011062,Yea,10 ,9 ,0.0,0.0,0.0,19 ,20005
N,Administrative and Support Services,204021063,Benalla,22 ,10 ,4.0,0.0,0.0,37 ,20096
N,Administrative and Support Services,204021064,Benalla Surrounds,12 ,3 ,0.0,0.0,0.0,16 ,20283
N,Administrative and Support Services,204021065,Rutherglen,6 ,3 ,3.0,0.0,0.0,12 ,20296
N,Administrative and Support Services,204021066,Wangaratta,36 ,17 ,7.0,4.0,0.0,65 ,21349
N,Administrative and Support Services,204021067,Wangaratta Surrounds,24 ,14 ,3.0,3.0,0.0,42 ,20060
N,Administrative and Support Services,204031068,Beechworth,11 ,3 ,0.0,3.0,0.0,17 ,20551
N,Administrative and Support Services,204031069,Bright - Mount Beauty,20 ,15 ,10.0,0.0,0.0,45 ,21210
N,Administrative and Support Services,204031070,Chiltern - Indigo Valley,9 ,5 ,0.0,0.0,0.0,15 ,20357
N,Administrative and Support Services,204031071,Myrtleford,10 ,5 ,0.0,3.0,0.0,16 ,20312
N,Administrative and Support Services,204031072,Towong,13 ,6 ,0.0,3.0,0.0,21 ,20883
N,Administrative and Support Services,204031073,West Wodonga,21 ,11 ,3.0,3.0,0.0,36 ,21230
N,Administrative and Support Services,204031075,Yackandandah,12 ,7 ,3.0,3.0,0.0,21 ,22351
N,Administrative and Support Services,204031491,Baranduda - Leneva,27 ,13 ,0.0,0.0,0.0,42 ,21230
N,Administrative and Support Services,204031492,Wodonga,31 ,12 ,4.0,4.0,0.0,51 ,21222
N,Administrative and Support Services,205011076,Drouin,47 ,19 ,6.0,0.0,0.0,72 ,20081
N,Administrative and Support Services,205011077,Mount Baw Baw Region,12 ,9 ,3.0,3.0,0.0,26 ,20452
N,Administrative and Support Services,205011078,Trafalgar (Vic.),14 ,5 ,0.0,0.0,0.0,20 ,20391
N,Administrative and Support Services,205011079,Warragul,64 ,22 ,10.0,6.0,0.0,103 ,20081
N,Administrative and Support Services,205021080,Alps - East,0 ,0 ,0.0,0.0,0.0,0 ,20719
N,Administrative and Support Services,205021081,Bairnsdale,32 ,13 ,6.0,3.0,3.0,54 ,20103
N,Administrative and Support Services,205021082,Bruthen - Omeo,24 ,12 ,3.0,3.0,0.0,39 ,20265
N,Administrative and Support Services,205021083,Lake King,0 ,0 ,0.0,0.0,0.0,0 ,20822
N,Administrative and Support Services,205021084,Lakes Entrance,17 ,7 ,0.0,0.0,0.0,26 ,20290
N,Administrative and Support Services,205021085,Orbost,15 ,10 ,3.0,0.0,0.0,28 ,20360
N,Administrative and Support Services,205021086,Paynesville,20 ,7 ,0.0,0.0,0.0,29 ,20103
N,Administrative and Support Services,205031087,Foster,28 ,5 ,3.0,0.0,0.0,36 ,20010
N,Administrative and Support Services,205031088,French Island,0 ,0 ,0.0,0.0,0.0,0 ,20856
N,Administrative and Support Services,205031089,Korumburra,27 ,10 ,0.0,0.0,0.0,37 ,20081
N,Administrative and Support Services,205031090,Leongatha,19 ,14 ,9.0,3.0,0.0,45 ,20024
N,Administrative and Support Services,205031091,Phillip Island,48 ,18 ,9.0,0.0,0.0,76 ,20475
N,Administrative and Support Services,205031092,Wilsons Promontory,0 ,0 ,0.0,0.0,0.0,0 ,22800
N,Administrative and Support Services,205031093,Wonthaggi - Inverloch,48 ,25 ,10.0,3.0,0.0,84 ,21235
N,Administrative and Support Services,205041094,Churchill,15 ,11 ,0.0,0.0,0.0,28 ,20585
N,Administrative and Support Services,205041095,Moe - Newborough,25 ,7 ,6.0,3.0,0.0,39 ,21716
N,Administrative and Support Services,205041096,Morwell,25 ,10 ,3.0,4.0,0.0,42 ,22596
N,Administrative and Support Services,205041098,Yallourn North - Glengarry,6 ,0 ,3.0,0.0,0.0,9 ,20286
N,Administrative and Support Services,205041493,Traralgon - East,27 ,9 ,5.0,3.0,0.0,43 ,21027
N,Administrative and Support Services,205041494,Traralgon - West,29 ,12 ,3.0,3.0,0.0,46 ,21027
N,Administrative and Support Services,205051099,Alps - West,0 ,0 ,0.0,0.0,0.0,0 ,21210
N,Administrative and Support Services,205051100,Longford - Loch Sport,12 ,7 ,0.0,0.0,0.0,19 ,20938
N,Administrative and Support Services,205051101,Maffra,25 ,13 ,7.0,0.0,0.0,45 ,22542
N,Administrative and Support Services,205051102,Rosedale,6 ,3 ,3.0,0.0,0.0,9 ,22543
N,Administrative and Support Services,205051103,Sale,25 ,13 ,7.0,4.0,0.0,49 ,20586
N,Administrative and Support Services,205051104,Yarram,6 ,4 ,0.0,0.0,0.0,10 ,20242
N,Administrative and Support Services,206011106,Brunswick East,26 ,11 ,4.0,4.0,0.0,45 ,20361
N,Administrative and Support Services,206011107,Brunswick West,39 ,13 ,4.0,3.0,0.0,58 ,20361
N,Administrative and Support Services,206011109,Pascoe Vale South,26 ,6 ,0.0,0.0,0.0,34 ,20596
N,Administrative and Support Services,206011495,Brunswick - North,33 ,14 ,5.0,0.0,0.0,53 ,20361
N,Administrative and Support Services,206011496,Brunswick - South,41 ,19 ,6.0,3.0,0.0,69 ,20361
N,Administrative and Support Services,206011497,Coburg - East,38 ,20 ,7.0,3.0,0.0,68 ,20361
N,Administrative and Support Services,206011498,Coburg - West,21 ,7 ,0.0,0.0,0.0,31 ,20361
N,Administrative and Support Services,206021110,Alphington - Fairfield,20 ,9 ,3.0,0.0,0.0,33 ,21971
N,Administrative and Support Services,206021112,Thornbury,52 ,19 ,4.0,0.0,0.0,78 ,20362
N,Administrative and Support Services,206021499,Northcote - East,38 ,19 ,3.0,3.0,0.0,61 ,21971
N,Administrative and Support Services,206021500,Northcote - West,26 ,7 ,7.0,0.0,0.0,40 ,20362
N,Administrative and Support Services,206031113,Ascot Vale,55 ,19 ,5.0,3.0,0.0,82 ,20075
N,Administrative and Support Services,206031115,Flemington,27 ,12 ,0.0,3.0,0.0,42 ,20075
N,Administrative and Support Services,206031116,Moonee Ponds,57 ,25 ,10.0,0.0,0.0,94 ,20075
N,Administrative and Support Services,206031501,Essendon (West) - Aberfeldie,46 ,16 ,8.0,3.0,0.0,73 ,20885
N,Administrative and Support Services,206031502,Essendon - East,47 ,12 ,3.0,5.0,0.0,67 ,20363
N,Administrative and Support Services,206041117,Carlton,71 ,25 ,14.0,7.0,3.0,118 ,20496
N,Administrative and Support Services,206041118,Docklands,88 ,40 ,12.0,14.0,3.0,157 ,21640
N,Administrative and Support Services,206041119,East Melbourne,32 ,24 ,15.0,3.0,0.0,74 ,20495
N,Administrative and Support Services,206041120,Flemington Racecourse,3 ,0 ,0.0,0.0,0.0,3 ,20075
N,Administrative and Support Services,206041121,Kensington (Vic.),31 ,12 ,4.0,3.0,0.0,50 ,20929
N,Administrative and Support Services,206041124,Parkville,15 ,13 ,3.0,0.0,0.0,32 ,20361
N,Administrative and Support Services,206041125,South Yarra - West,26 ,11 ,7.0,3.0,0.0,48 ,21640
N,Administrative and Support Services,206041127,West Melbourne - Industrial,0 ,0 ,0.0,0.0,0.0,3 ,20935
N,Administrative and Support Services,206041503,Melbourne CBD - East,123 ,100 ,36.0,27.0,7.0,293 ,20495
N,Administrative and Support Services,206041504,Melbourne CBD - North,77 ,34 ,13.0,15.0,3.0,141 ,20495
N,Administrative and Support Services,206041505,Melbourne CBD - West,353 ,204 ,114.0,74.0,16.0,761 ,21640
N,Administrative and Support Services,206041506,North Melbourne,48 ,18 ,12.0,11.0,5.0,94 ,22038
N,Administrative and Support Services,206041507,Royal Botanic Gardens Victoria,0 ,0 ,0.0,0.0,0.0,0 ,21640
N,Administrative and Support Services,206041508,Southbank (West) - South Wharf,33 ,18 ,9.0,8.0,4.0,72 ,21640
N,Administrative and Support Services,206041509,Southbank - East,65 ,17 ,11.0,7.0,0.0,101 ,21640
N,Administrative and Support Services,206041510,West Melbourne - Residential,38 ,14 ,3.0,5.0,0.0,58 ,21640
N,Administrative and Support Services,206051128,Albert Park,116 ,77 ,35.0,21.0,4.0,253 ,21640
N,Administrative and Support Services,206051129,Elwood,36 ,27 ,5.0,0.0,0.0,70 ,22343
N,Administrative and Support Services,206051130,Port Melbourne,66 ,37 ,4.0,3.0,0.0,111 ,22107
N,Administrative and Support Services,206051134,St Kilda East,68 ,15 ,4.0,3.0,0.0,90 ,22118
N,Administrative and Support Services,206051511,Port Melbourne Industrial,42 ,24 ,15.0,12.0,4.0,97 ,20766
N,Administrative and Support Services,206051512,South Melbourne,83 ,50 ,33.0,15.0,7.0,188 ,21640
N,Administrative and Support Services,206051513,St Kilda - Central,50 ,25 ,14.0,3.0,0.0,93 ,22805
N,Administrative and Support Services,206051514,St Kilda - West,62 ,23 ,6.0,7.0,0.0,98 ,21640
N,Administrative and Support Services,206061135,Armadale,37 ,19 ,8.0,3.0,0.0,68 ,22118
N,Administrative and Support Services,206061136,Prahran - Windsor,76 ,38 ,20.0,9.0,0.0,143 ,21640
N,Administrative and Support Services,206061138,Toorak,48 ,32 ,12.0,4.0,0.0,96 ,22118
N,Administrative and Support Services,206061515,South Yarra - North,57 ,37 ,18.0,9.0,4.0,125 ,21640
N,Administrative and Support Services,206061516,South Yarra - South,44 ,21 ,11.0,6.0,0.0,84 ,22118
N,Administrative and Support Services,206071139,Abbotsford,33 ,15 ,11.0,3.0,3.0,63 ,20901
N,Administrative and Support Services,206071140,Carlton North - Princes Hill,8 ,5 ,6.0,0.0,0.0,19 ,20361
N,Administrative and Support Services,206071141,Collingwood,58 ,26 ,21.0,12.0,5.0,122 ,20925
N,Administrative and Support Services,206071142,Fitzroy,39 ,19 ,10.0,7.0,0.0,75 ,20925
N,Administrative and Support Services,206071143,Fitzroy North,31 ,11 ,0.0,0.0,0.0,43 ,20362
N,Administrative and Support Services,206071145,Clifton Hill - Alphington,25 ,13 ,8.0,3.0,0.0,49 ,20925
N,Administrative and Support Services,206071517,Richmond (South) - Cremorne,80 ,60 ,32.0,10.0,0.0,183 ,20830
N,Administrative and Support Services,206071518,Richmond - North,38 ,35 ,10.0,5.0,0.0,89 ,20830
N,Administrative and Support Services,207011146,Ashburton (Vic.),22 ,6 ,0.0,3.0,0.0,31 ,20077
N,Administrative and Support Services,207011147,Balwyn,61 ,20 ,7.0,4.0,3.0,93 ,21336
N,Administrative and Support Services,207011148,Balwyn North,70 ,36 ,5.0,0.0,0.0,113 ,21336
N,Administrative and Support Services,207011149,Camberwell,71 ,32 ,8.0,0.0,0.0,112 ,21010
N,Administrative and Support Services,207011150,Glen Iris - East,57 ,21 ,10.0,4.0,0.0,92 ,20077
N,Administrative and Support Services,207011152,Hawthorn East,62 ,34 ,19.0,9.0,0.0,124 ,21586
N,Administrative and Support Services,207011154,Kew East,24 ,13 ,6.0,5.0,0.0,48 ,20034
N,Administrative and Support Services,207011155,Surrey Hills (West) - Canterbury,40 ,27 ,13.0,6.0,0.0,86 ,21336
N,Administrative and Support Services,207011519,Hawthorn - North,35 ,24 ,7.0,3.0,3.0,71 ,22170
N,Administrative and Support Services,207011520,Hawthorn - South,51 ,26 ,12.0,5.0,3.0,95 ,22547
N,Administrative and Support Services,207011521,Kew - South,38 ,15 ,7.0,3.0,3.0,65 ,21152
N,Administrative and Support Services,207011522,Kew - West,40 ,22 ,8.0,4.0,0.0,74 ,20034
N,Administrative and Support Services,207021156,Bulleen,31 ,11 ,0.0,0.0,3.0,45 ,20124
N,Administrative and Support Services,207021157,Doncaster,103 ,35 ,5.0,3.0,0.0,146 ,20124
N,Administrative and Support Services,207021159,Templestowe,68 ,27 ,5.0,0.0,0.0,102 ,20771
N,Administrative and Support Services,207021160,Templestowe Lower,39 ,13 ,0.0,0.0,0.0,55 ,20386
N,Administrative and Support Services,207021424,Doncaster East - North,48 ,24 ,3.0,0.0,0.0,75 ,20771
N,Administrative and Support Services,207021425,Doncaster East - South,66 ,17 ,6.0,3.0,0.0,92 ,20771
N,Administrative and Support Services,207031161,Blackburn,72 ,32 ,8.0,0.0,0.0,114 ,20315
N,Administrative and Support Services,207031162,Blackburn South,37 ,15 ,0.0,0.0,0.0,54 ,20426
N,Administrative and Support Services,207031163,Box Hill,139 ,44 ,8.0,4.0,0.0,196 ,21732
N,Administrative and Support Services,207031164,Box Hill North,60 ,25 ,0.0,0.0,0.0,87 ,20123
N,Administrative and Support Services,207031165,Burwood (Vic.),67 ,11 ,3.0,3.0,0.0,84 ,21010
N,Administrative and Support Services,207031166,Burwood East,58 ,18 ,3.0,0.0,0.0,78 ,20426
N,Administrative and Support Services,207031167,Surrey Hills (East) - Mont Albert,28 ,19 ,8.0,0.0,3.0,56 ,21732
N,Administrative and Support Services,208011168,Beaumaris,32 ,20 ,3.0,0.0,0.0,56 ,20182
N,Administrative and Support Services,208011169,Brighton (Vic.),93 ,47 ,15.0,7.0,3.0,163 ,20337
N,Administrative and Support Services,208011170,Brighton East,55 ,29 ,4.0,0.0,0.0,89 ,20337
N,Administrative and Support Services,208011171,Highett (West) - Cheltenham,45 ,35 ,7.0,9.0,0.0,96 ,20182
N,Administrative and Support Services,208011172,Hampton,59 ,33 ,7.0,0.0,0.0,101 ,20337
N,Administrative and Support Services,208011173,Sandringham - Black Rock,55 ,36 ,6.0,0.0,0.0,98 ,20182
N,Administrative and Support Services,208021174,Bentleigh - McKinnon,71 ,28 ,9.0,0.0,0.0,109 ,20338
N,Administrative and Support Services,208021176,Carnegie,71 ,19 ,5.0,3.0,0.0,96 ,21587
N,Administrative and Support Services,208021177,Caulfield - North,78 ,28 ,12.0,6.0,0.0,125 ,20105
N,Administrative and Support Services,208021178,Caulfield - South,62 ,23 ,14.0,3.0,0.0,100 ,20864
N,Administrative and Support Services,208021179,Elsternwick,29 ,22 ,6.0,4.0,0.0,61 ,20337
N,Administrative and Support Services,208021180,Hughesdale,29 ,5 ,0.0,0.0,0.0,35 ,21587
N,Administrative and Support Services,208021181,Murrumbeena,39 ,9 ,5.0,3.0,0.0,56 ,21587
N,Administrative and Support Services,208021182,Ormond - Glen Huntly,84 ,16 ,5.0,0.0,0.0,107 ,20338
N,Administrative and Support Services,208021426,Bentleigh East - North,50 ,19 ,5.0,3.0,3.0,78 ,20214
N,Administrative and Support Services,208021427,Bentleigh East - South,50 ,21 ,6.0,3.0,0.0,79 ,20214
N,Administrative and Support Services,208031183,Aspendale Gardens - Waterways,21 ,15 ,0.0,0.0,0.0,36 ,20079
N,Administrative and Support Services,208031184,Braeside,9 ,0 ,16.0,8.0,3.0,36 ,20079
N,Administrative and Support Services,208031185,Carrum - Patterson Lakes,30 ,15 ,4.0,0.0,0.0,51 ,20131
N,Administrative and Support Services,208031186,Chelsea - Bonbeach,29 ,12 ,5.0,3.0,0.0,48 ,20538
N,Administrative and Support Services,208031187,Chelsea Heights,9 ,7 ,0.0,3.0,0.0,17 ,20080
N,Administrative and Support Services,208031188,Highett (East) - Cheltenham,71 ,31 ,11.0,7.0,3.0,121 ,20539
N,Administrative and Support Services,208031189,Edithvale - Aspendale,33 ,10 ,3.0,0.0,0.0,47 ,20079
N,Administrative and Support Services,208031190,Mentone,39 ,19 ,3.0,0.0,0.0,61 ,20182
N,Administrative and Support Services,208031191,Moorabbin - Heatherton,38 ,25 ,14.0,7.0,0.0,84 ,20539
N,Administrative and Support Services,208031192,Moorabbin Airport,3 ,3 ,0.0,0.0,0.0,3 ,20539
N,Administrative and Support Services,208031193,Mordialloc - Parkdale,58 ,22 ,14.0,6.0,0.0,100 ,21648
N,Administrative and Support Services,208041194,Malvern - Glen Iris,74 ,35 ,25.0,4.0,0.0,139 ,20066
N,Administrative and Support Services,208041195,Malvern East,65 ,36 ,13.0,3.0,3.0,120 ,20523
N,Administrative and Support Services,209011196,Bundoora - East,26 ,17 ,3.0,0.0,0.0,47 ,20399
N,Administrative and Support Services,209011197,Greensborough,38 ,18 ,5.0,3.0,0.0,64 ,21104
N,Administrative and Support Services,209011198,Heidelberg - Rosanna,37 ,23 ,7.0,3.0,3.0,72 ,21246
N,Administrative and Support Services,209011199,Heidelberg West,43 ,21 ,10.0,5.0,0.0,79 ,22121
N,Administrative and Support Services,209011200,Ivanhoe,22 ,15 ,5.0,0.0,0.0,44 ,22508
N,Administrative and Support Services,209011201,Ivanhoe East - Eaglemont,17 ,9 ,5.0,0.0,0.0,31 ,21246
N,Administrative and Support Services,209011202,Montmorency - Briar Hill,47 ,22 ,5.0,0.0,0.0,76 ,22484
N,Administrative and Support Services,209011203,Viewbank - Yallambie,39 ,13 ,0.0,3.0,0.0,54 ,20386
N,Administrative and Support Services,209011204,Watsonia,20 ,9 ,3.0,0.0,0.0,30 ,20399
N,Administrative and Support Services,209021205,Kingsbury,37 ,11 ,3.0,0.0,0.0,49 ,20399
N,Administrative and Support Services,209021428,Preston - East,61 ,29 ,13.0,5.0,0.0,109 ,22121
N,Administrative and Support Services,209021429,Preston - West,29 ,11 ,3.0,3.0,0.0,44 ,20596
N,Administrative and Support Services,209021523,Reservoir - North East,67 ,19 ,0.0,0.0,0.0,86 ,20399
N,Administrative and Support Services,209021524,Reservoir - North West,30 ,0 ,5.0,0.0,0.0,36 ,22161
N,Administrative and Support Services,209021525,Reservoir - South East,52 ,12 ,3.0,0.0,0.0,66 ,22121
N,Administrative and Support Services,209021526,Reservoir - South West,43 ,17 ,0.0,0.0,0.0,61 ,20597
N,Administrative and Support Services,209031209,Eltham,56 ,28 ,11.0,3.0,0.0,98 ,22483
N,Administrative and Support Services,209031210,Hurstbridge,8 ,10 ,3.0,0.0,0.0,19 ,20752
N,Administrative and Support Services,209031211,Kinglake,18 ,7 ,3.0,0.0,0.0,27 ,20916
N,Administrative and Support Services,209031212,Panton Hill - St Andrews,21 ,13 ,4.0,0.0,0.0,38 ,21358
N,Administrative and Support Services,209031213,Plenty - Yarrambat,19 ,10 ,4.0,0.0,0.0,34 ,20399
N,Administrative and Support Services,209031214,Research - North Warrandyte,20 ,11 ,7.0,4.0,0.0,42 ,20865
N,Administrative and Support Services,209031215,Wattle Glen - Diamond Creek,28 ,12 ,5.0,3.0,0.0,47 ,20865
N,Administrative and Support Services,209041216,Bundoora - North,31 ,13 ,4.0,3.0,0.0,50 ,20399
N,Administrative and Support Services,209041217,Bundoora - West,19 ,4 ,3.0,0.0,0.0,25 ,20399
N,Administrative and Support Services,209041220,Mill Park - North,43 ,17 ,3.0,0.0,0.0,63 ,21683
N,Administrative and Support Services,209041221,Mill Park - South,36 ,11 ,4.0,0.0,0.0,53 ,20399
N,Administrative and Support Services,209041223,Thomastown,89 ,33 ,15.0,6.0,3.0,144 ,20399
N,Administrative and Support Services,209041224,Wallan,80 ,22 ,5.0,3.0,0.0,108 ,20345
N,Administrative and Support Services,209041225,Whittlesea,47 ,8 ,3.0,3.0,0.0,58 ,20576
N,Administrative and Support Services,209041431,Epping - East,41 ,8 ,0.0,0.0,0.0,50 ,22311
N,Administrative and Support Services,209041432,Epping - South,45 ,8 ,9.0,3.0,0.0,64 ,21683
N,Administrative and Support Services,209041433,Epping (Vic.) - West,70 ,16 ,3.0,3.0,0.0,91 ,20878
N,Administrative and Support Services,209041435,South Morang - North,33 ,15 ,3.0,3.0,0.0,54 ,20779
N,Administrative and Support Services,209041436,South Morang - South,42 ,9 ,0.0,0.0,0.0,53 ,22916
N,Administrative and Support Services,209041437,Wollert,186 ,29 ,3.0,0.0,0.0,218 ,22311
N,Administrative and Support Services,209041527,Doreen - North,56 ,15 ,3.0,0.0,0.0,75 ,20779
N,Administrative and Support Services,209041528,Doreen - South,41 ,9 ,0.0,3.0,0.0,51 ,20779
N,Administrative and Support Services,209041529,Lalor - East,40 ,5 ,3.0,0.0,0.0,47 ,22504
N,Administrative and Support Services,209041530,Lalor - West,51 ,13 ,3.0,3.0,3.0,70 ,22504
N,Administrative and Support Services,209041531,Mernda - North,51 ,15 ,0.0,0.0,0.0,69 ,20779
N,Administrative and Support Services,209041532,Mernda - South,63 ,11 ,6.0,3.0,0.0,82 ,20779
N,Administrative and Support Services,210011226,Airport West,23 ,8 ,3.0,3.0,0.0,35 ,20886
N,Administrative and Support Services,210011227,Essendon Airport,3 ,0 ,0.0,0.0,0.0,5 ,22380
N,Administrative and Support Services,210011228,Keilor,36 ,24 ,21.0,23.0,8.0,112 ,20015
N,Administrative and Support Services,210011230,Niddrie - Essendon West,27 ,11 ,3.0,4.0,0.0,47 ,20885
N,Administrative and Support Services,210011231,Strathmore,22 ,7 ,3.0,0.0,0.0,31 ,20885
N,Administrative and Support Services,210011533,Avondale Heights,25 ,10 ,3.0,0.0,0.0,36 ,21604
N,Administrative and Support Services,210011534,Keilor East,25 ,15 ,6.0,0.0,0.0,47 ,20888
N,Administrative and Support Services,210021232,Gisborne,43 ,22 ,4.0,0.0,0.0,70 ,20076
N,Administrative and Support Services,210021233,Macedon,4 ,7 ,0.0,0.0,0.0,11 ,20387
N,Administrative and Support Services,210021234,Riddells Creek,9 ,5 ,0.0,0.0,0.0,15 ,21176
N,Administrative and Support Services,210021235,Romsey,21 ,11 ,5.0,3.0,0.0,39 ,20172
N,Administrative and Support Services,210031236,Coburg North,27 ,12 ,5.0,3.0,0.0,46 ,20596
N,Administrative and Support Services,210031237,Fawkner,62 ,7 ,3.0,0.0,0.0,71 ,20597
N,Administrative and Support Services,210031439,Gowanbrae,11 ,4 ,0.0,0.0,0.0,15 ,22381
N,Administrative and Support Services,210031440,Hadfield,25 ,3 ,3.0,0.0,0.0,30 ,22041
N,Administrative and Support Services,210031535,Glenroy - East,77 ,12 ,3.0,0.0,0.0,92 ,22041
N,Administrative and Support Services,210031536,Glenroy - West,36 ,10 ,3.0,0.0,0.0,49 ,22381
N,Administrative and Support Services,210031537,Oak Park,23 ,6 ,0.0,0.0,0.0,30 ,22042
N,Administrative and Support Services,210031538,Pascoe Vale,45 ,13 ,3.0,3.0,0.0,62 ,22042
N,Administrative and Support Services,210041240,Sunbury,30 ,14 ,7.0,0.0,0.0,52 ,20567
N,Administrative and Support Services,210041539,Diggers Rest,18 ,3 ,0.0,0.0,0.0,22 ,20754
N,Administrative and Support Services,210041540,Sunbury - South,25 ,13 ,3.0,0.0,0.0,42 ,21318
N,Administrative and Support Services,210041541,Sunbury - West,19 ,11 ,3.0,0.0,0.0,33 ,20754
N,Administrative and Support Services,210051242,Broadmeadows,105 ,17 ,6.0,4.0,0.0,132 ,20909
N,Administrative and Support Services,210051243,Campbellfield - Coolaroo,97 ,26 ,22.0,21.0,0.0,167 ,22161
N,Administrative and Support Services,210051245,Gladstone Park - Westmeadows,49 ,17 ,10.0,6.0,0.0,83 ,22586
N,Administrative and Support Services,210051246,Greenvale - Bulla,110 ,22 ,5.0,0.0,0.0,139 ,21675
N,Administrative and Support Services,210051247,Meadow Heights,59 ,8 ,3.0,0.0,0.0,68 ,20624
N,Administrative and Support Services,210051248,Melbourne Airport,0 ,0 ,0.0,3.0,0.0,3 ,21319
N,Administrative and Support Services,210051250,Tullamarine,19 ,12 ,6.0,3.0,0.0,41 ,22586
N,Administrative and Support Services,210051441,Craigieburn - Central,36 ,7 ,3.0,0.0,0.0,45 ,20661
N,Administrative and Support Services,210051442,Craigieburn - North,46 ,12 ,5.0,0.0,0.0,64 ,21675
N,Administrative and Support Services,210051443,Craigieburn - South,115 ,29 ,7.0,0.0,0.0,151 ,20878
N,Administrative and Support Services,210051445,Mickleham - Yuroke,212 ,36 ,4.0,3.0,0.0,254 ,20233
N,Administrative and Support Services,210051542,Craigieburn - North West,68 ,6 ,3.0,0.0,0.0,76 ,21675
N,Administrative and Support Services,210051543,Craigieburn - West,89 ,13 ,0.0,0.0,0.0,102 ,21675
N,Administrative and Support Services,210051544,Roxburgh Park (South) - Somerton,53 ,14 ,3.0,3.0,0.0,72 ,20878
N,Administrative and Support Services,210051545,Roxburgh Park - North,108 ,13 ,0.0,0.0,0.0,122 ,20661
N,Administrative and Support Services,211011251,Bayswater,61 ,23 ,14.0,4.0,0.0,103 ,20173
N,Administrative and Support Services,211011254,Knoxfield - Scoresby,75 ,21 ,11.0,4.0,0.0,111 ,21013
N,Administrative and Support Services,211011255,Lysterfield,23 ,11 ,4.0,0.0,0.0,40 ,20917
N,Administrative and Support Services,211011256,Rowville - Central,43 ,22 ,6.0,0.0,0.0,72 ,21374
N,Administrative and Support Services,211011257,Rowville - North,27 ,7 ,0.0,3.0,0.0,37 ,20917
N,Administrative and Support Services,211011258,Rowville - South,36 ,14 ,3.0,0.0,0.0,53 ,22207
N,Administrative and Support Services,211011259,Wantirna,47 ,17 ,7.0,0.0,3.0,72 ,22628
N,Administrative and Support Services,211011260,Wantirna South,61 ,17 ,3.0,0.0,0.0,82 ,21013
N,Administrative and Support Services,211011446,Boronia,80 ,30 ,3.0,0.0,0.0,112 ,20173
N,Administrative and Support Services,211011447,Ferntree Gully - North,35 ,11 ,7.0,0.0,0.0,54 ,20304
N,Administrative and Support Services,211011448,Ferntree Gully (South) - Upper Ferntree Gully,36 ,18 ,6.0,0.0,0.0,60 ,20917
N,Administrative and Support Services,211011449,The Basin,9 ,7 ,0.0,0.0,0.0,18 ,20304
N,Administrative and Support Services,211021261,Donvale - Park Orchards,52 ,23 ,6.0,3.0,0.0,83 ,20772
N,Administrative and Support Services,211021262,Warrandyte - Wonga Park,22 ,13 ,3.0,3.0,0.0,41 ,20772
N,Administrative and Support Services,211031263,Bayswater North,41 ,18 ,9.0,9.0,0.0,77 ,20173
N,Administrative and Support Services,211031265,Croydon Hills - Warranwood,51 ,15 ,3.0,0.0,0.0,67 ,20556
N,Administrative and Support Services,211031266,Ringwood,65 ,31 ,9.0,3.0,0.0,108 ,20774
N,Administrative and Support Services,211031267,Ringwood East,59 ,19 ,3.0,0.0,0.0,80 ,20173
N,Administrative and Support Services,211031268,Ringwood North,16 ,15 ,5.0,0.0,0.0,36 ,20774
N,Administrative and Support Services,211031450,Croydon - East,35 ,11 ,6.0,0.0,0.0,53 ,21354
N,Administrative and Support Services,211031451,Croydon - West,41 ,14 ,0.0,0.0,0.0,56 ,20556
N,Administrative and Support Services,211031452,Croydon South,20 ,6 ,4.0,0.0,0.0,30 ,20174
N,Administrative and Support Services,211041269,Forest Hill,34 ,7 ,3.0,0.0,0.0,43 ,20252
N,Administrative and Support Services,211041270,Mitcham (Vic.),48 ,13 ,5.0,0.0,0.0,68 ,20774
N,Administrative and Support Services,211041271,Nunawading,57 ,10 ,7.0,3.0,0.0,78 ,20774
N,Administrative and Support Services,211041272,Vermont,39 ,16 ,3.0,10.0,3.0,69 ,20937
N,Administrative and Support Services,211041273,Vermont South,41 ,18 ,3.0,0.0,0.0,63 ,20937
N,Administrative and Support Services,211051274,Belgrave - Selby,21 ,10 ,3.0,0.0,0.0,32 ,21558
N,Administrative and Support Services,211051275,Chirnside Park,30 ,8 ,3.0,3.0,0.0,43 ,20556
N,Administrative and Support Services,211051276,Healesville - Yarra Glen,28 ,21 ,5.0,0.0,0.0,54 ,20916
N,Administrative and Support Services,211051277,Kilsyth,21 ,7 ,7.0,0.0,0.0,36 ,20174
N,Administrative and Support Services,211051278,Lilydale - Coldstream,59 ,30 ,11.0,3.0,0.0,102 ,20556
N,Administrative and Support Services,211051279,Monbulk - Silvan,21 ,5 ,3.0,0.0,0.0,29 ,20868
N,Administrative and Support Services,211051280,Montrose,18 ,12 ,3.0,0.0,0.0,32 ,21354
N,Administrative and Support Services,211051281,Mooroolbark,57 ,23 ,8.0,0.0,0.0,88 ,20556
N,Administrative and Support Services,211051282,Mount Dandenong - Olinda,27 ,17 ,6.0,0.0,0.0,51 ,20304
N,Administrative and Support Services,211051283,Mount Evelyn,23 ,10 ,4.0,3.0,0.0,38 ,21736
N,Administrative and Support Services,211051284,Upwey - Tecoma,31 ,5 ,0.0,0.0,0.0,38 ,21558
N,Administrative and Support Services,211051285,Wandin - Seville,20 ,12 ,6.0,3.0,0.0,39 ,20613
N,Administrative and Support Services,211051286,Yarra Valley,41 ,25 ,6.0,3.0,0.0,74 ,20833
N,Administrative and Support Services,212011289,Emerald - Cockatoo,46 ,37 ,13.0,0.0,0.0,97 ,20979
N,Administrative and Support Services,212011546,Beaconsfield - Officer,125 ,29 ,6.0,3.0,0.0,162 ,20176
N,Administrative and Support Services,212011547,Bunyip - Garfield,25 ,8 ,5.0,3.0,0.0,40 ,20411
N,Administrative and Support Services,212011548,Koo Wee Rup,39 ,8 ,5.0,3.0,0.0,53 ,20081
N,Administrative and Support Services,212011549,Pakenham - North East,65 ,16 ,5.0,0.0,3.0,88 ,21879
N,Administrative and Support Services,212011550,Pakenham - North West,45 ,13 ,3.0,0.0,0.0,61 ,20176
N,Administrative and Support Services,212011551,Pakenham - South East,40 ,16 ,4.0,4.0,0.0,64 ,21879
N,Administrative and Support Services,212011552,Pakenham - South West,126 ,34 ,9.0,5.0,0.0,174 ,22006
N,Administrative and Support Services,212021293,Berwick - North,65 ,32 ,11.0,3.0,0.0,110 ,21895
N,Administrative and Support Services,212021295,Doveton,66 ,11 ,0.0,0.0,0.0,78 ,20708
N,Administrative and Support Services,212021297,Hallam,51 ,8 ,15.0,5.0,0.0,81 ,21895
N,Administrative and Support Services,212021299,Narre Warren North,35 ,11 ,3.0,3.0,0.0,49 ,21558
N,Administrative and Support Services,212021453,Endeavour Hills - North,48 ,20 ,0.0,0.0,0.0,69 ,22207
N,Administrative and Support Services,212021454,Endeavour Hills - South,61 ,14 ,3.0,0.0,0.0,77 ,21895
N,Administrative and Support Services,212021455,Narre Warren - North East,34 ,12 ,4.0,0.0,0.0,50 ,21895
N,Administrative and Support Services,212021456,Narre Warren - South West,63 ,21 ,10.0,3.0,3.0,100 ,20224
N,Administrative and Support Services,212021553,Berwick - South East,68 ,18 ,5.0,0.0,0.0,91 ,20175
N,Administrative and Support Services,212021554,Berwick - South West,46 ,16 ,6.0,0.0,0.0,68 ,20224
N,Administrative and Support Services,212031300,Cranbourne,78 ,13 ,3.0,5.0,0.0,97 ,20664
N,Administrative and Support Services,212031303,Cranbourne South,108 ,18 ,7.0,3.0,0.0,134 ,20487
N,Administrative and Support Services,212031304,Cranbourne West,124 ,31 ,4.0,3.0,0.0,161 ,20662
N,Administrative and Support Services,212031306,Lynbrook - Lyndhurst,121 ,29 ,3.0,0.0,0.0,152 ,20709
N,Administrative and Support Services,212031308,Pearcedale - Tooradin,16 ,8 ,3.0,0.0,0.0,28 ,21380
N,Administrative and Support Services,212031457,Narre Warren South - East,56 ,17 ,0.0,3.0,0.0,76 ,20224
N,Administrative and Support Services,212031458,Narre Warren South - West,68 ,24 ,5.0,0.0,0.0,97 ,21893
N,Administrative and Support Services,212031555,Clyde North - North,76 ,24 ,3.0,0.0,0.0,103 ,22006
N,Administrative and Support Services,212031556,Clyde North - South,178 ,37 ,6.0,3.0,0.0,225 ,20487
N,Administrative and Support Services,212031557,Cranbourne East - North,113 ,25 ,3.0,0.0,0.0,141 ,20581
N,Administrative and Support Services,212031558,Cranbourne East - South,79 ,15 ,3.0,0.0,0.0,96 ,20581
N,Administrative and Support Services,212031559,Cranbourne North - East,74 ,21 ,0.0,3.0,0.0,99 ,20582
N,Administrative and Support Services,212031560,Cranbourne North - West,39 ,4 ,0.0,0.0,0.0,47 ,21133
N,Administrative and Support Services,212031561,Hampton Park - East,44 ,15 ,0.0,0.0,0.0,59 ,21893
N,Administrative and Support Services,212031562,Hampton Park - West,57 ,11 ,3.0,0.0,0.0,69 ,20709
N,Administrative and Support Services,212041309,Clarinda - Oakleigh South,45 ,15 ,3.0,0.0,0.0,62 ,21746
N,Administrative and Support Services,212041310,Clayton South,154 ,16 ,6.0,3.0,0.0,179 ,20758
N,Administrative and Support Services,212041312,Dandenong North,133 ,18 ,5.0,0.0,0.0,156 ,22207
N,Administrative and Support Services,212041313,Dingley Village,33 ,12 ,3.0,3.0,0.0,50 ,20320
N,Administrative and Support Services,212041316,Noble Park North,35 ,3 ,3.0,0.0,0.0,40 ,20708
N,Administrative and Support Services,212041317,Springvale,142 ,33 ,7.0,4.0,0.0,186 ,21827
N,Administrative and Support Services,212041318,Springvale South,48 ,10 ,3.0,0.0,0.0,60 ,21339
N,Administrative and Support Services,212041459,Noble Park - East,109 ,13 ,3.0,0.0,0.0,124 ,21339
N,Administrative and Support Services,212041460,Noble Park - West,104 ,22 ,7.0,0.0,0.0,134 ,21339
N,Administrative and Support Services,212041563,Dandenong - North,184 ,28 ,6.0,7.0,0.0,226 ,20708
N,Administrative and Support Services,212041564,Dandenong - South,86 ,25 ,26.0,29.0,4.0,170 ,20131
N,Administrative and Support Services,212041565,Keysborough - North,59 ,24 ,11.0,6.0,0.0,100 ,21339
N,Administrative and Support Services,212041566,Keysborough - South,74 ,28 ,4.0,4.0,0.0,110 ,20080
N,Administrative and Support Services,212051319,Ashwood - Chadstone,98 ,30 ,8.0,0.0,0.0,136 ,20077
N,Administrative and Support Services,212051321,Glen Waverley - East,91 ,31 ,3.0,3.0,0.0,126 ,20427
N,Administrative and Support Services,212051322,Glen Waverley - West,94 ,33 ,7.0,5.0,0.0,139 ,20427
N,Administrative and Support Services,212051323,Mount Waverley - North,79 ,21 ,3.0,3.0,0.0,104 ,20078
N,Administrative and Support Services,212051324,Mount Waverley - South,103 ,38 ,13.0,8.0,3.0,163 ,21816
N,Administrative and Support Services,212051325,Mulgrave,99 ,40 ,12.0,13.0,4.0,168 ,21013
N,Administrative and Support Services,212051326,Oakleigh - Huntingdale,111 ,43 ,8.0,7.0,0.0,169 ,21587
N,Administrative and Support Services,212051327,Wheelers Hill,83 ,52 ,13.0,8.0,3.0,158 ,21013
N,Administrative and Support Services,212051567,Clayton (North) - Notting Hill,69 ,13 ,13.0,10.0,4.0,109 ,21816
N,Administrative and Support Services,212051568,Clayton - Central,152 ,15 ,4.0,0.0,0.0,174 ,22002
N,Administrative and Support Services,213011328,Ardeer - Albion,36 ,8 ,3.0,0.0,0.0,48 ,22396
N,Administrative and Support Services,213011329,Cairnlea,20 ,17 ,0.0,0.0,0.0,39 ,20062
N,Administrative and Support Services,213011331,Delahey,23 ,11 ,0.0,0.0,0.0,36 ,21315
N,Administrative and Support Services,213011332,Keilor Downs,34 ,14 ,3.0,0.0,0.0,49 ,21316
N,Administrative and Support Services,213011333,Kings Park (Vic.),37 ,10 ,0.0,0.0,0.0,47 ,20729
N,Administrative and Support Services,213011334,St Albans - North,116 ,18 ,4.0,0.0,0.0,138 ,21312
N,Administrative and Support Services,213011335,St Albans - South,83 ,19 ,3.0,0.0,0.0,106 ,21312
N,Administrative and Support Services,213011336,Sunshine,73 ,24 ,6.0,0.0,0.0,104 ,20324
N,Administrative and Support Services,213011337,Sunshine North,51 ,13 ,4.0,4.0,0.0,72 ,21316
N,Administrative and Support Services,213011338,Sunshine West,67 ,22 ,5.0,5.0,0.0,99 ,20062
N,Administrative and Support Services,213011339,Sydenham,58 ,9 ,3.0,0.0,0.0,71 ,22474
N,Administrative and Support Services,213011340,Taylors Lakes,49 ,17 ,7.0,3.0,0.0,75 ,21314
N,Administrative and Support Services,213011569,Deer Park,74 ,17 ,3.0,3.0,0.0,94 ,20062
N,Administrative and Support Services,213011570,Derrimut,38 ,13 ,4.0,4.0,0.0,60 ,20062
N,Administrative and Support Services,213021341,Altona,28 ,8 ,5.0,7.0,0.0,48 ,21477
N,Administrative and Support Services,213021342,Altona Meadows,45 ,12 ,3.0,0.0,0.0,61 ,20035
N,Administrative and Support Services,213021343,Altona North,57 ,25 ,3.0,6.0,0.0,91 ,22917
N,Administrative and Support Services,213021344,Newport,42 ,20 ,4.0,3.0,0.0,68 ,22107
N,Administrative and Support Services,213021345,Seabrook,12 ,3 ,0.0,0.0,0.0,15 ,20036
N,Administrative and Support Services,213021346,Williamstown,47 ,19 ,8.0,6.0,0.0,80 ,21934
N,Administrative and Support Services,213031347,Braybrook,115 ,13 ,7.0,4.0,0.0,139 ,20935
N,Administrative and Support Services,213031348,Footscray,110 ,34 ,16.0,6.0,0.0,167 ,20929
N,Administrative and Support Services,213031349,Maribyrnong,55 ,16 ,6.0,0.0,0.0,77 ,20075
N,Administrative and Support Services,213031350,Seddon - Kingsville,23 ,8 ,0.0,0.0,0.0,31 ,20935
N,Administrative and Support Services,213031351,West Footscray - Tottenham,47 ,12 ,3.0,6.0,0.0,68 ,20935
N,Administrative and Support Services,213031352,Yarraville,55 ,15 ,6.0,4.0,0.0,80 ,20935
N,Administrative and Support Services,213041353,Bacchus Marsh,59 ,18 ,7.0,4.0,0.0,88 ,20095
N,Administrative and Support Services,213041358,Melton West,75 ,14 ,3.0,3.0,0.0,92 ,22537
N,Administrative and Support Services,213041359,Rockbank - Mount Cottrell,167 ,30 ,10.0,8.0,0.0,215 ,20899
N,Administrative and Support Services,213041360,Taylors Hill,58 ,16 ,3.0,0.0,0.0,77 ,20950
N,Administrative and Support Services,213041461,Burnside,24 ,3 ,3.0,0.0,0.0,27 ,20729
N,Administrative and Support Services,213041462,Burnside Heights,28 ,6 ,0.0,0.0,0.0,36 ,20420
N,Administrative and Support Services,213041463,Caroline Springs,74 ,36 ,8.0,0.0,0.0,119 ,20950
N,Administrative and Support Services,213041571,Brookfield,29 ,4 ,3.0,3.0,0.0,35 ,21202
N,Administrative and Support Services,213041572,Cobblebank - Strathtulloh,58 ,12 ,3.0,3.0,0.0,73 ,21642
N,Administrative and Support Services,213041573,Eynesbury - Exford,9 ,3 ,0.0,0.0,0.0,11 ,20899
N,Administrative and Support Services,213041574,Fraser Rise - Plumpton,71 ,13 ,3.0,3.0,0.0,89 ,20754
N,Administrative and Support Services,213041575,Hillside,47 ,13 ,0.0,0.0,0.0,62 ,20950
N,Administrative and Support Services,213041576,Kurunjang - Toolern Vale,20 ,5 ,0.0,0.0,0.0,27 ,20605
N,Administrative and Support Services,213041577,Melton,22 ,4 ,3.0,3.0,0.0,30 ,21140
N,Administrative and Support Services,213041578,Melton South - Weir Views,62 ,9 ,0.0,0.0,0.0,73 ,20351
N,Administrative and Support Services,213051361,Hoppers Crossing - North,84 ,19 ,5.0,0.0,3.0,111 ,22582
N,Administrative and Support Services,213051362,Hoppers Crossing - South,81 ,15 ,0.0,0.0,0.0,98 ,22451
N,Administrative and Support Services,213051363,Laverton,109 ,17 ,8.0,6.0,3.0,143 ,22397
N,Administrative and Support Services,213051368,Werribee - South,70 ,20 ,5.0,0.0,0.0,96 ,20601
N,Administrative and Support Services,213051464,Point Cook - East,96 ,29 ,5.0,0.0,0.0,131 ,20036
N,Administrative and Support Services,213051466,Point Cook - South,86 ,23 ,8.0,0.0,0.0,117 ,22086
N,Administrative and Support Services,213051467,Werribee - East,60 ,14 ,4.0,0.0,0.0,79 ,22451
N,Administrative and Support Services,213051468,Werribee - West,95 ,27 ,4.0,0.0,0.0,127 ,20115
N,Administrative and Support Services,213051579,Manor Lakes - Quandong,48 ,14 ,0.0,0.0,0.0,65 ,20115
N,Administrative and Support Services,213051580,Point Cook - North East,60 ,18 ,4.0,3.0,0.0,84 ,20036
N,Administrative and Support Services,213051581,Point Cook - North West,42 ,9 ,0.0,0.0,0.0,54 ,22086
N,Administrative and Support Services,213051582,Tarneit (West) - Mount Cottrell,129 ,10 ,0.0,3.0,0.0,142 ,20899
N,Administrative and Support Services,213051583,Tarneit - Central,272 ,37 ,5.0,0.0,0.0,314 ,22582
N,Administrative and Support Services,213051584,Tarneit - North,135 ,14 ,3.0,0.0,0.0,151 ,22582
N,Administrative and Support Services,213051585,Tarneit - South,94 ,17 ,0.0,0.0,0.0,113 ,22451
N,Administrative and Support Services,213051586,Truganina - North,135 ,33 ,5.0,0.0,0.0,174 ,20743
N,Administrative and Support Services,213051587,Truganina - South East,102 ,13 ,0.0,0.0,0.0,117 ,21477
N,Administrative and Support Services,213051588,Truganina - South West,180 ,30 ,3.0,0.0,0.0,212 ,22582
N,Administrative and Support Services,213051589,Wyndham Vale - North,48 ,11 ,0.0,3.0,0.0,61 ,20116
N,Administrative and Support Services,213051590,Wyndham Vale - South,49 ,11 ,0.0,3.0,0.0,63 ,22750
N,Administrative and Support Services,214011370,Carrum Downs,58 ,28 ,29.0,6.0,3.0,122 ,20131
N,Administrative and Support Services,214011371,Frankston,61 ,27 ,5.0,3.0,0.0,95 ,22249
N,Administrative and Support Services,214011372,Frankston North,21 ,14 ,3.0,0.0,0.0,36 ,20508
N,Administrative and Support Services,214011373,Frankston South,74 ,22 ,7.0,3.0,0.0,107 ,21468
N,Administrative and Support Services,214011374,Langwarrin,51 ,26 ,8.0,4.0,0.0,89 ,20508
N,Administrative and Support Services,214011375,Seaford (Vic.),38 ,21 ,9.0,0.0,0.0,70 ,20507
N,Administrative and Support Services,214011376,Skye - Sandhurst,26 ,23 ,0.0,0.0,0.0,52 ,20508
N,Administrative and Support Services,214021377,Dromana,36 ,19 ,3.0,0.0,0.0,60 ,20072
N,Administrative and Support Services,214021378,Flinders,29 ,16 ,6.0,0.0,0.0,51 ,20072
N,Administrative and Support Services,214021379,Hastings - Somers,57 ,30 ,9.0,3.0,0.0,99 ,21664
N,Administrative and Support Services,214021381,Mount Eliza,65 ,37 ,11.0,3.0,0.0,116 ,20949
N,Administrative and Support Services,214021382,Mount Martha,45 ,29 ,3.0,3.0,0.0,80 ,21803
N,Administrative and Support Services,214021383,Point Nepean,90 ,38 ,12.0,3.0,0.0,143 ,20280
N,Administrative and Support Services,214021384,Rosebud - McCrae,58 ,35 ,4.0,3.0,0.0,98 ,20072
N,Administrative and Support Services,214021385,Somerville,49 ,30 ,9.0,0.0,3.0,91 ,22050
N,Administrative and Support Services,214021591,Mornington - East,36 ,15 ,12.0,4.0,0.0,67 ,21793
N,Administrative and Support Services,214021592,Mornington - West,26 ,27 ,6.0,3.0,0.0,61 ,21793
N,Administrative and Support Services,215011386,Ararat,15 ,6 ,0.0,0.0,0.0,21 ,20811
N,Administrative and Support Services,215011387,Ararat Surrounds,3 ,3 ,0.0,0.0,0.0,7 ,20680
N,Administrative and Support Services,215011388,Horsham,31 ,14 ,8.0,3.0,3.0,57 ,20403
N,Administrative and Support Services,215011389,Horsham Surrounds,6 ,0 ,0.0,3.0,0.0,7 ,20403
N,Administrative and Support Services,215011390,Nhill Region,9 ,5 ,0.0,0.0,0.0,15 ,20756
N,Administrative and Support Services,215011391,St Arnaud,5 ,0 ,0.0,0.0,0.0,6 ,20142
N,Administrative and Support Services,215011392,Stawell,10 ,5 ,4.0,0.0,0.0,20 ,20680
N,Administrative and Support Services,215011393,West Wimmera,3 ,0 ,3.0,0.0,0.0,5 ,20119
N,Administrative and Support Services,215011394,Yarriambiack,8 ,0 ,0.0,0.0,0.0,12 ,20756
N,Administrative and Support Services,215021395,Irymple,11 ,9 ,5.0,0.0,0.0,27 ,20488
N,Administrative and Support Services,215021396,Merbein,10 ,7 ,0.0,0.0,0.0,18 ,21388
N,Administrative and Support Services,215021398,Mildura Surrounds,7 ,3 ,3.0,0.0,0.0,12 ,20234
N,Administrative and Support Services,215021399,Red Cliffs,7 ,10 ,3.0,3.0,0.0,21 ,20488
N,Administrative and Support Services,215021469,Mildura - North,44 ,32 ,23.0,6.0,3.0,107 ,21682
N,Administrative and Support Services,215021470,Mildura - South,29 ,18 ,4.0,6.0,0.0,58 ,21245
N,Administrative and Support Services,215031400,Buloke,6 ,5 ,3.0,3.0,0.0,14 ,20155
N,Administrative and Support Services,215031401,Gannawarra,9 ,5 ,0.0,0.0,0.0,14 ,20051
N,Administrative and Support Services,215031402,Kerang,8 ,4 ,3.0,0.0,0.0,14 ,20477
N,Administrative and Support Services,215031403,Robinvale,10 ,10 ,7.0,4.0,0.0,31 ,22744
N,Administrative and Support Services,215031404,Swan Hill,26 ,14 ,8.0,0.0,0.0,49 ,21076
N,Administrative and Support Services,215031405,Swan Hill Surrounds,15 ,5 ,3.0,3.0,0.0,25 ,20047
N,Administrative and Support Services,216011406,Echuca,23 ,13 ,6.0,7.0,0.0,49 ,20125
N,Administrative and Support Services,216011407,Kyabram,13 ,11 ,0.0,3.0,0.0,28 ,20838
N,Administrative and Support Services,216011408,Lockington - Gunbower,5 ,0 ,0.0,0.0,0.0,7 ,20755
N,Administrative and Support Services,216011409,Rochester,6 ,3 ,0.0,0.0,0.0,10 ,20281
N,Administrative and Support Services,216011410,Rushworth,5 ,0 ,0.0,0.0,0.0,9 ,20093
N,Administrative and Support Services,216021411,Cobram,18 ,9 ,4.0,0.0,0.0,32 ,20301
N,Administrative and Support Services,216021412,Moira,4 ,0 ,3.0,0.0,0.0,8 ,20032
N,Administrative and Support Services,216021413,Numurkah,22 ,9 ,3.0,3.0,0.0,35 ,20839
N,Administrative and Support Services,216021414,Yarrawonga,21 ,9 ,3.0,0.0,0.0,32 ,20395
N,Administrative and Support Services,216031415,Mooroopna,16 ,8 ,4.0,3.0,0.0,30 ,20063
N,Administrative and Support Services,216031416,Shepparton - North,69 ,35 ,13.0,0.0,3.0,122 ,20393
N,Administrative and Support Services,216031418,Shepparton Surrounds - East,5 ,5 ,3.0,0.0,0.0,13 ,20056
N,Administrative and Support Services,216031419,Shepparton Surrounds - West,18 ,8 ,8.0,3.0,0.0,36 ,20056
N,Administrative and Support Services,216031593,Kialla,26 ,20 ,5.0,3.0,0.0,53 ,20056
N,Administrative and Support Services,216031594,Shepparton - South East,52 ,25 ,12.0,5.0,3.0,95 ,21340
N,Administrative and Support Services,217011420,Glenelg (Vic.),17 ,3 ,3.0,0.0,0.0,24 ,20340
N,Administrative and Support Services,217011421,Hamilton (Vic.),12 ,7 ,3.0,0.0,0.0,23 ,20322
N,Administrative and Support Services,217011422,Portland,15 ,8 ,3.0,0.0,0.0,26 ,20274
N,Administrative and Support Services,217011423,Southern Grampians,7 ,4 ,0.0,0.0,0.0,12 ,20199
N,Administrative and Support Services,217031471,Camperdown,8 ,4 ,0.0,0.0,0.0,14 ,20285
N,Administrative and Support Services,217031472,Colac,10 ,6 ,0.0,6.0,0.0,24 ,20149
N,Administrative and Support Services,217031473,Colac Surrounds,15 ,3 ,0.0,0.0,0.0,18 ,20671
N,Administrative and Support Services,217031474,Corangamite - North,5 ,4 ,3.0,0.0,0.0,12 ,20319
N,Administrative and Support Services,217031475,Corangamite - South,10 ,3 ,0.0,0.0,0.0,15 ,20306
N,Administrative and Support Services,217031476,Otway,17 ,9 ,4.0,0.0,0.0,30 ,20161
N,Administrative and Support Services,217041477,Moyne - East,13 ,6 ,3.0,0.0,0.0,21 ,21916
N,Administrative and Support Services,217041478,Moyne - West,17 ,11 ,0.0,3.0,0.0,33 ,20225
N,Administrative and Support Services,217041479,Warrnambool - North,37 ,17 ,5.0,5.0,0.0,64 ,20028
N,Administrative and Support Services,217041480,Warrnambool - South,32 ,12 ,7.0,0.0,0.0,52 ,20028
O,Public Administration and Safety,201011001,Alfredton,6 ,0 ,0.0,3.0,0.0,7 ,20023
O,Public Administration and Safety,201011002,Ballarat,0 ,0 ,3.0,0.0,0.0,6 ,20023
O,Public Administration and Safety,201011005,Buninyong,0 ,0 ,0.0,0.0,0.0,0 ,20409
O,Public Administration and Safety,201011006,Delacombe,0 ,0 ,0.0,0.0,0.0,0 ,20023
O,Public Administration and Safety,201011007,Smythes Creek,0 ,0 ,0.0,0.0,0.0,0 ,20262
O,Public Administration and Safety,201011008,Wendouree - Miners Rest,3 ,3 ,3.0,3.0,0.0,6 ,20023
O,Public Administration and Safety,201011481,Ballarat East - Warrenheip,3 ,0 ,0.0,0.0,0.0,3 ,20104
O,Public Administration and Safety,201011482,Ballarat North - Invermay,0 ,0 ,0.0,3.0,0.0,0 ,22745
O,Public Administration and Safety,201011483,Canadian - Mount Clear,0 ,0 ,0.0,0.0,0.0,0 ,20111
O,Public Administration and Safety,201011484,Sebastopol - Redan,0 ,0 ,0.0,0.0,0.0,0 ,20730
O,Public Administration and Safety,201021009,Bacchus Marsh Surrounds,3 ,3 ,3.0,0.0,0.0,3 ,20076
O,Public Administration and Safety,201021010,Creswick - Clunes,0 ,0 ,0.0,0.0,0.0,0 ,20262
O,Public Administration and Safety,201021011,Daylesford,0 ,0 ,0.0,0.0,0.0,0 ,20256
O,Public Administration and Safety,201021012,Gordon (Vic.),3 ,0 ,0.0,0.0,0.0,0 ,20409
O,Public Administration and Safety,201031013,Avoca,0 ,0 ,0.0,0.0,0.0,0 ,20008
O,Public Administration and Safety,201031014,Beaufort,0 ,0 ,0.0,0.0,0.0,0 ,20262
O,Public Administration and Safety,201031015,Golden Plains - North,0 ,0 ,0.0,0.0,0.0,0 ,21123
O,Public Administration and Safety,201031016,Maryborough (Vic.),0 ,0 ,0.0,0.0,0.0,3 ,20009
O,Public Administration and Safety,201031017,Maryborough Surrounds,0 ,0 ,0.0,0.0,0.0,0 ,20459
O,Public Administration and Safety,202011018,Bendigo,3 ,0 ,0.0,0.0,0.0,6 ,20208
O,Public Administration and Safety,202011019,California Gully - Eaglehawk,0 ,0 ,0.0,0.0,0.0,0 ,20444
O,Public Administration and Safety,202011020,East Bendigo - Kennington,0 ,0 ,0.0,0.0,0.0,4 ,20208
O,Public Administration and Safety,202011021,Flora Hill - Spring Gully,0 ,0 ,0.0,0.0,0.0,0 ,20208
O,Public Administration and Safety,202011022,Kangaroo Flat - Golden Square,3 ,0 ,0.0,0.0,0.0,3 ,20208
O,Public Administration and Safety,202011023,Maiden Gully,0 ,0 ,0.0,0.0,0.0,0 ,20444
O,Public Administration and Safety,202011024,Strathfieldsaye,3 ,0 ,0.0,0.0,0.0,3 ,20828
O,Public Administration and Safety,202011025,White Hills - Ascot,4 ,3 ,0.0,0.0,0.0,5 ,20208
O,Public Administration and Safety,202021026,Bendigo Surrounds - South,0 ,3 ,0.0,0.0,0.0,0 ,20835
O,Public Administration and Safety,202021027,Castlemaine,0 ,0 ,0.0,0.0,0.0,0 ,20955
O,Public Administration and Safety,202021028,Castlemaine Surrounds,0 ,0 ,0.0,0.0,0.0,3 ,20459
O,Public Administration and Safety,202021029,Heathcote,0 ,0 ,0.0,0.0,0.0,0 ,20877
O,Public Administration and Safety,202021030,Kyneton,0 ,0 ,0.0,0.0,0.0,3 ,20076
O,Public Administration and Safety,202021031,Woodend,0 ,0 ,0.0,0.0,0.0,3 ,20076
O,Public Administration and Safety,202031032,Bendigo Surrounds - North,0 ,0 ,0.0,0.0,0.0,0 ,20828
O,Public Administration and Safety,202031033,Loddon,0 ,0 ,0.0,0.0,0.0,0 ,20177
O,Public Administration and Safety,203011034,Bannockburn,3 ,0 ,0.0,0.0,0.0,3 ,20133
O,Public Administration and Safety,203011035,Golden Plains - South,0 ,0 ,0.0,0.0,0.0,3 ,20217
O,Public Administration and Safety,203011036,Winchelsea,0 ,0 ,0.0,0.0,0.0,0 ,20151
O,Public Administration and Safety,203021037,Belmont,0 ,0 ,0.0,0.0,0.0,0 ,20201
O,Public Administration and Safety,203021039,Geelong,0 ,3 ,3.0,3.0,0.0,7 ,20201
O,Public Administration and Safety,203021040,Geelong West - Hamlyn Heights,5 ,0 ,0.0,0.0,0.0,6 ,20165
O,Public Administration and Safety,203021042,Highton,4 ,3 ,0.0,0.0,0.0,8 ,20151
O,Public Administration and Safety,203021043,Lara,5 ,0 ,0.0,0.0,0.0,5 ,20115
O,Public Administration and Safety,203021044,Leopold,0 ,0 ,0.0,0.0,0.0,0 ,20621
O,Public Administration and Safety,203021045,Newcomb - Moolap,4 ,0 ,0.0,0.0,0.0,4 ,20326
O,Public Administration and Safety,203021046,Newtown (Vic.),0 ,0 ,0.0,0.0,0.0,0 ,20960
O,Public Administration and Safety,203021047,North Geelong - Bell Park,3 ,0 ,0.0,3.0,0.0,3 ,20165
O,Public Administration and Safety,203021485,Charlemont,4 ,0 ,0.0,0.0,0.0,4 ,21790
O,Public Administration and Safety,203021486,Corio - Lovely Banks,0 ,0 ,0.0,0.0,0.0,3 ,20165
O,Public Administration and Safety,203021487,Grovedale - Mount Duneed,4 ,0 ,0.0,0.0,0.0,6 ,20954
O,Public Administration and Safety,203021488,Norlane,0 ,0 ,0.0,0.0,0.0,0 ,20191
O,Public Administration and Safety,203031048,Clifton Springs,3 ,0 ,0.0,0.0,0.0,5 ,20697
O,Public Administration and Safety,203031049,Lorne - Anglesea,0 ,0 ,0.0,0.0,0.0,4 ,20046
O,Public Administration and Safety,203031051,Portarlington,0 ,3 ,0.0,0.0,0.0,3 ,20193
O,Public Administration and Safety,203031052,Point Lonsdale - Queenscliff,0 ,0 ,0.0,0.0,0.0,0 ,22663
O,Public Administration and Safety,203031053,Torquay,0 ,3 ,0.0,0.0,0.0,4 ,20046
O,Public Administration and Safety,203031489,Barwon Heads - Armstrong Creek,0 ,0 ,0.0,0.0,0.0,0 ,21790
O,Public Administration and Safety,203031490,Ocean Grove,0 ,0 ,3.0,0.0,0.0,0 ,20621
O,Public Administration and Safety,204011054,Alexandra,3 ,0 ,0.0,0.0,0.0,3 ,20005
O,Public Administration and Safety,204011055,Euroa,0 ,0 ,0.0,0.0,0.0,0 ,20283
O,Public Administration and Safety,204011056,Kilmore - Broadford,0 ,3 ,0.0,0.0,0.0,5 ,21980
O,Public Administration and Safety,204011057,Mansfield (Vic.),4 ,0 ,0.0,0.0,0.0,4 ,20283
O,Public Administration and Safety,204011058,Nagambie,0 ,0 ,0.0,0.0,0.0,0 ,20652
O,Public Administration and Safety,204011059,Seymour,0 ,3 ,0.0,0.0,0.0,3 ,20086
O,Public Administration and Safety,204011060,Seymour Surrounds,0 ,0 ,0.0,0.0,0.0,0 ,22154
O,Public Administration and Safety,204011061,Upper Yarra Valley,0 ,0 ,0.0,0.0,0.0,0 ,20452
O,Public Administration and Safety,204011062,Yea,0 ,0 ,0.0,0.0,0.0,0 ,20005
O,Public Administration and Safety,204021063,Benalla,0 ,0 ,0.0,0.0,0.0,0 ,20096
O,Public Administration and Safety,204021064,Benalla Surrounds,3 ,0 ,0.0,0.0,0.0,3 ,20283
O,Public Administration and Safety,204021065,Rutherglen,0 ,0 ,0.0,0.0,0.0,0 ,20296
O,Public Administration and Safety,204021066,Wangaratta,0 ,0 ,0.0,0.0,0.0,0 ,21349
O,Public Administration and Safety,204021067,Wangaratta Surrounds,0 ,0 ,0.0,0.0,0.0,0 ,20060
O,Public Administration and Safety,204031068,Beechworth,0 ,0 ,0.0,0.0,0.0,0 ,20551
O,Public Administration and Safety,204031069,Bright - Mount Beauty,3 ,0 ,0.0,0.0,0.0,4 ,21210
O,Public Administration and Safety,204031070,Chiltern - Indigo Valley,0 ,0 ,0.0,0.0,0.0,0 ,20357
O,Public Administration and Safety,204031071,Myrtleford,0 ,0 ,0.0,0.0,0.0,0 ,20312
O,Public Administration and Safety,204031072,Towong,0 ,0 ,0.0,0.0,0.0,3 ,20883
O,Public Administration and Safety,204031073,West Wodonga,3 ,0 ,3.0,0.0,0.0,6 ,21230
O,Public Administration and Safety,204031075,Yackandandah,0 ,0 ,0.0,0.0,0.0,0 ,22351
O,Public Administration and Safety,204031491,Baranduda - Leneva,3 ,0 ,0.0,0.0,0.0,0 ,21230
O,Public Administration and Safety,204031492,Wodonga,3 ,0 ,3.0,0.0,0.0,4 ,21222
O,Public Administration and Safety,205011076,Drouin,0 ,0 ,3.0,0.0,0.0,0 ,20081
O,Public Administration and Safety,205011077,Mount Baw Baw Region,0 ,0 ,0.0,0.0,0.0,0 ,20452
O,Public Administration and Safety,205011078,Trafalgar (Vic.),0 ,0 ,0.0,0.0,0.0,0 ,20391
O,Public Administration and Safety,205011079,Warragul,0 ,0 ,3.0,0.0,0.0,4 ,20081
O,Public Administration and Safety,205021080,Alps - East,0 ,0 ,0.0,0.0,0.0,0 ,20719
O,Public Administration and Safety,205021081,Bairnsdale,0 ,3 ,0.0,0.0,0.0,4 ,20103
O,Public Administration and Safety,205021082,Bruthen - Omeo,3 ,0 ,0.0,0.0,0.0,0 ,20265
O,Public Administration and Safety,205021083,Lake King,0 ,0 ,0.0,0.0,0.0,0 ,20822
O,Public Administration and Safety,205021084,Lakes Entrance,0 ,0 ,0.0,0.0,0.0,3 ,20290
O,Public Administration and Safety,205021085,Orbost,0 ,0 ,0.0,0.0,0.0,3 ,20360
O,Public Administration and Safety,205021086,Paynesville,0 ,0 ,0.0,0.0,0.0,0 ,20103
O,Public Administration and Safety,205031087,Foster,3 ,3 ,0.0,0.0,0.0,3 ,20010
O,Public Administration and Safety,205031088,French Island,0 ,0 ,0.0,0.0,0.0,0 ,20856
O,Public Administration and Safety,205031089,Korumburra,0 ,0 ,0.0,0.0,0.0,3 ,20081
O,Public Administration and Safety,205031090,Leongatha,3 ,0 ,0.0,0.0,0.0,4 ,20024
O,Public Administration and Safety,205031091,Phillip Island,4 ,0 ,0.0,0.0,0.0,4 ,20475
O,Public Administration and Safety,205031092,Wilsons Promontory,0 ,0 ,0.0,0.0,0.0,0 ,22800
O,Public Administration and Safety,205031093,Wonthaggi - Inverloch,0 ,3 ,3.0,0.0,0.0,4 ,21235
O,Public Administration and Safety,205041094,Churchill,3 ,0 ,0.0,0.0,0.0,3 ,20585
O,Public Administration and Safety,205041095,Moe - Newborough,0 ,0 ,0.0,0.0,0.0,3 ,21716
O,Public Administration and Safety,205041096,Morwell,0 ,0 ,3.0,0.0,0.0,3 ,22596
O,Public Administration and Safety,205041098,Yallourn North - Glengarry,0 ,0 ,0.0,0.0,0.0,0 ,20286
O,Public Administration and Safety,205041493,Traralgon - East,0 ,3 ,0.0,0.0,0.0,0 ,21027
O,Public Administration and Safety,205041494,Traralgon - West,0 ,0 ,0.0,3.0,0.0,0 ,21027
O,Public Administration and Safety,205051099,Alps - West,0 ,0 ,0.0,0.0,0.0,0 ,21210
O,Public Administration and Safety,205051100,Longford - Loch Sport,0 ,0 ,0.0,0.0,0.0,0 ,20938
O,Public Administration and Safety,205051101,Maffra,0 ,0 ,0.0,0.0,0.0,0 ,22542
O,Public Administration and Safety,205051102,Rosedale,0 ,0 ,0.0,0.0,0.0,0 ,22543
O,Public Administration and Safety,205051103,Sale,0 ,3 ,0.0,0.0,0.0,3 ,20586
O,Public Administration and Safety,205051104,Yarram,0 ,0 ,0.0,0.0,0.0,0 ,20242
O,Public Administration and Safety,206011106,Brunswick East,0 ,0 ,0.0,0.0,0.0,0 ,20361
O,Public Administration and Safety,206011107,Brunswick West,0 ,0 ,0.0,0.0,0.0,0 ,20361
O,Public Administration and Safety,206011109,Pascoe Vale South,3 ,0 ,3.0,0.0,0.0,4 ,20596
O,Public Administration and Safety,206011495,Brunswick - North,3 ,3 ,0.0,0.0,0.0,4 ,20361
O,Public Administration and Safety,206011496,Brunswick - South,3 ,4 ,0.0,3.0,0.0,10 ,20361
O,Public Administration and Safety,206011497,Coburg - East,6 ,0 ,0.0,0.0,0.0,8 ,20361
O,Public Administration and Safety,206011498,Coburg - West,0 ,3 ,0.0,0.0,0.0,0 ,20361
O,Public Administration and Safety,206021110,Alphington - Fairfield,0 ,3 ,3.0,0.0,0.0,4 ,21971
O,Public Administration and Safety,206021112,Thornbury,3 ,0 ,0.0,0.0,0.0,3 ,20362
O,Public Administration and Safety,206021499,Northcote - East,0 ,0 ,0.0,0.0,0.0,3 ,21971
O,Public Administration and Safety,206021500,Northcote - West,0 ,0 ,0.0,0.0,0.0,0 ,20362
O,Public Administration and Safety,206031113,Ascot Vale,0 ,0 ,0.0,0.0,0.0,3 ,20075
O,Public Administration and Safety,206031115,Flemington,0 ,0 ,0.0,0.0,0.0,0 ,20075
O,Public Administration and Safety,206031116,Moonee Ponds,0 ,0 ,3.0,0.0,0.0,3 ,20075
O,Public Administration and Safety,206031501,Essendon (West) - Aberfeldie,3 ,3 ,0.0,0.0,0.0,5 ,20885
O,Public Administration and Safety,206031502,Essendon - East,3 ,3 ,0.0,0.0,0.0,8 ,20363
O,Public Administration and Safety,206041117,Carlton,3 ,3 ,0.0,0.0,0.0,7 ,20496
O,Public Administration and Safety,206041118,Docklands,3 ,4 ,0.0,0.0,0.0,8 ,21640
O,Public Administration and Safety,206041119,East Melbourne,0 ,0 ,0.0,0.0,0.0,0 ,20495
O,Public Administration and Safety,206041120,Flemington Racecourse,0 ,0 ,0.0,0.0,0.0,0 ,20075
O,Public Administration and Safety,206041121,Kensington (Vic.),0 ,0 ,3.0,0.0,0.0,3 ,20929
O,Public Administration and Safety,206041124,Parkville,3 ,0 ,0.0,0.0,0.0,0 ,20361
O,Public Administration and Safety,206041125,South Yarra - West,3 ,0 ,0.0,0.0,0.0,3 ,21640
O,Public Administration and Safety,206041127,West Melbourne - Industrial,0 ,0 ,0.0,0.0,0.0,0 ,20935
O,Public Administration and Safety,206041503,Melbourne CBD - East,3 ,3 ,4.0,0.0,0.0,11 ,20495
O,Public Administration and Safety,206041504,Melbourne CBD - North,0 ,0 ,0.0,0.0,0.0,3 ,20495
O,Public Administration and Safety,206041505,Melbourne CBD - West,14 ,11 ,10.0,4.0,0.0,39 ,21640
O,Public Administration and Safety,206041506,North Melbourne,3 ,3 ,0.0,0.0,0.0,6 ,22038
O,Public Administration and Safety,206041507,Royal Botanic Gardens Victoria,0 ,0 ,0.0,0.0,0.0,0 ,21640
O,Public Administration and Safety,206041508,Southbank (West) - South Wharf,3 ,0 ,0.0,0.0,0.0,4 ,21640
O,Public Administration and Safety,206041509,Southbank - East,0 ,0 ,0.0,0.0,0.0,3 ,21640
O,Public Administration and Safety,206041510,West Melbourne - Residential,0 ,0 ,0.0,0.0,3.0,3 ,21640
O,Public Administration and Safety,206051128,Albert Park,7 ,5 ,3.0,0.0,0.0,15 ,21640
O,Public Administration and Safety,206051129,Elwood,3 ,0 ,0.0,0.0,0.0,0 ,22343
O,Public Administration and Safety,206051130,Port Melbourne,4 ,0 ,0.0,3.0,0.0,7 ,22107
O,Public Administration and Safety,206051134,St Kilda East,4 ,0 ,0.0,0.0,0.0,4 ,22118
O,Public Administration and Safety,206051511,Port Melbourne Industrial,5 ,0 ,0.0,5.0,0.0,15 ,20766
O,Public Administration and Safety,206051512,South Melbourne,3 ,0 ,0.0,0.0,3.0,8 ,21640
O,Public Administration and Safety,206051513,St Kilda - Central,3 ,0 ,3.0,0.0,0.0,6 ,22805
O,Public Administration and Safety,206051514,St Kilda - West,6 ,0 ,3.0,0.0,0.0,10 ,21640
O,Public Administration and Safety,206061135,Armadale,0 ,0 ,0.0,0.0,0.0,0 ,22118
O,Public Administration and Safety,206061136,Prahran - Windsor,3 ,0 ,0.0,0.0,0.0,4 ,21640
O,Public Administration and Safety,206061138,Toorak,5 ,3 ,0.0,0.0,0.0,7 ,22118
O,Public Administration and Safety,206061515,South Yarra - North,5 ,0 ,0.0,0.0,0.0,8 ,21640
O,Public Administration and Safety,206061516,South Yarra - South,5 ,0 ,0.0,0.0,0.0,6 ,22118
O,Public Administration and Safety,206071139,Abbotsford,0 ,0 ,3.0,0.0,0.0,4 ,20901
O,Public Administration and Safety,206071140,Carlton North - Princes Hill,0 ,0 ,0.0,0.0,0.0,0 ,20361
O,Public Administration and Safety,206071141,Collingwood,0 ,0 ,3.0,0.0,0.0,3 ,20925
O,Public Administration and Safety,206071142,Fitzroy,0 ,0 ,0.0,0.0,0.0,0 ,20925
O,Public Administration and Safety,206071143,Fitzroy North,3 ,0 ,0.0,0.0,0.0,4 ,20362
O,Public Administration and Safety,206071145,Clifton Hill - Alphington,0 ,0 ,0.0,0.0,0.0,0 ,20925
O,Public Administration and Safety,206071517,Richmond (South) - Cremorne,3 ,3 ,0.0,0.0,0.0,8 ,20830
O,Public Administration and Safety,206071518,Richmond - North,0 ,0 ,0.0,0.0,0.0,0 ,20830
O,Public Administration and Safety,207011146,Ashburton (Vic.),4 ,0 ,0.0,0.0,0.0,4 ,20077
O,Public Administration and Safety,207011147,Balwyn,4 ,0 ,0.0,0.0,0.0,5 ,21336
O,Public Administration and Safety,207011148,Balwyn North,5 ,0 ,0.0,0.0,0.0,6 ,21336
O,Public Administration and Safety,207011149,Camberwell,3 ,0 ,0.0,0.0,0.0,3 ,21010
O,Public Administration and Safety,207011150,Glen Iris - East,3 ,0 ,0.0,0.0,0.0,3 ,20077
O,Public Administration and Safety,207011152,Hawthorn East,3 ,3 ,0.0,3.0,0.0,8 ,21586
O,Public Administration and Safety,207011154,Kew East,3 ,0 ,0.0,0.0,0.0,4 ,20034
O,Public Administration and Safety,207011155,Surrey Hills (West) - Canterbury,0 ,0 ,0.0,0.0,0.0,0 ,21336
O,Public Administration and Safety,207011519,Hawthorn - North,3 ,0 ,0.0,0.0,0.0,3 ,22170
O,Public Administration and Safety,207011520,Hawthorn - South,4 ,0 ,0.0,0.0,0.0,6 ,22547
O,Public Administration and Safety,207011521,Kew - South,0 ,0 ,0.0,0.0,0.0,3 ,21152
O,Public Administration and Safety,207011522,Kew - West,0 ,0 ,0.0,0.0,0.0,0 ,20034
O,Public Administration and Safety,207021156,Bulleen,0 ,0 ,0.0,0.0,0.0,0 ,20124
O,Public Administration and Safety,207021157,Doncaster,5 ,3 ,0.0,0.0,0.0,8 ,20124
O,Public Administration and Safety,207021159,Templestowe,5 ,0 ,0.0,0.0,0.0,5 ,20771
O,Public Administration and Safety,207021160,Templestowe Lower,4 ,0 ,3.0,0.0,0.0,5 ,20386
O,Public Administration and Safety,207021424,Doncaster East - North,3 ,3 ,0.0,0.0,0.0,4 ,20771
O,Public Administration and Safety,207021425,Doncaster East - South,6 ,0 ,0.0,0.0,0.0,6 ,20771
O,Public Administration and Safety,207031161,Blackburn,5 ,0 ,0.0,0.0,0.0,8 ,20315
O,Public Administration and Safety,207031162,Blackburn South,3 ,0 ,0.0,0.0,0.0,4 ,20426
O,Public Administration and Safety,207031163,Box Hill,0 ,3 ,3.0,0.0,0.0,4 ,21732
O,Public Administration and Safety,207031164,Box Hill North,3 ,0 ,0.0,0.0,0.0,0 ,20123
O,Public Administration and Safety,207031165,Burwood (Vic.),7 ,0 ,0.0,0.0,0.0,9 ,21010
O,Public Administration and Safety,207031166,Burwood East,3 ,0 ,0.0,0.0,0.0,3 ,20426
O,Public Administration and Safety,207031167,Surrey Hills (East) - Mont Albert,0 ,0 ,0.0,0.0,0.0,0 ,21732
O,Public Administration and Safety,208011168,Beaumaris,0 ,0 ,0.0,0.0,0.0,0 ,20182
O,Public Administration and Safety,208011169,Brighton (Vic.),6 ,4 ,0.0,0.0,0.0,10 ,20337
O,Public Administration and Safety,208011170,Brighton East,3 ,0 ,0.0,0.0,0.0,5 ,20337
O,Public Administration and Safety,208011171,Highett (West) - Cheltenham,4 ,3 ,0.0,0.0,0.0,7 ,20182
O,Public Administration and Safety,208011172,Hampton,4 ,3 ,3.0,0.0,0.0,7 ,20337
O,Public Administration and Safety,208011173,Sandringham - Black Rock,0 ,0 ,3.0,0.0,0.0,3 ,20182
O,Public Administration and Safety,208021174,Bentleigh - McKinnon,0 ,0 ,0.0,0.0,0.0,3 ,20338
O,Public Administration and Safety,208021176,Carnegie,4 ,0 ,0.0,0.0,0.0,4 ,21587
O,Public Administration and Safety,208021177,Caulfield - North,3 ,0 ,0.0,0.0,0.0,3 ,20105
O,Public Administration and Safety,208021178,Caulfield - South,7 ,0 ,3.0,0.0,0.0,10 ,20864
O,Public Administration and Safety,208021179,Elsternwick,0 ,0 ,0.0,0.0,0.0,0 ,20337
O,Public Administration and Safety,208021180,Hughesdale,0 ,3 ,0.0,0.0,0.0,3 ,21587
O,Public Administration and Safety,208021181,Murrumbeena,0 ,0 ,0.0,0.0,0.0,3 ,21587
O,Public Administration and Safety,208021182,Ormond - Glen Huntly,0 ,0 ,0.0,0.0,0.0,3 ,20338
O,Public Administration and Safety,208021426,Bentleigh East - North,4 ,0 ,0.0,0.0,0.0,5 ,20214
O,Public Administration and Safety,208021427,Bentleigh East - South,0 ,3 ,0.0,0.0,0.0,4 ,20214
O,Public Administration and Safety,208031183,Aspendale Gardens - Waterways,0 ,0 ,0.0,0.0,0.0,0 ,20079
O,Public Administration and Safety,208031184,Braeside,0 ,3 ,0.0,0.0,0.0,4 ,20079
O,Public Administration and Safety,208031185,Carrum - Patterson Lakes,0 ,3 ,3.0,3.0,0.0,6 ,20131
O,Public Administration and Safety,208031186,Chelsea - Bonbeach,0 ,0 ,0.0,0.0,0.0,0 ,20538
O,Public Administration and Safety,208031187,Chelsea Heights,3 ,0 ,0.0,0.0,0.0,3 ,20080
O,Public Administration and Safety,208031188,Highett (East) - Cheltenham,3 ,3 ,3.0,4.0,0.0,9 ,20539
O,Public Administration and Safety,208031189,Edithvale - Aspendale,0 ,3 ,0.0,0.0,0.0,0 ,20079
O,Public Administration and Safety,208031190,Mentone,0 ,0 ,0.0,0.0,0.0,3 ,20182
O,Public Administration and Safety,208031191,Moorabbin - Heatherton,4 ,0 ,0.0,3.0,0.0,7 ,20539
O,Public Administration and Safety,208031192,Moorabbin Airport,0 ,0 ,0.0,0.0,0.0,0 ,20539
O,Public Administration and Safety,208031193,Mordialloc - Parkdale,0 ,0 ,0.0,0.0,0.0,4 ,21648
O,Public Administration and Safety,208041194,Malvern - Glen Iris,0 ,3 ,0.0,0.0,0.0,3 ,20066
O,Public Administration and Safety,208041195,Malvern East,6 ,3 ,0.0,3.0,0.0,8 ,20523
O,Public Administration and Safety,209011196,Bundoora - East,0 ,0 ,0.0,0.0,0.0,0 ,20399
O,Public Administration and Safety,209011197,Greensborough,3 ,5 ,0.0,0.0,0.0,6 ,21104
O,Public Administration and Safety,209011198,Heidelberg - Rosanna,0 ,5 ,0.0,0.0,0.0,6 ,21246
O,Public Administration and Safety,209011199,Heidelberg West,0 ,5 ,0.0,0.0,0.0,5 ,22121
O,Public Administration and Safety,209011200,Ivanhoe,0 ,0 ,0.0,0.0,0.0,0 ,22508
O,Public Administration and Safety,209011201,Ivanhoe East - Eaglemont,0 ,0 ,0.0,0.0,0.0,0 ,21246
O,Public Administration and Safety,209011202,Montmorency - Briar Hill,0 ,3 ,0.0,0.0,0.0,3 ,22484
O,Public Administration and Safety,209011203,Viewbank - Yallambie,4 ,0 ,0.0,0.0,0.0,4 ,20386
O,Public Administration and Safety,209011204,Watsonia,3 ,0 ,0.0,0.0,0.0,0 ,20399
O,Public Administration and Safety,209021205,Kingsbury,3 ,3 ,0.0,0.0,0.0,4 ,20399
O,Public Administration and Safety,209021428,Preston - East,7 ,3 ,0.0,0.0,0.0,11 ,22121
O,Public Administration and Safety,209021429,Preston - West,4 ,0 ,0.0,0.0,0.0,4 ,20596
O,Public Administration and Safety,209021523,Reservoir - North East,5 ,3 ,0.0,0.0,0.0,8 ,20399
O,Public Administration and Safety,209021524,Reservoir - North West,3 ,0 ,0.0,0.0,0.0,3 ,22161
O,Public Administration and Safety,209021525,Reservoir - South East,0 ,0 ,0.0,0.0,0.0,0 ,22121
O,Public Administration and Safety,209021526,Reservoir - South West,3 ,0 ,0.0,0.0,0.0,3 ,20597
O,Public Administration and Safety,209031209,Eltham,0 ,3 ,0.0,3.0,0.0,7 ,22483
O,Public Administration and Safety,209031210,Hurstbridge,0 ,0 ,0.0,0.0,0.0,0 ,20752
O,Public Administration and Safety,209031211,Kinglake,3 ,0 ,0.0,0.0,0.0,3 ,20916
O,Public Administration and Safety,209031212,Panton Hill - St Andrews,3 ,0 ,0.0,0.0,0.0,0 ,21358
O,Public Administration and Safety,209031213,Plenty - Yarrambat,3 ,3 ,0.0,0.0,0.0,3 ,20399
O,Public Administration and Safety,209031214,Research - North Warrandyte,0 ,0 ,0.0,0.0,0.0,3 ,20865
O,Public Administration and Safety,209031215,Wattle Glen - Diamond Creek,4 ,3 ,0.0,0.0,0.0,7 ,20865
O,Public Administration and Safety,209041216,Bundoora - North,0 ,0 ,0.0,0.0,0.0,4 ,20399
O,Public Administration and Safety,209041217,Bundoora - West,0 ,0 ,0.0,0.0,0.0,0 ,20399
O,Public Administration and Safety,209041220,Mill Park - North,3 ,0 ,0.0,0.0,0.0,4 ,21683
O,Public Administration and Safety,209041221,Mill Park - South,3 ,3 ,0.0,0.0,0.0,4 ,20399
O,Public Administration and Safety,209041223,Thomastown,17 ,5 ,3.0,3.0,0.0,27 ,20399
O,Public Administration and Safety,209041224,Wallan,10 ,0 ,0.0,0.0,0.0,10 ,20345
O,Public Administration and Safety,209041225,Whittlesea,3 ,0 ,0.0,0.0,0.0,5 ,20576
O,Public Administration and Safety,209041431,Epping - East,4 ,0 ,0.0,0.0,0.0,5 ,22311
O,Public Administration and Safety,209041432,Epping - South,3 ,0 ,0.0,0.0,0.0,4 ,21683
O,Public Administration and Safety,209041433,Epping (Vic.) - West,5 ,0 ,3.0,0.0,0.0,9 ,20878
O,Public Administration and Safety,209041435,South Morang - North,3 ,0 ,0.0,0.0,0.0,5 ,20779
O,Public Administration and Safety,209041436,South Morang - South,3 ,0 ,0.0,0.0,0.0,3 ,22916
O,Public Administration and Safety,209041437,Wollert,15 ,3 ,0.0,0.0,0.0,18 ,22311
O,Public Administration and Safety,209041527,Doreen - North,5 ,3 ,0.0,0.0,0.0,8 ,20779
O,Public Administration and Safety,209041528,Doreen - South,3 ,3 ,0.0,0.0,0.0,3 ,20779
O,Public Administration and Safety,209041529,Lalor - East,3 ,0 ,0.0,0.0,0.0,3 ,22504
O,Public Administration and Safety,209041530,Lalor - West,3 ,3 ,0.0,3.0,0.0,7 ,22504
O,Public Administration and Safety,209041531,Mernda - North,3 ,3 ,0.0,0.0,0.0,4 ,20779
O,Public Administration and Safety,209041532,Mernda - South,3 ,0 ,0.0,0.0,0.0,3 ,20779
O,Public Administration and Safety,210011226,Airport West,0 ,3 ,3.0,0.0,0.0,5 ,20886
O,Public Administration and Safety,210011227,Essendon Airport,0 ,0 ,0.0,0.0,0.0,0 ,22380
O,Public Administration and Safety,210011228,Keilor,6 ,4 ,7.0,5.0,0.0,23 ,20015
O,Public Administration and Safety,210011230,Niddrie - Essendon West,4 ,0 ,0.0,0.0,0.0,4 ,20885
O,Public Administration and Safety,210011231,Strathmore,3 ,0 ,0.0,0.0,0.0,3 ,20885
O,Public Administration and Safety,210011533,Avondale Heights,3 ,0 ,0.0,0.0,0.0,3 ,21604
O,Public Administration and Safety,210011534,Keilor East,0 ,0 ,0.0,0.0,0.0,3 ,20888
O,Public Administration and Safety,210021232,Gisborne,0 ,3 ,0.0,0.0,0.0,5 ,20076
O,Public Administration and Safety,210021233,Macedon,0 ,0 ,0.0,0.0,0.0,0 ,20387
O,Public Administration and Safety,210021234,Riddells Creek,0 ,0 ,0.0,0.0,0.0,0 ,21176
O,Public Administration and Safety,210021235,Romsey,0 ,3 ,0.0,0.0,0.0,3 ,20172
O,Public Administration and Safety,210031236,Coburg North,7 ,0 ,3.0,0.0,0.0,9 ,20596
O,Public Administration and Safety,210031237,Fawkner,12 ,0 ,0.0,0.0,0.0,13 ,20597
O,Public Administration and Safety,210031439,Gowanbrae,0 ,0 ,0.0,0.0,0.0,0 ,22381
O,Public Administration and Safety,210031440,Hadfield,0 ,0 ,0.0,0.0,0.0,3 ,22041
O,Public Administration and Safety,210031535,Glenroy - East,7 ,0 ,0.0,3.0,0.0,8 ,22041
O,Public Administration and Safety,210031536,Glenroy - West,4 ,0 ,0.0,0.0,0.0,5 ,22381
O,Public Administration and Safety,210031537,Oak Park,0 ,0 ,0.0,0.0,0.0,3 ,22042
O,Public Administration and Safety,210031538,Pascoe Vale,9 ,3 ,0.0,0.0,0.0,13 ,22042
O,Public Administration and Safety,210041240,Sunbury,3 ,3 ,0.0,0.0,0.0,4 ,20567
O,Public Administration and Safety,210041539,Diggers Rest,3 ,0 ,0.0,0.0,0.0,3 ,20754
O,Public Administration and Safety,210041540,Sunbury - South,0 ,3 ,3.0,0.0,0.0,3 ,21318
O,Public Administration and Safety,210041541,Sunbury - West,4 ,0 ,0.0,0.0,0.0,5 ,20754
O,Public Administration and Safety,210051242,Broadmeadows,7 ,3 ,0.0,0.0,0.0,9 ,20909
O,Public Administration and Safety,210051243,Campbellfield - Coolaroo,10 ,3 ,3.0,3.0,0.0,18 ,22161
O,Public Administration and Safety,210051245,Gladstone Park - Westmeadows,7 ,4 ,0.0,0.0,0.0,12 ,22586
O,Public Administration and Safety,210051246,Greenvale - Bulla,9 ,0 ,3.0,0.0,0.0,13 ,21675
O,Public Administration and Safety,210051247,Meadow Heights,8 ,0 ,0.0,0.0,0.0,10 ,20624
O,Public Administration and Safety,210051248,Melbourne Airport,0 ,0 ,0.0,0.0,0.0,0 ,21319
O,Public Administration and Safety,210051250,Tullamarine,3 ,0 ,0.0,0.0,0.0,5 ,22586
O,Public Administration and Safety,210051441,Craigieburn - Central,0 ,0 ,0.0,0.0,0.0,3 ,20661
O,Public Administration and Safety,210051442,Craigieburn - North,7 ,0 ,0.0,0.0,0.0,9 ,21675
O,Public Administration and Safety,210051443,Craigieburn - South,8 ,3 ,3.0,0.0,0.0,13 ,20878
O,Public Administration and Safety,210051445,Mickleham - Yuroke,16 ,3 ,0.0,0.0,0.0,20 ,20233
O,Public Administration and Safety,210051542,Craigieburn - North West,5 ,0 ,0.0,0.0,0.0,6 ,21675
O,Public Administration and Safety,210051543,Craigieburn - West,4 ,0 ,0.0,0.0,0.0,5 ,21675
O,Public Administration and Safety,210051544,Roxburgh Park (South) - Somerton,5 ,0 ,0.0,0.0,0.0,7 ,20878
O,Public Administration and Safety,210051545,Roxburgh Park - North,6 ,0 ,0.0,0.0,0.0,8 ,20661
O,Public Administration and Safety,211011251,Bayswater,5 ,3 ,0.0,0.0,0.0,8 ,20173
O,Public Administration and Safety,211011254,Knoxfield - Scoresby,0 ,0 ,0.0,0.0,0.0,3 ,21013
O,Public Administration and Safety,211011255,Lysterfield,0 ,0 ,0.0,0.0,0.0,0 ,20917
O,Public Administration and Safety,211011256,Rowville - Central,5 ,3 ,0.0,0.0,0.0,7 ,21374
O,Public Administration and Safety,211011257,Rowville - North,0 ,0 ,0.0,0.0,0.0,0 ,20917
O,Public Administration and Safety,211011258,Rowville - South,0 ,3 ,0.0,0.0,0.0,3 ,22207
O,Public Administration and Safety,211011259,Wantirna,0 ,0 ,0.0,0.0,0.0,3 ,22628
O,Public Administration and Safety,211011260,Wantirna South,3 ,0 ,0.0,0.0,0.0,0 ,21013
O,Public Administration and Safety,211011446,Boronia,3 ,0 ,0.0,0.0,0.0,3 ,20173
O,Public Administration and Safety,211011447,Ferntree Gully - North,3 ,0 ,0.0,0.0,0.0,0 ,20304
O,Public Administration and Safety,211011448,Ferntree Gully (South) - Upper Ferntree Gully,0 ,0 ,0.0,0.0,0.0,4 ,20917
O,Public Administration and Safety,211011449,The Basin,0 ,0 ,0.0,0.0,0.0,0 ,20304
O,Public Administration and Safety,211021261,Donvale - Park Orchards,3 ,0 ,0.0,0.0,0.0,3 ,20772
O,Public Administration and Safety,211021262,Warrandyte - Wonga Park,0 ,3 ,0.0,0.0,0.0,3 ,20772
O,Public Administration and Safety,211031263,Bayswater North,3 ,3 ,0.0,3.0,0.0,8 ,20173
O,Public Administration and Safety,211031265,Croydon Hills - Warranwood,0 ,0 ,0.0,0.0,0.0,4 ,20556
O,Public Administration and Safety,211031266,Ringwood,3 ,4 ,3.0,0.0,0.0,8 ,20774
O,Public Administration and Safety,211031267,Ringwood East,3 ,3 ,0.0,0.0,0.0,4 ,20173
O,Public Administration and Safety,211031268,Ringwood North,0 ,0 ,3.0,0.0,0.0,0 ,20774
O,Public Administration and Safety,211031450,Croydon - East,0 ,0 ,0.0,0.0,0.0,0 ,21354
O,Public Administration and Safety,211031451,Croydon - West,3 ,0 ,0.0,0.0,0.0,4 ,20556
O,Public Administration and Safety,211031452,Croydon South,0 ,0 ,0.0,0.0,0.0,0 ,20174
O,Public Administration and Safety,211041269,Forest Hill,0 ,0 ,0.0,0.0,0.0,0 ,20252
O,Public Administration and Safety,211041270,Mitcham (Vic.),3 ,0 ,0.0,0.0,0.0,3 ,20774
O,Public Administration and Safety,211041271,Nunawading,3 ,3 ,0.0,0.0,0.0,6 ,20774
O,Public Administration and Safety,211041272,Vermont,0 ,3 ,3.0,3.0,0.0,4 ,20937
O,Public Administration and Safety,211041273,Vermont South,0 ,0 ,0.0,0.0,0.0,3 ,20937
O,Public Administration and Safety,211051274,Belgrave - Selby,0 ,3 ,0.0,0.0,0.0,3 ,21558
O,Public Administration and Safety,211051275,Chirnside Park,0 ,0 ,0.0,0.0,0.0,0 ,20556
O,Public Administration and Safety,211051276,Healesville - Yarra Glen,3 ,0 ,0.0,0.0,0.0,3 ,20916
O,Public Administration and Safety,211051277,Kilsyth,3 ,0 ,0.0,0.0,3.0,3 ,20174
O,Public Administration and Safety,211051278,Lilydale - Coldstream,0 ,0 ,3.0,0.0,0.0,7 ,20556
O,Public Administration and Safety,211051279,Monbulk - Silvan,0 ,3 ,0.0,0.0,0.0,3 ,20868
O,Public Administration and Safety,211051280,Montrose,3 ,0 ,0.0,0.0,0.0,3 ,21354
O,Public Administration and Safety,211051281,Mooroolbark,3 ,0 ,0.0,0.0,0.0,3 ,20556
O,Public Administration and Safety,211051282,Mount Dandenong - Olinda,0 ,0 ,0.0,0.0,0.0,0 ,20304
O,Public Administration and Safety,211051283,Mount Evelyn,0 ,0 ,0.0,0.0,0.0,0 ,21736
O,Public Administration and Safety,211051284,Upwey - Tecoma,0 ,0 ,0.0,0.0,0.0,3 ,21558
O,Public Administration and Safety,211051285,Wandin - Seville,3 ,0 ,0.0,0.0,0.0,3 ,20613
O,Public Administration and Safety,211051286,Yarra Valley,0 ,3 ,0.0,0.0,0.0,0 ,20833
O,Public Administration and Safety,212011289,Emerald - Cockatoo,4 ,0 ,0.0,0.0,0.0,6 ,20979
O,Public Administration and Safety,212011546,Beaconsfield - Officer,6 ,3 ,0.0,0.0,0.0,7 ,20176
O,Public Administration and Safety,212011547,Bunyip - Garfield,3 ,0 ,0.0,0.0,0.0,3 ,20411
O,Public Administration and Safety,212011548,Koo Wee Rup,3 ,0 ,0.0,0.0,0.0,0 ,20081
O,Public Administration and Safety,212011549,Pakenham - North East,3 ,0 ,0.0,0.0,0.0,3 ,21879
O,Public Administration and Safety,212011550,Pakenham - North West,0 ,0 ,0.0,0.0,0.0,0 ,20176
O,Public Administration and Safety,212011551,Pakenham - South East,4 ,0 ,0.0,0.0,0.0,6 ,21879
O,Public Administration and Safety,212011552,Pakenham - South West,10 ,4 ,0.0,3.0,0.0,18 ,22006
O,Public Administration and Safety,212021293,Berwick - North,3 ,4 ,0.0,0.0,0.0,6 ,21895
O,Public Administration and Safety,212021295,Doveton,8 ,0 ,0.0,0.0,0.0,9 ,20708
O,Public Administration and Safety,212021297,Hallam,3 ,0 ,0.0,4.0,0.0,9 ,21895
O,Public Administration and Safety,212021299,Narre Warren North,0 ,3 ,0.0,0.0,0.0,3 ,21558
O,Public Administration and Safety,212021453,Endeavour Hills - North,3 ,0 ,0.0,0.0,0.0,3 ,22207
O,Public Administration and Safety,212021454,Endeavour Hills - South,0 ,0 ,0.0,0.0,0.0,3 ,21895
O,Public Administration and Safety,212021455,Narre Warren - North East,3 ,3 ,0.0,0.0,0.0,5 ,21895
O,Public Administration and Safety,212021456,Narre Warren - South West,6 ,0 ,0.0,0.0,0.0,7 ,20224
O,Public Administration and Safety,212021553,Berwick - South East,3 ,3 ,0.0,0.0,0.0,5 ,20175
O,Public Administration and Safety,212021554,Berwick - South West,5 ,0 ,0.0,0.0,0.0,5 ,20224
O,Public Administration and Safety,212031300,Cranbourne,4 ,3 ,3.0,0.0,0.0,9 ,20664
O,Public Administration and Safety,212031303,Cranbourne South,3 ,0 ,0.0,0.0,0.0,5 ,20487
O,Public Administration and Safety,212031304,Cranbourne West,6 ,0 ,0.0,0.0,0.0,8 ,20662
O,Public Administration and Safety,212031306,Lynbrook - Lyndhurst,5 ,3 ,0.0,0.0,0.0,8 ,20709
O,Public Administration and Safety,212031308,Pearcedale - Tooradin,0 ,3 ,0.0,0.0,0.0,0 ,21380
O,Public Administration and Safety,212031457,Narre Warren South - East,0 ,0 ,0.0,0.0,0.0,3 ,20224
O,Public Administration and Safety,212031458,Narre Warren South - West,6 ,3 ,0.0,0.0,0.0,7 ,21893
O,Public Administration and Safety,212031555,Clyde North - North,4 ,0 ,0.0,0.0,0.0,5 ,22006
O,Public Administration and Safety,212031556,Clyde North - South,12 ,3 ,0.0,0.0,0.0,14 ,20487
O,Public Administration and Safety,212031557,Cranbourne East - North,6 ,0 ,0.0,0.0,0.0,6 ,20581
O,Public Administration and Safety,212031558,Cranbourne East - South,4 ,0 ,0.0,0.0,0.0,4 ,20581
O,Public Administration and Safety,212031559,Cranbourne North - East,3 ,3 ,0.0,0.0,0.0,5 ,20582
O,Public Administration and Safety,212031560,Cranbourne North - West,3 ,0 ,0.0,0.0,0.0,3 ,21133
O,Public Administration and Safety,212031561,Hampton Park - East,4 ,0 ,3.0,0.0,0.0,6 ,21893
O,Public Administration and Safety,212031562,Hampton Park - West,3 ,4 ,0.0,0.0,0.0,8 ,20709
O,Public Administration and Safety,212041309,Clarinda - Oakleigh South,4 ,0 ,0.0,0.0,0.0,4 ,21746
O,Public Administration and Safety,212041310,Clayton South,3 ,0 ,0.0,0.0,0.0,3 ,20758
O,Public Administration and Safety,212041312,Dandenong North,6 ,0 ,0.0,0.0,0.0,6 ,22207
O,Public Administration and Safety,212041313,Dingley Village,3 ,0 ,0.0,0.0,0.0,3 ,20320
O,Public Administration and Safety,212041316,Noble Park North,0 ,0 ,0.0,0.0,0.0,3 ,20708
O,Public Administration and Safety,212041317,Springvale,5 ,4 ,0.0,0.0,0.0,11 ,21827
O,Public Administration and Safety,212041318,Springvale South,0 ,0 ,0.0,0.0,0.0,0 ,21339
O,Public Administration and Safety,212041459,Noble Park - East,8 ,0 ,0.0,0.0,0.0,9 ,21339
O,Public Administration and Safety,212041460,Noble Park - West,5 ,0 ,0.0,0.0,0.0,6 ,21339
O,Public Administration and Safety,212041563,Dandenong - North,8 ,3 ,0.0,0.0,0.0,11 ,20708
O,Public Administration and Safety,212041564,Dandenong - South,4 ,3 ,0.0,3.0,0.0,8 ,20131
O,Public Administration and Safety,212041565,Keysborough - North,0 ,0 ,0.0,0.0,0.0,3 ,21339
O,Public Administration and Safety,212041566,Keysborough - South,0 ,3 ,3.0,3.0,0.0,5 ,20080
O,Public Administration and Safety,212051319,Ashwood - Chadstone,0 ,0 ,0.0,0.0,0.0,3 ,20077
O,Public Administration and Safety,212051321,Glen Waverley - East,3 ,0 ,0.0,0.0,0.0,3 ,20427
O,Public Administration and Safety,212051322,Glen Waverley - West,0 ,0 ,0.0,0.0,0.0,0 ,20427
O,Public Administration and Safety,212051323,Mount Waverley - North,3 ,3 ,0.0,0.0,0.0,4 ,20078
O,Public Administration and Safety,212051324,Mount Waverley - South,3 ,0 ,0.0,0.0,0.0,5 ,21816
O,Public Administration and Safety,212051325,Mulgrave,5 ,3 ,0.0,3.0,0.0,9 ,21013
O,Public Administration and Safety,212051326,Oakleigh - Huntingdale,4 ,3 ,0.0,3.0,0.0,10 ,21587
O,Public Administration and Safety,212051327,Wheelers Hill,4 ,0 ,0.0,0.0,0.0,6 ,21013
O,Public Administration and Safety,212051567,Clayton (North) - Notting Hill,0 ,0 ,0.0,0.0,0.0,3 ,21816
O,Public Administration and Safety,212051568,Clayton - Central,4 ,0 ,0.0,0.0,0.0,5 ,22002
O,Public Administration and Safety,213011328,Ardeer - Albion,8 ,0 ,0.0,0.0,0.0,9 ,22396
O,Public Administration and Safety,213011329,Cairnlea,0 ,0 ,0.0,0.0,0.0,0 ,20062
O,Public Administration and Safety,213011331,Delahey,3 ,0 ,0.0,0.0,0.0,3 ,21315
O,Public Administration and Safety,213011332,Keilor Downs,3 ,0 ,0.0,0.0,0.0,3 ,21316
O,Public Administration and Safety,213011333,Kings Park (Vic.),0 ,0 ,0.0,0.0,0.0,0 ,20729
O,Public Administration and Safety,213011334,St Albans - North,0 ,0 ,0.0,0.0,0.0,0 ,21312
O,Public Administration and Safety,213011335,St Albans - South,6 ,3 ,0.0,3.0,0.0,9 ,21312
O,Public Administration and Safety,213011336,Sunshine,3 ,0 ,0.0,0.0,0.0,4 ,20324
O,Public Administration and Safety,213011337,Sunshine North,0 ,0 ,0.0,0.0,0.0,3 ,21316
O,Public Administration and Safety,213011338,Sunshine West,8 ,3 ,0.0,0.0,0.0,11 ,20062
O,Public Administration and Safety,213011339,Sydenham,8 ,0 ,0.0,0.0,0.0,8 ,22474
O,Public Administration and Safety,213011340,Taylors Lakes,0 ,0 ,3.0,0.0,0.0,4 ,21314
O,Public Administration and Safety,213011569,Deer Park,9 ,0 ,0.0,0.0,0.0,9 ,20062
O,Public Administration and Safety,213011570,Derrimut,5 ,0 ,0.0,0.0,0.0,8 ,20062
O,Public Administration and Safety,213021341,Altona,4 ,3 ,0.0,0.0,0.0,7 ,21477
O,Public Administration and Safety,213021342,Altona Meadows,6 ,3 ,0.0,0.0,0.0,9 ,20035
O,Public Administration and Safety,213021343,Altona North,3 ,3 ,0.0,3.0,0.0,8 ,22917
O,Public Administration and Safety,213021344,Newport,3 ,0 ,3.0,3.0,0.0,5 ,22107
O,Public Administration and Safety,213021345,Seabrook,0 ,0 ,0.0,0.0,0.0,0 ,20036
O,Public Administration and Safety,213021346,Williamstown,5 ,3 ,3.0,0.0,0.0,7 ,21934
O,Public Administration and Safety,213031347,Braybrook,4 ,0 ,3.0,3.0,0.0,6 ,20935
O,Public Administration and Safety,213031348,Footscray,3 ,3 ,3.0,0.0,0.0,5 ,20929
O,Public Administration and Safety,213031349,Maribyrnong,3 ,0 ,0.0,3.0,0.0,7 ,20075
O,Public Administration and Safety,213031350,Seddon - Kingsville,0 ,0 ,0.0,0.0,0.0,0 ,20935
O,Public Administration and Safety,213031351,West Footscray - Tottenham,0 ,3 ,0.0,0.0,0.0,3 ,20935
O,Public Administration and Safety,213031352,Yarraville,10 ,0 ,3.0,0.0,0.0,13 ,20935
O,Public Administration and Safety,213041353,Bacchus Marsh,3 ,3 ,0.0,3.0,0.0,6 ,20095
O,Public Administration and Safety,213041358,Melton West,4 ,0 ,0.0,0.0,0.0,6 ,22537
O,Public Administration and Safety,213041359,Rockbank - Mount Cottrell,19 ,3 ,3.0,0.0,0.0,23 ,20899
O,Public Administration and Safety,213041360,Taylors Hill,6 ,3 ,3.0,0.0,0.0,10 ,20950
O,Public Administration and Safety,213041461,Burnside,0 ,0 ,0.0,0.0,0.0,3 ,20729
O,Public Administration and Safety,213041462,Burnside Heights,3 ,0 ,0.0,0.0,0.0,3 ,20420
O,Public Administration and Safety,213041463,Caroline Springs,8 ,0 ,3.0,0.0,0.0,10 ,20950
O,Public Administration and Safety,213041571,Brookfield,0 ,0 ,0.0,0.0,0.0,3 ,21202
O,Public Administration and Safety,213041572,Cobblebank - Strathtulloh,3 ,0 ,0.0,0.0,0.0,3 ,21642
O,Public Administration and Safety,213041573,Eynesbury - Exford,3 ,0 ,0.0,0.0,0.0,0 ,20899
O,Public Administration and Safety,213041574,Fraser Rise - Plumpton,5 ,3 ,0.0,0.0,0.0,8 ,20754
O,Public Administration and Safety,213041575,Hillside,6 ,0 ,0.0,0.0,0.0,9 ,20950
O,Public Administration and Safety,213041576,Kurunjang - Toolern Vale,3 ,3 ,0.0,0.0,0.0,4 ,20605
O,Public Administration and Safety,213041577,Melton,3 ,0 ,0.0,0.0,0.0,3 ,21140
O,Public Administration and Safety,213041578,Melton South - Weir Views,6 ,0 ,0.0,0.0,0.0,6 ,20351
O,Public Administration and Safety,213051361,Hoppers Crossing - North,5 ,0 ,0.0,0.0,0.0,6 ,22582
O,Public Administration and Safety,213051362,Hoppers Crossing - South,6 ,3 ,0.0,0.0,0.0,9 ,22451
O,Public Administration and Safety,213051363,Laverton,9 ,3 ,3.0,0.0,0.0,13 ,22397
O,Public Administration and Safety,213051368,Werribee - South,8 ,3 ,3.0,0.0,0.0,12 ,20601
O,Public Administration and Safety,213051464,Point Cook - East,4 ,3 ,0.0,0.0,0.0,7 ,20036
O,Public Administration and Safety,213051466,Point Cook - South,7 ,0 ,0.0,3.0,0.0,8 ,22086
O,Public Administration and Safety,213051467,Werribee - East,0 ,0 ,0.0,0.0,0.0,0 ,22451
O,Public Administration and Safety,213051468,Werribee - West,4 ,3 ,0.0,0.0,0.0,7 ,20115
O,Public Administration and Safety,213051579,Manor Lakes - Quandong,8 ,3 ,0.0,0.0,0.0,10 ,20115
O,Public Administration and Safety,213051580,Point Cook - North East,3 ,0 ,3.0,0.0,0.0,6 ,20036
O,Public Administration and Safety,213051581,Point Cook - North West,0 ,0 ,0.0,0.0,0.0,3 ,22086
O,Public Administration and Safety,213051582,Tarneit (West) - Mount Cottrell,10 ,3 ,0.0,0.0,0.0,12 ,20899
O,Public Administration and Safety,213051583,Tarneit - Central,17 ,3 ,0.0,0.0,0.0,22 ,22582
O,Public Administration and Safety,213051584,Tarneit - North,12 ,3 ,0.0,0.0,0.0,13 ,22582
O,Public Administration and Safety,213051585,Tarneit - South,4 ,3 ,3.0,0.0,0.0,6 ,22451
O,Public Administration and Safety,213051586,Truganina - North,6 ,3 ,3.0,0.0,0.0,9 ,20743
O,Public Administration and Safety,213051587,Truganina - South East,6 ,3 ,0.0,0.0,0.0,8 ,21477
O,Public Administration and Safety,213051588,Truganina - South West,14 ,0 ,0.0,0.0,0.0,18 ,22582
O,Public Administration and Safety,213051589,Wyndham Vale - North,6 ,0 ,0.0,0.0,0.0,9 ,20116
O,Public Administration and Safety,213051590,Wyndham Vale - South,3 ,0 ,0.0,0.0,0.0,3 ,22750
O,Public Administration and Safety,214011370,Carrum Downs,5 ,0 ,3.0,0.0,0.0,9 ,20131
O,Public Administration and Safety,214011371,Frankston,5 ,0 ,3.0,0.0,0.0,6 ,22249
O,Public Administration and Safety,214011372,Frankston North,3 ,3 ,0.0,0.0,0.0,5 ,20508
O,Public Administration and Safety,214011373,Frankston South,0 ,0 ,0.0,0.0,0.0,0 ,21468
O,Public Administration and Safety,214011374,Langwarrin,4 ,3 ,3.0,3.0,0.0,8 ,20508
O,Public Administration and Safety,214011375,Seaford (Vic.),0 ,0 ,0.0,0.0,0.0,3 ,20507
O,Public Administration and Safety,214011376,Skye - Sandhurst,0 ,3 ,0.0,0.0,0.0,4 ,20508
O,Public Administration and Safety,214021377,Dromana,3 ,0 ,0.0,0.0,0.0,3 ,20072
O,Public Administration and Safety,214021378,Flinders,0 ,0 ,0.0,0.0,0.0,0 ,20072
O,Public Administration and Safety,214021379,Hastings - Somers,0 ,3 ,0.0,0.0,0.0,3 ,21664
O,Public Administration and Safety,214021381,Mount Eliza,3 ,0 ,0.0,0.0,0.0,4 ,20949
O,Public Administration and Safety,214021382,Mount Martha,4 ,0 ,0.0,0.0,0.0,6 ,21803
O,Public Administration and Safety,214021383,Point Nepean,3 ,0 ,0.0,0.0,0.0,6 ,20280
O,Public Administration and Safety,214021384,Rosebud - McCrae,3 ,3 ,0.0,0.0,0.0,7 ,20072
O,Public Administration and Safety,214021385,Somerville,3 ,3 ,3.0,0.0,0.0,3 ,22050
O,Public Administration and Safety,214021591,Mornington - East,0 ,0 ,0.0,0.0,0.0,0 ,21793
O,Public Administration and Safety,214021592,Mornington - West,0 ,0 ,0.0,0.0,0.0,3 ,21793
O,Public Administration and Safety,215011386,Ararat,3 ,3 ,0.0,0.0,0.0,3 ,20811
O,Public Administration and Safety,215011387,Ararat Surrounds,0 ,0 ,0.0,0.0,0.0,0 ,20680
O,Public Administration and Safety,215011388,Horsham,0 ,0 ,0.0,0.0,0.0,3 ,20403
O,Public Administration and Safety,215011389,Horsham Surrounds,0 ,0 ,0.0,0.0,0.0,0 ,20403
O,Public Administration and Safety,215011390,Nhill Region,3 ,0 ,0.0,0.0,0.0,0 ,20756
O,Public Administration and Safety,215011391,St Arnaud,0 ,0 ,0.0,0.0,0.0,3 ,20142
O,Public Administration and Safety,215011392,Stawell,0 ,0 ,0.0,0.0,0.0,0 ,20680
O,Public Administration and Safety,215011393,West Wimmera,0 ,0 ,0.0,0.0,0.0,0 ,20119
O,Public Administration and Safety,215011394,Yarriambiack,3 ,0 ,0.0,0.0,0.0,3 ,20756
O,Public Administration and Safety,215021395,Irymple,3 ,0 ,0.0,0.0,0.0,3 ,20488
O,Public Administration and Safety,215021396,Merbein,0 ,0 ,0.0,0.0,0.0,0 ,21388
O,Public Administration and Safety,215021398,Mildura Surrounds,0 ,0 ,0.0,0.0,0.0,3 ,20234
O,Public Administration and Safety,215021399,Red Cliffs,0 ,0 ,0.0,0.0,0.0,0 ,20488
O,Public Administration and Safety,215021469,Mildura - North,0 ,0 ,3.0,3.0,0.0,4 ,21682
O,Public Administration and Safety,215021470,Mildura - South,0 ,0 ,0.0,0.0,0.0,3 ,21245
O,Public Administration and Safety,215031400,Buloke,0 ,0 ,0.0,0.0,0.0,0 ,20155
O,Public Administration and Safety,215031401,Gannawarra,3 ,0 ,0.0,0.0,0.0,0 ,20051
O,Public Administration and Safety,215031402,Kerang,0 ,0 ,0.0,0.0,0.0,0 ,20477
O,Public Administration and Safety,215031403,Robinvale,0 ,0 ,0.0,0.0,0.0,0 ,22744
O,Public Administration and Safety,215031404,Swan Hill,0 ,0 ,0.0,0.0,0.0,0 ,21076
O,Public Administration and Safety,215031405,Swan Hill Surrounds,0 ,0 ,0.0,0.0,0.0,0 ,20047
O,Public Administration and Safety,216011406,Echuca,3 ,0 ,3.0,0.0,0.0,6 ,20125
O,Public Administration and Safety,216011407,Kyabram,0 ,0 ,3.0,0.0,0.0,3 ,20838
O,Public Administration and Safety,216011408,Lockington - Gunbower,0 ,0 ,0.0,0.0,0.0,0 ,20755
O,Public Administration and Safety,216011409,Rochester,0 ,0 ,0.0,0.0,0.0,0 ,20281
O,Public Administration and Safety,216011410,Rushworth,0 ,0 ,0.0,0.0,0.0,0 ,20093
O,Public Administration and Safety,216021411,Cobram,0 ,0 ,3.0,0.0,0.0,0 ,20301
O,Public Administration and Safety,216021412,Moira,0 ,0 ,0.0,0.0,0.0,0 ,20032
O,Public Administration and Safety,216021413,Numurkah,0 ,0 ,0.0,0.0,0.0,0 ,20839
O,Public Administration and Safety,216021414,Yarrawonga,0 ,3 ,0.0,0.0,0.0,4 ,20395
O,Public Administration and Safety,216031415,Mooroopna,0 ,0 ,0.0,0.0,0.0,0 ,20063
O,Public Administration and Safety,216031416,Shepparton - North,3 ,0 ,3.0,0.0,0.0,7 ,20393
O,Public Administration and Safety,216031418,Shepparton Surrounds - East,0 ,0 ,0.0,0.0,0.0,0 ,20056
O,Public Administration and Safety,216031419,Shepparton Surrounds - West,0 ,0 ,0.0,0.0,0.0,0 ,20056
O,Public Administration and Safety,216031593,Kialla,0 ,3 ,0.0,0.0,0.0,0 ,20056
O,Public Administration and Safety,216031594,Shepparton - South East,3 ,3 ,0.0,0.0,0.0,6 ,21340
O,Public Administration and Safety,217011420,Glenelg (Vic.),0 ,0 ,3.0,0.0,0.0,0 ,20340
O,Public Administration and Safety,217011421,Hamilton (Vic.),3 ,0 ,3.0,0.0,0.0,0 ,20322
O,Public Administration and Safety,217011422,Portland,3 ,0 ,0.0,0.0,0.0,3 ,20274
O,Public Administration and Safety,217011423,Southern Grampians,0 ,0 ,0.0,0.0,0.0,0 ,20199
O,Public Administration and Safety,217031471,Camperdown,0 ,0 ,0.0,0.0,0.0,0 ,20285
O,Public Administration and Safety,217031472,Colac,0 ,3 ,0.0,0.0,0.0,3 ,20149
O,Public Administration and Safety,217031473,Colac Surrounds,0 ,0 ,0.0,0.0,0.0,0 ,20671
O,Public Administration and Safety,217031474,Corangamite - North,3 ,0 ,0.0,0.0,0.0,0 ,20319
O,Public Administration and Safety,217031475,Corangamite - South,0 ,0 ,0.0,0.0,0.0,3 ,20306
O,Public Administration and Safety,217031476,Otway,0 ,0 ,0.0,0.0,0.0,0 ,20161
O,Public Administration and Safety,217041477,Moyne - East,3 ,0 ,0.0,0.0,0.0,0 ,21916
O,Public Administration and Safety,217041478,Moyne - West,0 ,3 ,0.0,0.0,0.0,4 ,20225
O,Public Administration and Safety,217041479,Warrnambool - North,3 ,0 ,0.0,0.0,0.0,4 ,20028
O,Public Administration and Safety,217041480,Warrnambool - South,0 ,0 ,3.0,3.0,0.0,6 ,20028
P,Education and Training,201011001,Alfredton,6 ,0 ,3.0,0.0,0.0,9 ,20023
P,Education and Training,201011002,Ballarat,16 ,8 ,3.0,3.0,0.0,29 ,20023
P,Education and Training,201011005,Buninyong,10 ,0 ,0.0,3.0,0.0,12 ,20409
P,Education and Training,201011006,Delacombe,3 ,4 ,0.0,0.0,0.0,6 ,20023
P,Education and Training,201011007,Smythes Creek,3 ,0 ,0.0,0.0,0.0,3 ,20262
P,Education and Training,201011008,Wendouree - Miners Rest,4 ,5 ,0.0,3.0,0.0,13 ,20023
P,Education and Training,201011481,Ballarat East - Warrenheip,3 ,3 ,0.0,3.0,3.0,9 ,20104
P,Education and Training,201011482,Ballarat North - Invermay,9 ,5 ,3.0,0.0,0.0,15 ,22745
P,Education and Training,201011483,Canadian - Mount Clear,13 ,3 ,0.0,0.0,0.0,16 ,20111
P,Education and Training,201011484,Sebastopol - Redan,5 ,3 ,0.0,0.0,0.0,10 ,20730
P,Education and Training,201021009,Bacchus Marsh Surrounds,3 ,3 ,0.0,0.0,0.0,6 ,20076
P,Education and Training,201021010,Creswick - Clunes,5 ,3 ,3.0,0.0,0.0,10 ,20262
P,Education and Training,201021011,Daylesford,14 ,4 ,3.0,0.0,0.0,20 ,20256
P,Education and Training,201021012,Gordon (Vic.),10 ,0 ,0.0,0.0,0.0,11 ,20409
P,Education and Training,201031013,Avoca,3 ,0 ,0.0,0.0,0.0,3 ,20008
P,Education and Training,201031014,Beaufort,3 ,0 ,0.0,0.0,0.0,4 ,20262
P,Education and Training,201031015,Golden Plains - North,0 ,0 ,0.0,0.0,0.0,0 ,21123
P,Education and Training,201031016,Maryborough (Vic.),4 ,0 ,0.0,3.0,0.0,8 ,20009
P,Education and Training,201031017,Maryborough Surrounds,3 ,0 ,3.0,0.0,0.0,4 ,20459
P,Education and Training,202011018,Bendigo,13 ,8 ,5.0,3.0,0.0,31 ,20208
P,Education and Training,202011019,California Gully - Eaglehawk,5 ,0 ,0.0,0.0,0.0,6 ,20444
P,Education and Training,202011020,East Bendigo - Kennington,11 ,3 ,3.0,0.0,0.0,18 ,20208
P,Education and Training,202011021,Flora Hill - Spring Gully,3 ,0 ,3.0,0.0,0.0,4 ,20208
P,Education and Training,202011022,Kangaroo Flat - Golden Square,10 ,4 ,0.0,0.0,0.0,16 ,20208
P,Education and Training,202011023,Maiden Gully,0 ,0 ,0.0,0.0,0.0,4 ,20444
P,Education and Training,202011024,Strathfieldsaye,7 ,0 ,0.0,3.0,0.0,9 ,20828
P,Education and Training,202011025,White Hills - Ascot,6 ,4 ,0.0,0.0,0.0,11 ,20208
P,Education and Training,202021026,Bendigo Surrounds - South,5 ,3 ,0.0,0.0,0.0,10 ,20835
P,Education and Training,202021027,Castlemaine,15 ,5 ,4.0,0.0,0.0,24 ,20955
P,Education and Training,202021028,Castlemaine Surrounds,11 ,5 ,0.0,0.0,0.0,17 ,20459
P,Education and Training,202021029,Heathcote,3 ,3 ,0.0,0.0,0.0,5 ,20877
P,Education and Training,202021030,Kyneton,16 ,5 ,3.0,0.0,0.0,22 ,20076
P,Education and Training,202021031,Woodend,5 ,6 ,3.0,0.0,0.0,13 ,20076
P,Education and Training,202031032,Bendigo Surrounds - North,3 ,0 ,0.0,0.0,0.0,3 ,20828
P,Education and Training,202031033,Loddon,3 ,4 ,0.0,0.0,0.0,6 ,20177
P,Education and Training,203011034,Bannockburn,4 ,3 ,0.0,0.0,0.0,7 ,20133
P,Education and Training,203011035,Golden Plains - South,9 ,6 ,3.0,0.0,0.0,16 ,20217
P,Education and Training,203011036,Winchelsea,0 ,3 ,0.0,3.0,0.0,5 ,20151
P,Education and Training,203021037,Belmont,11 ,3 ,0.0,0.0,0.0,14 ,20201
P,Education and Training,203021039,Geelong,22 ,16 ,9.0,3.0,0.0,50 ,20201
P,Education and Training,203021040,Geelong West - Hamlyn Heights,14 ,4 ,3.0,3.0,0.0,23 ,20165
P,Education and Training,203021042,Highton,18 ,13 ,0.0,4.0,0.0,38 ,20151
P,Education and Training,203021043,Lara,14 ,5 ,5.0,0.0,0.0,24 ,20115
P,Education and Training,203021044,Leopold,8 ,3 ,0.0,0.0,0.0,11 ,20621
P,Education and Training,203021045,Newcomb - Moolap,4 ,3 ,3.0,0.0,0.0,9 ,20326
P,Education and Training,203021046,Newtown (Vic.),13 ,7 ,4.0,4.0,0.0,28 ,20960
P,Education and Training,203021047,North Geelong - Bell Park,15 ,8 ,4.0,3.0,3.0,30 ,20165
P,Education and Training,203021485,Charlemont,8 ,3 ,0.0,0.0,0.0,10 ,21790
P,Education and Training,203021486,Corio - Lovely Banks,3 ,0 ,3.0,3.0,0.0,7 ,20165
P,Education and Training,203021487,Grovedale - Mount Duneed,8 ,16 ,4.0,0.0,0.0,28 ,20954
P,Education and Training,203021488,Norlane,3 ,3 ,0.0,0.0,0.0,5 ,20191
P,Education and Training,203031048,Clifton Springs,7 ,7 ,0.0,0.0,0.0,14 ,20697
P,Education and Training,203031049,Lorne - Anglesea,4 ,3 ,0.0,0.0,0.0,8 ,20046
P,Education and Training,203031051,Portarlington,6 ,3 ,0.0,0.0,0.0,9 ,20193
P,Education and Training,203031052,Point Lonsdale - Queenscliff,8 ,3 ,0.0,0.0,0.0,11 ,22663
P,Education and Training,203031053,Torquay,42 ,20 ,5.0,0.0,0.0,67 ,20046
P,Education and Training,203031489,Barwon Heads - Armstrong Creek,13 ,5 ,0.0,0.0,0.0,18 ,21790
P,Education and Training,203031490,Ocean Grove,21 ,11 ,5.0,3.0,0.0,38 ,20621
P,Education and Training,204011054,Alexandra,7 ,3 ,3.0,0.0,0.0,14 ,20005
P,Education and Training,204011055,Euroa,5 ,0 ,3.0,0.0,0.0,8 ,20283
P,Education and Training,204011056,Kilmore - Broadford,10 ,3 ,0.0,3.0,0.0,14 ,21980
P,Education and Training,204011057,Mansfield (Vic.),10 ,4 ,3.0,0.0,0.0,18 ,20283
P,Education and Training,204011058,Nagambie,3 ,0 ,0.0,3.0,0.0,3 ,20652
P,Education and Training,204011059,Seymour,3 ,0 ,0.0,0.0,0.0,0 ,20086
P,Education and Training,204011060,Seymour Surrounds,5 ,0 ,0.0,0.0,0.0,6 ,22154
P,Education and Training,204011061,Upper Yarra Valley,0 ,0 ,0.0,0.0,0.0,0 ,20452
P,Education and Training,204011062,Yea,3 ,3 ,0.0,0.0,0.0,6 ,20005
P,Education and Training,204021063,Benalla,4 ,0 ,3.0,0.0,0.0,10 ,20096
P,Education and Training,204021064,Benalla Surrounds,3 ,0 ,0.0,0.0,0.0,4 ,20283
P,Education and Training,204021065,Rutherglen,3 ,0 ,0.0,0.0,0.0,3 ,20296
P,Education and Training,204021066,Wangaratta,6 ,5 ,4.0,0.0,0.0,16 ,21349
P,Education and Training,204021067,Wangaratta Surrounds,9 ,0 ,3.0,3.0,0.0,13 ,20060
P,Education and Training,204031068,Beechworth,10 ,3 ,3.0,0.0,0.0,16 ,20551
P,Education and Training,204031069,Bright - Mount Beauty,12 ,7 ,0.0,0.0,0.0,19 ,21210
P,Education and Training,204031070,Chiltern - Indigo Valley,0 ,3 ,0.0,0.0,0.0,0 ,20357
P,Education and Training,204031071,Myrtleford,0 ,0 ,0.0,0.0,0.0,3 ,20312
P,Education and Training,204031072,Towong,0 ,0 ,0.0,0.0,0.0,3 ,20883
P,Education and Training,204031073,West Wodonga,7 ,3 ,3.0,0.0,0.0,11 ,21230
P,Education and Training,204031075,Yackandandah,4 ,3 ,0.0,0.0,0.0,9 ,22351
P,Education and Training,204031491,Baranduda - Leneva,8 ,0 ,0.0,3.0,0.0,10 ,21230
P,Education and Training,204031492,Wodonga,14 ,4 ,5.0,0.0,3.0,24 ,21222
P,Education and Training,205011076,Drouin,7 ,3 ,3.0,0.0,0.0,13 ,20081
P,Education and Training,205011077,Mount Baw Baw Region,7 ,4 ,0.0,0.0,0.0,13 ,20452
P,Education and Training,205011078,Trafalgar (Vic.),6 ,3 ,3.0,0.0,0.0,9 ,20391
P,Education and Training,205011079,Warragul,12 ,10 ,3.0,3.0,0.0,27 ,20081
P,Education and Training,205021080,Alps - East,0 ,0 ,0.0,0.0,0.0,0 ,20719
P,Education and Training,205021081,Bairnsdale,9 ,5 ,0.0,0.0,0.0,18 ,20103
P,Education and Training,205021082,Bruthen - Omeo,6 ,0 ,3.0,0.0,0.0,8 ,20265
P,Education and Training,205021083,Lake King,0 ,0 ,0.0,0.0,0.0,0 ,20822
P,Education and Training,205021084,Lakes Entrance,6 ,3 ,0.0,0.0,0.0,9 ,20290
P,Education and Training,205021085,Orbost,3 ,5 ,0.0,0.0,0.0,9 ,20360
P,Education and Training,205021086,Paynesville,4 ,0 ,0.0,0.0,0.0,5 ,20103
P,Education and Training,205031087,Foster,5 ,5 ,0.0,0.0,0.0,13 ,20010
P,Education and Training,205031088,French Island,0 ,0 ,0.0,0.0,0.0,0 ,20856
P,Education and Training,205031089,Korumburra,5 ,0 ,0.0,0.0,0.0,8 ,20081
P,Education and Training,205031090,Leongatha,7 ,0 ,4.0,0.0,0.0,11 ,20024
P,Education and Training,205031091,Phillip Island,14 ,4 ,4.0,3.0,0.0,24 ,20475
P,Education and Training,205031092,Wilsons Promontory,0 ,0 ,0.0,0.0,0.0,0 ,22800
P,Education and Training,205031093,Wonthaggi - Inverloch,25 ,5 ,5.0,0.0,0.0,36 ,21235
P,Education and Training,205041094,Churchill,8 ,4 ,3.0,0.0,0.0,14 ,20585
P,Education and Training,205041095,Moe - Newborough,4 ,3 ,0.0,0.0,0.0,5 ,21716
P,Education and Training,205041096,Morwell,5 ,3 ,4.0,0.0,0.0,13 ,22596
P,Education and Training,205041098,Yallourn North - Glengarry,3 ,3 ,0.0,0.0,0.0,3 ,20286
P,Education and Training,205041493,Traralgon - East,4 ,3 ,3.0,0.0,0.0,8 ,21027
P,Education and Training,205041494,Traralgon - West,3 ,4 ,3.0,0.0,0.0,7 ,21027
P,Education and Training,205051099,Alps - West,0 ,0 ,0.0,0.0,0.0,0 ,21210
P,Education and Training,205051100,Longford - Loch Sport,6 ,3 ,0.0,0.0,0.0,7 ,20938
P,Education and Training,205051101,Maffra,5 ,3 ,3.0,0.0,0.0,8 ,22542
P,Education and Training,205051102,Rosedale,0 ,0 ,0.0,0.0,0.0,3 ,22543
P,Education and Training,205051103,Sale,7 ,4 ,0.0,4.0,0.0,16 ,20586
P,Education and Training,205051104,Yarram,3 ,4 ,0.0,0.0,0.0,7 ,20242
P,Education and Training,206011106,Brunswick East,14 ,8 ,5.0,3.0,0.0,29 ,20361
P,Education and Training,206011107,Brunswick West,16 ,3 ,3.0,3.0,0.0,23 ,20361
P,Education and Training,206011109,Pascoe Vale South,10 ,6 ,0.0,3.0,0.0,20 ,20596
P,Education and Training,206011495,Brunswick - North,22 ,0 ,5.0,4.0,0.0,33 ,20361
P,Education and Training,206011496,Brunswick - South,25 ,12 ,7.0,3.0,0.0,47 ,20361
P,Education and Training,206011497,Coburg - East,21 ,7 ,0.0,0.0,0.0,31 ,20361
P,Education and Training,206011498,Coburg - West,14 ,4 ,3.0,3.0,0.0,21 ,20361
P,Education and Training,206021110,Alphington - Fairfield,18 ,5 ,4.0,0.0,0.0,28 ,21971
P,Education and Training,206021112,Thornbury,21 ,12 ,10.0,0.0,0.0,43 ,20362
P,Education and Training,206021499,Northcote - East,24 ,6 ,3.0,4.0,0.0,37 ,21971
P,Education and Training,206021500,Northcote - West,15 ,0 ,3.0,0.0,0.0,19 ,20362
P,Education and Training,206031113,Ascot Vale,20 ,11 ,5.0,0.0,0.0,37 ,20075
P,Education and Training,206031115,Flemington,12 ,5 ,3.0,0.0,0.0,20 ,20075
P,Education and Training,206031116,Moonee Ponds,25 ,4 ,8.0,0.0,0.0,37 ,20075
P,Education and Training,206031501,Essendon (West) - Aberfeldie,13 ,6 ,6.0,0.0,0.0,26 ,20885
P,Education and Training,206031502,Essendon - East,11 ,9 ,4.0,3.0,3.0,27 ,20363
P,Education and Training,206041117,Carlton,36 ,19 ,9.0,8.0,0.0,72 ,20496
P,Education and Training,206041118,Docklands,31 ,16 ,4.0,3.0,3.0,55 ,21640
P,Education and Training,206041119,East Melbourne,24 ,8 ,0.0,3.0,3.0,37 ,20495
P,Education and Training,206041120,Flemington Racecourse,0 ,3 ,0.0,0.0,0.0,0 ,20075
P,Education and Training,206041121,Kensington (Vic.),13 ,4 ,3.0,0.0,0.0,20 ,20929
P,Education and Training,206041124,Parkville,7 ,4 ,5.0,3.0,0.0,19 ,20361
P,Education and Training,206041125,South Yarra - West,11 ,5 ,0.0,0.0,0.0,19 ,21640
P,Education and Training,206041127,West Melbourne - Industrial,3 ,3 ,0.0,0.0,0.0,3 ,20935
P,Education and Training,206041503,Melbourne CBD - East,64 ,41 ,31.0,22.0,0.0,159 ,20495
P,Education and Training,206041504,Melbourne CBD - North,42 ,18 ,11.0,7.0,0.0,79 ,20495
P,Education and Training,206041505,Melbourne CBD - West,143 ,116 ,87.0,34.0,0.0,381 ,21640
P,Education and Training,206041506,North Melbourne,28 ,8 ,16.0,5.0,0.0,57 ,22038
P,Education and Training,206041507,Royal Botanic Gardens Victoria,0 ,0 ,0.0,0.0,0.0,0 ,21640
P,Education and Training,206041508,Southbank (West) - South Wharf,15 ,15 ,0.0,0.0,0.0,31 ,21640
P,Education and Training,206041509,Southbank - East,24 ,12 ,3.0,5.0,0.0,44 ,21640
P,Education and Training,206041510,West Melbourne - Residential,12 ,9 ,6.0,3.0,0.0,30 ,21640
P,Education and Training,206051128,Albert Park,62 ,25 ,12.0,9.0,3.0,111 ,21640
P,Education and Training,206051129,Elwood,34 ,7 ,3.0,0.0,0.0,46 ,22343
P,Education and Training,206051130,Port Melbourne,25 ,8 ,4.0,0.0,0.0,37 ,22107
P,Education and Training,206051134,St Kilda East,15 ,7 ,5.0,0.0,0.0,28 ,22118
P,Education and Training,206051511,Port Melbourne Industrial,13 ,6 ,0.0,0.0,0.0,22 ,20766
P,Education and Training,206051512,South Melbourne,52 ,19 ,12.0,6.0,0.0,89 ,21640
P,Education and Training,206051513,St Kilda - Central,16 ,9 ,4.0,3.0,3.0,32 ,22805
P,Education and Training,206051514,St Kilda - West,39 ,7 ,6.0,0.0,0.0,53 ,21640
P,Education and Training,206061135,Armadale,17 ,8 ,5.0,4.0,0.0,34 ,22118
P,Education and Training,206061136,Prahran - Windsor,24 ,15 ,7.0,7.0,0.0,53 ,21640
P,Education and Training,206061138,Toorak,19 ,6 ,3.0,3.0,3.0,29 ,22118
P,Education and Training,206061515,South Yarra - North,24 ,11 ,8.0,0.0,0.0,45 ,21640
P,Education and Training,206061516,South Yarra - South,21 ,9 ,0.0,3.0,0.0,35 ,22118
P,Education and Training,206071139,Abbotsford,19 ,9 ,6.0,3.0,0.0,37 ,20901
P,Education and Training,206071140,Carlton North - Princes Hill,14 ,3 ,0.0,3.0,0.0,19 ,20361
P,Education and Training,206071141,Collingwood,29 ,10 ,6.0,5.0,0.0,51 ,20925
P,Education and Training,206071142,Fitzroy,16 ,6 ,4.0,3.0,0.0,29 ,20925
P,Education and Training,206071143,Fitzroy North,20 ,4 ,5.0,3.0,0.0,30 ,20362
P,Education and Training,206071145,Clifton Hill - Alphington,17 ,6 ,5.0,3.0,0.0,29 ,20925
P,Education and Training,206071517,Richmond (South) - Cremorne,37 ,24 ,10.0,6.0,0.0,77 ,20830
P,Education and Training,206071518,Richmond - North,24 ,10 ,0.0,0.0,0.0,37 ,20830
P,Education and Training,207011146,Ashburton (Vic.),11 ,5 ,4.0,0.0,0.0,20 ,20077
P,Education and Training,207011147,Balwyn,24 ,18 ,5.0,3.0,0.0,50 ,21336
P,Education and Training,207011148,Balwyn North,35 ,7 ,6.0,3.0,0.0,50 ,21336
P,Education and Training,207011149,Camberwell,32 ,19 ,6.0,4.0,0.0,61 ,21010
P,Education and Training,207011150,Glen Iris - East,21 ,13 ,6.0,3.0,0.0,42 ,20077
P,Education and Training,207011152,Hawthorn East,35 ,23 ,17.0,7.0,0.0,84 ,21586
P,Education and Training,207011154,Kew East,16 ,4 ,0.0,0.0,0.0,21 ,20034
P,Education and Training,207011155,Surrey Hills (West) - Canterbury,23 ,18 ,9.0,3.0,3.0,55 ,21336
P,Education and Training,207011519,Hawthorn - North,18 ,4 ,5.0,0.0,0.0,27 ,22170
P,Education and Training,207011520,Hawthorn - South,26 ,11 ,6.0,6.0,0.0,49 ,22547
P,Education and Training,207011521,Kew - South,22 ,7 ,5.0,0.0,4.0,40 ,21152
P,Education and Training,207011522,Kew - West,24 ,6 ,7.0,3.0,0.0,39 ,20034
P,Education and Training,207021156,Bulleen,9 ,5 ,3.0,4.0,0.0,21 ,20124
P,Education and Training,207021157,Doncaster,35 ,10 ,7.0,0.0,0.0,52 ,20124
P,Education and Training,207021159,Templestowe,18 ,9 ,3.0,3.0,0.0,32 ,20771
P,Education and Training,207021160,Templestowe Lower,14 ,6 ,3.0,0.0,0.0,23 ,20386
P,Education and Training,207021424,Doncaster East - North,15 ,13 ,0.0,3.0,0.0,32 ,20771
P,Education and Training,207021425,Doncaster East - South,18 ,7 ,5.0,0.0,0.0,31 ,20771
P,Education and Training,207031161,Blackburn,29 ,10 ,11.0,3.0,0.0,53 ,20315
P,Education and Training,207031162,Blackburn South,6 ,9 ,5.0,0.0,0.0,21 ,20426
P,Education and Training,207031163,Box Hill,48 ,20 ,24.0,10.0,0.0,102 ,21732
P,Education and Training,207031164,Box Hill North,23 ,9 ,7.0,3.0,0.0,42 ,20123
P,Education and Training,207031165,Burwood (Vic.),10 ,10 ,7.0,0.0,0.0,30 ,21010
P,Education and Training,207031166,Burwood East,10 ,11 ,4.0,0.0,0.0,27 ,20426
P,Education and Training,207031167,Surrey Hills (East) - Mont Albert,12 ,6 ,3.0,3.0,0.0,23 ,21732
P,Education and Training,208011168,Beaumaris,27 ,8 ,7.0,0.0,0.0,42 ,20182
P,Education and Training,208011169,Brighton (Vic.),45 ,18 ,13.0,7.0,3.0,84 ,20337
P,Education and Training,208011170,Brighton East,26 ,17 ,5.0,0.0,0.0,49 ,20337
P,Education and Training,208011171,Highett (West) - Cheltenham,23 ,17 ,4.0,0.0,0.0,44 ,20182
P,Education and Training,208011172,Hampton,25 ,18 ,11.0,3.0,0.0,56 ,20337
P,Education and Training,208011173,Sandringham - Black Rock,33 ,10 ,7.0,4.0,0.0,54 ,20182
P,Education and Training,208021174,Bentleigh - McKinnon,36 ,10 ,4.0,3.0,0.0,53 ,20338
P,Education and Training,208021176,Carnegie,16 ,3 ,3.0,0.0,0.0,22 ,21587
P,Education and Training,208021177,Caulfield - North,39 ,14 ,5.0,4.0,0.0,63 ,20105
P,Education and Training,208021178,Caulfield - South,38 ,11 ,6.0,3.0,0.0,58 ,20864
P,Education and Training,208021179,Elsternwick,15 ,8 ,6.0,3.0,0.0,32 ,20337
P,Education and Training,208021180,Hughesdale,8 ,0 ,3.0,0.0,0.0,11 ,21587
P,Education and Training,208021181,Murrumbeena,5 ,5 ,3.0,0.0,0.0,14 ,21587
P,Education and Training,208021182,Ormond - Glen Huntly,17 ,5 ,3.0,5.0,0.0,29 ,20338
P,Education and Training,208021426,Bentleigh East - North,33 ,10 ,5.0,3.0,0.0,51 ,20214
P,Education and Training,208021427,Bentleigh East - South,15 ,6 ,3.0,0.0,0.0,23 ,20214
P,Education and Training,208031183,Aspendale Gardens - Waterways,7 ,4 ,3.0,0.0,0.0,12 ,20079
P,Education and Training,208031184,Braeside,5 ,6 ,0.0,0.0,0.0,14 ,20079
P,Education and Training,208031185,Carrum - Patterson Lakes,7 ,7 ,3.0,0.0,0.0,17 ,20131
P,Education and Training,208031186,Chelsea - Bonbeach,14 ,8 ,3.0,0.0,0.0,23 ,20538
P,Education and Training,208031187,Chelsea Heights,3 ,3 ,3.0,0.0,0.0,8 ,20080
P,Education and Training,208031188,Highett (East) - Cheltenham,35 ,28 ,9.0,0.0,0.0,75 ,20539
P,Education and Training,208031189,Edithvale - Aspendale,13 ,5 ,0.0,0.0,0.0,19 ,20079
P,Education and Training,208031190,Mentone,16 ,5 ,5.0,3.0,0.0,30 ,20182
P,Education and Training,208031191,Moorabbin - Heatherton,26 ,16 ,7.0,3.0,0.0,50 ,20539
P,Education and Training,208031192,Moorabbin Airport,5 ,0 ,3.0,3.0,0.0,10 ,20539
P,Education and Training,208031193,Mordialloc - Parkdale,18 ,10 ,4.0,0.0,0.0,32 ,21648
P,Education and Training,208041194,Malvern - Glen Iris,29 ,11 ,5.0,5.0,0.0,50 ,20066
P,Education and Training,208041195,Malvern East,26 ,17 ,9.0,3.0,0.0,55 ,20523
P,Education and Training,209011196,Bundoora - East,8 ,0 ,3.0,0.0,0.0,11 ,20399
P,Education and Training,209011197,Greensborough,20 ,12 ,5.0,3.0,0.0,40 ,21104
P,Education and Training,209011198,Heidelberg - Rosanna,18 ,10 ,4.0,3.0,0.0,34 ,21246
P,Education and Training,209011199,Heidelberg West,15 ,3 ,4.0,4.0,0.0,25 ,22121
P,Education and Training,209011200,Ivanhoe,20 ,5 ,5.0,0.0,0.0,32 ,22508
P,Education and Training,209011201,Ivanhoe East - Eaglemont,6 ,7 ,3.0,0.0,0.0,15 ,21246
P,Education and Training,209011202,Montmorency - Briar Hill,12 ,7 ,8.0,0.0,0.0,27 ,22484
P,Education and Training,209011203,Viewbank - Yallambie,15 ,8 ,3.0,0.0,0.0,27 ,20386
P,Education and Training,209011204,Watsonia,5 ,4 ,3.0,0.0,0.0,12 ,20399
P,Education and Training,209021205,Kingsbury,6 ,8 ,3.0,0.0,0.0,16 ,20399
P,Education and Training,209021428,Preston - East,18 ,15 ,5.0,5.0,0.0,43 ,22121
P,Education and Training,209021429,Preston - West,13 ,4 ,3.0,0.0,0.0,18 ,20596
P,Education and Training,209021523,Reservoir - North East,10 ,4 ,3.0,0.0,0.0,17 ,20399
P,Education and Training,209021524,Reservoir - North West,6 ,0 ,0.0,0.0,0.0,7 ,22161
P,Education and Training,209021525,Reservoir - South East,13 ,4 ,0.0,0.0,0.0,19 ,22121
P,Education and Training,209021526,Reservoir - South West,18 ,4 ,4.0,0.0,0.0,26 ,20597
P,Education and Training,209031209,Eltham,25 ,13 ,5.0,3.0,0.0,46 ,22483
P,Education and Training,209031210,Hurstbridge,3 ,0 ,3.0,3.0,0.0,5 ,20752
P,Education and Training,209031211,Kinglake,3 ,3 ,3.0,0.0,0.0,6 ,20916
P,Education and Training,209031212,Panton Hill - St Andrews,4 ,3 ,0.0,0.0,0.0,9 ,21358
P,Education and Training,209031213,Plenty - Yarrambat,10 ,3 ,3.0,0.0,0.0,17 ,20399
P,Education and Training,209031214,Research - North Warrandyte,8 ,3 ,4.0,0.0,0.0,15 ,20865
P,Education and Training,209031215,Wattle Glen - Diamond Creek,8 ,6 ,3.0,0.0,0.0,18 ,20865
P,Education and Training,209041216,Bundoora - North,5 ,3 ,0.0,0.0,0.0,7 ,20399
P,Education and Training,209041217,Bundoora - West,4 ,0 ,3.0,3.0,0.0,8 ,20399
P,Education and Training,209041220,Mill Park - North,10 ,6 ,5.0,0.0,0.0,21 ,21683
P,Education and Training,209041221,Mill Park - South,6 ,4 ,3.0,0.0,0.0,13 ,20399
P,Education and Training,209041223,Thomastown,15 ,8 ,5.0,5.0,0.0,33 ,20399
P,Education and Training,209041224,Wallan,12 ,12 ,3.0,0.0,0.0,27 ,20345
P,Education and Training,209041225,Whittlesea,9 ,4 ,0.0,0.0,0.0,13 ,20576
P,Education and Training,209041431,Epping - East,5 ,5 ,0.0,3.0,0.0,13 ,22311
P,Education and Training,209041432,Epping - South,9 ,5 ,3.0,3.0,0.0,18 ,21683
P,Education and Training,209041433,Epping (Vic.) - West,13 ,6 ,3.0,0.0,0.0,22 ,20878
P,Education and Training,209041435,South Morang - North,11 ,0 ,0.0,0.0,0.0,13 ,20779
P,Education and Training,209041436,South Morang - South,14 ,4 ,3.0,3.0,0.0,22 ,22916
P,Education and Training,209041437,Wollert,27 ,7 ,0.0,0.0,0.0,35 ,22311
P,Education and Training,209041527,Doreen - North,14 ,6 ,3.0,0.0,0.0,21 ,20779
P,Education and Training,209041528,Doreen - South,10 ,3 ,0.0,0.0,0.0,13 ,20779
P,Education and Training,209041529,Lalor - East,4 ,3 ,3.0,0.0,0.0,8 ,22504
P,Education and Training,209041530,Lalor - West,11 ,0 ,0.0,3.0,0.0,16 ,22504
P,Education and Training,209041531,Mernda - North,5 ,3 ,0.0,0.0,0.0,7 ,20779
P,Education and Training,209041532,Mernda - South,13 ,5 ,0.0,0.0,0.0,18 ,20779
P,Education and Training,210011226,Airport West,12 ,3 ,0.0,0.0,0.0,15 ,20886
P,Education and Training,210011227,Essendon Airport,0 ,5 ,0.0,3.0,0.0,9 ,22380
P,Education and Training,210011228,Keilor,14 ,9 ,3.0,3.0,0.0,28 ,20015
P,Education and Training,210011230,Niddrie - Essendon West,12 ,3 ,0.0,0.0,0.0,16 ,20885
P,Education and Training,210011231,Strathmore,12 ,3 ,0.0,0.0,0.0,14 ,20885
P,Education and Training,210011533,Avondale Heights,8 ,3 ,3.0,3.0,0.0,15 ,21604
P,Education and Training,210011534,Keilor East,17 ,3 ,0.0,0.0,0.0,21 ,20888
P,Education and Training,210021232,Gisborne,16 ,10 ,7.0,3.0,0.0,34 ,20076
P,Education and Training,210021233,Macedon,9 ,0 ,0.0,0.0,0.0,11 ,20387
P,Education and Training,210021234,Riddells Creek,6 ,3 ,3.0,0.0,0.0,12 ,21176
P,Education and Training,210021235,Romsey,11 ,4 ,3.0,3.0,0.0,20 ,20172
P,Education and Training,210031236,Coburg North,12 ,4 ,3.0,0.0,0.0,20 ,20596
P,Education and Training,210031237,Fawkner,18 ,0 ,3.0,0.0,0.0,23 ,20597
P,Education and Training,210031439,Gowanbrae,6 ,0 ,3.0,0.0,0.0,8 ,22381
P,Education and Training,210031440,Hadfield,7 ,0 ,0.0,0.0,0.0,9 ,22041
P,Education and Training,210031535,Glenroy - East,16 ,9 ,3.0,3.0,0.0,31 ,22041
P,Education and Training,210031536,Glenroy - West,4 ,3 ,0.0,3.0,0.0,9 ,22381
P,Education and Training,210031537,Oak Park,6 ,3 ,3.0,0.0,0.0,10 ,22042
P,Education and Training,210031538,Pascoe Vale,8 ,7 ,4.0,0.0,0.0,19 ,22042
P,Education and Training,210041240,Sunbury,5 ,3 ,3.0,3.0,3.0,11 ,20567
P,Education and Training,210041539,Diggers Rest,3 ,0 ,0.0,0.0,0.0,3 ,20754
P,Education and Training,210041540,Sunbury - South,12 ,6 ,3.0,3.0,0.0,21 ,21318
P,Education and Training,210041541,Sunbury - West,4 ,0 ,0.0,0.0,0.0,4 ,20754
P,Education and Training,210051242,Broadmeadows,10 ,7 ,5.0,3.0,0.0,26 ,20909
P,Education and Training,210051243,Campbellfield - Coolaroo,15 ,9 ,5.0,3.0,0.0,33 ,22161
P,Education and Training,210051245,Gladstone Park - Westmeadows,7 ,7 ,3.0,0.0,0.0,19 ,22586
P,Education and Training,210051246,Greenvale - Bulla,14 ,11 ,0.0,0.0,0.0,28 ,21675
P,Education and Training,210051247,Meadow Heights,8 ,3 ,0.0,0.0,0.0,10 ,20624
P,Education and Training,210051248,Melbourne Airport,0 ,0 ,0.0,0.0,0.0,0 ,21319
P,Education and Training,210051250,Tullamarine,5 ,0 ,0.0,0.0,0.0,5 ,22586
P,Education and Training,210051441,Craigieburn - Central,10 ,0 ,3.0,0.0,0.0,13 ,20661
P,Education and Training,210051442,Craigieburn - North,13 ,3 ,3.0,0.0,0.0,18 ,21675
P,Education and Training,210051443,Craigieburn - South,29 ,5 ,3.0,0.0,0.0,37 ,20878
P,Education and Training,210051445,Mickleham - Yuroke,30 ,6 ,0.0,0.0,3.0,38 ,20233
P,Education and Training,210051542,Craigieburn - North West,10 ,3 ,0.0,0.0,0.0,13 ,21675
P,Education and Training,210051543,Craigieburn - West,11 ,3 ,0.0,0.0,0.0,15 ,21675
P,Education and Training,210051544,Roxburgh Park (South) - Somerton,9 ,5 ,0.0,0.0,0.0,14 ,20878
P,Education and Training,210051545,Roxburgh Park - North,6 ,4 ,0.0,0.0,0.0,10 ,20661
P,Education and Training,211011251,Bayswater,11 ,6 ,4.0,0.0,0.0,22 ,20173
P,Education and Training,211011254,Knoxfield - Scoresby,14 ,7 ,6.0,3.0,0.0,28 ,21013
P,Education and Training,211011255,Lysterfield,9 ,3 ,3.0,0.0,0.0,12 ,20917
P,Education and Training,211011256,Rowville - Central,16 ,9 ,4.0,0.0,0.0,30 ,21374
P,Education and Training,211011257,Rowville - North,13 ,5 ,3.0,0.0,0.0,21 ,20917
P,Education and Training,211011258,Rowville - South,21 ,5 ,3.0,0.0,0.0,30 ,22207
P,Education and Training,211011259,Wantirna,17 ,3 ,0.0,0.0,0.0,22 ,22628
P,Education and Training,211011260,Wantirna South,16 ,10 ,7.0,3.0,3.0,37 ,21013
P,Education and Training,211011446,Boronia,20 ,8 ,3.0,3.0,0.0,33 ,20173
P,Education and Training,211011447,Ferntree Gully - North,12 ,5 ,3.0,3.0,0.0,23 ,20304
P,Education and Training,211011448,Ferntree Gully (South) - Upper Ferntree Gully,6 ,7 ,3.0,3.0,0.0,18 ,20917
P,Education and Training,211011449,The Basin,3 ,0 ,3.0,0.0,0.0,6 ,20304
P,Education and Training,211021261,Donvale - Park Orchards,18 ,11 ,9.0,0.0,0.0,40 ,20772
P,Education and Training,211021262,Warrandyte - Wonga Park,11 ,13 ,4.0,0.0,0.0,28 ,20772
P,Education and Training,211031263,Bayswater North,6 ,0 ,5.0,0.0,0.0,11 ,20173
P,Education and Training,211031265,Croydon Hills - Warranwood,21 ,8 ,6.0,0.0,0.0,37 ,20556
P,Education and Training,211031266,Ringwood,26 ,15 ,5.0,3.0,0.0,50 ,20774
P,Education and Training,211031267,Ringwood East,20 ,9 ,5.0,0.0,0.0,35 ,20173
P,Education and Training,211031268,Ringwood North,4 ,4 ,5.0,0.0,0.0,13 ,20774
P,Education and Training,211031450,Croydon - East,5 ,10 ,4.0,3.0,0.0,21 ,21354
P,Education and Training,211031451,Croydon - West,9 ,3 ,0.0,3.0,0.0,14 ,20556
P,Education and Training,211031452,Croydon South,3 ,3 ,0.0,0.0,0.0,7 ,20174
P,Education and Training,211041269,Forest Hill,10 ,3 ,3.0,3.0,0.0,18 ,20252
P,Education and Training,211041270,Mitcham (Vic.),13 ,13 ,11.0,5.0,0.0,42 ,20774
P,Education and Training,211041271,Nunawading,13 ,7 ,6.0,0.0,0.0,26 ,20774
P,Education and Training,211041272,Vermont,19 ,7 ,3.0,0.0,0.0,28 ,20937
P,Education and Training,211041273,Vermont South,16 ,5 ,3.0,0.0,0.0,24 ,20937
P,Education and Training,211051274,Belgrave - Selby,21 ,7 ,6.0,0.0,0.0,36 ,21558
P,Education and Training,211051275,Chirnside Park,6 ,6 ,0.0,0.0,3.0,14 ,20556
P,Education and Training,211051276,Healesville - Yarra Glen,9 ,3 ,4.0,0.0,0.0,16 ,20916
P,Education and Training,211051277,Kilsyth,9 ,5 ,0.0,0.0,0.0,17 ,20174
P,Education and Training,211051278,Lilydale - Coldstream,16 ,8 ,8.0,3.0,0.0,35 ,20556
P,Education and Training,211051279,Monbulk - Silvan,7 ,3 ,0.0,3.0,0.0,11 ,20868
P,Education and Training,211051280,Montrose,3 ,0 ,0.0,4.0,0.0,8 ,21354
P,Education and Training,211051281,Mooroolbark,14 ,9 ,4.0,0.0,0.0,27 ,20556
P,Education and Training,211051282,Mount Dandenong - Olinda,14 ,4 ,3.0,0.0,0.0,21 ,20304
P,Education and Training,211051283,Mount Evelyn,5 ,0 ,3.0,0.0,0.0,7 ,21736
P,Education and Training,211051284,Upwey - Tecoma,8 ,5 ,4.0,0.0,0.0,17 ,21558
P,Education and Training,211051285,Wandin - Seville,4 ,3 ,3.0,0.0,0.0,10 ,20613
P,Education and Training,211051286,Yarra Valley,9 ,3 ,4.0,0.0,0.0,17 ,20833
P,Education and Training,212011289,Emerald - Cockatoo,15 ,6 ,4.0,3.0,0.0,27 ,20979
P,Education and Training,212011546,Beaconsfield - Officer,18 ,10 ,4.0,0.0,0.0,32 ,20176
P,Education and Training,212011547,Bunyip - Garfield,9 ,6 ,0.0,0.0,0.0,17 ,20411
P,Education and Training,212011548,Koo Wee Rup,10 ,4 ,0.0,0.0,0.0,15 ,20081
P,Education and Training,212011549,Pakenham - North East,9 ,4 ,0.0,0.0,0.0,14 ,21879
P,Education and Training,212011550,Pakenham - North West,6 ,3 ,4.0,0.0,3.0,14 ,20176
P,Education and Training,212011551,Pakenham - South East,7 ,3 ,3.0,0.0,0.0,13 ,21879
P,Education and Training,212011552,Pakenham - South West,24 ,6 ,0.0,0.0,0.0,31 ,22006
P,Education and Training,212021293,Berwick - North,20 ,12 ,8.0,3.0,0.0,42 ,21895
P,Education and Training,212021295,Doveton,6 ,3 ,0.0,0.0,0.0,10 ,20708
P,Education and Training,212021297,Hallam,8 ,3 ,4.0,3.0,0.0,16 ,21895
P,Education and Training,212021299,Narre Warren North,9 ,3 ,4.0,3.0,0.0,16 ,21558
P,Education and Training,212021453,Endeavour Hills - North,9 ,0 ,0.0,0.0,0.0,12 ,22207
P,Education and Training,212021454,Endeavour Hills - South,11 ,3 ,3.0,0.0,0.0,17 ,21895
P,Education and Training,212021455,Narre Warren - North East,10 ,3 ,3.0,0.0,0.0,14 ,21895
P,Education and Training,212021456,Narre Warren - South West,18 ,3 ,0.0,4.0,3.0,27 ,20224
P,Education and Training,212021553,Berwick - South East,11 ,3 ,0.0,0.0,0.0,15 ,20175
P,Education and Training,212021554,Berwick - South West,12 ,3 ,0.0,3.0,0.0,15 ,20224
P,Education and Training,212031300,Cranbourne,13 ,6 ,0.0,0.0,0.0,21 ,20664
P,Education and Training,212031303,Cranbourne South,11 ,6 ,0.0,0.0,0.0,18 ,20487
P,Education and Training,212031304,Cranbourne West,20 ,4 ,3.0,3.0,0.0,26 ,20662
P,Education and Training,212031306,Lynbrook - Lyndhurst,12 ,4 ,3.0,0.0,0.0,18 ,20709
P,Education and Training,212031308,Pearcedale - Tooradin,7 ,6 ,3.0,0.0,0.0,15 ,21380
P,Education and Training,212031457,Narre Warren South - East,10 ,4 ,4.0,0.0,0.0,19 ,20224
P,Education and Training,212031458,Narre Warren South - West,9 ,3 ,0.0,0.0,0.0,14 ,21893
P,Education and Training,212031555,Clyde North - North,7 ,3 ,3.0,0.0,0.0,11 ,22006
P,Education and Training,212031556,Clyde North - South,21 ,4 ,3.0,0.0,0.0,27 ,20487
P,Education and Training,212031557,Cranbourne East - North,15 ,7 ,4.0,0.0,0.0,26 ,20581
P,Education and Training,212031558,Cranbourne East - South,14 ,3 ,3.0,0.0,3.0,19 ,20581
P,Education and Training,212031559,Cranbourne North - East,8 ,3 ,0.0,3.0,0.0,11 ,20582
P,Education and Training,212031560,Cranbourne North - West,6 ,3 ,6.0,3.0,0.0,16 ,21133
P,Education and Training,212031561,Hampton Park - East,12 ,0 ,0.0,0.0,0.0,14 ,21893
P,Education and Training,212031562,Hampton Park - West,9 ,5 ,0.0,0.0,0.0,14 ,20709
P,Education and Training,212041309,Clarinda - Oakleigh South,6 ,8 ,3.0,0.0,0.0,17 ,21746
P,Education and Training,212041310,Clayton South,18 ,0 ,0.0,3.0,0.0,21 ,20758
P,Education and Training,212041312,Dandenong North,9 ,0 ,3.0,0.0,0.0,14 ,22207
P,Education and Training,212041313,Dingley Village,8 ,7 ,3.0,0.0,0.0,18 ,20320
P,Education and Training,212041316,Noble Park North,5 ,0 ,3.0,0.0,0.0,9 ,20708
P,Education and Training,212041317,Springvale,18 ,5 ,8.0,3.0,0.0,33 ,21827
P,Education and Training,212041318,Springvale South,4 ,3 ,5.0,3.0,0.0,12 ,21339
P,Education and Training,212041459,Noble Park - East,11 ,0 ,3.0,0.0,0.0,14 ,21339
P,Education and Training,212041460,Noble Park - West,16 ,4 ,3.0,0.0,0.0,22 ,21339
P,Education and Training,212041563,Dandenong - North,20 ,7 ,4.0,6.0,0.0,37 ,20708
P,Education and Training,212041564,Dandenong - South,13 ,7 ,3.0,0.0,0.0,25 ,20131
P,Education and Training,212041565,Keysborough - North,8 ,0 ,4.0,3.0,0.0,14 ,21339
P,Education and Training,212041566,Keysborough - South,16 ,4 ,3.0,3.0,0.0,24 ,20080
P,Education and Training,212051319,Ashwood - Chadstone,20 ,9 ,5.0,3.0,0.0,37 ,20077
P,Education and Training,212051321,Glen Waverley - East,27 ,13 ,4.0,0.0,0.0,44 ,20427
P,Education and Training,212051322,Glen Waverley - West,28 ,19 ,11.0,3.0,0.0,60 ,20427
P,Education and Training,212051323,Mount Waverley - North,14 ,9 ,4.0,0.0,0.0,28 ,20078
P,Education and Training,212051324,Mount Waverley - South,27 ,14 ,7.0,3.0,0.0,52 ,21816
P,Education and Training,212051325,Mulgrave,20 ,17 ,6.0,3.0,0.0,46 ,21013
P,Education and Training,212051326,Oakleigh - Huntingdale,26 ,18 ,3.0,3.0,0.0,50 ,21587
P,Education and Training,212051327,Wheelers Hill,57 ,9 ,8.0,3.0,0.0,75 ,21013
P,Education and Training,212051567,Clayton (North) - Notting Hill,17 ,3 ,3.0,3.0,0.0,24 ,21816
P,Education and Training,212051568,Clayton - Central,14 ,3 ,0.0,0.0,0.0,17 ,22002
P,Education and Training,213011328,Ardeer - Albion,3 ,3 ,3.0,3.0,0.0,9 ,22396
P,Education and Training,213011329,Cairnlea,11 ,0 ,0.0,0.0,0.0,11 ,20062
P,Education and Training,213011331,Delahey,4 ,0 ,0.0,0.0,0.0,4 ,21315
P,Education and Training,213011332,Keilor Downs,16 ,5 ,3.0,0.0,0.0,23 ,21316
P,Education and Training,213011333,Kings Park (Vic.),10 ,0 ,3.0,0.0,0.0,14 ,20729
P,Education and Training,213011334,St Albans - North,6 ,3 ,3.0,0.0,0.0,11 ,21312
P,Education and Training,213011335,St Albans - South,8 ,0 ,0.0,0.0,0.0,10 ,21312
P,Education and Training,213011336,Sunshine,12 ,4 ,3.0,0.0,0.0,19 ,20324
P,Education and Training,213011337,Sunshine North,6 ,4 ,3.0,0.0,0.0,11 ,21316
P,Education and Training,213011338,Sunshine West,9 ,0 ,3.0,0.0,0.0,14 ,20062
P,Education and Training,213011339,Sydenham,5 ,0 ,0.0,0.0,0.0,8 ,22474
P,Education and Training,213011340,Taylors Lakes,13 ,6 ,3.0,0.0,0.0,22 ,21314
P,Education and Training,213011569,Deer Park,5 ,0 ,3.0,3.0,0.0,8 ,20062
P,Education and Training,213011570,Derrimut,3 ,3 ,3.0,0.0,0.0,7 ,20062
P,Education and Training,213021341,Altona,12 ,5 ,3.0,0.0,0.0,20 ,21477
P,Education and Training,213021342,Altona Meadows,9 ,5 ,6.0,0.0,0.0,20 ,20035
P,Education and Training,213021343,Altona North,10 ,7 ,3.0,0.0,0.0,19 ,22917
P,Education and Training,213021344,Newport,20 ,12 ,8.0,0.0,0.0,40 ,22107
P,Education and Training,213021345,Seabrook,0 ,0 ,0.0,3.0,0.0,4 ,20036
P,Education and Training,213021346,Williamstown,26 ,15 ,9.0,3.0,0.0,53 ,21934
P,Education and Training,213031347,Braybrook,16 ,11 ,3.0,4.0,0.0,34 ,20935
P,Education and Training,213031348,Footscray,23 ,13 ,6.0,4.0,0.0,46 ,20929
P,Education and Training,213031349,Maribyrnong,21 ,6 ,4.0,3.0,0.0,34 ,20075
P,Education and Training,213031350,Seddon - Kingsville,13 ,3 ,3.0,0.0,0.0,18 ,20935
P,Education and Training,213031351,West Footscray - Tottenham,10 ,5 ,0.0,0.0,0.0,16 ,20935
P,Education and Training,213031352,Yarraville,14 ,8 ,4.0,0.0,0.0,27 ,20935
P,Education and Training,213041353,Bacchus Marsh,22 ,11 ,3.0,0.0,0.0,38 ,20095
P,Education and Training,213041358,Melton West,11 ,3 ,0.0,3.0,0.0,15 ,22537
P,Education and Training,213041359,Rockbank - Mount Cottrell,30 ,3 ,7.0,0.0,0.0,41 ,20899
P,Education and Training,213041360,Taylors Hill,16 ,9 ,0.0,0.0,0.0,26 ,20950
P,Education and Training,213041461,Burnside,4 ,3 ,3.0,0.0,0.0,6 ,20729
P,Education and Training,213041462,Burnside Heights,5 ,0 ,0.0,0.0,0.0,8 ,20420
P,Education and Training,213041463,Caroline Springs,20 ,10 ,4.0,3.0,0.0,37 ,20950
P,Education and Training,213041571,Brookfield,7 ,0 ,0.0,0.0,0.0,12 ,21202
P,Education and Training,213041572,Cobblebank - Strathtulloh,10 ,3 ,0.0,0.0,0.0,12 ,21642
P,Education and Training,213041573,Eynesbury - Exford,3 ,3 ,0.0,0.0,0.0,3 ,20899
P,Education and Training,213041574,Fraser Rise - Plumpton,12 ,5 ,3.0,0.0,0.0,18 ,20754
P,Education and Training,213041575,Hillside,6 ,4 ,0.0,3.0,0.0,11 ,20950
P,Education and Training,213041576,Kurunjang - Toolern Vale,11 ,0 ,0.0,0.0,0.0,13 ,20605
P,Education and Training,213041577,Melton,6 ,5 ,3.0,0.0,0.0,14 ,21140
P,Education and Training,213041578,Melton South - Weir Views,14 ,4 ,3.0,0.0,0.0,22 ,20351
P,Education and Training,213051361,Hoppers Crossing - North,23 ,10 ,6.0,0.0,0.0,41 ,22582
P,Education and Training,213051362,Hoppers Crossing - South,8 ,3 ,0.0,4.0,0.0,16 ,22451
P,Education and Training,213051363,Laverton,18 ,10 ,7.0,0.0,0.0,36 ,22397
P,Education and Training,213051368,Werribee - South,19 ,13 ,3.0,4.0,0.0,39 ,20601
P,Education and Training,213051464,Point Cook - East,30 ,8 ,3.0,0.0,0.0,41 ,20036
P,Education and Training,213051466,Point Cook - South,38 ,12 ,0.0,0.0,0.0,52 ,22086
P,Education and Training,213051467,Werribee - East,10 ,3 ,3.0,0.0,0.0,17 ,22451
P,Education and Training,213051468,Werribee - West,19 ,7 ,0.0,0.0,0.0,28 ,20115
P,Education and Training,213051579,Manor Lakes - Quandong,11 ,3 ,0.0,0.0,0.0,13 ,20115
P,Education and Training,213051580,Point Cook - North East,14 ,9 ,7.0,3.0,0.0,33 ,20036
P,Education and Training,213051581,Point Cook - North West,8 ,4 ,3.0,0.0,0.0,14 ,22086
P,Education and Training,213051582,Tarneit (West) - Mount Cottrell,16 ,0 ,0.0,0.0,0.0,19 ,20899
P,Education and Training,213051583,Tarneit - Central,58 ,9 ,0.0,0.0,0.0,67 ,22582
P,Education and Training,213051584,Tarneit - North,10 ,6 ,0.0,0.0,0.0,16 ,22582
P,Education and Training,213051585,Tarneit - South,23 ,3 ,3.0,0.0,0.0,27 ,22451
P,Education and Training,213051586,Truganina - North,19 ,7 ,0.0,3.0,0.0,29 ,20743
P,Education and Training,213051587,Truganina - South East,13 ,0 ,0.0,0.0,0.0,13 ,21477
P,Education and Training,213051588,Truganina - South West,22 ,8 ,0.0,0.0,3.0,33 ,22582
P,Education and Training,213051589,Wyndham Vale - North,9 ,4 ,0.0,0.0,0.0,13 ,20116
P,Education and Training,213051590,Wyndham Vale - South,15 ,6 ,3.0,0.0,0.0,22 ,22750
P,Education and Training,214011370,Carrum Downs,8 ,3 ,6.0,3.0,0.0,18 ,20131
P,Education and Training,214011371,Frankston,24 ,9 ,4.0,0.0,0.0,38 ,22249
P,Education and Training,214011372,Frankston North,9 ,7 ,0.0,0.0,0.0,18 ,20508
P,Education and Training,214011373,Frankston South,12 ,9 ,5.0,0.0,0.0,26 ,21468
P,Education and Training,214011374,Langwarrin,15 ,11 ,5.0,3.0,0.0,34 ,20508
P,Education and Training,214011375,Seaford (Vic.),22 ,4 ,5.0,3.0,0.0,34 ,20507
P,Education and Training,214011376,Skye - Sandhurst,24 ,4 ,0.0,3.0,0.0,29 ,20508
P,Education and Training,214021377,Dromana,10 ,6 ,3.0,0.0,0.0,20 ,20072
P,Education and Training,214021378,Flinders,7 ,3 ,5.0,0.0,0.0,14 ,20072
P,Education and Training,214021379,Hastings - Somers,11 ,3 ,6.0,0.0,0.0,20 ,21664
P,Education and Training,214021381,Mount Eliza,17 ,12 ,0.0,0.0,3.0,31 ,20949
P,Education and Training,214021382,Mount Martha,20 ,9 ,5.0,3.0,0.0,36 ,21803
P,Education and Training,214021383,Point Nepean,23 ,5 ,3.0,0.0,0.0,30 ,20280
P,Education and Training,214021384,Rosebud - McCrae,12 ,5 ,3.0,3.0,0.0,22 ,20072
P,Education and Training,214021385,Somerville,15 ,9 ,8.0,0.0,0.0,33 ,22050
P,Education and Training,214021591,Mornington - East,19 ,12 ,5.0,0.0,0.0,36 ,21793
P,Education and Training,214021592,Mornington - West,13 ,6 ,5.0,0.0,0.0,24 ,21793
P,Education and Training,215011386,Ararat,4 ,3 ,0.0,0.0,0.0,6 ,20811
P,Education and Training,215011387,Ararat Surrounds,0 ,0 ,0.0,0.0,0.0,3 ,20680
P,Education and Training,215011388,Horsham,11 ,3 ,3.0,0.0,0.0,17 ,20403
P,Education and Training,215011389,Horsham Surrounds,4 ,0 ,0.0,0.0,0.0,4 ,20403
P,Education and Training,215011390,Nhill Region,3 ,0 ,0.0,0.0,0.0,6 ,20756
P,Education and Training,215011391,St Arnaud,0 ,0 ,0.0,0.0,0.0,3 ,20142
P,Education and Training,215011392,Stawell,6 ,0 ,0.0,0.0,0.0,6 ,20680
P,Education and Training,215011393,West Wimmera,3 ,0 ,0.0,0.0,0.0,3 ,20119
P,Education and Training,215011394,Yarriambiack,4 ,4 ,0.0,0.0,0.0,9 ,20756
P,Education and Training,215021395,Irymple,5 ,3 ,3.0,0.0,0.0,9 ,20488
P,Education and Training,215021396,Merbein,5 ,0 ,3.0,0.0,0.0,6 ,21388
P,Education and Training,215021398,Mildura Surrounds,3 ,0 ,0.0,0.0,0.0,3 ,20234
P,Education and Training,215021399,Red Cliffs,3 ,3 ,0.0,0.0,0.0,3 ,20488
P,Education and Training,215021469,Mildura - North,13 ,7 ,6.0,3.0,0.0,28 ,21682
P,Education and Training,215021470,Mildura - South,11 ,7 ,3.0,0.0,0.0,19 ,21245
P,Education and Training,215031400,Buloke,5 ,3 ,0.0,0.0,0.0,9 ,20155
P,Education and Training,215031401,Gannawarra,0 ,0 ,0.0,0.0,0.0,0 ,20051
P,Education and Training,215031402,Kerang,0 ,3 ,0.0,0.0,0.0,3 ,20477
P,Education and Training,215031403,Robinvale,3 ,0 ,0.0,0.0,0.0,3 ,22744
P,Education and Training,215031404,Swan Hill,6 ,0 ,3.0,3.0,3.0,11 ,21076
P,Education and Training,215031405,Swan Hill Surrounds,3 ,3 ,0.0,0.0,0.0,4 ,20047
P,Education and Training,216011406,Echuca,6 ,5 ,6.0,0.0,0.0,17 ,20125
P,Education and Training,216011407,Kyabram,4 ,3 ,3.0,0.0,0.0,10 ,20838
P,Education and Training,216011408,Lockington - Gunbower,4 ,3 ,0.0,0.0,0.0,5 ,20755
P,Education and Training,216011409,Rochester,0 ,0 ,0.0,0.0,0.0,0 ,20281
P,Education and Training,216011410,Rushworth,3 ,3 ,0.0,0.0,0.0,4 ,20093
P,Education and Training,216021411,Cobram,4 ,0 ,3.0,0.0,0.0,5 ,20301
P,Education and Training,216021412,Moira,3 ,0 ,0.0,0.0,0.0,3 ,20032
P,Education and Training,216021413,Numurkah,6 ,0 ,3.0,0.0,0.0,10 ,20839
P,Education and Training,216021414,Yarrawonga,8 ,3 ,3.0,0.0,0.0,12 ,20395
P,Education and Training,216031415,Mooroopna,0 ,0 ,3.0,0.0,0.0,0 ,20063
P,Education and Training,216031416,Shepparton - North,8 ,4 ,4.0,4.0,0.0,20 ,20393
P,Education and Training,216031418,Shepparton Surrounds - East,3 ,3 ,0.0,0.0,0.0,0 ,20056
P,Education and Training,216031419,Shepparton Surrounds - West,3 ,3 ,3.0,0.0,0.0,7 ,20056
P,Education and Training,216031593,Kialla,7 ,3 ,0.0,0.0,0.0,11 ,20056
P,Education and Training,216031594,Shepparton - South East,13 ,0 ,0.0,0.0,0.0,14 ,21340
P,Education and Training,217011420,Glenelg (Vic.),0 ,0 ,0.0,0.0,0.0,0 ,20340
P,Education and Training,217011421,Hamilton (Vic.),5 ,4 ,4.0,3.0,0.0,15 ,20322
P,Education and Training,217011422,Portland,3 ,0 ,0.0,0.0,0.0,6 ,20274
P,Education and Training,217011423,Southern Grampians,0 ,0 ,0.0,0.0,0.0,3 ,20199
P,Education and Training,217031471,Camperdown,3 ,0 ,0.0,0.0,0.0,3 ,20285
P,Education and Training,217031472,Colac,4 ,4 ,3.0,0.0,0.0,11 ,20149
P,Education and Training,217031473,Colac Surrounds,4 ,0 ,0.0,0.0,0.0,6 ,20671
P,Education and Training,217031474,Corangamite - North,0 ,3 ,0.0,0.0,0.0,3 ,20319
P,Education and Training,217031475,Corangamite - South,3 ,3 ,0.0,0.0,0.0,6 ,20306
P,Education and Training,217031476,Otway,6 ,3 ,0.0,0.0,0.0,7 ,20161
P,Education and Training,217041477,Moyne - East,4 ,0 ,0.0,0.0,0.0,6 ,21916
P,Education and Training,217041478,Moyne - West,8 ,6 ,0.0,0.0,0.0,15 ,20225
P,Education and Training,217041479,Warrnambool - North,8 ,4 ,0.0,3.0,0.0,16 ,20028
P,Education and Training,217041480,Warrnambool - South,12 ,6 ,7.0,0.0,0.0,25 ,20028
Q,Health Care and Social Assistance,201011001,Alfredton,122 ,45 ,16.0,3.0,0.0,186 ,20023
Q,Health Care and Social Assistance,201011002,Ballarat,266 ,82 ,54.0,14.0,0.0,417 ,20023
Q,Health Care and Social Assistance,201011005,Buninyong,27 ,11 ,3.0,0.0,0.0,40 ,20409
Q,Health Care and Social Assistance,201011006,Delacombe,32 ,18 ,7.0,3.0,0.0,58 ,20023
Q,Health Care and Social Assistance,201011007,Smythes Creek,10 ,6 ,0.0,0.0,0.0,16 ,20262
Q,Health Care and Social Assistance,201011008,Wendouree - Miners Rest,31 ,12 ,7.0,0.0,0.0,50 ,20023
Q,Health Care and Social Assistance,201011481,Ballarat East - Warrenheip,32 ,9 ,7.0,5.0,0.0,53 ,20104
Q,Health Care and Social Assistance,201011482,Ballarat North - Invermay,66 ,33 ,7.0,0.0,0.0,106 ,22745
Q,Health Care and Social Assistance,201011483,Canadian - Mount Clear,29 ,8 ,6.0,0.0,0.0,44 ,20111
Q,Health Care and Social Assistance,201011484,Sebastopol - Redan,32 ,10 ,3.0,3.0,0.0,45 ,20730
Q,Health Care and Social Assistance,201021009,Bacchus Marsh Surrounds,11 ,4 ,0.0,0.0,0.0,16 ,20076
Q,Health Care and Social Assistance,201021010,Creswick - Clunes,22 ,4 ,3.0,0.0,0.0,31 ,20262
Q,Health Care and Social Assistance,201021011,Daylesford,36 ,24 ,4.0,3.0,0.0,67 ,20256
Q,Health Care and Social Assistance,201021012,Gordon (Vic.),11 ,3 ,0.0,0.0,0.0,14 ,20409
Q,Health Care and Social Assistance,201031013,Avoca,4 ,3 ,0.0,0.0,0.0,7 ,20008
Q,Health Care and Social Assistance,201031014,Beaufort,7 ,0 ,0.0,0.0,0.0,9 ,20262
Q,Health Care and Social Assistance,201031015,Golden Plains - North,8 ,3 ,0.0,0.0,0.0,11 ,21123
Q,Health Care and Social Assistance,201031016,Maryborough (Vic.),17 ,9 ,6.0,3.0,0.0,33 ,20009
Q,Health Care and Social Assistance,201031017,Maryborough Surrounds,5 ,3 ,3.0,0.0,0.0,10 ,20459
Q,Health Care and Social Assistance,202011018,Bendigo,134 ,83 ,43.0,13.0,0.0,273 ,20208
Q,Health Care and Social Assistance,202011019,California Gully - Eaglehawk,22 ,9 ,8.0,3.0,0.0,42 ,20444
Q,Health Care and Social Assistance,202011020,East Bendigo - Kennington,95 ,36 ,22.0,0.0,0.0,155 ,20208
Q,Health Care and Social Assistance,202011021,Flora Hill - Spring Gully,45 ,9 ,4.0,0.0,0.0,58 ,20208
Q,Health Care and Social Assistance,202011022,Kangaroo Flat - Golden Square,54 ,23 ,13.0,3.0,0.0,93 ,20208
Q,Health Care and Social Assistance,202011023,Maiden Gully,14 ,3 ,0.0,0.0,0.0,19 ,20444
Q,Health Care and Social Assistance,202011024,Strathfieldsaye,64 ,22 ,4.0,0.0,0.0,91 ,20828
Q,Health Care and Social Assistance,202011025,White Hills - Ascot,33 ,20 ,8.0,3.0,0.0,63 ,20208
Q,Health Care and Social Assistance,202021026,Bendigo Surrounds - South,25 ,6 ,3.0,0.0,0.0,34 ,20835
Q,Health Care and Social Assistance,202021027,Castlemaine,57 ,10 ,9.0,5.0,0.0,81 ,20955
Q,Health Care and Social Assistance,202021028,Castlemaine Surrounds,29 ,7 ,0.0,0.0,0.0,38 ,20459
Q,Health Care and Social Assistance,202021029,Heathcote,8 ,0 ,3.0,0.0,0.0,12 ,20877
Q,Health Care and Social Assistance,202021030,Kyneton,45 ,14 ,4.0,3.0,0.0,65 ,20076
Q,Health Care and Social Assistance,202021031,Woodend,41 ,12 ,4.0,0.0,0.0,59 ,20076
Q,Health Care and Social Assistance,202031032,Bendigo Surrounds - North,9 ,7 ,0.0,0.0,0.0,16 ,20828
Q,Health Care and Social Assistance,202031033,Loddon,10 ,5 ,0.0,0.0,0.0,17 ,20177
Q,Health Care and Social Assistance,203011034,Bannockburn,25 ,8 ,6.0,3.0,0.0,41 ,20133
Q,Health Care and Social Assistance,203011035,Golden Plains - South,14 ,11 ,5.0,0.0,0.0,30 ,20217
Q,Health Care and Social Assistance,203011036,Winchelsea,32 ,7 ,6.0,3.0,0.0,46 ,20151
Q,Health Care and Social Assistance,203021037,Belmont,87 ,29 ,23.0,5.0,0.0,144 ,20201
Q,Health Care and Social Assistance,203021039,Geelong,281 ,108 ,66.0,10.0,0.0,465 ,20201
Q,Health Care and Social Assistance,203021040,Geelong West - Hamlyn Heights,124 ,34 ,22.0,6.0,3.0,188 ,20165
Q,Health Care and Social Assistance,203021042,Highton,185 ,78 ,24.0,5.0,0.0,292 ,20151
Q,Health Care and Social Assistance,203021043,Lara,54 ,14 ,13.0,3.0,0.0,83 ,20115
Q,Health Care and Social Assistance,203021044,Leopold,41 ,6 ,5.0,0.0,0.0,52 ,20621
Q,Health Care and Social Assistance,203021045,Newcomb - Moolap,38 ,7 ,3.0,3.0,0.0,51 ,20326
Q,Health Care and Social Assistance,203021046,Newtown (Vic.),120 ,51 ,13.0,3.0,0.0,187 ,20960
Q,Health Care and Social Assistance,203021047,North Geelong - Bell Park,50 ,22 ,7.0,6.0,0.0,86 ,20165
Q,Health Care and Social Assistance,203021485,Charlemont,42 ,17 ,3.0,0.0,0.0,61 ,21790
Q,Health Care and Social Assistance,203021486,Corio - Lovely Banks,18 ,10 ,8.0,3.0,0.0,37 ,20165
Q,Health Care and Social Assistance,203021487,Grovedale - Mount Duneed,111 ,34 ,17.0,7.0,0.0,169 ,20954
Q,Health Care and Social Assistance,203021488,Norlane,17 ,10 ,3.0,3.0,0.0,31 ,20191
Q,Health Care and Social Assistance,203031048,Clifton Springs,69 ,20 ,10.0,3.0,0.0,102 ,20697
Q,Health Care and Social Assistance,203031049,Lorne - Anglesea,24 ,15 ,3.0,0.0,0.0,40 ,20046
Q,Health Care and Social Assistance,203031051,Portarlington,17 ,10 ,3.0,3.0,0.0,31 ,20193
Q,Health Care and Social Assistance,203031052,Point Lonsdale - Queenscliff,21 ,4 ,3.0,0.0,0.0,28 ,22663
Q,Health Care and Social Assistance,203031053,Torquay,176 ,50 ,28.0,6.0,0.0,260 ,20046
Q,Health Care and Social Assistance,203031489,Barwon Heads - Armstrong Creek,70 ,25 ,10.0,0.0,0.0,106 ,21790
Q,Health Care and Social Assistance,203031490,Ocean Grove,121 ,27 ,18.0,5.0,0.0,171 ,20621
Q,Health Care and Social Assistance,204011054,Alexandra,9 ,4 ,3.0,3.0,0.0,18 ,20005
Q,Health Care and Social Assistance,204011055,Euroa,13 ,8 ,3.0,3.0,0.0,26 ,20283
Q,Health Care and Social Assistance,204011056,Kilmore - Broadford,31 ,12 ,8.0,0.0,0.0,53 ,21980
Q,Health Care and Social Assistance,204011057,Mansfield (Vic.),37 ,14 ,4.0,3.0,0.0,57 ,20283
Q,Health Care and Social Assistance,204011058,Nagambie,13 ,3 ,0.0,3.0,0.0,17 ,20652
Q,Health Care and Social Assistance,204011059,Seymour,28 ,7 ,5.0,3.0,0.0,42 ,20086
Q,Health Care and Social Assistance,204011060,Seymour Surrounds,10 ,0 ,0.0,0.0,0.0,11 ,22154
Q,Health Care and Social Assistance,204011061,Upper Yarra Valley,0 ,0 ,0.0,0.0,0.0,0 ,20452
Q,Health Care and Social Assistance,204011062,Yea,9 ,6 ,3.0,0.0,0.0,17 ,20005
Q,Health Care and Social Assistance,204021063,Benalla,35 ,16 ,5.0,5.0,0.0,61 ,20096
Q,Health Care and Social Assistance,204021064,Benalla Surrounds,13 ,3 ,0.0,0.0,0.0,16 ,20283
Q,Health Care and Social Assistance,204021065,Rutherglen,14 ,3 ,0.0,3.0,0.0,17 ,20296
Q,Health Care and Social Assistance,204021066,Wangaratta,111 ,52 ,25.0,9.0,0.0,197 ,21349
Q,Health Care and Social Assistance,204021067,Wangaratta Surrounds,23 ,16 ,4.0,0.0,0.0,43 ,20060
Q,Health Care and Social Assistance,204031068,Beechworth,22 ,9 ,3.0,0.0,0.0,33 ,20551
Q,Health Care and Social Assistance,204031069,Bright - Mount Beauty,32 ,6 ,4.0,3.0,0.0,43 ,21210
Q,Health Care and Social Assistance,204031070,Chiltern - Indigo Valley,9 ,0 ,0.0,0.0,0.0,11 ,20357
Q,Health Care and Social Assistance,204031071,Myrtleford,15 ,7 ,3.0,3.0,0.0,25 ,20312
Q,Health Care and Social Assistance,204031072,Towong,12 ,0 ,3.0,0.0,0.0,16 ,20883
Q,Health Care and Social Assistance,204031073,West Wodonga,36 ,15 ,6.0,4.0,0.0,61 ,21230
Q,Health Care and Social Assistance,204031075,Yackandandah,18 ,3 ,3.0,0.0,0.0,22 ,22351
Q,Health Care and Social Assistance,204031491,Baranduda - Leneva,45 ,29 ,3.0,0.0,3.0,80 ,21230
Q,Health Care and Social Assistance,204031492,Wodonga,77 ,38 ,36.0,7.0,0.0,158 ,21222
Q,Health Care and Social Assistance,205011076,Drouin,56 ,18 ,14.0,0.0,0.0,90 ,20081
Q,Health Care and Social Assistance,205011077,Mount Baw Baw Region,24 ,8 ,0.0,0.0,0.0,32 ,20452
Q,Health Care and Social Assistance,205011078,Trafalgar (Vic.),23 ,7 ,6.0,0.0,0.0,37 ,20391
Q,Health Care and Social Assistance,205011079,Warragul,109 ,49 ,24.0,11.0,0.0,193 ,20081
Q,Health Care and Social Assistance,205021080,Alps - East,0 ,0 ,0.0,0.0,0.0,0 ,20719
Q,Health Care and Social Assistance,205021081,Bairnsdale,75 ,36 ,16.0,3.0,0.0,130 ,20103
Q,Health Care and Social Assistance,205021082,Bruthen - Omeo,14 ,4 ,3.0,0.0,0.0,21 ,20265
Q,Health Care and Social Assistance,205021083,Lake King,0 ,0 ,0.0,0.0,0.0,0 ,20822
Q,Health Care and Social Assistance,205021084,Lakes Entrance,25 ,9 ,0.0,4.0,0.0,40 ,20290
Q,Health Care and Social Assistance,205021085,Orbost,16 ,6 ,5.0,0.0,0.0,28 ,20360
Q,Health Care and Social Assistance,205021086,Paynesville,23 ,11 ,3.0,3.0,0.0,38 ,20103
Q,Health Care and Social Assistance,205031087,Foster,34 ,14 ,0.0,0.0,0.0,51 ,20010
Q,Health Care and Social Assistance,205031088,French Island,0 ,3 ,0.0,0.0,0.0,3 ,20856
Q,Health Care and Social Assistance,205031089,Korumburra,24 ,6 ,3.0,3.0,0.0,36 ,20081
Q,Health Care and Social Assistance,205031090,Leongatha,54 ,16 ,9.0,3.0,0.0,81 ,20024
Q,Health Care and Social Assistance,205031091,Phillip Island,38 ,14 ,5.0,3.0,0.0,60 ,20475
Q,Health Care and Social Assistance,205031092,Wilsons Promontory,0 ,0 ,0.0,0.0,0.0,0 ,22800
Q,Health Care and Social Assistance,205031093,Wonthaggi - Inverloch,83 ,25 ,14.0,4.0,0.0,126 ,21235
Q,Health Care and Social Assistance,205041094,Churchill,34 ,4 ,3.0,3.0,0.0,41 ,20585
Q,Health Care and Social Assistance,205041095,Moe - Newborough,41 ,14 ,11.0,3.0,0.0,68 ,21716
Q,Health Care and Social Assistance,205041096,Morwell,29 ,15 ,5.0,5.0,0.0,54 ,22596
Q,Health Care and Social Assistance,205041098,Yallourn North - Glengarry,6 ,4 ,3.0,0.0,0.0,13 ,20286
Q,Health Care and Social Assistance,205041493,Traralgon - East,39 ,24 ,20.0,7.0,0.0,90 ,21027
Q,Health Care and Social Assistance,205041494,Traralgon - West,82 ,36 ,14.0,3.0,0.0,134 ,21027
Q,Health Care and Social Assistance,205051099,Alps - West,0 ,0 ,0.0,0.0,0.0,0 ,21210
Q,Health Care and Social Assistance,205051100,Longford - Loch Sport,15 ,4 ,0.0,0.0,0.0,19 ,20938
Q,Health Care and Social Assistance,205051101,Maffra,35 ,10 ,3.0,5.0,0.0,53 ,22542
Q,Health Care and Social Assistance,205051102,Rosedale,6 ,5 ,0.0,0.0,0.0,12 ,22543
Q,Health Care and Social Assistance,205051103,Sale,97 ,35 ,20.0,6.0,0.0,158 ,20586
Q,Health Care and Social Assistance,205051104,Yarram,12 ,3 ,0.0,0.0,0.0,15 ,20242
Q,Health Care and Social Assistance,206011106,Brunswick East,94 ,18 ,8.0,3.0,0.0,123 ,20361
Q,Health Care and Social Assistance,206011107,Brunswick West,91 ,22 ,5.0,3.0,0.0,121 ,20361
Q,Health Care and Social Assistance,206011109,Pascoe Vale South,43 ,16 ,4.0,0.0,0.0,64 ,20596
Q,Health Care and Social Assistance,206011495,Brunswick - North,107 ,32 ,11.0,3.0,0.0,151 ,20361
Q,Health Care and Social Assistance,206011496,Brunswick - South,118 ,29 ,17.0,5.0,0.0,169 ,20361
Q,Health Care and Social Assistance,206011497,Coburg - East,87 ,34 ,18.0,11.0,0.0,150 ,20361
Q,Health Care and Social Assistance,206011498,Coburg - West,82 ,19 ,11.0,3.0,0.0,113 ,20361
Q,Health Care and Social Assistance,206021110,Alphington - Fairfield,102 ,21 ,15.0,0.0,0.0,139 ,21971
Q,Health Care and Social Assistance,206021112,Thornbury,117 ,29 ,15.0,3.0,0.0,164 ,20362
Q,Health Care and Social Assistance,206021499,Northcote - East,150 ,23 ,11.0,6.0,0.0,191 ,21971
Q,Health Care and Social Assistance,206021500,Northcote - West,120 ,22 ,5.0,4.0,0.0,151 ,20362
Q,Health Care and Social Assistance,206031113,Ascot Vale,113 ,30 ,8.0,4.0,0.0,155 ,20075
Q,Health Care and Social Assistance,206031115,Flemington,53 ,18 ,8.0,0.0,0.0,80 ,20075
Q,Health Care and Social Assistance,206031116,Moonee Ponds,152 ,77 ,36.0,9.0,0.0,274 ,20075
Q,Health Care and Social Assistance,206031501,Essendon (West) - Aberfeldie,106 ,57 ,28.0,3.0,0.0,194 ,20885
Q,Health Care and Social Assistance,206031502,Essendon - East,116 ,44 ,23.0,4.0,0.0,187 ,20363
Q,Health Care and Social Assistance,206041117,Carlton,170 ,67 ,19.0,12.0,0.0,269 ,20496
Q,Health Care and Social Assistance,206041118,Docklands,85 ,27 ,14.0,6.0,0.0,132 ,21640
Q,Health Care and Social Assistance,206041119,East Melbourne,268 ,123 ,43.0,11.0,0.0,446 ,20495
Q,Health Care and Social Assistance,206041120,Flemington Racecourse,5 ,0 ,3.0,0.0,0.0,7 ,20075
Q,Health Care and Social Assistance,206041121,Kensington (Vic.),76 ,25 ,7.0,4.0,0.0,112 ,20929
Q,Health Care and Social Assistance,206041124,Parkville,177 ,38 ,10.0,3.0,0.0,228 ,20361
Q,Health Care and Social Assistance,206041125,South Yarra - West,147 ,44 ,13.0,3.0,0.0,206 ,21640
Q,Health Care and Social Assistance,206041127,West Melbourne - Industrial,0 ,0 ,0.0,0.0,0.0,0 ,20935
Q,Health Care and Social Assistance,206041503,Melbourne CBD - East,192 ,69 ,53.0,7.0,3.0,322 ,20495
Q,Health Care and Social Assistance,206041504,Melbourne CBD - North,71 ,15 ,9.0,3.0,0.0,98 ,20495
Q,Health Care and Social Assistance,206041505,Melbourne CBD - West,206 ,91 ,25.0,12.0,4.0,338 ,21640
Q,Health Care and Social Assistance,206041506,North Melbourne,121 ,43 ,28.0,4.0,3.0,197 ,22038
Q,Health Care and Social Assistance,206041507,Royal Botanic Gardens Victoria,0 ,0 ,0.0,0.0,0.0,0 ,21640
Q,Health Care and Social Assistance,206041508,Southbank (West) - South Wharf,57 ,12 ,4.0,3.0,0.0,74 ,21640
Q,Health Care and Social Assistance,206041509,Southbank - East,78 ,20 ,13.0,7.0,0.0,118 ,21640
Q,Health Care and Social Assistance,206041510,West Melbourne - Residential,43 ,18 ,6.0,3.0,0.0,70 ,21640
Q,Health Care and Social Assistance,206051128,Albert Park,260 ,101 ,28.0,5.0,3.0,395 ,21640
Q,Health Care and Social Assistance,206051129,Elwood,117 ,36 ,10.0,4.0,0.0,167 ,22343
Q,Health Care and Social Assistance,206051130,Port Melbourne,125 ,29 ,11.0,3.0,0.0,168 ,22107
Q,Health Care and Social Assistance,206051134,St Kilda East,109 ,32 ,20.0,4.0,0.0,165 ,22118
Q,Health Care and Social Assistance,206051511,Port Melbourne Industrial,26 ,28 ,27.0,10.0,0.0,92 ,20766
Q,Health Care and Social Assistance,206051512,South Melbourne,157 ,62 ,37.0,13.0,3.0,271 ,21640
Q,Health Care and Social Assistance,206051513,St Kilda - Central,85 ,23 ,9.0,0.0,0.0,118 ,22805
Q,Health Care and Social Assistance,206051514,St Kilda - West,107 ,27 ,11.0,0.0,0.0,145 ,21640
Q,Health Care and Social Assistance,206061135,Armadale,138 ,52 ,22.0,5.0,0.0,217 ,22118
Q,Health Care and Social Assistance,206061136,Prahran - Windsor,206 ,82 ,32.0,8.0,0.0,328 ,21640
Q,Health Care and Social Assistance,206061138,Toorak,189 ,73 ,39.0,3.0,0.0,303 ,22118
Q,Health Care and Social Assistance,206061515,South Yarra - North,101 ,59 ,18.0,19.0,3.0,199 ,21640
Q,Health Care and Social Assistance,206061516,South Yarra - South,122 ,36 ,10.0,0.0,0.0,169 ,22118
Q,Health Care and Social Assistance,206071139,Abbotsford,84 ,17 ,8.0,4.0,0.0,113 ,20901
Q,Health Care and Social Assistance,206071140,Carlton North - Princes Hill,109 ,33 ,10.0,0.0,0.0,153 ,20361
Q,Health Care and Social Assistance,206071141,Collingwood,82 ,19 ,5.0,7.0,0.0,114 ,20925
Q,Health Care and Social Assistance,206071142,Fitzroy,214 ,71 ,21.0,6.0,3.0,313 ,20925
Q,Health Care and Social Assistance,206071143,Fitzroy North,170 ,42 ,21.0,3.0,0.0,235 ,20362
Q,Health Care and Social Assistance,206071145,Clifton Hill - Alphington,145 ,33 ,12.0,4.0,0.0,194 ,20925
Q,Health Care and Social Assistance,206071517,Richmond (South) - Cremorne,219 ,51 ,25.0,13.0,5.0,313 ,20830
Q,Health Care and Social Assistance,206071518,Richmond - North,225 ,101 ,26.0,4.0,0.0,356 ,20830
Q,Health Care and Social Assistance,207011146,Ashburton (Vic.),74 ,27 ,9.0,4.0,0.0,115 ,20077
Q,Health Care and Social Assistance,207011147,Balwyn,217 ,107 ,35.0,12.0,0.0,371 ,21336
Q,Health Care and Social Assistance,207011148,Balwyn North,230 ,103 ,24.0,6.0,0.0,363 ,21336
Q,Health Care and Social Assistance,207011149,Camberwell,300 ,123 ,50.0,11.0,3.0,486 ,21010
Q,Health Care and Social Assistance,207011150,Glen Iris - East,197 ,98 ,21.0,5.0,3.0,323 ,20077
Q,Health Care and Social Assistance,207011152,Hawthorn East,243 ,92 ,37.0,11.0,3.0,385 ,21586
Q,Health Care and Social Assistance,207011154,Kew East,89 ,28 ,12.0,4.0,0.0,134 ,20034
Q,Health Care and Social Assistance,207011155,Surrey Hills (West) - Canterbury,212 ,85 ,31.0,4.0,3.0,333 ,21336
Q,Health Care and Social Assistance,207011519,Hawthorn - North,125 ,54 ,12.0,6.0,3.0,198 ,22170
Q,Health Care and Social Assistance,207011520,Hawthorn - South,130 ,53 ,24.0,10.0,3.0,220 ,22547
Q,Health Care and Social Assistance,207011521,Kew - South,192 ,90 ,37.0,3.0,0.0,322 ,21152
Q,Health Care and Social Assistance,207011522,Kew - West,190 ,90 ,25.0,3.0,0.0,307 ,20034
Q,Health Care and Social Assistance,207021156,Bulleen,105 ,42 ,15.0,4.0,0.0,166 ,20124
Q,Health Care and Social Assistance,207021157,Doncaster,208 ,77 ,26.0,7.0,0.0,318 ,20124
Q,Health Care and Social Assistance,207021159,Templestowe,118 ,76 ,14.0,3.0,0.0,211 ,20771
Q,Health Care and Social Assistance,207021160,Templestowe Lower,105 ,41 ,18.0,3.0,0.0,167 ,20386
Q,Health Care and Social Assistance,207021424,Doncaster East - North,98 ,44 ,8.0,5.0,0.0,155 ,20771
Q,Health Care and Social Assistance,207021425,Doncaster East - South,92 ,44 ,28.0,0.0,0.0,166 ,20771
Q,Health Care and Social Assistance,207031161,Blackburn,175 ,55 ,31.0,5.0,3.0,267 ,20315
Q,Health Care and Social Assistance,207031162,Blackburn South,61 ,27 ,8.0,3.0,0.0,99 ,20426
Q,Health Care and Social Assistance,207031163,Box Hill,186 ,90 ,38.0,6.0,0.0,320 ,21732
Q,Health Care and Social Assistance,207031164,Box Hill North,124 ,61 ,16.0,3.0,0.0,202 ,20123
Q,Health Care and Social Assistance,207031165,Burwood (Vic.),75 ,33 ,8.0,0.0,0.0,118 ,21010
Q,Health Care and Social Assistance,207031166,Burwood East,54 ,33 ,8.0,3.0,0.0,96 ,20426
Q,Health Care and Social Assistance,207031167,Surrey Hills (East) - Mont Albert,92 ,46 ,10.0,3.0,0.0,149 ,21732
Q,Health Care and Social Assistance,208011168,Beaumaris,69 ,33 ,13.0,3.0,0.0,117 ,20182
Q,Health Care and Social Assistance,208011169,Brighton (Vic.),261 ,123 ,56.0,12.0,0.0,452 ,20337
Q,Health Care and Social Assistance,208011170,Brighton East,104 ,70 ,10.0,6.0,0.0,191 ,20337
Q,Health Care and Social Assistance,208011171,Highett (West) - Cheltenham,73 ,29 ,9.0,10.0,3.0,124 ,20182
Q,Health Care and Social Assistance,208011172,Hampton,128 ,64 ,25.0,3.0,0.0,220 ,20337
Q,Health Care and Social Assistance,208011173,Sandringham - Black Rock,96 ,51 ,20.0,6.0,0.0,173 ,20182
Q,Health Care and Social Assistance,208021174,Bentleigh - McKinnon,154 ,47 ,31.0,3.0,0.0,235 ,20338
Q,Health Care and Social Assistance,208021176,Carnegie,108 ,40 ,16.0,8.0,0.0,172 ,21587
Q,Health Care and Social Assistance,208021177,Caulfield - North,274 ,111 ,42.0,12.0,0.0,439 ,20105
Q,Health Care and Social Assistance,208021178,Caulfield - South,187 ,70 ,19.0,7.0,0.0,283 ,20864
Q,Health Care and Social Assistance,208021179,Elsternwick,130 ,36 ,20.0,8.0,0.0,194 ,20337
Q,Health Care and Social Assistance,208021180,Hughesdale,37 ,5 ,3.0,0.0,0.0,47 ,21587
Q,Health Care and Social Assistance,208021181,Murrumbeena,46 ,16 ,5.0,0.0,0.0,69 ,21587
Q,Health Care and Social Assistance,208021182,Ormond - Glen Huntly,84 ,29 ,11.0,3.0,0.0,127 ,20338
Q,Health Care and Social Assistance,208021426,Bentleigh East - North,104 ,24 ,20.0,6.0,0.0,154 ,20214
Q,Health Care and Social Assistance,208021427,Bentleigh East - South,58 ,20 ,11.0,0.0,0.0,90 ,20214
Q,Health Care and Social Assistance,208031183,Aspendale Gardens - Waterways,50 ,25 ,3.0,3.0,0.0,80 ,20079
Q,Health Care and Social Assistance,208031184,Braeside,3 ,3 ,0.0,0.0,0.0,8 ,20079
Q,Health Care and Social Assistance,208031185,Carrum - Patterson Lakes,46 ,20 ,5.0,3.0,0.0,74 ,20131
Q,Health Care and Social Assistance,208031186,Chelsea - Bonbeach,40 ,13 ,10.0,3.0,0.0,66 ,20538
Q,Health Care and Social Assistance,208031187,Chelsea Heights,18 ,3 ,6.0,3.0,0.0,29 ,20080
Q,Health Care and Social Assistance,208031188,Highett (East) - Cheltenham,109 ,42 ,21.0,14.0,0.0,186 ,20539
Q,Health Care and Social Assistance,208031189,Edithvale - Aspendale,56 ,14 ,9.0,0.0,0.0,81 ,20079
Q,Health Care and Social Assistance,208031190,Mentone,61 ,27 ,12.0,3.0,0.0,102 ,20182
Q,Health Care and Social Assistance,208031191,Moorabbin - Heatherton,68 ,24 ,10.0,5.0,3.0,110 ,20539
Q,Health Care and Social Assistance,208031192,Moorabbin Airport,0 ,0 ,0.0,3.0,0.0,0 ,20539
Q,Health Care and Social Assistance,208031193,Mordialloc - Parkdale,89 ,28 ,23.0,0.0,0.0,142 ,21648
Q,Health Care and Social Assistance,208041194,Malvern - Glen Iris,322 ,167 ,65.0,10.0,0.0,564 ,20066
Q,Health Care and Social Assistance,208041195,Malvern East,223 ,94 ,27.0,5.0,3.0,351 ,20523
Q,Health Care and Social Assistance,209011196,Bundoora - East,53 ,19 ,3.0,3.0,0.0,78 ,20399
Q,Health Care and Social Assistance,209011197,Greensborough,85 ,24 ,16.0,6.0,0.0,131 ,21104
Q,Health Care and Social Assistance,209011198,Heidelberg - Rosanna,174 ,66 ,39.0,8.0,0.0,288 ,21246
Q,Health Care and Social Assistance,209011199,Heidelberg West,123 ,36 ,14.0,3.0,0.0,176 ,22121
Q,Health Care and Social Assistance,209011200,Ivanhoe,130 ,53 ,27.0,3.0,0.0,213 ,22508
Q,Health Care and Social Assistance,209011201,Ivanhoe East - Eaglemont,106 ,43 ,5.0,0.0,0.0,155 ,21246
Q,Health Care and Social Assistance,209011202,Montmorency - Briar Hill,92 ,26 ,12.0,4.0,0.0,134 ,22484
Q,Health Care and Social Assistance,209011203,Viewbank - Yallambie,69 ,28 ,6.0,3.0,0.0,106 ,20386
Q,Health Care and Social Assistance,209011204,Watsonia,22 ,10 ,7.0,3.0,0.0,41 ,20399
Q,Health Care and Social Assistance,209021205,Kingsbury,41 ,14 ,7.0,0.0,0.0,64 ,20399
Q,Health Care and Social Assistance,209021428,Preston - East,113 ,45 ,20.0,10.0,3.0,191 ,22121
Q,Health Care and Social Assistance,209021429,Preston - West,72 ,22 ,9.0,0.0,0.0,104 ,20596
Q,Health Care and Social Assistance,209021523,Reservoir - North East,42 ,9 ,4.0,0.0,0.0,57 ,20399
Q,Health Care and Social Assistance,209021524,Reservoir - North West,26 ,6 ,0.0,3.0,0.0,35 ,22161
Q,Health Care and Social Assistance,209021525,Reservoir - South East,53 ,18 ,7.0,6.0,0.0,85 ,22121
Q,Health Care and Social Assistance,209021526,Reservoir - South West,41 ,15 ,14.0,0.0,0.0,70 ,20597
Q,Health Care and Social Assistance,209031209,Eltham,148 ,47 ,25.0,4.0,0.0,224 ,22483
Q,Health Care and Social Assistance,209031210,Hurstbridge,22 ,3 ,0.0,0.0,0.0,26 ,20752
Q,Health Care and Social Assistance,209031211,Kinglake,7 ,3 ,3.0,0.0,0.0,10 ,20916
Q,Health Care and Social Assistance,209031212,Panton Hill - St Andrews,18 ,5 ,0.0,0.0,0.0,23 ,21358
Q,Health Care and Social Assistance,209031213,Plenty - Yarrambat,35 ,14 ,0.0,4.0,0.0,55 ,20399
Q,Health Care and Social Assistance,209031214,Research - North Warrandyte,38 ,12 ,3.0,0.0,0.0,53 ,20865
Q,Health Care and Social Assistance,209031215,Wattle Glen - Diamond Creek,67 ,11 ,12.0,3.0,0.0,93 ,20865
Q,Health Care and Social Assistance,209041216,Bundoora - North,66 ,23 ,16.0,5.0,0.0,111 ,20399
Q,Health Care and Social Assistance,209041217,Bundoora - West,33 ,14 ,7.0,3.0,0.0,57 ,20399
Q,Health Care and Social Assistance,209041220,Mill Park - North,63 ,25 ,20.0,6.0,0.0,114 ,21683
Q,Health Care and Social Assistance,209041221,Mill Park - South,35 ,15 ,3.0,0.0,0.0,53 ,20399
Q,Health Care and Social Assistance,209041223,Thomastown,62 ,22 ,17.0,4.0,0.0,105 ,20399
Q,Health Care and Social Assistance,209041224,Wallan,66 ,21 ,12.0,5.0,0.0,104 ,20345
Q,Health Care and Social Assistance,209041225,Whittlesea,48 ,11 ,8.0,3.0,0.0,70 ,20576
Q,Health Care and Social Assistance,209041431,Epping - East,25 ,10 ,6.0,0.0,0.0,42 ,22311
Q,Health Care and Social Assistance,209041432,Epping - South,43 ,21 ,11.0,4.0,0.0,79 ,21683
Q,Health Care and Social Assistance,209041433,Epping (Vic.) - West,61 ,22 ,8.0,0.0,0.0,92 ,20878
Q,Health Care and Social Assistance,209041435,South Morang - North,44 ,16 ,8.0,3.0,0.0,69 ,20779
Q,Health Care and Social Assistance,209041436,South Morang - South,51 ,19 ,8.0,5.0,0.0,83 ,22916
Q,Health Care and Social Assistance,209041437,Wollert,117 ,38 ,11.0,3.0,0.0,169 ,22311
Q,Health Care and Social Assistance,209041527,Doreen - North,56 ,24 ,3.0,0.0,0.0,85 ,20779
Q,Health Care and Social Assistance,209041528,Doreen - South,32 ,8 ,3.0,3.0,0.0,44 ,20779
Q,Health Care and Social Assistance,209041529,Lalor - East,30 ,12 ,8.0,0.0,0.0,51 ,22504
Q,Health Care and Social Assistance,209041530,Lalor - West,40 ,22 ,6.0,3.0,0.0,69 ,22504
Q,Health Care and Social Assistance,209041531,Mernda - North,39 ,21 ,8.0,3.0,0.0,71 ,20779
Q,Health Care and Social Assistance,209041532,Mernda - South,36 ,21 ,8.0,3.0,0.0,68 ,20779
Q,Health Care and Social Assistance,210011226,Airport West,33 ,14 ,6.0,3.0,0.0,54 ,20886
Q,Health Care and Social Assistance,210011227,Essendon Airport,3 ,3 ,3.0,0.0,0.0,8 ,22380
Q,Health Care and Social Assistance,210011228,Keilor,40 ,26 ,16.0,5.0,3.0,89 ,20015
Q,Health Care and Social Assistance,210011230,Niddrie - Essendon West,46 ,26 ,8.0,8.0,0.0,88 ,20885
Q,Health Care and Social Assistance,210011231,Strathmore,39 ,21 ,8.0,3.0,0.0,71 ,20885
Q,Health Care and Social Assistance,210011533,Avondale Heights,52 ,23 ,11.0,0.0,0.0,87 ,21604
Q,Health Care and Social Assistance,210011534,Keilor East,76 ,34 ,16.0,3.0,0.0,129 ,20888
Q,Health Care and Social Assistance,210021232,Gisborne,70 ,21 ,13.0,6.0,0.0,110 ,20076
Q,Health Care and Social Assistance,210021233,Macedon,17 ,0 ,3.0,0.0,0.0,22 ,20387
Q,Health Care and Social Assistance,210021234,Riddells Creek,20 ,3 ,0.0,0.0,0.0,26 ,21176
Q,Health Care and Social Assistance,210021235,Romsey,20 ,8 ,9.0,3.0,0.0,38 ,20172
Q,Health Care and Social Assistance,210031236,Coburg North,34 ,9 ,4.0,0.0,0.0,50 ,20596
Q,Health Care and Social Assistance,210031237,Fawkner,43 ,23 ,4.0,3.0,0.0,73 ,20597
Q,Health Care and Social Assistance,210031439,Gowanbrae,12 ,3 ,0.0,0.0,0.0,14 ,22381
Q,Health Care and Social Assistance,210031440,Hadfield,15 ,4 ,0.0,3.0,0.0,22 ,22041
Q,Health Care and Social Assistance,210031535,Glenroy - East,43 ,10 ,7.0,3.0,0.0,63 ,22041
Q,Health Care and Social Assistance,210031536,Glenroy - West,29 ,9 ,5.0,0.0,0.0,45 ,22381
Q,Health Care and Social Assistance,210031537,Oak Park,35 ,10 ,3.0,0.0,0.0,47 ,22042
Q,Health Care and Social Assistance,210031538,Pascoe Vale,78 ,24 ,10.0,0.0,0.0,113 ,22042
Q,Health Care and Social Assistance,210041240,Sunbury,38 ,17 ,4.0,3.0,0.0,62 ,20567
Q,Health Care and Social Assistance,210041539,Diggers Rest,17 ,3 ,0.0,0.0,0.0,21 ,20754
Q,Health Care and Social Assistance,210041540,Sunbury - South,70 ,16 ,17.0,8.0,0.0,111 ,21318
Q,Health Care and Social Assistance,210041541,Sunbury - West,16 ,6 ,0.0,0.0,0.0,22 ,20754
Q,Health Care and Social Assistance,210051242,Broadmeadows,45 ,14 ,10.0,5.0,0.0,74 ,20909
Q,Health Care and Social Assistance,210051243,Campbellfield - Coolaroo,70 ,29 ,18.0,7.0,0.0,124 ,22161
Q,Health Care and Social Assistance,210051245,Gladstone Park - Westmeadows,49 ,22 ,4.0,3.0,0.0,78 ,22586
Q,Health Care and Social Assistance,210051246,Greenvale - Bulla,99 ,39 ,12.0,5.0,0.0,155 ,21675
Q,Health Care and Social Assistance,210051247,Meadow Heights,52 ,11 ,3.0,3.0,0.0,67 ,20624
Q,Health Care and Social Assistance,210051248,Melbourne Airport,0 ,3 ,0.0,0.0,0.0,3 ,21319
Q,Health Care and Social Assistance,210051250,Tullamarine,15 ,8 ,4.0,0.0,0.0,28 ,22586
Q,Health Care and Social Assistance,210051441,Craigieburn - Central,14 ,9 ,8.0,0.0,0.0,31 ,20661
Q,Health Care and Social Assistance,210051442,Craigieburn - North,50 ,14 ,3.0,3.0,0.0,66 ,21675
Q,Health Care and Social Assistance,210051443,Craigieburn - South,106 ,32 ,12.0,3.0,0.0,152 ,20878
Q,Health Care and Social Assistance,210051445,Mickleham - Yuroke,123 ,25 ,10.0,7.0,0.0,165 ,20233
Q,Health Care and Social Assistance,210051542,Craigieburn - North West,38 ,17 ,0.0,3.0,0.0,60 ,21675
Q,Health Care and Social Assistance,210051543,Craigieburn - West,58 ,21 ,8.0,4.0,0.0,91 ,21675
Q,Health Care and Social Assistance,210051544,Roxburgh Park (South) - Somerton,54 ,23 ,7.0,0.0,3.0,87 ,20878
Q,Health Care and Social Assistance,210051545,Roxburgh Park - North,87 ,15 ,6.0,0.0,0.0,110 ,20661
Q,Health Care and Social Assistance,211011251,Bayswater,45 ,17 ,7.0,0.0,0.0,72 ,20173
Q,Health Care and Social Assistance,211011254,Knoxfield - Scoresby,69 ,26 ,12.0,3.0,0.0,111 ,21013
Q,Health Care and Social Assistance,211011255,Lysterfield,26 ,8 ,3.0,3.0,0.0,39 ,20917
Q,Health Care and Social Assistance,211011256,Rowville - Central,76 ,28 ,11.0,6.0,0.0,121 ,21374
Q,Health Care and Social Assistance,211011257,Rowville - North,17 ,8 ,0.0,0.0,0.0,27 ,20917
Q,Health Care and Social Assistance,211011258,Rowville - South,51 ,13 ,8.0,0.0,0.0,72 ,22207
Q,Health Care and Social Assistance,211011259,Wantirna,84 ,42 ,15.0,3.0,3.0,145 ,22628
Q,Health Care and Social Assistance,211011260,Wantirna South,119 ,49 ,27.0,5.0,0.0,200 ,21013
Q,Health Care and Social Assistance,211011446,Boronia,72 ,30 ,10.0,6.0,0.0,118 ,20173
Q,Health Care and Social Assistance,211011447,Ferntree Gully - North,51 ,15 ,14.0,6.0,3.0,87 ,20304
Q,Health Care and Social Assistance,211011448,Ferntree Gully (South) - Upper Ferntree Gully,63 ,11 ,7.0,3.0,3.0,85 ,20917
Q,Health Care and Social Assistance,211011449,The Basin,6 ,0 ,0.0,0.0,0.0,6 ,20304
Q,Health Care and Social Assistance,211021261,Donvale - Park Orchards,131 ,42 ,22.0,3.0,0.0,199 ,20772
Q,Health Care and Social Assistance,211021262,Warrandyte - Wonga Park,56 ,32 ,6.0,4.0,0.0,98 ,20772
Q,Health Care and Social Assistance,211031263,Bayswater North,35 ,13 ,3.0,0.0,0.0,51 ,20173
Q,Health Care and Social Assistance,211031265,Croydon Hills - Warranwood,64 ,20 ,8.0,3.0,0.0,94 ,20556
Q,Health Care and Social Assistance,211031266,Ringwood,109 ,45 ,25.0,7.0,3.0,187 ,20774
Q,Health Care and Social Assistance,211031267,Ringwood East,96 ,33 ,19.0,6.0,0.0,154 ,20173
Q,Health Care and Social Assistance,211031268,Ringwood North,38 ,16 ,7.0,0.0,0.0,61 ,20774
Q,Health Care and Social Assistance,211031450,Croydon - East,63 ,21 ,20.0,6.0,0.0,110 ,21354
Q,Health Care and Social Assistance,211031451,Croydon - West,51 ,10 ,6.0,3.0,0.0,69 ,20556
Q,Health Care and Social Assistance,211031452,Croydon South,12 ,8 ,3.0,0.0,0.0,22 ,20174
Q,Health Care and Social Assistance,211041269,Forest Hill,46 ,25 ,9.0,0.0,0.0,81 ,20252
Q,Health Care and Social Assistance,211041270,Mitcham (Vic.),103 ,36 ,17.0,3.0,0.0,159 ,20774
Q,Health Care and Social Assistance,211041271,Nunawading,69 ,26 ,14.0,4.0,0.0,113 ,20774
Q,Health Care and Social Assistance,211041272,Vermont,56 ,20 ,9.0,3.0,0.0,87 ,20937
Q,Health Care and Social Assistance,211041273,Vermont South,55 ,29 ,9.0,0.0,0.0,94 ,20937
Q,Health Care and Social Assistance,211051274,Belgrave - Selby,40 ,16 ,6.0,3.0,0.0,65 ,21558
Q,Health Care and Social Assistance,211051275,Chirnside Park,32 ,22 ,12.0,0.0,0.0,68 ,20556
Q,Health Care and Social Assistance,211051276,Healesville - Yarra Glen,40 ,10 ,10.0,0.0,0.0,61 ,20916
Q,Health Care and Social Assistance,211051277,Kilsyth,22 ,9 ,3.0,0.0,0.0,35 ,20174
Q,Health Care and Social Assistance,211051278,Lilydale - Coldstream,75 ,23 ,14.0,4.0,0.0,117 ,20556
Q,Health Care and Social Assistance,211051279,Monbulk - Silvan,21 ,5 ,3.0,0.0,0.0,28 ,20868
Q,Health Care and Social Assistance,211051280,Montrose,13 ,6 ,3.0,0.0,0.0,22 ,21354
Q,Health Care and Social Assistance,211051281,Mooroolbark,66 ,21 ,14.0,0.0,0.0,102 ,20556
Q,Health Care and Social Assistance,211051282,Mount Dandenong - Olinda,44 ,19 ,7.0,0.0,0.0,70 ,20304
Q,Health Care and Social Assistance,211051283,Mount Evelyn,30 ,4 ,5.0,0.0,0.0,40 ,21736
Q,Health Care and Social Assistance,211051284,Upwey - Tecoma,38 ,10 ,6.0,0.0,0.0,54 ,21558
Q,Health Care and Social Assistance,211051285,Wandin - Seville,13 ,11 ,8.0,0.0,0.0,32 ,20613
Q,Health Care and Social Assistance,211051286,Yarra Valley,42 ,9 ,5.0,0.0,0.0,57 ,20833
Q,Health Care and Social Assistance,212011289,Emerald - Cockatoo,42 ,21 ,6.0,4.0,0.0,73 ,20979
Q,Health Care and Social Assistance,212011546,Beaconsfield - Officer,92 ,46 ,18.0,3.0,0.0,159 ,20176
Q,Health Care and Social Assistance,212011547,Bunyip - Garfield,16 ,6 ,0.0,0.0,0.0,23 ,20411
Q,Health Care and Social Assistance,212011548,Koo Wee Rup,25 ,4 ,6.0,0.0,0.0,36 ,20081
Q,Health Care and Social Assistance,212011549,Pakenham - North East,40 ,16 ,8.0,5.0,0.0,69 ,21879
Q,Health Care and Social Assistance,212011550,Pakenham - North West,30 ,11 ,3.0,3.0,0.0,45 ,20176
Q,Health Care and Social Assistance,212011551,Pakenham - South East,28 ,9 ,10.0,3.0,0.0,50 ,21879
Q,Health Care and Social Assistance,212011552,Pakenham - South West,137 ,29 ,9.0,4.0,0.0,181 ,22006
Q,Health Care and Social Assistance,212021293,Berwick - North,138 ,72 ,32.0,7.0,0.0,249 ,21895
Q,Health Care and Social Assistance,212021295,Doveton,33 ,9 ,6.0,0.0,0.0,49 ,20708
Q,Health Care and Social Assistance,212021297,Hallam,39 ,10 ,8.0,4.0,0.0,61 ,21895
Q,Health Care and Social Assistance,212021299,Narre Warren North,36 ,23 ,4.0,3.0,0.0,65 ,21558
Q,Health Care and Social Assistance,212021453,Endeavour Hills - North,31 ,18 ,5.0,0.0,0.0,55 ,22207
Q,Health Care and Social Assistance,212021454,Endeavour Hills - South,42 ,16 ,8.0,0.0,0.0,68 ,21895
Q,Health Care and Social Assistance,212021455,Narre Warren - North East,42 ,12 ,3.0,3.0,0.0,59 ,21895
Q,Health Care and Social Assistance,212021456,Narre Warren - South West,59 ,21 ,24.0,9.0,0.0,113 ,20224
Q,Health Care and Social Assistance,212021553,Berwick - South East,79 ,48 ,13.0,8.0,0.0,148 ,20175
Q,Health Care and Social Assistance,212021554,Berwick - South West,53 ,24 ,4.0,0.0,0.0,81 ,20224
Q,Health Care and Social Assistance,212031300,Cranbourne,72 ,23 ,25.0,10.0,0.0,131 ,20664
Q,Health Care and Social Assistance,212031303,Cranbourne South,53 ,20 ,11.0,5.0,0.0,89 ,20487
Q,Health Care and Social Assistance,212031304,Cranbourne West,60 ,24 ,10.0,7.0,0.0,101 ,20662
Q,Health Care and Social Assistance,212031306,Lynbrook - Lyndhurst,66 ,23 ,8.0,3.0,0.0,100 ,20709
Q,Health Care and Social Assistance,212031308,Pearcedale - Tooradin,16 ,7 ,7.0,0.0,0.0,30 ,21380
Q,Health Care and Social Assistance,212031457,Narre Warren South - East,52 ,22 ,3.0,0.0,0.0,78 ,20224
Q,Health Care and Social Assistance,212031458,Narre Warren South - West,48 ,15 ,8.0,4.0,0.0,75 ,21893
Q,Health Care and Social Assistance,212031555,Clyde North - North,72 ,31 ,7.0,4.0,0.0,114 ,22006
Q,Health Care and Social Assistance,212031556,Clyde North - South,92 ,43 ,12.0,0.0,0.0,149 ,20487
Q,Health Care and Social Assistance,212031557,Cranbourne East - North,66 ,27 ,10.0,4.0,0.0,107 ,20581
Q,Health Care and Social Assistance,212031558,Cranbourne East - South,33 ,6 ,4.0,3.0,0.0,45 ,20581
Q,Health Care and Social Assistance,212031559,Cranbourne North - East,64 ,19 ,6.0,5.0,0.0,94 ,20582
Q,Health Care and Social Assistance,212031560,Cranbourne North - West,24 ,13 ,5.0,0.0,0.0,42 ,21133
Q,Health Care and Social Assistance,212031561,Hampton Park - East,19 ,7 ,5.0,3.0,0.0,32 ,21893
Q,Health Care and Social Assistance,212031562,Hampton Park - West,40 ,16 ,5.0,3.0,0.0,63 ,20709
Q,Health Care and Social Assistance,212041309,Clarinda - Oakleigh South,33 ,9 ,8.0,0.0,0.0,51 ,21746
Q,Health Care and Social Assistance,212041310,Clayton South,46 ,16 ,8.0,3.0,3.0,74 ,20758
Q,Health Care and Social Assistance,212041312,Dandenong North,59 ,25 ,10.0,3.0,0.0,97 ,22207
Q,Health Care and Social Assistance,212041313,Dingley Village,31 ,12 ,5.0,3.0,0.0,51 ,20320
Q,Health Care and Social Assistance,212041316,Noble Park North,13 ,5 ,5.0,0.0,0.0,24 ,20708
Q,Health Care and Social Assistance,212041317,Springvale,62 ,48 ,24.0,0.0,0.0,136 ,21827
Q,Health Care and Social Assistance,212041318,Springvale South,29 ,8 ,4.0,0.0,0.0,41 ,21339
Q,Health Care and Social Assistance,212041459,Noble Park - East,55 ,16 ,0.0,3.0,0.0,76 ,21339
Q,Health Care and Social Assistance,212041460,Noble Park - West,45 ,9 ,9.0,0.0,0.0,63 ,21339
Q,Health Care and Social Assistance,212041563,Dandenong - North,102 ,57 ,33.0,9.0,0.0,201 ,20708
Q,Health Care and Social Assistance,212041564,Dandenong - South,34 ,8 ,6.0,3.0,0.0,51 ,20131
Q,Health Care and Social Assistance,212041565,Keysborough - North,34 ,19 ,7.0,4.0,0.0,64 ,21339
Q,Health Care and Social Assistance,212041566,Keysborough - South,94 ,45 ,8.0,4.0,0.0,151 ,20080
Q,Health Care and Social Assistance,212051319,Ashwood - Chadstone,112 ,56 ,18.0,4.0,0.0,190 ,20077
Q,Health Care and Social Assistance,212051321,Glen Waverley - East,179 ,61 ,30.0,8.0,0.0,279 ,20427
Q,Health Care and Social Assistance,212051322,Glen Waverley - West,160 ,75 ,36.0,9.0,0.0,281 ,20427
Q,Health Care and Social Assistance,212051323,Mount Waverley - North,100 ,59 ,8.0,6.0,0.0,173 ,20078
Q,Health Care and Social Assistance,212051324,Mount Waverley - South,141 ,76 ,34.0,5.0,0.0,256 ,21816
Q,Health Care and Social Assistance,212051325,Mulgrave,126 ,36 ,18.0,9.0,0.0,190 ,21013
Q,Health Care and Social Assistance,212051326,Oakleigh - Huntingdale,108 ,37 ,23.0,5.0,0.0,173 ,21587
Q,Health Care and Social Assistance,212051327,Wheelers Hill,146 ,81 ,21.0,7.0,0.0,255 ,21013
Q,Health Care and Social Assistance,212051567,Clayton (North) - Notting Hill,54 ,20 ,7.0,8.0,3.0,90 ,21816
Q,Health Care and Social Assistance,212051568,Clayton - Central,118 ,34 ,9.0,6.0,0.0,167 ,22002
Q,Health Care and Social Assistance,213011328,Ardeer - Albion,15 ,0 ,0.0,0.0,0.0,18 ,22396
Q,Health Care and Social Assistance,213011329,Cairnlea,36 ,19 ,6.0,3.0,0.0,63 ,20062
Q,Health Care and Social Assistance,213011331,Delahey,15 ,0 ,4.0,0.0,0.0,20 ,21315
Q,Health Care and Social Assistance,213011332,Keilor Downs,32 ,16 ,8.0,3.0,0.0,58 ,21316
Q,Health Care and Social Assistance,213011333,Kings Park (Vic.),22 ,6 ,3.0,0.0,0.0,31 ,20729
Q,Health Care and Social Assistance,213011334,St Albans - North,51 ,21 ,16.0,0.0,0.0,89 ,21312
Q,Health Care and Social Assistance,213011335,St Albans - South,49 ,10 ,11.0,3.0,0.0,71 ,21312
Q,Health Care and Social Assistance,213011336,Sunshine,60 ,24 ,21.0,4.0,0.0,109 ,20324
Q,Health Care and Social Assistance,213011337,Sunshine North,34 ,13 ,3.0,0.0,0.0,51 ,21316
Q,Health Care and Social Assistance,213011338,Sunshine West,39 ,9 ,4.0,3.0,0.0,55 ,20062
Q,Health Care and Social Assistance,213011339,Sydenham,37 ,7 ,5.0,0.0,3.0,52 ,22474
Q,Health Care and Social Assistance,213011340,Taylors Lakes,61 ,32 ,7.0,5.0,0.0,105 ,21314
Q,Health Care and Social Assistance,213011569,Deer Park,46 ,13 ,6.0,0.0,0.0,66 ,20062
Q,Health Care and Social Assistance,213011570,Derrimut,27 ,14 ,7.0,4.0,0.0,52 ,20062
Q,Health Care and Social Assistance,213021341,Altona,47 ,21 ,11.0,3.0,0.0,81 ,21477
Q,Health Care and Social Assistance,213021342,Altona Meadows,41 ,9 ,6.0,3.0,0.0,59 ,20035
Q,Health Care and Social Assistance,213021343,Altona North,49 ,17 ,7.0,6.0,0.0,79 ,22917
Q,Health Care and Social Assistance,213021344,Newport,107 ,42 ,17.0,4.0,0.0,170 ,22107
Q,Health Care and Social Assistance,213021345,Seabrook,14 ,3 ,3.0,0.0,0.0,17 ,20036
Q,Health Care and Social Assistance,213021346,Williamstown,120 ,36 ,30.0,3.0,0.0,189 ,21934
Q,Health Care and Social Assistance,213031347,Braybrook,78 ,32 ,12.0,4.0,0.0,127 ,20935
Q,Health Care and Social Assistance,213031348,Footscray,139 ,63 ,33.0,8.0,0.0,245 ,20929
Q,Health Care and Social Assistance,213031349,Maribyrnong,97 ,29 ,14.0,6.0,0.0,146 ,20075
Q,Health Care and Social Assistance,213031350,Seddon - Kingsville,43 ,11 ,7.0,0.0,0.0,62 ,20935
Q,Health Care and Social Assistance,213031351,West Footscray - Tottenham,51 ,13 ,5.0,4.0,0.0,73 ,20935
Q,Health Care and Social Assistance,213031352,Yarraville,86 ,19 ,11.0,0.0,0.0,118 ,20935
Q,Health Care and Social Assistance,213041353,Bacchus Marsh,63 ,21 ,14.0,4.0,0.0,102 ,20095
Q,Health Care and Social Assistance,213041358,Melton West,53 ,11 ,5.0,0.0,0.0,71 ,22537
Q,Health Care and Social Assistance,213041359,Rockbank - Mount Cottrell,100 ,49 ,9.0,3.0,0.0,162 ,20899
Q,Health Care and Social Assistance,213041360,Taylors Hill,63 ,35 ,5.0,3.0,0.0,106 ,20950
Q,Health Care and Social Assistance,213041461,Burnside,21 ,8 ,0.0,0.0,0.0,30 ,20729
Q,Health Care and Social Assistance,213041462,Burnside Heights,21 ,8 ,3.0,0.0,0.0,32 ,20420
Q,Health Care and Social Assistance,213041463,Caroline Springs,84 ,42 ,22.0,3.0,0.0,151 ,20950
Q,Health Care and Social Assistance,213041571,Brookfield,28 ,7 ,3.0,0.0,0.0,36 ,21202
Q,Health Care and Social Assistance,213041572,Cobblebank - Strathtulloh,27 ,8 ,6.0,3.0,0.0,43 ,21642
Q,Health Care and Social Assistance,213041573,Eynesbury - Exford,3 ,0 ,0.0,0.0,0.0,6 ,20899
Q,Health Care and Social Assistance,213041574,Fraser Rise - Plumpton,63 ,25 ,5.0,0.0,0.0,94 ,20754
Q,Health Care and Social Assistance,213041575,Hillside,46 ,18 ,12.0,10.0,0.0,86 ,20950
Q,Health Care and Social Assistance,213041576,Kurunjang - Toolern Vale,23 ,4 ,0.0,5.0,0.0,33 ,20605
Q,Health Care and Social Assistance,213041577,Melton,27 ,8 ,8.0,4.0,0.0,47 ,21140
Q,Health Care and Social Assistance,213041578,Melton South - Weir Views,49 ,14 ,4.0,3.0,0.0,70 ,20351
Q,Health Care and Social Assistance,213051361,Hoppers Crossing - North,64 ,24 ,13.0,5.0,0.0,106 ,22582
Q,Health Care and Social Assistance,213051362,Hoppers Crossing - South,80 ,20 ,20.0,3.0,0.0,123 ,22451
Q,Health Care and Social Assistance,213051363,Laverton,57 ,20 ,15.0,6.0,0.0,98 ,22397
Q,Health Care and Social Assistance,213051368,Werribee - South,120 ,40 ,17.0,10.0,0.0,187 ,20601
Q,Health Care and Social Assistance,213051464,Point Cook - East,111 ,61 ,19.0,9.0,0.0,200 ,20036
Q,Health Care and Social Assistance,213051466,Point Cook - South,102 ,29 ,12.0,0.0,0.0,145 ,22086
Q,Health Care and Social Assistance,213051467,Werribee - East,53 ,19 ,14.0,8.0,0.0,94 ,22451
Q,Health Care and Social Assistance,213051468,Werribee - West,75 ,26 ,12.0,3.0,0.0,116 ,20115
Q,Health Care and Social Assistance,213051579,Manor Lakes - Quandong,38 ,9 ,3.0,0.0,0.0,52 ,20115
Q,Health Care and Social Assistance,213051580,Point Cook - North East,54 ,26 ,24.0,3.0,0.0,107 ,20036
Q,Health Care and Social Assistance,213051581,Point Cook - North West,63 ,19 ,7.0,0.0,0.0,90 ,22086
Q,Health Care and Social Assistance,213051582,Tarneit (West) - Mount Cottrell,65 ,16 ,3.0,3.0,0.0,84 ,20899
Q,Health Care and Social Assistance,213051583,Tarneit - Central,162 ,48 ,22.0,8.0,0.0,240 ,22582
Q,Health Care and Social Assistance,213051584,Tarneit - North,28 ,16 ,0.0,3.0,0.0,47 ,22582
Q,Health Care and Social Assistance,213051585,Tarneit - South,50 ,14 ,7.0,3.0,0.0,74 ,22451
Q,Health Care and Social Assistance,213051586,Truganina - North,55 ,15 ,3.0,3.0,3.0,77 ,20743
Q,Health Care and Social Assistance,213051587,Truganina - South East,50 ,18 ,7.0,3.0,0.0,78 ,21477
Q,Health Care and Social Assistance,213051588,Truganina - South West,91 ,29 ,12.0,6.0,0.0,138 ,22582
Q,Health Care and Social Assistance,213051589,Wyndham Vale - North,28 ,13 ,0.0,0.0,0.0,42 ,20116
Q,Health Care and Social Assistance,213051590,Wyndham Vale - South,28 ,12 ,5.0,3.0,0.0,48 ,22750
Q,Health Care and Social Assistance,214011370,Carrum Downs,61 ,15 ,11.0,6.0,3.0,96 ,20131
Q,Health Care and Social Assistance,214011371,Frankston,163 ,82 ,45.0,12.0,0.0,302 ,22249
Q,Health Care and Social Assistance,214011372,Frankston North,44 ,15 ,5.0,0.0,0.0,65 ,20508
Q,Health Care and Social Assistance,214011373,Frankston South,97 ,23 ,5.0,5.0,0.0,131 ,21468
Q,Health Care and Social Assistance,214011374,Langwarrin,86 ,28 ,13.0,7.0,0.0,134 ,20508
Q,Health Care and Social Assistance,214011375,Seaford (Vic.),61 ,19 ,12.0,4.0,0.0,96 ,20507
Q,Health Care and Social Assistance,214011376,Skye - Sandhurst,48 ,14 ,6.0,4.0,0.0,72 ,20508
Q,Health Care and Social Assistance,214021377,Dromana,37 ,13 ,6.0,3.0,0.0,57 ,20072
Q,Health Care and Social Assistance,214021378,Flinders,46 ,9 ,4.0,3.0,0.0,60 ,20072
Q,Health Care and Social Assistance,214021379,Hastings - Somers,77 ,23 ,11.0,3.0,0.0,114 ,21664
Q,Health Care and Social Assistance,214021381,Mount Eliza,144 ,65 ,19.0,4.0,0.0,232 ,20949
Q,Health Care and Social Assistance,214021382,Mount Martha,67 ,38 ,12.0,0.0,0.0,118 ,21803
Q,Health Care and Social Assistance,214021383,Point Nepean,50 ,18 ,3.0,0.0,0.0,73 ,20280
Q,Health Care and Social Assistance,214021384,Rosebud - McCrae,81 ,29 ,18.0,5.0,0.0,134 ,20072
Q,Health Care and Social Assistance,214021385,Somerville,64 ,25 ,11.0,5.0,3.0,107 ,22050
Q,Health Care and Social Assistance,214021591,Mornington - East,66 ,22 ,16.0,3.0,0.0,107 ,21793
Q,Health Care and Social Assistance,214021592,Mornington - West,115 ,36 ,26.0,9.0,0.0,187 ,21793
Q,Health Care and Social Assistance,215011386,Ararat,13 ,7 ,10.0,4.0,0.0,34 ,20811
Q,Health Care and Social Assistance,215011387,Ararat Surrounds,3 ,0 ,0.0,0.0,0.0,5 ,20680
Q,Health Care and Social Assistance,215011388,Horsham,64 ,21 ,8.0,6.0,0.0,99 ,20403
Q,Health Care and Social Assistance,215011389,Horsham Surrounds,7 ,0 ,0.0,0.0,0.0,9 ,20403
Q,Health Care and Social Assistance,215011390,Nhill Region,9 ,8 ,0.0,3.0,0.0,21 ,20756
Q,Health Care and Social Assistance,215011391,St Arnaud,8 ,0 ,3.0,0.0,0.0,11 ,20142
Q,Health Care and Social Assistance,215011392,Stawell,11 ,8 ,3.0,3.0,0.0,22 ,20680
Q,Health Care and Social Assistance,215011393,West Wimmera,7 ,3 ,0.0,0.0,0.0,10 ,20119
Q,Health Care and Social Assistance,215011394,Yarriambiack,7 ,3 ,6.0,3.0,0.0,18 ,20756
Q,Health Care and Social Assistance,215021395,Irymple,15 ,10 ,0.0,0.0,0.0,28 ,20488
Q,Health Care and Social Assistance,215021396,Merbein,7 ,0 ,0.0,0.0,0.0,12 ,21388
Q,Health Care and Social Assistance,215021398,Mildura Surrounds,0 ,0 ,0.0,0.0,0.0,3 ,20234
Q,Health Care and Social Assistance,215021399,Red Cliffs,3 ,3 ,0.0,0.0,0.0,7 ,20488
Q,Health Care and Social Assistance,215021469,Mildura - North,94 ,50 ,19.0,12.0,0.0,175 ,21682
Q,Health Care and Social Assistance,215021470,Mildura - South,39 ,21 ,7.0,0.0,0.0,69 ,21245
Q,Health Care and Social Assistance,215031400,Buloke,5 ,3 ,4.0,3.0,0.0,13 ,20155
Q,Health Care and Social Assistance,215031401,Gannawarra,16 ,3 ,5.0,0.0,0.0,23 ,20051
Q,Health Care and Social Assistance,215031402,Kerang,4 ,6 ,0.0,0.0,0.0,11 ,20477
Q,Health Care and Social Assistance,215031403,Robinvale,0 ,3 ,0.0,0.0,0.0,4 ,22744
Q,Health Care and Social Assistance,215031404,Swan Hill,36 ,27 ,14.0,4.0,0.0,81 ,21076
Q,Health Care and Social Assistance,215031405,Swan Hill Surrounds,7 ,0 ,0.0,0.0,0.0,8 ,20047
Q,Health Care and Social Assistance,216011406,Echuca,81 ,37 ,16.0,7.0,0.0,141 ,20125
Q,Health Care and Social Assistance,216011407,Kyabram,30 ,12 ,6.0,0.0,0.0,49 ,20838
Q,Health Care and Social Assistance,216011408,Lockington - Gunbower,3 ,0 ,0.0,0.0,0.0,7 ,20755
Q,Health Care and Social Assistance,216011409,Rochester,9 ,3 ,0.0,0.0,0.0,13 ,20281
Q,Health Care and Social Assistance,216011410,Rushworth,5 ,3 ,0.0,0.0,0.0,7 ,20093
Q,Health Care and Social Assistance,216021411,Cobram,12 ,8 ,5.0,0.0,0.0,26 ,20301
Q,Health Care and Social Assistance,216021412,Moira,7 ,3 ,0.0,0.0,0.0,10 ,20032
Q,Health Care and Social Assistance,216021413,Numurkah,26 ,6 ,3.0,3.0,0.0,38 ,20839
Q,Health Care and Social Assistance,216021414,Yarrawonga,33 ,20 ,7.0,4.0,0.0,64 ,20395
Q,Health Care and Social Assistance,216031415,Mooroopna,12 ,7 ,3.0,0.0,0.0,23 ,20063
Q,Health Care and Social Assistance,216031416,Shepparton - North,155 ,101 ,35.0,7.0,0.0,299 ,20393
Q,Health Care and Social Assistance,216031418,Shepparton Surrounds - East,8 ,5 ,0.0,3.0,0.0,14 ,20056
Q,Health Care and Social Assistance,216031419,Shepparton Surrounds - West,23 ,9 ,5.0,3.0,0.0,40 ,20056
Q,Health Care and Social Assistance,216031593,Kialla,32 ,17 ,6.0,3.0,0.0,57 ,20056
Q,Health Care and Social Assistance,216031594,Shepparton - South East,54 ,20 ,14.0,5.0,0.0,93 ,21340
Q,Health Care and Social Assistance,217011420,Glenelg (Vic.),6 ,6 ,0.0,3.0,0.0,15 ,20340
Q,Health Care and Social Assistance,217011421,Hamilton (Vic.),33 ,16 ,11.0,3.0,0.0,61 ,20322
Q,Health Care and Social Assistance,217011422,Portland,29 ,16 ,6.0,0.0,0.0,52 ,20274
Q,Health Care and Social Assistance,217011423,Southern Grampians,10 ,4 ,0.0,0.0,0.0,14 ,20199
Q,Health Care and Social Assistance,217031471,Camperdown,4 ,5 ,5.0,0.0,0.0,15 ,20285
Q,Health Care and Social Assistance,217031472,Colac,40 ,19 ,13.0,4.0,0.0,76 ,20149
Q,Health Care and Social Assistance,217031473,Colac Surrounds,12 ,3 ,0.0,0.0,0.0,16 ,20671
Q,Health Care and Social Assistance,217031474,Corangamite - North,9 ,5 ,3.0,0.0,0.0,16 ,20319
Q,Health Care and Social Assistance,217031475,Corangamite - South,4 ,3 ,0.0,0.0,0.0,8 ,20306
Q,Health Care and Social Assistance,217031476,Otway,10 ,3 ,3.0,0.0,0.0,14 ,20161
Q,Health Care and Social Assistance,217041477,Moyne - East,10 ,0 ,0.0,0.0,0.0,14 ,21916
Q,Health Care and Social Assistance,217041478,Moyne - West,45 ,4 ,0.0,3.0,0.0,52 ,20225
Q,Health Care and Social Assistance,217041479,Warrnambool - North,103 ,39 ,15.0,4.0,0.0,161 ,20028
Q,Health Care and Social Assistance,217041480,Warrnambool - South,104 ,39 ,16.0,5.0,3.0,165 ,20028
R,Arts and Recreation Services,201011001,Alfredton,15 ,3 ,0.0,3.0,0.0,21 ,20023
R,Arts and Recreation Services,201011002,Ballarat,20 ,24 ,7.0,0.0,0.0,52 ,20023
R,Arts and Recreation Services,201011005,Buninyong,5 ,3 ,0.0,0.0,0.0,8 ,20409
R,Arts and Recreation Services,201011006,Delacombe,6 ,3 ,0.0,0.0,0.0,11 ,20023
R,Arts and Recreation Services,201011007,Smythes Creek,6 ,3 ,0.0,0.0,0.0,7 ,20262
R,Arts and Recreation Services,201011008,Wendouree - Miners Rest,15 ,10 ,6.0,3.0,0.0,34 ,20023
R,Arts and Recreation Services,201011481,Ballarat East - Warrenheip,10 ,3 ,3.0,0.0,0.0,15 ,20104
R,Arts and Recreation Services,201011482,Ballarat North - Invermay,19 ,6 ,6.0,0.0,0.0,31 ,22745
R,Arts and Recreation Services,201011483,Canadian - Mount Clear,13 ,7 ,3.0,0.0,0.0,25 ,20111
R,Arts and Recreation Services,201011484,Sebastopol - Redan,6 ,3 ,0.0,0.0,0.0,8 ,20730
R,Arts and Recreation Services,201021009,Bacchus Marsh Surrounds,9 ,4 ,0.0,0.0,0.0,13 ,20076
R,Arts and Recreation Services,201021010,Creswick - Clunes,10 ,8 ,0.0,0.0,0.0,19 ,20262
R,Arts and Recreation Services,201021011,Daylesford,20 ,4 ,3.0,0.0,0.0,27 ,20256
R,Arts and Recreation Services,201021012,Gordon (Vic.),12 ,6 ,3.0,3.0,0.0,21 ,20409
R,Arts and Recreation Services,201031013,Avoca,6 ,3 ,0.0,0.0,0.0,8 ,20008
R,Arts and Recreation Services,201031014,Beaufort,5 ,3 ,0.0,0.0,0.0,8 ,20262
R,Arts and Recreation Services,201031015,Golden Plains - North,6 ,0 ,0.0,0.0,0.0,8 ,21123
R,Arts and Recreation Services,201031016,Maryborough (Vic.),5 ,3 ,0.0,0.0,0.0,10 ,20009
R,Arts and Recreation Services,201031017,Maryborough Surrounds,0 ,3 ,0.0,0.0,0.0,3 ,20459
R,Arts and Recreation Services,202011018,Bendigo,10 ,0 ,7.0,4.0,0.0,23 ,20208
R,Arts and Recreation Services,202011019,California Gully - Eaglehawk,5 ,3 ,0.0,0.0,0.0,7 ,20444
R,Arts and Recreation Services,202011020,East Bendigo - Kennington,12 ,5 ,5.0,3.0,0.0,23 ,20208
R,Arts and Recreation Services,202011021,Flora Hill - Spring Gully,6 ,0 ,3.0,0.0,0.0,8 ,20208
R,Arts and Recreation Services,202011022,Kangaroo Flat - Golden Square,11 ,5 ,0.0,0.0,0.0,18 ,20208
R,Arts and Recreation Services,202011023,Maiden Gully,3 ,0 ,0.0,0.0,0.0,4 ,20444
R,Arts and Recreation Services,202011024,Strathfieldsaye,7 ,3 ,0.0,0.0,0.0,9 ,20828
R,Arts and Recreation Services,202011025,White Hills - Ascot,12 ,3 ,3.0,0.0,0.0,17 ,20208
R,Arts and Recreation Services,202021026,Bendigo Surrounds - South,4 ,4 ,0.0,0.0,0.0,9 ,20835
R,Arts and Recreation Services,202021027,Castlemaine,26 ,9 ,3.0,0.0,0.0,37 ,20955
R,Arts and Recreation Services,202021028,Castlemaine Surrounds,23 ,5 ,3.0,0.0,0.0,29 ,20459
R,Arts and Recreation Services,202021029,Heathcote,5 ,5 ,0.0,0.0,0.0,10 ,20877
R,Arts and Recreation Services,202021030,Kyneton,34 ,7 ,4.0,0.0,0.0,45 ,20076
R,Arts and Recreation Services,202021031,Woodend,15 ,6 ,0.0,0.0,0.0,23 ,20076
R,Arts and Recreation Services,202031032,Bendigo Surrounds - North,0 ,3 ,0.0,0.0,0.0,5 ,20828
R,Arts and Recreation Services,202031033,Loddon,3 ,0 ,0.0,3.0,0.0,3 ,20177
R,Arts and Recreation Services,203011034,Bannockburn,3 ,3 ,3.0,0.0,0.0,8 ,20133
R,Arts and Recreation Services,203011035,Golden Plains - South,7 ,3 ,0.0,0.0,0.0,9 ,20217
R,Arts and Recreation Services,203011036,Winchelsea,8 ,3 ,0.0,0.0,0.0,12 ,20151
R,Arts and Recreation Services,203021037,Belmont,12 ,3 ,3.0,0.0,0.0,19 ,20201
R,Arts and Recreation Services,203021039,Geelong,31 ,11 ,12.0,3.0,3.0,58 ,20201
R,Arts and Recreation Services,203021040,Geelong West - Hamlyn Heights,17 ,8 ,4.0,0.0,0.0,29 ,20165
R,Arts and Recreation Services,203021042,Highton,17 ,4 ,0.0,0.0,0.0,21 ,20151
R,Arts and Recreation Services,203021043,Lara,21 ,10 ,7.0,0.0,0.0,38 ,20115
R,Arts and Recreation Services,203021044,Leopold,9 ,8 ,0.0,0.0,0.0,18 ,20621
R,Arts and Recreation Services,203021045,Newcomb - Moolap,5 ,3 ,0.0,0.0,0.0,10 ,20326
R,Arts and Recreation Services,203021046,Newtown (Vic.),12 ,5 ,5.0,0.0,0.0,22 ,20960
R,Arts and Recreation Services,203021047,North Geelong - Bell Park,12 ,4 ,0.0,0.0,0.0,18 ,20165
R,Arts and Recreation Services,203021485,Charlemont,12 ,3 ,3.0,0.0,0.0,15 ,21790
R,Arts and Recreation Services,203021486,Corio - Lovely Banks,5 ,5 ,0.0,0.0,0.0,10 ,20165
R,Arts and Recreation Services,203021487,Grovedale - Mount Duneed,15 ,10 ,5.0,0.0,0.0,31 ,20954
R,Arts and Recreation Services,203021488,Norlane,5 ,0 ,0.0,0.0,0.0,5 ,20191
R,Arts and Recreation Services,203031048,Clifton Springs,5 ,4 ,3.0,0.0,0.0,11 ,20697
R,Arts and Recreation Services,203031049,Lorne - Anglesea,16 ,0 ,3.0,0.0,0.0,21 ,20046
R,Arts and Recreation Services,203031051,Portarlington,7 ,3 ,0.0,0.0,0.0,10 ,20193
R,Arts and Recreation Services,203031052,Point Lonsdale - Queenscliff,11 ,3 ,4.0,0.0,0.0,18 ,22663
R,Arts and Recreation Services,203031053,Torquay,44 ,19 ,14.0,3.0,0.0,78 ,20046
R,Arts and Recreation Services,203031489,Barwon Heads - Armstrong Creek,12 ,7 ,0.0,0.0,0.0,21 ,21790
R,Arts and Recreation Services,203031490,Ocean Grove,18 ,12 ,0.0,3.0,0.0,33 ,20621
R,Arts and Recreation Services,204011054,Alexandra,12 ,3 ,0.0,0.0,0.0,18 ,20005
R,Arts and Recreation Services,204011055,Euroa,9 ,4 ,0.0,3.0,0.0,14 ,20283
R,Arts and Recreation Services,204011056,Kilmore - Broadford,11 ,3 ,0.0,0.0,0.0,14 ,21980
R,Arts and Recreation Services,204011057,Mansfield (Vic.),14 ,6 ,4.0,0.0,3.0,25 ,20283
R,Arts and Recreation Services,204011058,Nagambie,10 ,6 ,0.0,0.0,0.0,17 ,20652
R,Arts and Recreation Services,204011059,Seymour,5 ,3 ,0.0,0.0,0.0,8 ,20086
R,Arts and Recreation Services,204011060,Seymour Surrounds,3 ,0 ,0.0,0.0,0.0,3 ,22154
R,Arts and Recreation Services,204011061,Upper Yarra Valley,0 ,0 ,0.0,0.0,0.0,0 ,20452
R,Arts and Recreation Services,204011062,Yea,4 ,0 ,0.0,0.0,0.0,4 ,20005
R,Arts and Recreation Services,204021063,Benalla,7 ,4 ,4.0,0.0,0.0,15 ,20096
R,Arts and Recreation Services,204021064,Benalla Surrounds,12 ,5 ,3.0,0.0,0.0,19 ,20283
R,Arts and Recreation Services,204021065,Rutherglen,0 ,0 ,0.0,0.0,0.0,3 ,20296
R,Arts and Recreation Services,204021066,Wangaratta,18 ,10 ,7.0,0.0,0.0,35 ,21349
R,Arts and Recreation Services,204021067,Wangaratta Surrounds,14 ,3 ,0.0,0.0,0.0,19 ,20060
R,Arts and Recreation Services,204031068,Beechworth,7 ,0 ,3.0,0.0,0.0,12 ,20551
R,Arts and Recreation Services,204031069,Bright - Mount Beauty,14 ,3 ,3.0,0.0,0.0,22 ,21210
R,Arts and Recreation Services,204031070,Chiltern - Indigo Valley,3 ,0 ,0.0,0.0,0.0,3 ,20357
R,Arts and Recreation Services,204031071,Myrtleford,0 ,0 ,0.0,0.0,0.0,0 ,20312
R,Arts and Recreation Services,204031072,Towong,4 ,5 ,0.0,0.0,0.0,9 ,20883
R,Arts and Recreation Services,204031073,West Wodonga,9 ,6 ,0.0,0.0,0.0,17 ,21230
R,Arts and Recreation Services,204031075,Yackandandah,9 ,0 ,0.0,0.0,0.0,11 ,22351
R,Arts and Recreation Services,204031491,Baranduda - Leneva,6 ,6 ,3.0,0.0,0.0,14 ,21230
R,Arts and Recreation Services,204031492,Wodonga,4 ,4 ,8.0,0.0,0.0,16 ,21222
R,Arts and Recreation Services,205011076,Drouin,12 ,3 ,3.0,0.0,0.0,16 ,20081
R,Arts and Recreation Services,205011077,Mount Baw Baw Region,7 ,0 ,0.0,0.0,0.0,9 ,20452
R,Arts and Recreation Services,205011078,Trafalgar (Vic.),9 ,0 ,0.0,0.0,0.0,11 ,20391
R,Arts and Recreation Services,205011079,Warragul,13 ,5 ,3.0,0.0,0.0,21 ,20081
R,Arts and Recreation Services,205021080,Alps - East,0 ,0 ,0.0,0.0,0.0,0 ,20719
R,Arts and Recreation Services,205021081,Bairnsdale,8 ,3 ,4.0,0.0,0.0,15 ,20103
R,Arts and Recreation Services,205021082,Bruthen - Omeo,9 ,0 ,3.0,0.0,0.0,12 ,20265
R,Arts and Recreation Services,205021083,Lake King,0 ,0 ,0.0,0.0,0.0,0 ,20822
R,Arts and Recreation Services,205021084,Lakes Entrance,9 ,5 ,0.0,3.0,0.0,16 ,20290
R,Arts and Recreation Services,205021085,Orbost,3 ,0 ,3.0,0.0,0.0,4 ,20360
R,Arts and Recreation Services,205021086,Paynesville,3 ,0 ,0.0,0.0,0.0,3 ,20103
R,Arts and Recreation Services,205031087,Foster,3 ,0 ,3.0,0.0,0.0,4 ,20010
R,Arts and Recreation Services,205031088,French Island,0 ,0 ,0.0,0.0,0.0,0 ,20856
R,Arts and Recreation Services,205031089,Korumburra,11 ,3 ,3.0,0.0,0.0,14 ,20081
R,Arts and Recreation Services,205031090,Leongatha,4 ,0 ,3.0,0.0,0.0,7 ,20024
R,Arts and Recreation Services,205031091,Phillip Island,16 ,7 ,5.0,0.0,0.0,29 ,20475
R,Arts and Recreation Services,205031092,Wilsons Promontory,0 ,0 ,0.0,0.0,0.0,0 ,22800
R,Arts and Recreation Services,205031093,Wonthaggi - Inverloch,22 ,12 ,5.0,3.0,0.0,41 ,21235
R,Arts and Recreation Services,205041094,Churchill,10 ,0 ,3.0,0.0,0.0,15 ,20585
R,Arts and Recreation Services,205041095,Moe - Newborough,7 ,0 ,0.0,3.0,0.0,11 ,21716
R,Arts and Recreation Services,205041096,Morwell,4 ,0 ,5.0,3.0,0.0,10 ,22596
R,Arts and Recreation Services,205041098,Yallourn North - Glengarry,0 ,0 ,0.0,0.0,0.0,0 ,20286
R,Arts and Recreation Services,205041493,Traralgon - East,7 ,5 ,5.0,0.0,0.0,17 ,21027
R,Arts and Recreation Services,205041494,Traralgon - West,7 ,0 ,3.0,0.0,0.0,10 ,21027
R,Arts and Recreation Services,205051099,Alps - West,0 ,0 ,0.0,0.0,0.0,0 ,21210
R,Arts and Recreation Services,205051100,Longford - Loch Sport,5 ,0 ,0.0,0.0,0.0,7 ,20938
R,Arts and Recreation Services,205051101,Maffra,12 ,4 ,0.0,0.0,0.0,17 ,22542
R,Arts and Recreation Services,205051102,Rosedale,8 ,0 ,0.0,0.0,0.0,8 ,22543
R,Arts and Recreation Services,205051103,Sale,17 ,3 ,0.0,0.0,0.0,20 ,20586
R,Arts and Recreation Services,205051104,Yarram,5 ,0 ,0.0,0.0,0.0,5 ,20242
R,Arts and Recreation Services,206011106,Brunswick East,59 ,12 ,3.0,0.0,0.0,74 ,20361
R,Arts and Recreation Services,206011107,Brunswick West,40 ,5 ,3.0,0.0,0.0,46 ,20361
R,Arts and Recreation Services,206011109,Pascoe Vale South,23 ,3 ,0.0,0.0,0.0,28 ,20596
R,Arts and Recreation Services,206011495,Brunswick - North,55 ,12 ,4.0,0.0,0.0,72 ,20361
R,Arts and Recreation Services,206011496,Brunswick - South,71 ,20 ,13.0,3.0,0.0,106 ,20361
R,Arts and Recreation Services,206011497,Coburg - East,35 ,9 ,3.0,0.0,0.0,48 ,20361
R,Arts and Recreation Services,206011498,Coburg - West,15 ,4 ,0.0,0.0,0.0,19 ,20361
R,Arts and Recreation Services,206021110,Alphington - Fairfield,29 ,8 ,3.0,3.0,0.0,41 ,21971
R,Arts and Recreation Services,206021112,Thornbury,71 ,14 ,6.0,0.0,0.0,92 ,20362
R,Arts and Recreation Services,206021499,Northcote - East,56 ,7 ,0.0,3.0,0.0,65 ,21971
R,Arts and Recreation Services,206021500,Northcote - West,49 ,15 ,3.0,0.0,0.0,68 ,20362
R,Arts and Recreation Services,206031113,Ascot Vale,25 ,6 ,0.0,0.0,0.0,32 ,20075
R,Arts and Recreation Services,206031115,Flemington,21 ,7 ,3.0,4.0,0.0,35 ,20075
R,Arts and Recreation Services,206031116,Moonee Ponds,19 ,9 ,4.0,0.0,0.0,35 ,20075
R,Arts and Recreation Services,206031501,Essendon (West) - Aberfeldie,24 ,7 ,6.0,3.0,0.0,40 ,20885
R,Arts and Recreation Services,206031502,Essendon - East,20 ,6 ,7.0,3.0,0.0,36 ,20363
R,Arts and Recreation Services,206041117,Carlton,48 ,11 ,5.0,3.0,0.0,65 ,20496
R,Arts and Recreation Services,206041118,Docklands,27 ,7 ,3.0,0.0,0.0,38 ,21640
R,Arts and Recreation Services,206041119,East Melbourne,16 ,8 ,3.0,0.0,3.0,31 ,20495
R,Arts and Recreation Services,206041120,Flemington Racecourse,4 ,3 ,0.0,3.0,0.0,8 ,20075
R,Arts and Recreation Services,206041121,Kensington (Vic.),26 ,5 ,3.0,0.0,0.0,33 ,20929
R,Arts and Recreation Services,206041124,Parkville,15 ,4 ,3.0,0.0,3.0,22 ,20361
R,Arts and Recreation Services,206041125,South Yarra - West,21 ,7 ,0.0,0.0,0.0,29 ,21640
R,Arts and Recreation Services,206041127,West Melbourne - Industrial,3 ,0 ,0.0,0.0,0.0,3 ,20935
R,Arts and Recreation Services,206041503,Melbourne CBD - East,39 ,15 ,13.0,10.0,0.0,77 ,20495
R,Arts and Recreation Services,206041504,Melbourne CBD - North,20 ,3 ,4.0,0.0,0.0,29 ,20495
R,Arts and Recreation Services,206041505,Melbourne CBD - West,94 ,24 ,15.0,8.0,0.0,141 ,21640
R,Arts and Recreation Services,206041506,North Melbourne,43 ,11 ,4.0,3.0,0.0,60 ,22038
R,Arts and Recreation Services,206041507,Royal Botanic Gardens Victoria,0 ,0 ,0.0,0.0,0.0,0 ,21640
R,Arts and Recreation Services,206041508,Southbank (West) - South Wharf,16 ,3 ,3.0,0.0,3.0,24 ,21640
R,Arts and Recreation Services,206041509,Southbank - East,26 ,5 ,0.0,0.0,0.0,32 ,21640
R,Arts and Recreation Services,206041510,West Melbourne - Residential,22 ,8 ,3.0,3.0,0.0,34 ,21640
R,Arts and Recreation Services,206051128,Albert Park,74 ,28 ,13.0,9.0,0.0,124 ,21640
R,Arts and Recreation Services,206051129,Elwood,69 ,15 ,3.0,0.0,0.0,88 ,22343
R,Arts and Recreation Services,206051130,Port Melbourne,39 ,20 ,12.0,0.0,0.0,71 ,22107
R,Arts and Recreation Services,206051134,St Kilda East,47 ,14 ,7.0,3.0,0.0,69 ,22118
R,Arts and Recreation Services,206051511,Port Melbourne Industrial,24 ,12 ,10.0,5.0,0.0,51 ,20766
R,Arts and Recreation Services,206051512,South Melbourne,54 ,22 ,12.0,5.0,0.0,93 ,21640
R,Arts and Recreation Services,206051513,St Kilda - Central,42 ,11 ,6.0,0.0,0.0,60 ,22805
R,Arts and Recreation Services,206051514,St Kilda - West,49 ,13 ,10.0,3.0,0.0,77 ,21640
R,Arts and Recreation Services,206061135,Armadale,27 ,12 ,5.0,0.0,0.0,44 ,22118
R,Arts and Recreation Services,206061136,Prahran - Windsor,90 ,12 ,8.0,3.0,0.0,113 ,21640
R,Arts and Recreation Services,206061138,Toorak,34 ,4 ,3.0,0.0,0.0,40 ,22118
R,Arts and Recreation Services,206061515,South Yarra - North,41 ,10 ,5.0,3.0,0.0,58 ,21640
R,Arts and Recreation Services,206061516,South Yarra - South,28 ,6 ,5.0,0.0,0.0,39 ,22118
R,Arts and Recreation Services,206071139,Abbotsford,28 ,14 ,8.0,4.0,3.0,56 ,20901
R,Arts and Recreation Services,206071140,Carlton North - Princes Hill,41 ,3 ,0.0,3.0,3.0,47 ,20361
R,Arts and Recreation Services,206071141,Collingwood,65 ,31 ,6.0,0.0,0.0,104 ,20925
R,Arts and Recreation Services,206071142,Fitzroy,69 ,24 ,9.0,3.0,0.0,104 ,20925
R,Arts and Recreation Services,206071143,Fitzroy North,69 ,13 ,6.0,0.0,0.0,88 ,20362
R,Arts and Recreation Services,206071145,Clifton Hill - Alphington,38 ,14 ,5.0,3.0,0.0,58 ,20925
R,Arts and Recreation Services,206071517,Richmond (South) - Cremorne,82 ,25 ,14.0,7.0,3.0,129 ,20830
R,Arts and Recreation Services,206071518,Richmond - North,31 ,11 ,3.0,0.0,0.0,46 ,20830
R,Arts and Recreation Services,207011146,Ashburton (Vic.),10 ,4 ,0.0,0.0,0.0,16 ,20077
R,Arts and Recreation Services,207011147,Balwyn,18 ,5 ,0.0,0.0,0.0,25 ,21336
R,Arts and Recreation Services,207011148,Balwyn North,13 ,5 ,0.0,0.0,0.0,19 ,21336
R,Arts and Recreation Services,207011149,Camberwell,29 ,9 ,4.0,0.0,0.0,43 ,21010
R,Arts and Recreation Services,207011150,Glen Iris - East,23 ,3 ,3.0,0.0,0.0,28 ,20077
R,Arts and Recreation Services,207011152,Hawthorn East,21 ,5 ,3.0,0.0,0.0,29 ,21586
R,Arts and Recreation Services,207011154,Kew East,4 ,6 ,3.0,3.0,0.0,14 ,20034
R,Arts and Recreation Services,207011155,Surrey Hills (West) - Canterbury,23 ,8 ,3.0,3.0,0.0,35 ,21336
R,Arts and Recreation Services,207011519,Hawthorn - North,28 ,11 ,5.0,0.0,0.0,44 ,22170
R,Arts and Recreation Services,207011520,Hawthorn - South,26 ,10 ,4.0,0.0,0.0,40 ,22547
R,Arts and Recreation Services,207011521,Kew - South,31 ,8 ,3.0,0.0,0.0,41 ,21152
R,Arts and Recreation Services,207011522,Kew - West,19 ,3 ,0.0,0.0,0.0,23 ,20034
R,Arts and Recreation Services,207021156,Bulleen,17 ,4 ,3.0,0.0,0.0,24 ,20124
R,Arts and Recreation Services,207021157,Doncaster,21 ,9 ,3.0,0.0,0.0,31 ,20124
R,Arts and Recreation Services,207021159,Templestowe,16 ,7 ,4.0,3.0,0.0,29 ,20771
R,Arts and Recreation Services,207021160,Templestowe Lower,16 ,8 ,3.0,0.0,0.0,27 ,20386
R,Arts and Recreation Services,207021424,Doncaster East - North,6 ,5 ,0.0,0.0,0.0,12 ,20771
R,Arts and Recreation Services,207021425,Doncaster East - South,10 ,8 ,3.0,3.0,0.0,21 ,20771
R,Arts and Recreation Services,207031161,Blackburn,36 ,9 ,0.0,0.0,0.0,47 ,20315
R,Arts and Recreation Services,207031162,Blackburn South,7 ,0 ,0.0,0.0,0.0,8 ,20426
R,Arts and Recreation Services,207031163,Box Hill,22 ,4 ,3.0,4.0,0.0,31 ,21732
R,Arts and Recreation Services,207031164,Box Hill North,16 ,5 ,0.0,0.0,0.0,21 ,20123
R,Arts and Recreation Services,207031165,Burwood (Vic.),11 ,7 ,4.0,3.0,0.0,23 ,21010
R,Arts and Recreation Services,207031166,Burwood East,7 ,0 ,0.0,0.0,0.0,7 ,20426
R,Arts and Recreation Services,207031167,Surrey Hills (East) - Mont Albert,11 ,8 ,0.0,0.0,0.0,20 ,21732
R,Arts and Recreation Services,208011168,Beaumaris,27 ,4 ,0.0,0.0,0.0,34 ,20182
R,Arts and Recreation Services,208011169,Brighton (Vic.),51 ,12 ,5.0,3.0,0.0,69 ,20337
R,Arts and Recreation Services,208011170,Brighton East,40 ,16 ,5.0,0.0,0.0,61 ,20337
R,Arts and Recreation Services,208011171,Highett (West) - Cheltenham,31 ,14 ,11.0,0.0,0.0,57 ,20182
R,Arts and Recreation Services,208011172,Hampton,29 ,16 ,3.0,3.0,0.0,48 ,20337
R,Arts and Recreation Services,208011173,Sandringham - Black Rock,33 ,11 ,0.0,0.0,0.0,45 ,20182
R,Arts and Recreation Services,208021174,Bentleigh - McKinnon,28 ,14 ,4.0,0.0,0.0,46 ,20338
R,Arts and Recreation Services,208021176,Carnegie,24 ,5 ,3.0,0.0,0.0,32 ,21587
R,Arts and Recreation Services,208021177,Caulfield - North,55 ,14 ,3.0,3.0,0.0,73 ,20105
R,Arts and Recreation Services,208021178,Caulfield - South,43 ,6 ,4.0,3.0,0.0,55 ,20864
R,Arts and Recreation Services,208021179,Elsternwick,28 ,11 ,5.0,0.0,0.0,45 ,20337
R,Arts and Recreation Services,208021180,Hughesdale,10 ,0 ,0.0,0.0,0.0,12 ,21587
R,Arts and Recreation Services,208021181,Murrumbeena,6 ,5 ,0.0,0.0,0.0,13 ,21587
R,Arts and Recreation Services,208021182,Ormond - Glen Huntly,23 ,6 ,0.0,0.0,0.0,29 ,20338
R,Arts and Recreation Services,208021426,Bentleigh East - North,17 ,4 ,6.0,3.0,0.0,30 ,20214
R,Arts and Recreation Services,208021427,Bentleigh East - South,13 ,9 ,5.0,0.0,0.0,27 ,20214
R,Arts and Recreation Services,208031183,Aspendale Gardens - Waterways,3 ,3 ,0.0,0.0,0.0,6 ,20079
R,Arts and Recreation Services,208031184,Braeside,6 ,4 ,0.0,0.0,0.0,14 ,20079
R,Arts and Recreation Services,208031185,Carrum - Patterson Lakes,9 ,3 ,0.0,0.0,0.0,12 ,20131
R,Arts and Recreation Services,208031186,Chelsea - Bonbeach,16 ,0 ,3.0,0.0,0.0,21 ,20538
R,Arts and Recreation Services,208031187,Chelsea Heights,3 ,0 ,0.0,0.0,0.0,6 ,20080
R,Arts and Recreation Services,208031188,Highett (East) - Cheltenham,49 ,15 ,7.0,0.0,0.0,72 ,20539
R,Arts and Recreation Services,208031189,Edithvale - Aspendale,18 ,7 ,0.0,3.0,0.0,26 ,20079
R,Arts and Recreation Services,208031190,Mentone,22 ,3 ,0.0,3.0,0.0,28 ,20182
R,Arts and Recreation Services,208031191,Moorabbin - Heatherton,22 ,11 ,6.0,5.0,0.0,45 ,20539
R,Arts and Recreation Services,208031192,Moorabbin Airport,0 ,0 ,0.0,0.0,0.0,0 ,20539
R,Arts and Recreation Services,208031193,Mordialloc - Parkdale,38 ,14 ,6.0,0.0,0.0,59 ,21648
R,Arts and Recreation Services,208041194,Malvern - Glen Iris,43 ,19 ,6.0,0.0,0.0,70 ,20066
R,Arts and Recreation Services,208041195,Malvern East,32 ,7 ,3.0,0.0,0.0,43 ,20523
R,Arts and Recreation Services,209011196,Bundoora - East,6 ,5 ,5.0,3.0,0.0,19 ,20399
R,Arts and Recreation Services,209011197,Greensborough,11 ,13 ,0.0,0.0,0.0,26 ,21104
R,Arts and Recreation Services,209011198,Heidelberg - Rosanna,20 ,4 ,5.0,0.0,0.0,29 ,21246
R,Arts and Recreation Services,209011199,Heidelberg West,24 ,5 ,0.0,0.0,0.0,31 ,22121
R,Arts and Recreation Services,209011200,Ivanhoe,28 ,5 ,4.0,3.0,0.0,39 ,22508
R,Arts and Recreation Services,209011201,Ivanhoe East - Eaglemont,8 ,4 ,3.0,3.0,0.0,15 ,21246
R,Arts and Recreation Services,209011202,Montmorency - Briar Hill,21 ,4 ,0.0,0.0,0.0,27 ,22484
R,Arts and Recreation Services,209011203,Viewbank - Yallambie,15 ,4 ,3.0,0.0,0.0,20 ,20386
R,Arts and Recreation Services,209011204,Watsonia,13 ,0 ,0.0,0.0,0.0,13 ,20399
R,Arts and Recreation Services,209021205,Kingsbury,8 ,0 ,3.0,0.0,0.0,10 ,20399
R,Arts and Recreation Services,209021428,Preston - East,42 ,21 ,6.0,5.0,0.0,74 ,22121
R,Arts and Recreation Services,209021429,Preston - West,31 ,3 ,3.0,0.0,0.0,37 ,20596
R,Arts and Recreation Services,209021523,Reservoir - North East,13 ,3 ,0.0,0.0,0.0,16 ,20399
R,Arts and Recreation Services,209021524,Reservoir - North West,6 ,4 ,0.0,0.0,0.0,10 ,22161
R,Arts and Recreation Services,209021525,Reservoir - South East,16 ,3 ,0.0,0.0,0.0,18 ,22121
R,Arts and Recreation Services,209021526,Reservoir - South West,23 ,4 ,8.0,0.0,0.0,35 ,20597
R,Arts and Recreation Services,209031209,Eltham,44 ,9 ,5.0,3.0,0.0,61 ,22483
R,Arts and Recreation Services,209031210,Hurstbridge,8 ,0 ,0.0,0.0,0.0,10 ,20752
R,Arts and Recreation Services,209031211,Kinglake,0 ,0 ,0.0,3.0,0.0,3 ,20916
R,Arts and Recreation Services,209031212,Panton Hill - St Andrews,11 ,4 ,0.0,0.0,0.0,16 ,21358
R,Arts and Recreation Services,209031213,Plenty - Yarrambat,9 ,9 ,3.0,0.0,0.0,20 ,20399
R,Arts and Recreation Services,209031214,Research - North Warrandyte,23 ,3 ,0.0,0.0,0.0,25 ,20865
R,Arts and Recreation Services,209031215,Wattle Glen - Diamond Creek,22 ,5 ,3.0,0.0,0.0,29 ,20865
R,Arts and Recreation Services,209041216,Bundoora - North,5 ,6 ,0.0,0.0,0.0,12 ,20399
R,Arts and Recreation Services,209041217,Bundoora - West,0 ,0 ,0.0,0.0,0.0,0 ,20399
R,Arts and Recreation Services,209041220,Mill Park - North,9 ,11 ,0.0,0.0,0.0,21 ,21683
R,Arts and Recreation Services,209041221,Mill Park - South,8 ,3 ,0.0,0.0,0.0,10 ,20399
R,Arts and Recreation Services,209041223,Thomastown,18 ,5 ,3.0,3.0,0.0,28 ,20399
R,Arts and Recreation Services,209041224,Wallan,10 ,5 ,0.0,0.0,0.0,17 ,20345
R,Arts and Recreation Services,209041225,Whittlesea,7 ,0 ,0.0,3.0,0.0,10 ,20576
R,Arts and Recreation Services,209041431,Epping - East,4 ,0 ,0.0,0.0,0.0,5 ,22311
R,Arts and Recreation Services,209041432,Epping - South,8 ,0 ,4.0,0.0,0.0,12 ,21683
R,Arts and Recreation Services,209041433,Epping (Vic.) - West,9 ,3 ,3.0,0.0,0.0,14 ,20878
R,Arts and Recreation Services,209041435,South Morang - North,9 ,0 ,0.0,0.0,0.0,13 ,20779
R,Arts and Recreation Services,209041436,South Morang - South,7 ,3 ,3.0,0.0,0.0,12 ,22916
R,Arts and Recreation Services,209041437,Wollert,19 ,3 ,0.0,0.0,0.0,23 ,22311
R,Arts and Recreation Services,209041527,Doreen - North,6 ,6 ,0.0,0.0,0.0,13 ,20779
R,Arts and Recreation Services,209041528,Doreen - South,6 ,0 ,0.0,0.0,0.0,7 ,20779
R,Arts and Recreation Services,209041529,Lalor - East,3 ,0 ,0.0,0.0,0.0,0 ,22504
R,Arts and Recreation Services,209041530,Lalor - West,8 ,3 ,0.0,0.0,0.0,11 ,22504
R,Arts and Recreation Services,209041531,Mernda - North,6 ,3 ,0.0,0.0,0.0,9 ,20779
R,Arts and Recreation Services,209041532,Mernda - South,12 ,3 ,0.0,0.0,0.0,15 ,20779
R,Arts and Recreation Services,210011226,Airport West,7 ,4 ,3.0,0.0,0.0,13 ,20886
R,Arts and Recreation Services,210011227,Essendon Airport,0 ,0 ,0.0,0.0,0.0,0 ,22380
R,Arts and Recreation Services,210011228,Keilor,8 ,7 ,4.0,5.0,0.0,24 ,20015
R,Arts and Recreation Services,210011230,Niddrie - Essendon West,6 ,3 ,3.0,0.0,0.0,10 ,20885
R,Arts and Recreation Services,210011231,Strathmore,9 ,3 ,0.0,0.0,0.0,12 ,20885
R,Arts and Recreation Services,210011533,Avondale Heights,4 ,0 ,3.0,0.0,0.0,7 ,21604
R,Arts and Recreation Services,210011534,Keilor East,8 ,5 ,3.0,0.0,0.0,14 ,20888
R,Arts and Recreation Services,210021232,Gisborne,12 ,5 ,5.0,0.0,0.0,22 ,20076
R,Arts and Recreation Services,210021233,Macedon,8 ,5 ,0.0,0.0,0.0,14 ,20387
R,Arts and Recreation Services,210021234,Riddells Creek,4 ,0 ,3.0,0.0,0.0,7 ,21176
R,Arts and Recreation Services,210021235,Romsey,30 ,7 ,0.0,0.0,0.0,39 ,20172
R,Arts and Recreation Services,210031236,Coburg North,26 ,5 ,3.0,0.0,0.0,35 ,20596
R,Arts and Recreation Services,210031237,Fawkner,10 ,0 ,3.0,0.0,0.0,12 ,20597
R,Arts and Recreation Services,210031439,Gowanbrae,3 ,3 ,0.0,0.0,0.0,5 ,22381
R,Arts and Recreation Services,210031440,Hadfield,3 ,0 ,0.0,0.0,0.0,4 ,22041
R,Arts and Recreation Services,210031535,Glenroy - East,11 ,0 ,3.0,0.0,0.0,13 ,22041
R,Arts and Recreation Services,210031536,Glenroy - West,6 ,3 ,0.0,0.0,0.0,8 ,22381
R,Arts and Recreation Services,210031537,Oak Park,12 ,0 ,0.0,0.0,0.0,12 ,22042
R,Arts and Recreation Services,210031538,Pascoe Vale,23 ,7 ,0.0,0.0,0.0,30 ,22042
R,Arts and Recreation Services,210041240,Sunbury,6 ,3 ,3.0,0.0,0.0,12 ,20567
R,Arts and Recreation Services,210041539,Diggers Rest,0 ,0 ,0.0,0.0,0.0,3 ,20754
R,Arts and Recreation Services,210041540,Sunbury - South,12 ,4 ,5.0,3.0,0.0,24 ,21318
R,Arts and Recreation Services,210041541,Sunbury - West,3 ,3 ,0.0,0.0,0.0,6 ,20754
R,Arts and Recreation Services,210051242,Broadmeadows,3 ,0 ,0.0,0.0,0.0,4 ,20909
R,Arts and Recreation Services,210051243,Campbellfield - Coolaroo,6 ,3 ,0.0,0.0,0.0,11 ,22161
R,Arts and Recreation Services,210051245,Gladstone Park - Westmeadows,6 ,4 ,0.0,3.0,0.0,12 ,22586
R,Arts and Recreation Services,210051246,Greenvale - Bulla,12 ,0 ,4.0,3.0,0.0,18 ,21675
R,Arts and Recreation Services,210051247,Meadow Heights,0 ,0 ,0.0,0.0,0.0,3 ,20624
R,Arts and Recreation Services,210051248,Melbourne Airport,0 ,0 ,0.0,0.0,3.0,4 ,21319
R,Arts and Recreation Services,210051250,Tullamarine,4 ,3 ,0.0,0.0,0.0,8 ,22586
R,Arts and Recreation Services,210051441,Craigieburn - Central,4 ,0 ,0.0,0.0,0.0,4 ,20661
R,Arts and Recreation Services,210051442,Craigieburn - North,3 ,0 ,3.0,0.0,0.0,5 ,21675
R,Arts and Recreation Services,210051443,Craigieburn - South,6 ,4 ,0.0,0.0,0.0,10 ,20878
R,Arts and Recreation Services,210051445,Mickleham - Yuroke,18 ,3 ,0.0,0.0,0.0,22 ,20233
R,Arts and Recreation Services,210051542,Craigieburn - North West,3 ,0 ,0.0,0.0,0.0,0 ,21675
R,Arts and Recreation Services,210051543,Craigieburn - West,4 ,3 ,3.0,3.0,0.0,11 ,21675
R,Arts and Recreation Services,210051544,Roxburgh Park (South) - Somerton,4 ,3 ,0.0,0.0,0.0,7 ,20878
R,Arts and Recreation Services,210051545,Roxburgh Park - North,5 ,0 ,0.0,0.0,0.0,5 ,20661
R,Arts and Recreation Services,211011251,Bayswater,11 ,7 ,0.0,3.0,0.0,22 ,20173
R,Arts and Recreation Services,211011254,Knoxfield - Scoresby,6 ,3 ,0.0,3.0,0.0,11 ,21013
R,Arts and Recreation Services,211011255,Lysterfield,3 ,0 ,3.0,0.0,0.0,6 ,20917
R,Arts and Recreation Services,211011256,Rowville - Central,4 ,3 ,3.0,0.0,0.0,10 ,21374
R,Arts and Recreation Services,211011257,Rowville - North,5 ,0 ,0.0,0.0,0.0,7 ,20917
R,Arts and Recreation Services,211011258,Rowville - South,5 ,3 ,0.0,3.0,0.0,9 ,22207
R,Arts and Recreation Services,211011259,Wantirna,7 ,3 ,0.0,0.0,0.0,10 ,22628
R,Arts and Recreation Services,211011260,Wantirna South,13 ,6 ,3.0,5.0,0.0,27 ,21013
R,Arts and Recreation Services,211011446,Boronia,13 ,6 ,3.0,0.0,0.0,22 ,20173
R,Arts and Recreation Services,211011447,Ferntree Gully - North,4 ,4 ,0.0,0.0,0.0,8 ,20304
R,Arts and Recreation Services,211011448,Ferntree Gully (South) - Upper Ferntree Gully,10 ,8 ,5.0,0.0,0.0,23 ,20917
R,Arts and Recreation Services,211011449,The Basin,4 ,0 ,0.0,0.0,0.0,5 ,20304
R,Arts and Recreation Services,211021261,Donvale - Park Orchards,18 ,8 ,0.0,3.0,0.0,28 ,20772
R,Arts and Recreation Services,211021262,Warrandyte - Wonga Park,12 ,5 ,5.0,3.0,0.0,23 ,20772
R,Arts and Recreation Services,211031263,Bayswater North,6 ,13 ,8.0,3.0,0.0,28 ,20173
R,Arts and Recreation Services,211031265,Croydon Hills - Warranwood,14 ,6 ,3.0,0.0,0.0,22 ,20556
R,Arts and Recreation Services,211031266,Ringwood,13 ,8 ,6.0,3.0,0.0,29 ,20774
R,Arts and Recreation Services,211031267,Ringwood East,15 ,6 ,0.0,0.0,0.0,23 ,20173
R,Arts and Recreation Services,211031268,Ringwood North,6 ,3 ,3.0,0.0,0.0,11 ,20774
R,Arts and Recreation Services,211031450,Croydon - East,9 ,7 ,3.0,0.0,0.0,18 ,21354
R,Arts and Recreation Services,211031451,Croydon - West,13 ,3 ,0.0,0.0,0.0,17 ,20556
R,Arts and Recreation Services,211031452,Croydon South,3 ,3 ,0.0,0.0,0.0,5 ,20174
R,Arts and Recreation Services,211041269,Forest Hill,3 ,5 ,0.0,0.0,0.0,8 ,20252
R,Arts and Recreation Services,211041270,Mitcham (Vic.),11 ,8 ,0.0,5.0,0.0,24 ,20774
R,Arts and Recreation Services,211041271,Nunawading,12 ,0 ,5.0,0.0,0.0,20 ,20774
R,Arts and Recreation Services,211041272,Vermont,4 ,0 ,0.0,0.0,0.0,6 ,20937
R,Arts and Recreation Services,211041273,Vermont South,10 ,3 ,3.0,0.0,0.0,14 ,20937
R,Arts and Recreation Services,211051274,Belgrave - Selby,12 ,3 ,0.0,0.0,0.0,16 ,21558
R,Arts and Recreation Services,211051275,Chirnside Park,9 ,5 ,3.0,0.0,0.0,18 ,20556
R,Arts and Recreation Services,211051276,Healesville - Yarra Glen,16 ,6 ,3.0,0.0,0.0,25 ,20916
R,Arts and Recreation Services,211051277,Kilsyth,8 ,3 ,3.0,0.0,0.0,11 ,20174
R,Arts and Recreation Services,211051278,Lilydale - Coldstream,15 ,10 ,5.0,0.0,0.0,30 ,20556
R,Arts and Recreation Services,211051279,Monbulk - Silvan,3 ,3 ,0.0,0.0,0.0,9 ,20868
R,Arts and Recreation Services,211051280,Montrose,6 ,5 ,3.0,0.0,0.0,13 ,21354
R,Arts and Recreation Services,211051281,Mooroolbark,16 ,0 ,3.0,0.0,0.0,20 ,20556
R,Arts and Recreation Services,211051282,Mount Dandenong - Olinda,25 ,3 ,0.0,0.0,0.0,28 ,20304
R,Arts and Recreation Services,211051283,Mount Evelyn,5 ,5 ,3.0,0.0,0.0,11 ,21736
R,Arts and Recreation Services,211051284,Upwey - Tecoma,9 ,4 ,0.0,0.0,0.0,14 ,21558
R,Arts and Recreation Services,211051285,Wandin - Seville,5 ,3 ,0.0,0.0,0.0,8 ,20613
R,Arts and Recreation Services,211051286,Yarra Valley,16 ,8 ,3.0,0.0,0.0,26 ,20833
R,Arts and Recreation Services,212011289,Emerald - Cockatoo,22 ,8 ,3.0,3.0,0.0,33 ,20979
R,Arts and Recreation Services,212011546,Beaconsfield - Officer,20 ,4 ,0.0,3.0,0.0,27 ,20176
R,Arts and Recreation Services,212011547,Bunyip - Garfield,16 ,6 ,5.0,0.0,0.0,28 ,20411
R,Arts and Recreation Services,212011548,Koo Wee Rup,12 ,5 ,3.0,0.0,0.0,19 ,20081
R,Arts and Recreation Services,212011549,Pakenham - North East,11 ,3 ,0.0,0.0,0.0,13 ,21879
R,Arts and Recreation Services,212011550,Pakenham - North West,6 ,0 ,0.0,0.0,0.0,6 ,20176
R,Arts and Recreation Services,212011551,Pakenham - South East,3 ,0 ,3.0,0.0,0.0,6 ,21879
R,Arts and Recreation Services,212011552,Pakenham - South West,8 ,7 ,0.0,0.0,0.0,17 ,22006
R,Arts and Recreation Services,212021293,Berwick - North,15 ,9 ,7.0,0.0,0.0,32 ,21895
R,Arts and Recreation Services,212021295,Doveton,8 ,0 ,0.0,0.0,0.0,10 ,20708
R,Arts and Recreation Services,212021297,Hallam,8 ,5 ,0.0,0.0,0.0,16 ,21895
R,Arts and Recreation Services,212021299,Narre Warren North,4 ,3 ,0.0,0.0,0.0,7 ,21558
R,Arts and Recreation Services,212021453,Endeavour Hills - North,7 ,4 ,0.0,0.0,0.0,12 ,22207
R,Arts and Recreation Services,212021454,Endeavour Hills - South,6 ,0 ,0.0,0.0,0.0,7 ,21895
R,Arts and Recreation Services,212021455,Narre Warren - North East,6 ,0 ,0.0,0.0,0.0,6 ,21895
R,Arts and Recreation Services,212021456,Narre Warren - South West,7 ,3 ,0.0,3.0,0.0,13 ,20224
R,Arts and Recreation Services,212021553,Berwick - South East,9 ,10 ,3.0,0.0,0.0,21 ,20175
R,Arts and Recreation Services,212021554,Berwick - South West,5 ,3 ,0.0,0.0,0.0,9 ,20224
R,Arts and Recreation Services,212031300,Cranbourne,7 ,10 ,8.0,7.0,0.0,32 ,20664
R,Arts and Recreation Services,212031303,Cranbourne South,27 ,6 ,4.0,3.0,0.0,40 ,20487
R,Arts and Recreation Services,212031304,Cranbourne West,9 ,6 ,3.0,0.0,0.0,19 ,20662
R,Arts and Recreation Services,212031306,Lynbrook - Lyndhurst,6 ,0 ,3.0,3.0,0.0,10 ,20709
R,Arts and Recreation Services,212031308,Pearcedale - Tooradin,11 ,5 ,0.0,0.0,0.0,18 ,21380
R,Arts and Recreation Services,212031457,Narre Warren South - East,11 ,3 ,0.0,0.0,0.0,12 ,20224
R,Arts and Recreation Services,212031458,Narre Warren South - West,12 ,0 ,0.0,0.0,0.0,12 ,21893
R,Arts and Recreation Services,212031555,Clyde North - North,4 ,0 ,0.0,0.0,0.0,5 ,22006
R,Arts and Recreation Services,212031556,Clyde North - South,10 ,8 ,0.0,0.0,0.0,19 ,20487
R,Arts and Recreation Services,212031557,Cranbourne East - North,19 ,0 ,3.0,3.0,0.0,23 ,20581
R,Arts and Recreation Services,212031558,Cranbourne East - South,5 ,3 ,6.0,0.0,0.0,15 ,20581
R,Arts and Recreation Services,212031559,Cranbourne North - East,3 ,0 ,0.0,0.0,0.0,3 ,20582
R,Arts and Recreation Services,212031560,Cranbourne North - West,7 ,3 ,0.0,0.0,0.0,9 ,21133
R,Arts and Recreation Services,212031561,Hampton Park - East,4 ,0 ,0.0,0.0,0.0,5 ,21893
R,Arts and Recreation Services,212031562,Hampton Park - West,8 ,0 ,0.0,0.0,0.0,10 ,20709
R,Arts and Recreation Services,212041309,Clarinda - Oakleigh South,10 ,4 ,0.0,0.0,0.0,14 ,21746
R,Arts and Recreation Services,212041310,Clayton South,6 ,5 ,4.0,3.0,0.0,17 ,20758
R,Arts and Recreation Services,212041312,Dandenong North,14 ,3 ,0.0,0.0,0.0,17 ,22207
R,Arts and Recreation Services,212041313,Dingley Village,11 ,3 ,3.0,0.0,0.0,15 ,20320
R,Arts and Recreation Services,212041316,Noble Park North,0 ,0 ,3.0,0.0,0.0,5 ,20708
R,Arts and Recreation Services,212041317,Springvale,8 ,7 ,3.0,3.0,3.0,20 ,21827
R,Arts and Recreation Services,212041318,Springvale South,7 ,0 ,0.0,0.0,0.0,9 ,21339
R,Arts and Recreation Services,212041459,Noble Park - East,0 ,3 ,3.0,0.0,0.0,4 ,21339
R,Arts and Recreation Services,212041460,Noble Park - West,8 ,0 ,0.0,0.0,0.0,10 ,21339
R,Arts and Recreation Services,212041563,Dandenong - North,15 ,3 ,3.0,0.0,0.0,22 ,20708
R,Arts and Recreation Services,212041564,Dandenong - South,19 ,3 ,3.0,0.0,0.0,26 ,20131
R,Arts and Recreation Services,212041565,Keysborough - North,8 ,7 ,3.0,0.0,0.0,18 ,21339
R,Arts and Recreation Services,212041566,Keysborough - South,12 ,9 ,0.0,3.0,0.0,22 ,20080
R,Arts and Recreation Services,212051319,Ashwood - Chadstone,23 ,10 ,4.0,3.0,0.0,39 ,20077
R,Arts and Recreation Services,212051321,Glen Waverley - East,6 ,0 ,3.0,3.0,0.0,11 ,20427
R,Arts and Recreation Services,212051322,Glen Waverley - West,7 ,12 ,8.0,3.0,0.0,28 ,20427
R,Arts and Recreation Services,212051323,Mount Waverley - North,7 ,9 ,0.0,3.0,0.0,17 ,20078
R,Arts and Recreation Services,212051324,Mount Waverley - South,30 ,5 ,3.0,3.0,0.0,39 ,21816
R,Arts and Recreation Services,212051325,Mulgrave,12 ,6 ,3.0,3.0,0.0,23 ,21013
R,Arts and Recreation Services,212051326,Oakleigh - Huntingdale,28 ,10 ,8.0,3.0,0.0,49 ,21587
R,Arts and Recreation Services,212051327,Wheelers Hill,14 ,9 ,4.0,0.0,0.0,27 ,21013
R,Arts and Recreation Services,212051567,Clayton (North) - Notting Hill,6 ,6 ,4.0,0.0,0.0,16 ,21816
R,Arts and Recreation Services,212051568,Clayton - Central,3 ,7 ,0.0,0.0,0.0,10 ,22002
R,Arts and Recreation Services,213011328,Ardeer - Albion,9 ,0 ,0.0,3.0,0.0,11 ,22396
R,Arts and Recreation Services,213011329,Cairnlea,3 ,3 ,0.0,0.0,0.0,5 ,20062
R,Arts and Recreation Services,213011331,Delahey,0 ,3 ,0.0,0.0,0.0,5 ,21315
R,Arts and Recreation Services,213011332,Keilor Downs,4 ,3 ,3.0,0.0,0.0,8 ,21316
R,Arts and Recreation Services,213011333,Kings Park (Vic.),3 ,3 ,0.0,0.0,0.0,3 ,20729
R,Arts and Recreation Services,213011334,St Albans - North,4 ,3 ,3.0,0.0,0.0,8 ,21312
R,Arts and Recreation Services,213011335,St Albans - South,0 ,3 ,3.0,0.0,0.0,6 ,21312
R,Arts and Recreation Services,213011336,Sunshine,10 ,3 ,0.0,0.0,0.0,13 ,20324
R,Arts and Recreation Services,213011337,Sunshine North,9 ,0 ,0.0,0.0,0.0,11 ,21316
R,Arts and Recreation Services,213011338,Sunshine West,6 ,3 ,3.0,0.0,0.0,11 ,20062
R,Arts and Recreation Services,213011339,Sydenham,4 ,3 ,3.0,0.0,0.0,9 ,22474
R,Arts and Recreation Services,213011340,Taylors Lakes,10 ,5 ,8.0,0.0,0.0,23 ,21314
R,Arts and Recreation Services,213011569,Deer Park,12 ,3 ,0.0,0.0,0.0,15 ,20062
R,Arts and Recreation Services,213011570,Derrimut,8 ,4 ,0.0,0.0,0.0,15 ,20062
R,Arts and Recreation Services,213021341,Altona,20 ,3 ,3.0,3.0,0.0,26 ,21477
R,Arts and Recreation Services,213021342,Altona Meadows,14 ,5 ,0.0,0.0,0.0,20 ,20035
R,Arts and Recreation Services,213021343,Altona North,20 ,9 ,7.0,3.0,0.0,37 ,22917
R,Arts and Recreation Services,213021344,Newport,37 ,11 ,6.0,0.0,0.0,56 ,22107
R,Arts and Recreation Services,213021345,Seabrook,3 ,0 ,0.0,0.0,0.0,3 ,20036
R,Arts and Recreation Services,213021346,Williamstown,24 ,11 ,6.0,0.0,0.0,42 ,21934
R,Arts and Recreation Services,213031347,Braybrook,22 ,4 ,3.0,0.0,0.0,30 ,20935
R,Arts and Recreation Services,213031348,Footscray,42 ,10 ,5.0,0.0,0.0,60 ,20929
R,Arts and Recreation Services,213031349,Maribyrnong,19 ,5 ,3.0,0.0,0.0,25 ,20075
R,Arts and Recreation Services,213031350,Seddon - Kingsville,29 ,4 ,0.0,0.0,0.0,35 ,20935
R,Arts and Recreation Services,213031351,West Footscray - Tottenham,20 ,0 ,3.0,0.0,0.0,24 ,20935
R,Arts and Recreation Services,213031352,Yarraville,42 ,8 ,3.0,3.0,0.0,54 ,20935
R,Arts and Recreation Services,213041353,Bacchus Marsh,11 ,5 ,4.0,3.0,0.0,22 ,20095
R,Arts and Recreation Services,213041358,Melton West,5 ,0 ,0.0,0.0,0.0,5 ,22537
R,Arts and Recreation Services,213041359,Rockbank - Mount Cottrell,18 ,6 ,4.0,3.0,0.0,30 ,20899
R,Arts and Recreation Services,213041360,Taylors Hill,11 ,3 ,0.0,0.0,0.0,14 ,20950
R,Arts and Recreation Services,213041461,Burnside,6 ,0 ,0.0,0.0,0.0,7 ,20729
R,Arts and Recreation Services,213041462,Burnside Heights,3 ,0 ,0.0,0.0,0.0,5 ,20420
R,Arts and Recreation Services,213041463,Caroline Springs,10 ,6 ,3.0,0.0,0.0,20 ,20950
R,Arts and Recreation Services,213041571,Brookfield,3 ,3 ,0.0,0.0,0.0,4 ,21202
R,Arts and Recreation Services,213041572,Cobblebank - Strathtulloh,0 ,4 ,0.0,0.0,0.0,5 ,21642
R,Arts and Recreation Services,213041573,Eynesbury - Exford,0 ,0 ,3.0,0.0,0.0,0 ,20899
R,Arts and Recreation Services,213041574,Fraser Rise - Plumpton,7 ,3 ,3.0,0.0,0.0,11 ,20754
R,Arts and Recreation Services,213041575,Hillside,7 ,3 ,0.0,0.0,0.0,9 ,20950
R,Arts and Recreation Services,213041576,Kurunjang - Toolern Vale,8 ,0 ,0.0,0.0,0.0,10 ,20605
R,Arts and Recreation Services,213041577,Melton,7 ,3 ,3.0,0.0,0.0,13 ,21140
R,Arts and Recreation Services,213041578,Melton South - Weir Views,5 ,0 ,0.0,0.0,0.0,7 ,20351
R,Arts and Recreation Services,213051361,Hoppers Crossing - North,13 ,8 ,4.0,0.0,0.0,25 ,22582
R,Arts and Recreation Services,213051362,Hoppers Crossing - South,9 ,0 ,3.0,0.0,0.0,13 ,22451
R,Arts and Recreation Services,213051363,Laverton,6 ,3 ,3.0,0.0,0.0,10 ,22397
R,Arts and Recreation Services,213051368,Werribee - South,10 ,5 ,3.0,0.0,0.0,19 ,20601
R,Arts and Recreation Services,213051464,Point Cook - East,12 ,3 ,0.0,0.0,0.0,16 ,20036
R,Arts and Recreation Services,213051466,Point Cook - South,14 ,6 ,0.0,0.0,0.0,21 ,22086
R,Arts and Recreation Services,213051467,Werribee - East,10 ,0 ,3.0,0.0,0.0,14 ,22451
R,Arts and Recreation Services,213051468,Werribee - West,9 ,3 ,0.0,0.0,0.0,11 ,20115
R,Arts and Recreation Services,213051579,Manor Lakes - Quandong,5 ,0 ,0.0,0.0,0.0,5 ,20115
R,Arts and Recreation Services,213051580,Point Cook - North East,9 ,8 ,3.0,3.0,0.0,21 ,20036
R,Arts and Recreation Services,213051581,Point Cook - North West,4 ,3 ,0.0,0.0,0.0,7 ,22086
R,Arts and Recreation Services,213051582,Tarneit (West) - Mount Cottrell,6 ,3 ,0.0,0.0,0.0,8 ,20899
R,Arts and Recreation Services,213051583,Tarneit - Central,16 ,4 ,3.0,0.0,0.0,22 ,22582
R,Arts and Recreation Services,213051584,Tarneit - North,5 ,0 ,0.0,0.0,0.0,5 ,22582
R,Arts and Recreation Services,213051585,Tarneit - South,7 ,3 ,3.0,0.0,0.0,9 ,22451
R,Arts and Recreation Services,213051586,Truganina - North,5 ,3 ,0.0,0.0,0.0,8 ,20743
R,Arts and Recreation Services,213051587,Truganina - South East,7 ,0 ,0.0,0.0,0.0,7 ,21477
R,Arts and Recreation Services,213051588,Truganina - South West,9 ,3 ,0.0,0.0,0.0,10 ,22582
R,Arts and Recreation Services,213051589,Wyndham Vale - North,5 ,3 ,0.0,0.0,0.0,6 ,20116
R,Arts and Recreation Services,213051590,Wyndham Vale - South,3 ,0 ,0.0,0.0,0.0,5 ,22750
R,Arts and Recreation Services,214011370,Carrum Downs,18 ,8 ,5.0,0.0,0.0,32 ,20131
R,Arts and Recreation Services,214011371,Frankston,24 ,10 ,4.0,0.0,0.0,40 ,22249
R,Arts and Recreation Services,214011372,Frankston North,12 ,4 ,3.0,0.0,0.0,17 ,20508
R,Arts and Recreation Services,214011373,Frankston South,14 ,5 ,3.0,0.0,0.0,22 ,21468
R,Arts and Recreation Services,214011374,Langwarrin,20 ,11 ,3.0,0.0,0.0,33 ,20508
R,Arts and Recreation Services,214011375,Seaford (Vic.),15 ,11 ,5.0,0.0,0.0,32 ,20507
R,Arts and Recreation Services,214011376,Skye - Sandhurst,16 ,3 ,3.0,0.0,0.0,22 ,20508
R,Arts and Recreation Services,214021377,Dromana,14 ,3 ,5.0,0.0,0.0,23 ,20072
R,Arts and Recreation Services,214021378,Flinders,23 ,5 ,3.0,0.0,0.0,32 ,20072
R,Arts and Recreation Services,214021379,Hastings - Somers,29 ,9 ,3.0,0.0,0.0,41 ,21664
R,Arts and Recreation Services,214021381,Mount Eliza,25 ,12 ,0.0,0.0,0.0,38 ,20949
R,Arts and Recreation Services,214021382,Mount Martha,31 ,8 ,3.0,3.0,0.0,44 ,21803
R,Arts and Recreation Services,214021383,Point Nepean,29 ,9 ,3.0,3.0,0.0,42 ,20280
R,Arts and Recreation Services,214021384,Rosebud - McCrae,21 ,8 ,3.0,0.0,0.0,32 ,20072
R,Arts and Recreation Services,214021385,Somerville,18 ,10 ,7.0,0.0,0.0,35 ,22050
R,Arts and Recreation Services,214021591,Mornington - East,33 ,12 ,11.0,3.0,0.0,59 ,21793
R,Arts and Recreation Services,214021592,Mornington - West,20 ,4 ,6.0,0.0,0.0,30 ,21793
R,Arts and Recreation Services,215011386,Ararat,4 ,0 ,0.0,0.0,0.0,5 ,20811
R,Arts and Recreation Services,215011387,Ararat Surrounds,5 ,0 ,0.0,0.0,0.0,7 ,20680
R,Arts and Recreation Services,215011388,Horsham,5 ,3 ,3.0,0.0,0.0,10 ,20403
R,Arts and Recreation Services,215011389,Horsham Surrounds,3 ,0 ,0.0,0.0,0.0,6 ,20403
R,Arts and Recreation Services,215011390,Nhill Region,3 ,4 ,0.0,0.0,0.0,6 ,20756
R,Arts and Recreation Services,215011391,St Arnaud,0 ,4 ,0.0,0.0,0.0,5 ,20142
R,Arts and Recreation Services,215011392,Stawell,9 ,7 ,4.0,0.0,0.0,21 ,20680
R,Arts and Recreation Services,215011393,West Wimmera,3 ,0 ,0.0,0.0,0.0,3 ,20119
R,Arts and Recreation Services,215011394,Yarriambiack,0 ,0 ,0.0,0.0,0.0,3 ,20756
R,Arts and Recreation Services,215021395,Irymple,0 ,4 ,0.0,0.0,0.0,6 ,20488
R,Arts and Recreation Services,215021396,Merbein,3 ,0 ,0.0,0.0,0.0,3 ,21388
R,Arts and Recreation Services,215021398,Mildura Surrounds,0 ,0 ,0.0,0.0,0.0,3 ,20234
R,Arts and Recreation Services,215021399,Red Cliffs,3 ,0 ,0.0,3.0,0.0,4 ,20488
R,Arts and Recreation Services,215021469,Mildura - North,10 ,6 ,5.0,0.0,0.0,21 ,21682
R,Arts and Recreation Services,215021470,Mildura - South,5 ,7 ,3.0,0.0,0.0,15 ,21245
R,Arts and Recreation Services,215031400,Buloke,3 ,0 ,0.0,0.0,0.0,4 ,20155
R,Arts and Recreation Services,215031401,Gannawarra,0 ,3 ,0.0,0.0,0.0,3 ,20051
R,Arts and Recreation Services,215031402,Kerang,0 ,0 ,0.0,0.0,0.0,3 ,20477
R,Arts and Recreation Services,215031403,Robinvale,3 ,0 ,0.0,0.0,0.0,3 ,22744
R,Arts and Recreation Services,215031404,Swan Hill,5 ,0 ,4.0,0.0,0.0,10 ,21076
R,Arts and Recreation Services,215031405,Swan Hill Surrounds,5 ,0 ,0.0,0.0,0.0,6 ,20047
R,Arts and Recreation Services,216011406,Echuca,10 ,8 ,5.0,3.0,0.0,24 ,20125
R,Arts and Recreation Services,216011407,Kyabram,9 ,4 ,0.0,0.0,0.0,14 ,20838
R,Arts and Recreation Services,216011408,Lockington - Gunbower,0 ,0 ,0.0,0.0,0.0,3 ,20755
R,Arts and Recreation Services,216011409,Rochester,0 ,0 ,0.0,0.0,0.0,0 ,20281
R,Arts and Recreation Services,216011410,Rushworth,3 ,0 ,0.0,0.0,0.0,3 ,20093
R,Arts and Recreation Services,216021411,Cobram,3 ,3 ,0.0,0.0,0.0,6 ,20301
R,Arts and Recreation Services,216021412,Moira,0 ,0 ,0.0,0.0,0.0,3 ,20032
R,Arts and Recreation Services,216021413,Numurkah,7 ,0 ,0.0,0.0,0.0,9 ,20839
R,Arts and Recreation Services,216021414,Yarrawonga,6 ,0 ,0.0,0.0,0.0,8 ,20395
R,Arts and Recreation Services,216031415,Mooroopna,4 ,0 ,0.0,0.0,0.0,6 ,20063
R,Arts and Recreation Services,216031416,Shepparton - North,15 ,8 ,0.0,3.0,0.0,24 ,20393
R,Arts and Recreation Services,216031418,Shepparton Surrounds - East,5 ,3 ,0.0,0.0,0.0,7 ,20056
R,Arts and Recreation Services,216031419,Shepparton Surrounds - West,11 ,3 ,0.0,0.0,0.0,15 ,20056
R,Arts and Recreation Services,216031593,Kialla,6 ,3 ,0.0,0.0,0.0,10 ,20056
R,Arts and Recreation Services,216031594,Shepparton - South East,10 ,0 ,0.0,0.0,0.0,15 ,21340
R,Arts and Recreation Services,217011420,Glenelg (Vic.),6 ,3 ,0.0,0.0,0.0,9 ,20340
R,Arts and Recreation Services,217011421,Hamilton (Vic.),7 ,3 ,0.0,0.0,0.0,9 ,20322
R,Arts and Recreation Services,217011422,Portland,3 ,4 ,0.0,0.0,0.0,7 ,20274
R,Arts and Recreation Services,217011423,Southern Grampians,5 ,3 ,0.0,0.0,0.0,7 ,20199
R,Arts and Recreation Services,217031471,Camperdown,3 ,0 ,0.0,0.0,0.0,3 ,20285
R,Arts and Recreation Services,217031472,Colac,6 ,4 ,3.0,0.0,0.0,13 ,20149
R,Arts and Recreation Services,217031473,Colac Surrounds,8 ,3 ,0.0,0.0,0.0,10 ,20671
R,Arts and Recreation Services,217031474,Corangamite - North,3 ,0 ,0.0,0.0,0.0,4 ,20319
R,Arts and Recreation Services,217031475,Corangamite - South,3 ,3 ,0.0,0.0,0.0,6 ,20306
R,Arts and Recreation Services,217031476,Otway,5 ,3 ,3.0,0.0,0.0,10 ,20161
R,Arts and Recreation Services,217041477,Moyne - East,6 ,0 ,0.0,0.0,0.0,9 ,21916
R,Arts and Recreation Services,217041478,Moyne - West,12 ,5 ,0.0,0.0,0.0,19 ,20225
R,Arts and Recreation Services,217041479,Warrnambool - North,12 ,9 ,3.0,0.0,0.0,25 ,20028
R,Arts and Recreation Services,217041480,Warrnambool - South,18 ,11 ,3.0,0.0,0.0,33 ,20028
S,Other Services,201011001,Alfredton,39 ,16 ,7.0,0.0,0.0,62 ,20023
S,Other Services,201011002,Ballarat,39 ,50 ,17.0,3.0,0.0,107 ,20023
S,Other Services,201011005,Buninyong,11 ,8 ,0.0,0.0,0.0,21 ,20409
S,Other Services,201011006,Delacombe,39 ,28 ,13.0,3.0,0.0,82 ,20023
S,Other Services,201011007,Smythes Creek,7 ,0 ,3.0,0.0,0.0,9 ,20262
S,Other Services,201011008,Wendouree - Miners Rest,23 ,33 ,8.0,3.0,0.0,67 ,20023
S,Other Services,201011481,Ballarat East - Warrenheip,27 ,17 ,5.0,0.0,0.0,49 ,20104
S,Other Services,201011482,Ballarat North - Invermay,23 ,25 ,8.0,0.0,0.0,56 ,22745
S,Other Services,201011483,Canadian - Mount Clear,18 ,22 ,6.0,0.0,0.0,46 ,20111
S,Other Services,201011484,Sebastopol - Redan,22 ,18 ,3.0,0.0,0.0,42 ,20730
S,Other Services,201021009,Bacchus Marsh Surrounds,12 ,24 ,3.0,0.0,0.0,39 ,20076
S,Other Services,201021010,Creswick - Clunes,15 ,20 ,0.0,0.0,0.0,35 ,20262
S,Other Services,201021011,Daylesford,15 ,16 ,3.0,0.0,0.0,33 ,20256
S,Other Services,201021012,Gordon (Vic.),22 ,13 ,0.0,0.0,0.0,35 ,20409
S,Other Services,201031013,Avoca,6 ,9 ,0.0,0.0,0.0,15 ,20008
S,Other Services,201031014,Beaufort,11 ,4 ,0.0,0.0,0.0,15 ,20262
S,Other Services,201031015,Golden Plains - North,10 ,7 ,0.0,0.0,0.0,18 ,21123
S,Other Services,201031016,Maryborough (Vic.),14 ,16 ,0.0,0.0,0.0,32 ,20009
S,Other Services,201031017,Maryborough Surrounds,14 ,6 ,0.0,0.0,0.0,21 ,20459
S,Other Services,202011018,Bendigo,37 ,51 ,29.0,3.0,0.0,118 ,20208
S,Other Services,202011019,California Gully - Eaglehawk,23 ,15 ,6.0,0.0,0.0,45 ,20444
S,Other Services,202011020,East Bendigo - Kennington,22 ,25 ,9.0,0.0,0.0,57 ,20208
S,Other Services,202011021,Flora Hill - Spring Gully,17 ,7 ,3.0,0.0,0.0,27 ,20208
S,Other Services,202011022,Kangaroo Flat - Golden Square,41 ,36 ,17.0,3.0,0.0,96 ,20208
S,Other Services,202011023,Maiden Gully,12 ,8 ,0.0,0.0,0.0,20 ,20444
S,Other Services,202011024,Strathfieldsaye,13 ,12 ,3.0,0.0,0.0,29 ,20828
S,Other Services,202011025,White Hills - Ascot,37 ,18 ,6.0,3.0,0.0,62 ,20208
S,Other Services,202021026,Bendigo Surrounds - South,19 ,15 ,0.0,0.0,0.0,35 ,20835
S,Other Services,202021027,Castlemaine,26 ,17 ,6.0,0.0,0.0,49 ,20955
S,Other Services,202021028,Castlemaine Surrounds,20 ,18 ,5.0,0.0,0.0,43 ,20459
S,Other Services,202021029,Heathcote,8 ,9 ,4.0,0.0,0.0,21 ,20877
S,Other Services,202021030,Kyneton,48 ,24 ,7.0,3.0,0.0,80 ,20076
S,Other Services,202021031,Woodend,21 ,14 ,5.0,0.0,0.0,40 ,20076
S,Other Services,202031032,Bendigo Surrounds - North,22 ,6 ,3.0,3.0,0.0,32 ,20828
S,Other Services,202031033,Loddon,20 ,5 ,0.0,0.0,0.0,25 ,20177
S,Other Services,203011034,Bannockburn,18 ,11 ,0.0,0.0,0.0,31 ,20133
S,Other Services,203011035,Golden Plains - South,35 ,6 ,3.0,0.0,0.0,44 ,20217
S,Other Services,203011036,Winchelsea,17 ,13 ,3.0,0.0,0.0,32 ,20151
S,Other Services,203021037,Belmont,37 ,22 ,9.0,3.0,0.0,69 ,20201
S,Other Services,203021039,Geelong,62 ,79 ,29.0,3.0,0.0,172 ,20201
S,Other Services,203021040,Geelong West - Hamlyn Heights,65 ,39 ,16.0,0.0,0.0,120 ,20165
S,Other Services,203021042,Highton,39 ,18 ,0.0,3.0,0.0,60 ,20151
S,Other Services,203021043,Lara,33 ,35 ,6.0,3.0,0.0,76 ,20115
S,Other Services,203021044,Leopold,28 ,17 ,5.0,0.0,0.0,50 ,20621
S,Other Services,203021045,Newcomb - Moolap,38 ,28 ,11.0,0.0,0.0,79 ,20326
S,Other Services,203021046,Newtown (Vic.),20 ,27 ,12.0,3.0,0.0,62 ,20960
S,Other Services,203021047,North Geelong - Bell Park,44 ,48 ,21.0,0.0,0.0,113 ,20165
S,Other Services,203021485,Charlemont,13 ,9 ,3.0,0.0,0.0,24 ,21790
S,Other Services,203021486,Corio - Lovely Banks,28 ,17 ,10.0,0.0,0.0,56 ,20165
S,Other Services,203021487,Grovedale - Mount Duneed,36 ,36 ,12.0,0.0,0.0,85 ,20954
S,Other Services,203021488,Norlane,12 ,17 ,0.0,0.0,0.0,31 ,20191
S,Other Services,203031048,Clifton Springs,35 ,23 ,5.0,0.0,0.0,63 ,20697
S,Other Services,203031049,Lorne - Anglesea,11 ,4 ,3.0,0.0,0.0,16 ,20046
S,Other Services,203031051,Portarlington,12 ,7 ,3.0,0.0,0.0,21 ,20193
S,Other Services,203031052,Point Lonsdale - Queenscliff,7 ,5 ,3.0,0.0,0.0,13 ,22663
S,Other Services,203031053,Torquay,43 ,50 ,10.0,0.0,0.0,104 ,20046
S,Other Services,203031489,Barwon Heads - Armstrong Creek,31 ,14 ,3.0,0.0,0.0,48 ,21790
S,Other Services,203031490,Ocean Grove,37 ,26 ,9.0,0.0,0.0,72 ,20621
S,Other Services,204011054,Alexandra,15 ,7 ,3.0,0.0,0.0,25 ,20005
S,Other Services,204011055,Euroa,18 ,14 ,3.0,0.0,0.0,34 ,20283
S,Other Services,204011056,Kilmore - Broadford,57 ,36 ,6.0,0.0,0.0,100 ,21980
S,Other Services,204011057,Mansfield (Vic.),45 ,25 ,10.0,3.0,0.0,81 ,20283
S,Other Services,204011058,Nagambie,10 ,10 ,0.0,0.0,0.0,20 ,20652
S,Other Services,204011059,Seymour,14 ,20 ,4.0,0.0,0.0,38 ,20086
S,Other Services,204011060,Seymour Surrounds,12 ,7 ,0.0,0.0,0.0,19 ,22154
S,Other Services,204011061,Upper Yarra Valley,0 ,0 ,0.0,0.0,0.0,3 ,20452
S,Other Services,204011062,Yea,8 ,3 ,0.0,0.0,0.0,11 ,20005
S,Other Services,204021063,Benalla,33 ,29 ,4.0,0.0,0.0,66 ,20096
S,Other Services,204021064,Benalla Surrounds,21 ,3 ,3.0,0.0,0.0,25 ,20283
S,Other Services,204021065,Rutherglen,15 ,9 ,3.0,0.0,0.0,25 ,20296
S,Other Services,204021066,Wangaratta,55 ,50 ,15.0,0.0,0.0,120 ,21349
S,Other Services,204021067,Wangaratta Surrounds,37 ,11 ,3.0,0.0,0.0,51 ,20060
S,Other Services,204031068,Beechworth,15 ,8 ,3.0,0.0,0.0,25 ,20551
S,Other Services,204031069,Bright - Mount Beauty,22 ,18 ,3.0,0.0,0.0,41 ,21210
S,Other Services,204031070,Chiltern - Indigo Valley,4 ,8 ,0.0,0.0,0.0,13 ,20357
S,Other Services,204031071,Myrtleford,13 ,13 ,4.0,0.0,0.0,30 ,20312
S,Other Services,204031072,Towong,18 ,6 ,0.0,0.0,0.0,26 ,20883
S,Other Services,204031073,West Wodonga,20 ,17 ,5.0,0.0,0.0,43 ,21230
S,Other Services,204031075,Yackandandah,16 ,9 ,3.0,0.0,0.0,27 ,22351
S,Other Services,204031491,Baranduda - Leneva,29 ,11 ,3.0,3.0,0.0,44 ,21230
S,Other Services,204031492,Wodonga,63 ,53 ,21.0,0.0,0.0,138 ,21222
S,Other Services,205011076,Drouin,56 ,46 ,13.0,0.0,0.0,115 ,20081
S,Other Services,205011077,Mount Baw Baw Region,20 ,11 ,0.0,0.0,0.0,32 ,20452
S,Other Services,205011078,Trafalgar (Vic.),19 ,23 ,6.0,0.0,0.0,48 ,20391
S,Other Services,205011079,Warragul,60 ,65 ,24.0,3.0,0.0,150 ,20081
S,Other Services,205021080,Alps - East,0 ,0 ,0.0,0.0,0.0,0 ,20719
S,Other Services,205021081,Bairnsdale,59 ,41 ,19.0,0.0,0.0,119 ,20103
S,Other Services,205021082,Bruthen - Omeo,25 ,13 ,3.0,0.0,0.0,40 ,20265
S,Other Services,205021083,Lake King,0 ,0 ,0.0,0.0,0.0,0 ,20822
S,Other Services,205021084,Lakes Entrance,20 ,13 ,6.0,0.0,0.0,39 ,20290
S,Other Services,205021085,Orbost,16 ,6 ,4.0,0.0,0.0,26 ,20360
S,Other Services,205021086,Paynesville,9 ,12 ,0.0,0.0,0.0,21 ,20103
S,Other Services,205031087,Foster,19 ,12 ,3.0,0.0,0.0,33 ,20010
S,Other Services,205031088,French Island,0 ,0 ,0.0,0.0,0.0,3 ,20856
S,Other Services,205031089,Korumburra,41 ,25 ,3.0,0.0,0.0,69 ,20081
S,Other Services,205031090,Leongatha,33 ,26 ,7.0,0.0,0.0,66 ,20024
S,Other Services,205031091,Phillip Island,24 ,25 ,3.0,0.0,0.0,52 ,20475
S,Other Services,205031092,Wilsons Promontory,0 ,0 ,0.0,0.0,0.0,0 ,22800
S,Other Services,205031093,Wonthaggi - Inverloch,62 ,40 ,12.0,0.0,0.0,115 ,21235
S,Other Services,205041094,Churchill,24 ,13 ,0.0,0.0,0.0,38 ,20585
S,Other Services,205041095,Moe - Newborough,33 ,26 ,6.0,0.0,0.0,65 ,21716
S,Other Services,205041096,Morwell,33 ,35 ,12.0,3.0,0.0,82 ,22596
S,Other Services,205041098,Yallourn North - Glengarry,13 ,5 ,0.0,0.0,0.0,18 ,20286
S,Other Services,205041493,Traralgon - East,33 ,46 ,21.0,0.0,0.0,102 ,21027
S,Other Services,205041494,Traralgon - West,32 ,19 ,6.0,0.0,0.0,57 ,21027
S,Other Services,205051099,Alps - West,0 ,0 ,0.0,0.0,0.0,0 ,21210
S,Other Services,205051100,Longford - Loch Sport,9 ,3 ,3.0,0.0,0.0,14 ,20938
S,Other Services,205051101,Maffra,37 ,34 ,5.0,3.0,0.0,77 ,22542
S,Other Services,205051102,Rosedale,14 ,5 ,0.0,0.0,0.0,20 ,22543
S,Other Services,205051103,Sale,30 ,38 ,12.0,0.0,0.0,80 ,20586
S,Other Services,205051104,Yarram,16 ,5 ,0.0,0.0,0.0,23 ,20242
S,Other Services,206011106,Brunswick East,35 ,17 ,6.0,0.0,0.0,58 ,20361
S,Other Services,206011107,Brunswick West,32 ,14 ,3.0,0.0,0.0,49 ,20361
S,Other Services,206011109,Pascoe Vale South,25 ,8 ,3.0,0.0,0.0,36 ,20596
S,Other Services,206011495,Brunswick - North,38 ,29 ,3.0,0.0,0.0,70 ,20361
S,Other Services,206011496,Brunswick - South,22 ,32 ,7.0,0.0,0.0,61 ,20361
S,Other Services,206011497,Coburg - East,47 ,37 ,4.0,0.0,0.0,88 ,20361
S,Other Services,206011498,Coburg - West,29 ,17 ,3.0,0.0,0.0,47 ,20361
S,Other Services,206021110,Alphington - Fairfield,25 ,24 ,10.0,0.0,0.0,59 ,21971
S,Other Services,206021112,Thornbury,41 ,38 ,16.0,0.0,0.0,95 ,20362
S,Other Services,206021499,Northcote - East,24 ,22 ,6.0,0.0,0.0,52 ,21971
S,Other Services,206021500,Northcote - West,20 ,14 ,6.0,0.0,0.0,41 ,20362
S,Other Services,206031113,Ascot Vale,27 ,21 ,7.0,0.0,0.0,55 ,20075
S,Other Services,206031115,Flemington,16 ,10 ,3.0,0.0,0.0,28 ,20075
S,Other Services,206031116,Moonee Ponds,62 ,46 ,19.0,4.0,0.0,131 ,20075
S,Other Services,206031501,Essendon (West) - Aberfeldie,39 ,31 ,9.0,3.0,0.0,80 ,20885
S,Other Services,206031502,Essendon - East,30 ,30 ,15.0,0.0,0.0,75 ,20363
S,Other Services,206041117,Carlton,34 ,28 ,5.0,0.0,0.0,67 ,20496
S,Other Services,206041118,Docklands,44 ,32 ,7.0,0.0,0.0,85 ,21640
S,Other Services,206041119,East Melbourne,12 ,0 ,3.0,3.0,0.0,17 ,20495
S,Other Services,206041120,Flemington Racecourse,3 ,3 ,0.0,0.0,0.0,5 ,20075
S,Other Services,206041121,Kensington (Vic.),16 ,19 ,11.0,0.0,0.0,46 ,20929
S,Other Services,206041124,Parkville,8 ,3 ,3.0,0.0,0.0,11 ,20361
S,Other Services,206041125,South Yarra - West,7 ,11 ,6.0,0.0,0.0,25 ,21640
S,Other Services,206041127,West Melbourne - Industrial,0 ,5 ,0.0,3.0,0.0,7 ,20935
S,Other Services,206041503,Melbourne CBD - East,81 ,89 ,44.0,0.0,0.0,216 ,20495
S,Other Services,206041504,Melbourne CBD - North,46 ,27 ,14.0,0.0,0.0,87 ,20495
S,Other Services,206041505,Melbourne CBD - West,165 ,133 ,43.0,13.0,3.0,355 ,21640
S,Other Services,206041506,North Melbourne,40 ,28 ,15.0,0.0,0.0,84 ,22038
S,Other Services,206041507,Royal Botanic Gardens Victoria,0 ,0 ,0.0,0.0,0.0,0 ,21640
S,Other Services,206041508,Southbank (West) - South Wharf,16 ,10 ,3.0,0.0,0.0,29 ,21640
S,Other Services,206041509,Southbank - East,36 ,17 ,3.0,3.0,0.0,57 ,21640
S,Other Services,206041510,West Melbourne - Residential,19 ,19 ,4.0,0.0,0.0,42 ,21640
S,Other Services,206051128,Albert Park,57 ,41 ,12.0,0.0,0.0,112 ,21640
S,Other Services,206051129,Elwood,43 ,17 ,12.0,0.0,0.0,72 ,22343
S,Other Services,206051130,Port Melbourne,54 ,34 ,10.0,0.0,0.0,99 ,22107
S,Other Services,206051134,St Kilda East,41 ,23 ,7.0,0.0,0.0,71 ,22118
S,Other Services,206051511,Port Melbourne Industrial,33 ,29 ,22.0,8.0,0.0,92 ,20766
S,Other Services,206051512,South Melbourne,52 ,60 ,23.0,4.0,0.0,139 ,21640
S,Other Services,206051513,St Kilda - Central,44 ,22 ,7.0,0.0,0.0,73 ,22805
S,Other Services,206051514,St Kilda - West,42 ,19 ,4.0,3.0,0.0,67 ,21640
S,Other Services,206061135,Armadale,34 ,33 ,16.0,0.0,0.0,84 ,22118
S,Other Services,206061136,Prahran - Windsor,79 ,65 ,20.0,5.0,0.0,169 ,21640
S,Other Services,206061138,Toorak,39 ,24 ,12.0,3.0,0.0,76 ,22118
S,Other Services,206061515,South Yarra - North,39 ,32 ,8.0,0.0,0.0,82 ,21640
S,Other Services,206061516,South Yarra - South,41 ,26 ,10.0,3.0,0.0,78 ,22118
S,Other Services,206071139,Abbotsford,36 ,11 ,11.0,4.0,0.0,62 ,20901
S,Other Services,206071140,Carlton North - Princes Hill,22 ,8 ,3.0,0.0,0.0,32 ,20361
S,Other Services,206071141,Collingwood,35 ,24 ,13.0,3.0,0.0,73 ,20925
S,Other Services,206071142,Fitzroy,35 ,29 ,13.0,0.0,0.0,79 ,20925
S,Other Services,206071143,Fitzroy North,18 ,19 ,3.0,0.0,0.0,39 ,20362
S,Other Services,206071145,Clifton Hill - Alphington,17 ,10 ,5.0,0.0,0.0,32 ,20925
S,Other Services,206071517,Richmond (South) - Cremorne,77 ,56 ,29.0,7.0,0.0,169 ,20830
S,Other Services,206071518,Richmond - North,34 ,32 ,17.0,0.0,0.0,83 ,20830
S,Other Services,207011146,Ashburton (Vic.),13 ,12 ,7.0,0.0,0.0,32 ,20077
S,Other Services,207011147,Balwyn,38 ,42 ,6.0,0.0,0.0,87 ,21336
S,Other Services,207011148,Balwyn North,47 ,21 ,10.0,0.0,0.0,78 ,21336
S,Other Services,207011149,Camberwell,43 ,37 ,14.0,0.0,0.0,94 ,21010
S,Other Services,207011150,Glen Iris - East,21 ,27 ,7.0,3.0,0.0,58 ,20077
S,Other Services,207011152,Hawthorn East,38 ,34 ,10.0,3.0,0.0,84 ,21586
S,Other Services,207011154,Kew East,10 ,9 ,5.0,0.0,0.0,24 ,20034
S,Other Services,207011155,Surrey Hills (West) - Canterbury,34 ,27 ,8.0,0.0,0.0,69 ,21336
S,Other Services,207011519,Hawthorn - North,20 ,24 ,8.0,0.0,0.0,52 ,22170
S,Other Services,207011520,Hawthorn - South,29 ,25 ,9.0,0.0,3.0,64 ,22547
S,Other Services,207011521,Kew - South,20 ,20 ,7.0,0.0,0.0,48 ,21152
S,Other Services,207011522,Kew - West,23 ,15 ,3.0,0.0,0.0,40 ,20034
S,Other Services,207021156,Bulleen,31 ,24 ,3.0,0.0,0.0,58 ,20124
S,Other Services,207021157,Doncaster,57 ,39 ,9.0,3.0,0.0,108 ,20124
S,Other Services,207021159,Templestowe,38 ,29 ,9.0,0.0,0.0,76 ,20771
S,Other Services,207021160,Templestowe Lower,32 ,16 ,3.0,0.0,0.0,50 ,20386
S,Other Services,207021424,Doncaster East - North,35 ,29 ,3.0,3.0,0.0,67 ,20771
S,Other Services,207021425,Doncaster East - South,58 ,39 ,8.0,0.0,0.0,105 ,20771
S,Other Services,207031161,Blackburn,60 ,41 ,13.0,4.0,0.0,118 ,20315
S,Other Services,207031162,Blackburn South,25 ,16 ,0.0,0.0,0.0,44 ,20426
S,Other Services,207031163,Box Hill,73 ,55 ,19.0,3.0,0.0,148 ,21732
S,Other Services,207031164,Box Hill North,34 ,31 ,6.0,0.0,0.0,71 ,20123
S,Other Services,207031165,Burwood (Vic.),34 ,23 ,9.0,0.0,0.0,66 ,21010
S,Other Services,207031166,Burwood East,34 ,20 ,4.0,0.0,0.0,58 ,20426
S,Other Services,207031167,Surrey Hills (East) - Mont Albert,19 ,7 ,3.0,3.0,0.0,31 ,21732
S,Other Services,208011168,Beaumaris,25 ,15 ,5.0,0.0,0.0,45 ,20182
S,Other Services,208011169,Brighton (Vic.),65 ,43 ,16.0,0.0,0.0,124 ,20337
S,Other Services,208011170,Brighton East,31 ,18 ,4.0,0.0,0.0,53 ,20337
S,Other Services,208011171,Highett (West) - Cheltenham,46 ,26 ,11.0,0.0,0.0,84 ,20182
S,Other Services,208011172,Hampton,43 ,50 ,9.0,0.0,0.0,103 ,20337
S,Other Services,208011173,Sandringham - Black Rock,33 ,21 ,10.0,3.0,0.0,65 ,20182
S,Other Services,208021174,Bentleigh - McKinnon,44 ,43 ,11.0,0.0,0.0,98 ,20338
S,Other Services,208021176,Carnegie,41 ,42 ,5.0,0.0,0.0,90 ,21587
S,Other Services,208021177,Caulfield - North,54 ,33 ,7.0,3.0,0.0,95 ,20105
S,Other Services,208021178,Caulfield - South,53 ,25 ,8.0,3.0,0.0,88 ,20864
S,Other Services,208021179,Elsternwick,32 ,21 ,8.0,0.0,0.0,61 ,20337
S,Other Services,208021180,Hughesdale,9 ,7 ,0.0,0.0,0.0,16 ,21587
S,Other Services,208021181,Murrumbeena,23 ,16 ,0.0,0.0,0.0,40 ,21587
S,Other Services,208021182,Ormond - Glen Huntly,43 ,28 ,5.0,0.0,0.0,77 ,20338
S,Other Services,208021426,Bentleigh East - North,52 ,31 ,13.0,0.0,0.0,97 ,20214
S,Other Services,208021427,Bentleigh East - South,30 ,14 ,5.0,0.0,0.0,49 ,20214
S,Other Services,208031183,Aspendale Gardens - Waterways,14 ,14 ,0.0,0.0,0.0,29 ,20079
S,Other Services,208031184,Braeside,16 ,34 ,12.0,3.0,0.0,64 ,20079
S,Other Services,208031185,Carrum - Patterson Lakes,24 ,24 ,7.0,0.0,0.0,55 ,20131
S,Other Services,208031186,Chelsea - Bonbeach,35 ,22 ,0.0,0.0,0.0,59 ,20538
S,Other Services,208031187,Chelsea Heights,16 ,9 ,0.0,0.0,0.0,27 ,20080
S,Other Services,208031188,Highett (East) - Cheltenham,79 ,74 ,25.0,0.0,0.0,178 ,20539
S,Other Services,208031189,Edithvale - Aspendale,24 ,18 ,3.0,0.0,0.0,46 ,20079
S,Other Services,208031190,Mentone,45 ,33 ,8.0,0.0,0.0,86 ,20182
S,Other Services,208031191,Moorabbin - Heatherton,73 ,94 ,29.0,3.0,0.0,199 ,20539
S,Other Services,208031192,Moorabbin Airport,0 ,0 ,0.0,0.0,0.0,3 ,20539
S,Other Services,208031193,Mordialloc - Parkdale,48 ,42 ,17.0,0.0,0.0,107 ,21648
S,Other Services,208041194,Malvern - Glen Iris,52 ,48 ,14.0,0.0,0.0,115 ,20066
S,Other Services,208041195,Malvern East,54 ,34 ,14.0,0.0,0.0,103 ,20523
S,Other Services,209011196,Bundoora - East,26 ,22 ,7.0,3.0,0.0,56 ,20399
S,Other Services,209011197,Greensborough,37 ,44 ,12.0,0.0,0.0,94 ,21104
S,Other Services,209011198,Heidelberg - Rosanna,31 ,26 ,4.0,0.0,0.0,61 ,21246
S,Other Services,209011199,Heidelberg West,49 ,34 ,13.0,0.0,0.0,97 ,22121
S,Other Services,209011200,Ivanhoe,23 ,24 ,7.0,0.0,0.0,54 ,22508
S,Other Services,209011201,Ivanhoe East - Eaglemont,9 ,8 ,7.0,0.0,0.0,24 ,21246
S,Other Services,209011202,Montmorency - Briar Hill,31 ,31 ,11.0,3.0,0.0,74 ,22484
S,Other Services,209011203,Viewbank - Yallambie,23 ,16 ,6.0,0.0,0.0,45 ,20386
S,Other Services,209011204,Watsonia,18 ,20 ,3.0,0.0,0.0,39 ,20399
S,Other Services,209021205,Kingsbury,17 ,12 ,0.0,0.0,0.0,31 ,20399
S,Other Services,209021428,Preston - East,66 ,56 ,20.0,4.0,0.0,146 ,22121
S,Other Services,209021429,Preston - West,16 ,12 ,3.0,0.0,0.0,30 ,20596
S,Other Services,209021523,Reservoir - North East,37 ,10 ,0.0,0.0,0.0,48 ,20399
S,Other Services,209021524,Reservoir - North West,14 ,6 ,4.0,0.0,0.0,24 ,22161
S,Other Services,209021525,Reservoir - South East,28 ,18 ,3.0,0.0,0.0,47 ,22121
S,Other Services,209021526,Reservoir - South West,44 ,38 ,5.0,3.0,0.0,89 ,20597
S,Other Services,209031209,Eltham,60 ,49 ,10.0,3.0,0.0,122 ,22483
S,Other Services,209031210,Hurstbridge,8 ,13 ,0.0,0.0,0.0,21 ,20752
S,Other Services,209031211,Kinglake,13 ,7 ,0.0,0.0,0.0,21 ,20916
S,Other Services,209031212,Panton Hill - St Andrews,17 ,7 ,3.0,0.0,0.0,27 ,21358
S,Other Services,209031213,Plenty - Yarrambat,22 ,17 ,4.0,3.0,0.0,46 ,20399
S,Other Services,209031214,Research - North Warrandyte,12 ,9 ,3.0,0.0,0.0,24 ,20865
S,Other Services,209031215,Wattle Glen - Diamond Creek,35 ,32 ,3.0,0.0,0.0,70 ,20865
S,Other Services,209041216,Bundoora - North,13 ,16 ,3.0,0.0,0.0,32 ,20399
S,Other Services,209041217,Bundoora - West,15 ,9 ,0.0,0.0,0.0,24 ,20399
S,Other Services,209041220,Mill Park - North,42 ,37 ,9.0,0.0,0.0,88 ,21683
S,Other Services,209041221,Mill Park - South,25 ,8 ,0.0,0.0,0.0,33 ,20399
S,Other Services,209041223,Thomastown,92 ,117 ,26.0,3.0,0.0,237 ,20399
S,Other Services,209041224,Wallan,71 ,46 ,13.0,0.0,0.0,130 ,20345
S,Other Services,209041225,Whittlesea,55 ,27 ,8.0,0.0,0.0,90 ,20576
S,Other Services,209041431,Epping - East,21 ,13 ,3.0,0.0,0.0,36 ,22311
S,Other Services,209041432,Epping - South,46 ,46 ,11.0,0.0,0.0,105 ,21683
S,Other Services,209041433,Epping (Vic.) - West,63 ,23 ,7.0,0.0,0.0,93 ,20878
S,Other Services,209041435,South Morang - North,31 ,10 ,3.0,0.0,0.0,45 ,20779
S,Other Services,209041436,South Morang - South,30 ,22 ,3.0,0.0,0.0,56 ,22916
S,Other Services,209041437,Wollert,79 ,29 ,5.0,0.0,0.0,113 ,22311
S,Other Services,209041527,Doreen - North,35 ,24 ,4.0,0.0,0.0,63 ,20779
S,Other Services,209041528,Doreen - South,16 ,12 ,3.0,0.0,0.0,29 ,20779
S,Other Services,209041529,Lalor - East,27 ,13 ,3.0,0.0,0.0,42 ,22504
S,Other Services,209041530,Lalor - West,31 ,16 ,3.0,0.0,0.0,50 ,22504
S,Other Services,209041531,Mernda - North,31 ,14 ,0.0,0.0,0.0,46 ,20779
S,Other Services,209041532,Mernda - South,29 ,11 ,3.0,0.0,0.0,42 ,20779
S,Other Services,210011226,Airport West,41 ,45 ,19.0,0.0,0.0,105 ,20886
S,Other Services,210011227,Essendon Airport,0 ,6 ,0.0,0.0,0.0,6 ,22380
S,Other Services,210011228,Keilor,54 ,61 ,28.0,6.0,0.0,149 ,20015
S,Other Services,210011230,Niddrie - Essendon West,25 ,22 ,0.0,0.0,0.0,50 ,20885
S,Other Services,210011231,Strathmore,18 ,17 ,4.0,0.0,0.0,39 ,20885
S,Other Services,210011533,Avondale Heights,23 ,18 ,3.0,0.0,0.0,44 ,21604
S,Other Services,210011534,Keilor East,29 ,20 ,4.0,0.0,0.0,53 ,20888
S,Other Services,210021232,Gisborne,39 ,33 ,15.0,0.0,0.0,87 ,20076
S,Other Services,210021233,Macedon,4 ,3 ,0.0,0.0,0.0,8 ,20387
S,Other Services,210021234,Riddells Creek,19 ,9 ,0.0,0.0,0.0,29 ,21176
S,Other Services,210021235,Romsey,27 ,20 ,4.0,0.0,0.0,51 ,20172
S,Other Services,210031236,Coburg North,58 ,46 ,13.0,0.0,0.0,118 ,20596
S,Other Services,210031237,Fawkner,47 ,21 ,6.0,0.0,0.0,74 ,20597
S,Other Services,210031439,Gowanbrae,7 ,3 ,0.0,0.0,0.0,10 ,22381
S,Other Services,210031440,Hadfield,23 ,4 ,3.0,0.0,0.0,29 ,22041
S,Other Services,210031535,Glenroy - East,39 ,17 ,3.0,0.0,0.0,58 ,22041
S,Other Services,210031536,Glenroy - West,20 ,12 ,0.0,0.0,0.0,32 ,22381
S,Other Services,210031537,Oak Park,22 ,12 ,3.0,0.0,0.0,37 ,22042
S,Other Services,210031538,Pascoe Vale,41 ,18 ,0.0,0.0,0.0,60 ,22042
S,Other Services,210041240,Sunbury,28 ,23 ,4.0,3.0,0.0,56 ,20567
S,Other Services,210041539,Diggers Rest,13 ,4 ,0.0,0.0,0.0,17 ,20754
S,Other Services,210041540,Sunbury - South,46 ,44 ,20.0,0.0,0.0,110 ,21318
S,Other Services,210041541,Sunbury - West,26 ,12 ,6.0,0.0,0.0,44 ,20754
S,Other Services,210051242,Broadmeadows,41 ,14 ,5.0,0.0,0.0,61 ,20909
S,Other Services,210051243,Campbellfield - Coolaroo,118 ,112 ,33.0,3.0,0.0,266 ,22161
S,Other Services,210051245,Gladstone Park - Westmeadows,40 ,23 ,3.0,3.0,0.0,68 ,22586
S,Other Services,210051246,Greenvale - Bulla,62 ,34 ,4.0,0.0,0.0,100 ,21675
S,Other Services,210051247,Meadow Heights,47 ,6 ,0.0,0.0,0.0,53 ,20624
S,Other Services,210051248,Melbourne Airport,0 ,0 ,0.0,3.0,0.0,3 ,21319
S,Other Services,210051250,Tullamarine,28 ,28 ,11.0,3.0,0.0,68 ,22586
S,Other Services,210051441,Craigieburn - Central,18 ,8 ,0.0,0.0,0.0,27 ,20661
S,Other Services,210051442,Craigieburn - North,53 ,13 ,0.0,0.0,0.0,67 ,21675
S,Other Services,210051443,Craigieburn - South,94 ,33 ,4.0,0.0,0.0,131 ,20878
S,Other Services,210051445,Mickleham - Yuroke,76 ,39 ,5.0,0.0,0.0,120 ,20233
S,Other Services,210051542,Craigieburn - North West,36 ,7 ,0.0,0.0,0.0,43 ,21675
S,Other Services,210051543,Craigieburn - West,52 ,16 ,6.0,0.0,0.0,75 ,21675
S,Other Services,210051544,Roxburgh Park (South) - Somerton,37 ,27 ,9.0,0.0,0.0,73 ,20878
S,Other Services,210051545,Roxburgh Park - North,46 ,13 ,0.0,0.0,0.0,60 ,20661
S,Other Services,211011251,Bayswater,61 ,74 ,22.0,0.0,0.0,158 ,20173
S,Other Services,211011254,Knoxfield - Scoresby,55 ,52 ,16.0,3.0,0.0,126 ,21013
S,Other Services,211011255,Lysterfield,21 ,20 ,5.0,0.0,0.0,46 ,20917
S,Other Services,211011256,Rowville - Central,39 ,21 ,7.0,0.0,0.0,67 ,21374
S,Other Services,211011257,Rowville - North,39 ,21 ,10.0,3.0,0.0,71 ,20917
S,Other Services,211011258,Rowville - South,27 ,16 ,6.0,0.0,0.0,49 ,22207
S,Other Services,211011259,Wantirna,34 ,20 ,3.0,0.0,0.0,58 ,22628
S,Other Services,211011260,Wantirna South,38 ,30 ,8.0,0.0,0.0,76 ,21013
S,Other Services,211011446,Boronia,43 ,41 ,8.0,3.0,0.0,93 ,20173
S,Other Services,211011447,Ferntree Gully - North,34 ,26 ,6.0,0.0,0.0,67 ,20304
S,Other Services,211011448,Ferntree Gully (South) - Upper Ferntree Gully,47 ,52 ,13.0,0.0,0.0,113 ,20917
S,Other Services,211011449,The Basin,9 ,13 ,0.0,0.0,0.0,23 ,20304
S,Other Services,211021261,Donvale - Park Orchards,31 ,19 ,4.0,0.0,0.0,54 ,20772
S,Other Services,211021262,Warrandyte - Wonga Park,32 ,25 ,4.0,0.0,0.0,62 ,20772
S,Other Services,211031263,Bayswater North,43 ,44 ,12.0,0.0,0.0,101 ,20173
S,Other Services,211031265,Croydon Hills - Warranwood,45 ,23 ,5.0,0.0,0.0,73 ,20556
S,Other Services,211031266,Ringwood,59 ,74 ,34.0,0.0,0.0,168 ,20774
S,Other Services,211031267,Ringwood East,55 ,37 ,7.0,3.0,0.0,100 ,20173
S,Other Services,211031268,Ringwood North,25 ,9 ,4.0,0.0,0.0,38 ,20774
S,Other Services,211031450,Croydon - East,33 ,41 ,9.0,0.0,0.0,83 ,21354
S,Other Services,211031451,Croydon - West,26 ,10 ,0.0,0.0,0.0,36 ,20556
S,Other Services,211031452,Croydon South,10 ,15 ,7.0,0.0,0.0,32 ,20174
S,Other Services,211041269,Forest Hill,28 ,18 ,3.0,0.0,0.0,49 ,20252
S,Other Services,211041270,Mitcham (Vic.),34 ,39 ,9.0,0.0,0.0,83 ,20774
S,Other Services,211041271,Nunawading,43 ,30 ,12.0,0.0,0.0,85 ,20774
S,Other Services,211041272,Vermont,27 ,29 ,10.0,0.0,0.0,66 ,20937
S,Other Services,211041273,Vermont South,25 ,16 ,0.0,0.0,0.0,42 ,20937
S,Other Services,211051274,Belgrave - Selby,29 ,22 ,4.0,0.0,0.0,55 ,21558
S,Other Services,211051275,Chirnside Park,21 ,17 ,5.0,0.0,0.0,43 ,20556
S,Other Services,211051276,Healesville - Yarra Glen,36 ,23 ,7.0,3.0,0.0,68 ,20916
S,Other Services,211051277,Kilsyth,28 ,17 ,7.0,3.0,0.0,53 ,20174
S,Other Services,211051278,Lilydale - Coldstream,72 ,53 ,15.0,0.0,0.0,141 ,20556
S,Other Services,211051279,Monbulk - Silvan,23 ,17 ,5.0,0.0,0.0,45 ,20868
S,Other Services,211051280,Montrose,11 ,12 ,0.0,0.0,0.0,24 ,21354
S,Other Services,211051281,Mooroolbark,60 ,35 ,7.0,3.0,0.0,103 ,20556
S,Other Services,211051282,Mount Dandenong - Olinda,13 ,20 ,3.0,0.0,0.0,35 ,20304
S,Other Services,211051283,Mount Evelyn,36 ,18 ,4.0,0.0,0.0,59 ,21736
S,Other Services,211051284,Upwey - Tecoma,25 ,9 ,3.0,0.0,0.0,37 ,21558
S,Other Services,211051285,Wandin - Seville,38 ,21 ,5.0,0.0,0.0,64 ,20613
S,Other Services,211051286,Yarra Valley,55 ,37 ,4.0,0.0,0.0,96 ,20833
S,Other Services,212011289,Emerald - Cockatoo,58 ,34 ,4.0,0.0,0.0,96 ,20979
S,Other Services,212011546,Beaconsfield - Officer,53 ,46 ,8.0,0.0,0.0,108 ,20176
S,Other Services,212011547,Bunyip - Garfield,39 ,34 ,7.0,0.0,0.0,81 ,20411
S,Other Services,212011548,Koo Wee Rup,38 ,19 ,8.0,0.0,0.0,65 ,20081
S,Other Services,212011549,Pakenham - North East,42 ,17 ,4.0,0.0,0.0,63 ,21879
S,Other Services,212011550,Pakenham - North West,34 ,13 ,6.0,0.0,0.0,53 ,20176
S,Other Services,212011551,Pakenham - South East,31 ,30 ,14.0,0.0,0.0,75 ,21879
S,Other Services,212011552,Pakenham - South West,79 ,45 ,20.0,3.0,0.0,146 ,22006
S,Other Services,212021293,Berwick - North,65 ,50 ,14.0,0.0,0.0,129 ,21895
S,Other Services,212021295,Doveton,26 ,17 ,4.0,0.0,0.0,47 ,20708
S,Other Services,212021297,Hallam,54 ,40 ,27.0,3.0,0.0,124 ,21895
S,Other Services,212021299,Narre Warren North,30 ,26 ,3.0,0.0,0.0,59 ,21558
S,Other Services,212021453,Endeavour Hills - North,25 ,9 ,5.0,0.0,0.0,39 ,22207
S,Other Services,212021454,Endeavour Hills - South,39 ,14 ,3.0,0.0,0.0,56 ,21895
S,Other Services,212021455,Narre Warren - North East,37 ,21 ,0.0,0.0,0.0,59 ,21895
S,Other Services,212021456,Narre Warren - South West,52 ,38 ,15.0,0.0,0.0,106 ,20224
S,Other Services,212021553,Berwick - South East,47 ,21 ,6.0,0.0,0.0,74 ,20175
S,Other Services,212021554,Berwick - South West,22 ,17 ,3.0,0.0,0.0,41 ,20224
S,Other Services,212031300,Cranbourne,72 ,60 ,15.0,0.0,0.0,147 ,20664
S,Other Services,212031303,Cranbourne South,53 ,33 ,6.0,0.0,0.0,92 ,20487
S,Other Services,212031304,Cranbourne West,71 ,40 ,11.0,0.0,0.0,123 ,20662
S,Other Services,212031306,Lynbrook - Lyndhurst,47 ,34 ,3.0,3.0,0.0,84 ,20709
S,Other Services,212031308,Pearcedale - Tooradin,20 ,11 ,6.0,0.0,0.0,37 ,21380
S,Other Services,212031457,Narre Warren South - East,33 ,18 ,3.0,0.0,0.0,54 ,20224
S,Other Services,212031458,Narre Warren South - West,40 ,17 ,3.0,0.0,0.0,59 ,21893
S,Other Services,212031555,Clyde North - North,34 ,14 ,0.0,0.0,0.0,49 ,22006
S,Other Services,212031556,Clyde North - South,81 ,26 ,8.0,0.0,0.0,115 ,20487
S,Other Services,212031557,Cranbourne East - North,56 ,37 ,0.0,0.0,0.0,95 ,20581
S,Other Services,212031558,Cranbourne East - South,35 ,16 ,0.0,0.0,0.0,51 ,20581
S,Other Services,212031559,Cranbourne North - East,27 ,12 ,3.0,0.0,0.0,42 ,20582
S,Other Services,212031560,Cranbourne North - West,31 ,21 ,0.0,0.0,0.0,53 ,21133
S,Other Services,212031561,Hampton Park - East,38 ,12 ,0.0,0.0,0.0,50 ,21893
S,Other Services,212031562,Hampton Park - West,43 ,17 ,4.0,0.0,0.0,64 ,20709
S,Other Services,212041309,Clarinda - Oakleigh South,31 ,17 ,8.0,0.0,0.0,56 ,21746
S,Other Services,212041310,Clayton South,65 ,56 ,10.0,0.0,0.0,131 ,20758
S,Other Services,212041312,Dandenong North,57 ,17 ,0.0,0.0,0.0,74 ,22207
S,Other Services,212041313,Dingley Village,33 ,14 ,3.0,0.0,0.0,50 ,20320
S,Other Services,212041316,Noble Park North,20 ,7 ,0.0,3.0,0.0,29 ,20708
S,Other Services,212041317,Springvale,73 ,102 ,19.0,0.0,0.0,195 ,21827
S,Other Services,212041318,Springvale South,24 ,17 ,0.0,0.0,0.0,43 ,21339
S,Other Services,212041459,Noble Park - East,31 ,13 ,0.0,0.0,0.0,44 ,21339
S,Other Services,212041460,Noble Park - West,37 ,33 ,3.0,0.0,0.0,72 ,21339
S,Other Services,212041563,Dandenong - North,88 ,54 ,16.0,3.0,0.0,159 ,20708
S,Other Services,212041564,Dandenong - South,124 ,145 ,60.0,8.0,0.0,337 ,20131
S,Other Services,212041565,Keysborough - North,53 ,39 ,14.0,0.0,0.0,107 ,21339
S,Other Services,212041566,Keysborough - South,36 ,28 ,10.0,3.0,0.0,76 ,20080
S,Other Services,212051319,Ashwood - Chadstone,47 ,38 ,14.0,0.0,0.0,101 ,20077
S,Other Services,212051321,Glen Waverley - East,44 ,21 ,7.0,0.0,0.0,72 ,20427
S,Other Services,212051322,Glen Waverley - West,48 ,48 ,15.0,0.0,0.0,112 ,20427
S,Other Services,212051323,Mount Waverley - North,38 ,20 ,4.0,0.0,0.0,63 ,20078
S,Other Services,212051324,Mount Waverley - South,48 ,47 ,11.0,0.0,0.0,106 ,21816
S,Other Services,212051325,Mulgrave,47 ,38 ,11.0,8.0,0.0,104 ,21013
S,Other Services,212051326,Oakleigh - Huntingdale,81 ,84 ,36.0,0.0,0.0,201 ,21587
S,Other Services,212051327,Wheelers Hill,40 ,26 ,5.0,0.0,3.0,73 ,21013
S,Other Services,212051567,Clayton (North) - Notting Hill,20 ,33 ,10.0,3.0,0.0,65 ,21816
S,Other Services,212051568,Clayton - Central,41 ,23 ,3.0,0.0,0.0,69 ,22002
S,Other Services,213011328,Ardeer - Albion,20 ,10 ,0.0,0.0,0.0,32 ,22396
S,Other Services,213011329,Cairnlea,19 ,19 ,7.0,0.0,0.0,45 ,20062
S,Other Services,213011331,Delahey,17 ,12 ,3.0,0.0,0.0,32 ,21315
S,Other Services,213011332,Keilor Downs,32 ,24 ,3.0,0.0,0.0,59 ,21316
S,Other Services,213011333,Kings Park (Vic.),22 ,10 ,3.0,0.0,0.0,33 ,20729
S,Other Services,213011334,St Albans - North,61 ,41 ,5.0,0.0,0.0,107 ,21312
S,Other Services,213011335,St Albans - South,41 ,31 ,5.0,0.0,0.0,78 ,21312
S,Other Services,213011336,Sunshine,32 ,29 ,11.0,0.0,0.0,72 ,20324
S,Other Services,213011337,Sunshine North,56 ,68 ,12.0,3.0,0.0,139 ,21316
S,Other Services,213011338,Sunshine West,48 ,37 ,14.0,3.0,0.0,101 ,20062
S,Other Services,213011339,Sydenham,39 ,12 ,4.0,0.0,0.0,55 ,22474
S,Other Services,213011340,Taylors Lakes,56 ,23 ,7.0,0.0,0.0,86 ,21314
S,Other Services,213011569,Deer Park,35 ,26 ,3.0,3.0,0.0,65 ,20062
S,Other Services,213011570,Derrimut,33 ,33 ,7.0,0.0,0.0,74 ,20062
S,Other Services,213021341,Altona,25 ,23 ,4.0,0.0,0.0,53 ,21477
S,Other Services,213021342,Altona Meadows,43 ,21 ,5.0,0.0,0.0,69 ,20035
S,Other Services,213021343,Altona North,46 ,30 ,16.0,3.0,0.0,94 ,22917
S,Other Services,213021344,Newport,36 ,27 ,8.0,0.0,0.0,71 ,22107
S,Other Services,213021345,Seabrook,13 ,3 ,3.0,0.0,0.0,18 ,20036
S,Other Services,213021346,Williamstown,51 ,47 ,20.0,3.0,0.0,119 ,21934
S,Other Services,213031347,Braybrook,56 ,59 ,10.0,3.0,0.0,126 ,20935
S,Other Services,213031348,Footscray,82 ,45 ,15.0,3.0,0.0,145 ,20929
S,Other Services,213031349,Maribyrnong,25 ,24 ,8.0,3.0,0.0,58 ,20075
S,Other Services,213031350,Seddon - Kingsville,22 ,11 ,5.0,0.0,0.0,38 ,20935
S,Other Services,213031351,West Footscray - Tottenham,27 ,17 ,7.0,3.0,0.0,53 ,20935
S,Other Services,213031352,Yarraville,31 ,24 ,11.0,0.0,0.0,67 ,20935
S,Other Services,213041353,Bacchus Marsh,58 ,69 ,18.0,3.0,0.0,146 ,20095
S,Other Services,213041358,Melton West,53 ,29 ,4.0,0.0,0.0,86 ,22537
S,Other Services,213041359,Rockbank - Mount Cottrell,93 ,66 ,20.0,4.0,0.0,183 ,20899
S,Other Services,213041360,Taylors Hill,39 ,24 ,0.0,0.0,0.0,65 ,20950
S,Other Services,213041461,Burnside,12 ,6 ,0.0,0.0,0.0,18 ,20729
S,Other Services,213041462,Burnside Heights,15 ,13 ,3.0,0.0,0.0,30 ,20420
S,Other Services,213041463,Caroline Springs,48 ,26 ,11.0,0.0,0.0,85 ,20950
S,Other Services,213041571,Brookfield,28 ,6 ,3.0,0.0,0.0,36 ,21202
S,Other Services,213041572,Cobblebank - Strathtulloh,29 ,11 ,3.0,0.0,0.0,43 ,21642
S,Other Services,213041573,Eynesbury - Exford,4 ,4 ,0.0,0.0,0.0,8 ,20899
S,Other Services,213041574,Fraser Rise - Plumpton,47 ,26 ,0.0,0.0,0.0,75 ,20754
S,Other Services,213041575,Hillside,53 ,19 ,3.0,0.0,0.0,75 ,20950
S,Other Services,213041576,Kurunjang - Toolern Vale,25 ,14 ,5.0,0.0,0.0,44 ,20605
S,Other Services,213041577,Melton,44 ,40 ,6.0,0.0,0.0,90 ,21140
S,Other Services,213041578,Melton South - Weir Views,35 ,14 ,0.0,3.0,0.0,52 ,20351
S,Other Services,213051361,Hoppers Crossing - North,72 ,50 ,19.0,3.0,0.0,143 ,22582
S,Other Services,213051362,Hoppers Crossing - South,45 ,16 ,4.0,0.0,0.0,65 ,22451
S,Other Services,213051363,Laverton,49 ,31 ,15.0,0.0,0.0,97 ,22397
S,Other Services,213051368,Werribee - South,46 ,50 ,16.0,0.0,0.0,112 ,20601
S,Other Services,213051464,Point Cook - East,47 ,18 ,8.0,0.0,0.0,74 ,20036
S,Other Services,213051466,Point Cook - South,43 ,16 ,3.0,0.0,0.0,62 ,22086
S,Other Services,213051467,Werribee - East,32 ,14 ,4.0,0.0,0.0,50 ,22451
S,Other Services,213051468,Werribee - West,49 ,25 ,6.0,0.0,0.0,80 ,20115
S,Other Services,213051579,Manor Lakes - Quandong,46 ,11 ,0.0,0.0,0.0,57 ,20115
S,Other Services,213051580,Point Cook - North East,45 ,24 ,6.0,0.0,0.0,76 ,20036
S,Other Services,213051581,Point Cook - North West,19 ,16 ,3.0,0.0,0.0,38 ,22086
S,Other Services,213051582,Tarneit (West) - Mount Cottrell,54 ,16 ,0.0,0.0,0.0,71 ,20899
S,Other Services,213051583,Tarneit - Central,100 ,32 ,4.0,0.0,0.0,136 ,22582
S,Other Services,213051584,Tarneit - North,37 ,13 ,0.0,3.0,0.0,52 ,22582
S,Other Services,213051585,Tarneit - South,34 ,12 ,0.0,0.0,0.0,47 ,22451
S,Other Services,213051586,Truganina - North,58 ,37 ,8.0,0.0,0.0,103 ,20743
S,Other Services,213051587,Truganina - South East,31 ,14 ,3.0,0.0,0.0,48 ,21477
S,Other Services,213051588,Truganina - South West,53 ,21 ,0.0,0.0,0.0,76 ,22582
S,Other Services,213051589,Wyndham Vale - North,15 ,7 ,0.0,0.0,0.0,22 ,20116
S,Other Services,213051590,Wyndham Vale - South,29 ,16 ,3.0,0.0,0.0,47 ,22750
S,Other Services,214011370,Carrum Downs,74 ,57 ,25.0,0.0,0.0,158 ,20131
S,Other Services,214011371,Frankston,66 ,58 ,13.0,4.0,0.0,141 ,22249
S,Other Services,214011372,Frankston North,31 ,18 ,6.0,0.0,0.0,55 ,20508
S,Other Services,214011373,Frankston South,51 ,19 ,5.0,0.0,0.0,75 ,21468
S,Other Services,214011374,Langwarrin,58 ,42 ,13.0,0.0,0.0,114 ,20508
S,Other Services,214011375,Seaford (Vic.),52 ,41 ,13.0,0.0,0.0,106 ,20507
S,Other Services,214011376,Skye - Sandhurst,36 ,22 ,4.0,0.0,0.0,62 ,20508
S,Other Services,214021377,Dromana,36 ,33 ,11.0,0.0,0.0,80 ,20072
S,Other Services,214021378,Flinders,8 ,10 ,0.0,0.0,0.0,20 ,20072
S,Other Services,214021379,Hastings - Somers,62 ,51 ,9.0,3.0,0.0,125 ,21664
S,Other Services,214021381,Mount Eliza,46 ,36 ,7.0,0.0,0.0,89 ,20949
S,Other Services,214021382,Mount Martha,40 ,24 ,5.0,3.0,0.0,70 ,21803
S,Other Services,214021383,Point Nepean,51 ,32 ,7.0,3.0,0.0,92 ,20280
S,Other Services,214021384,Rosebud - McCrae,41 ,32 ,9.0,0.0,0.0,82 ,20072
S,Other Services,214021385,Somerville,58 ,66 ,22.0,3.0,0.0,150 ,22050
S,Other Services,214021591,Mornington - East,46 ,46 ,19.0,0.0,0.0,113 ,21793
S,Other Services,214021592,Mornington - West,20 ,36 ,8.0,0.0,0.0,64 ,21793
S,Other Services,215011386,Ararat,16 ,18 ,4.0,0.0,0.0,39 ,20811
S,Other Services,215011387,Ararat Surrounds,8 ,0 ,3.0,0.0,0.0,10 ,20680
S,Other Services,215011388,Horsham,49 ,41 ,20.0,0.0,0.0,110 ,20403
S,Other Services,215011389,Horsham Surrounds,21 ,6 ,0.0,0.0,0.0,28 ,20403
S,Other Services,215011390,Nhill Region,22 ,13 ,0.0,0.0,0.0,36 ,20756
S,Other Services,215011391,St Arnaud,19 ,3 ,0.0,0.0,0.0,22 ,20142
S,Other Services,215011392,Stawell,13 ,13 ,3.0,0.0,0.0,29 ,20680
S,Other Services,215011393,West Wimmera,6 ,7 ,0.0,0.0,0.0,13 ,20119
S,Other Services,215011394,Yarriambiack,22 ,11 ,4.0,0.0,0.0,37 ,20756
S,Other Services,215021395,Irymple,29 ,20 ,0.0,0.0,0.0,50 ,20488
S,Other Services,215021396,Merbein,14 ,6 ,3.0,0.0,0.0,22 ,21388
S,Other Services,215021398,Mildura Surrounds,4 ,7 ,0.0,0.0,0.0,11 ,20234
S,Other Services,215021399,Red Cliffs,16 ,10 ,3.0,0.0,0.0,29 ,20488
S,Other Services,215021469,Mildura - North,62 ,57 ,30.0,3.0,0.0,152 ,21682
S,Other Services,215021470,Mildura - South,37 ,33 ,5.0,0.0,0.0,75 ,21245
S,Other Services,215031400,Buloke,26 ,13 ,0.0,0.0,0.0,41 ,20155
S,Other Services,215031401,Gannawarra,17 ,15 ,0.0,0.0,0.0,33 ,20051
S,Other Services,215031402,Kerang,15 ,11 ,0.0,0.0,0.0,26 ,20477
S,Other Services,215031403,Robinvale,9 ,6 ,0.0,0.0,0.0,16 ,22744
S,Other Services,215031404,Swan Hill,48 ,41 ,14.0,0.0,0.0,104 ,21076
S,Other Services,215031405,Swan Hill Surrounds,22 ,13 ,0.0,0.0,0.0,36 ,20047
S,Other Services,216011406,Echuca,59 ,64 ,11.0,3.0,0.0,136 ,20125
S,Other Services,216011407,Kyabram,21 ,36 ,4.0,0.0,0.0,62 ,20838
S,Other Services,216011408,Lockington - Gunbower,20 ,10 ,0.0,0.0,0.0,31 ,20755
S,Other Services,216011409,Rochester,10 ,3 ,3.0,0.0,0.0,14 ,20281
S,Other Services,216011410,Rushworth,10 ,7 ,0.0,0.0,0.0,17 ,20093
S,Other Services,216021411,Cobram,29 ,24 ,10.0,0.0,0.0,63 ,20301
S,Other Services,216021412,Moira,10 ,12 ,0.0,0.0,0.0,23 ,20032
S,Other Services,216021413,Numurkah,37 ,23 ,7.0,3.0,0.0,69 ,20839
S,Other Services,216021414,Yarrawonga,24 ,15 ,3.0,3.0,0.0,44 ,20395
S,Other Services,216031415,Mooroopna,18 ,19 ,3.0,0.0,3.0,39 ,20063
S,Other Services,216031416,Shepparton - North,59 ,70 ,22.0,0.0,0.0,152 ,20393
S,Other Services,216031418,Shepparton Surrounds - East,22 ,8 ,3.0,0.0,0.0,32 ,20056
S,Other Services,216031419,Shepparton Surrounds - West,34 ,28 ,5.0,0.0,0.0,67 ,20056
S,Other Services,216031593,Kialla,19 ,23 ,6.0,0.0,0.0,48 ,20056
S,Other Services,216031594,Shepparton - South East,50 ,46 ,13.0,0.0,0.0,109 ,21340
S,Other Services,217011420,Glenelg (Vic.),26 ,11 ,4.0,0.0,0.0,41 ,20340
S,Other Services,217011421,Hamilton (Vic.),34 ,19 ,9.0,0.0,0.0,63 ,20322
S,Other Services,217011422,Portland,26 ,17 ,13.0,3.0,0.0,59 ,20274
S,Other Services,217011423,Southern Grampians,6 ,7 ,0.0,0.0,0.0,14 ,20199
S,Other Services,217031471,Camperdown,16 ,7 ,3.0,0.0,0.0,25 ,20285
S,Other Services,217031472,Colac,25 ,28 ,14.0,0.0,0.0,68 ,20149
S,Other Services,217031473,Colac Surrounds,20 ,7 ,3.0,0.0,0.0,29 ,20671
S,Other Services,217031474,Corangamite - North,18 ,7 ,0.0,0.0,0.0,26 ,20319
S,Other Services,217031475,Corangamite - South,18 ,12 ,0.0,0.0,0.0,31 ,20306
S,Other Services,217031476,Otway,10 ,3 ,3.0,0.0,0.0,13 ,20161
S,Other Services,217041477,Moyne - East,12 ,10 ,5.0,0.0,0.0,27 ,21916
S,Other Services,217041478,Moyne - West,32 ,8 ,3.0,3.0,0.0,44 ,20225
S,Other Services,217041479,Warrnambool - North,48 ,27 ,8.0,0.0,0.0,83 ,20028
S,Other Services,217041480,Warrnambool - South,44 ,45 ,26.0,0.0,0.0,116 ,20028
X,Currently Unknown,201011001,Alfredton,0 ,0 ,0.0,0.0,0.0,0 ,20023
X,Currently Unknown,201011002,Ballarat,4 ,0 ,0.0,0.0,0.0,4 ,20023
X,Currently Unknown,201011005,Buninyong,3 ,0 ,0.0,0.0,0.0,3 ,20409
X,Currently Unknown,201011006,Delacombe,0 ,0 ,0.0,0.0,0.0,0 ,20023
X,Currently Unknown,201011007,Smythes Creek,0 ,0 ,0.0,0.0,0.0,0 ,20262
X,Currently Unknown,201011008,Wendouree - Miners Rest,0 ,0 ,0.0,0.0,0.0,0 ,20023
X,Currently Unknown,201011481,Ballarat East - Warrenheip,0 ,0 ,0.0,0.0,0.0,3 ,20104
X,Currently Unknown,201011482,Ballarat North - Invermay,0 ,0 ,0.0,0.0,0.0,0 ,22745
X,Currently Unknown,201011483,Canadian - Mount Clear,0 ,0 ,0.0,0.0,0.0,0 ,20111
X,Currently Unknown,201011484,Sebastopol - Redan,0 ,0 ,0.0,0.0,0.0,0 ,20730
X,Currently Unknown,201021009,Bacchus Marsh Surrounds,0 ,0 ,0.0,0.0,0.0,0 ,20076
X,Currently Unknown,201021010,Creswick - Clunes,0 ,0 ,0.0,0.0,0.0,0 ,20262
X,Currently Unknown,201021011,Daylesford,0 ,0 ,0.0,0.0,0.0,0 ,20256
X,Currently Unknown,201021012,Gordon (Vic.),0 ,0 ,0.0,0.0,0.0,0 ,20409
X,Currently Unknown,201031013,Avoca,0 ,0 ,0.0,0.0,0.0,0 ,20008
X,Currently Unknown,201031014,Beaufort,0 ,0 ,0.0,0.0,0.0,0 ,20262
X,Currently Unknown,201031015,Golden Plains - North,0 ,0 ,0.0,0.0,0.0,0 ,21123
X,Currently Unknown,201031016,Maryborough (Vic.),0 ,0 ,0.0,0.0,0.0,0 ,20009
X,Currently Unknown,201031017,Maryborough Surrounds,0 ,0 ,0.0,0.0,0.0,0 ,20459
X,Currently Unknown,202011018,Bendigo,4 ,0 ,0.0,0.0,0.0,4 ,20208
X,Currently Unknown,202011019,California Gully - Eaglehawk,0 ,0 ,0.0,0.0,0.0,0 ,20444
X,Currently Unknown,202011020,East Bendigo - Kennington,3 ,0 ,0.0,0.0,0.0,3 ,20208
X,Currently Unknown,202011021,Flora Hill - Spring Gully,0 ,0 ,0.0,0.0,0.0,0 ,20208
X,Currently Unknown,202011022,Kangaroo Flat - Golden Square,0 ,0 ,0.0,0.0,0.0,0 ,20208
X,Currently Unknown,202011023,Maiden Gully,3 ,0 ,0.0,0.0,0.0,0 ,20444
X,Currently Unknown,202011024,Strathfieldsaye,0 ,0 ,0.0,0.0,0.0,0 ,20828
X,Currently Unknown,202011025,White Hills - Ascot,3 ,0 ,0.0,0.0,0.0,3 ,20208
X,Currently Unknown,202021026,Bendigo Surrounds - South,0 ,0 ,0.0,0.0,0.0,0 ,20835
X,Currently Unknown,202021027,Castlemaine,3 ,0 ,0.0,0.0,0.0,0 ,20955
X,Currently Unknown,202021028,Castlemaine Surrounds,0 ,0 ,0.0,0.0,0.0,0 ,20459
X,Currently Unknown,202021029,Heathcote,0 ,0 ,0.0,0.0,0.0,0 ,20877
X,Currently Unknown,202021030,Kyneton,0 ,0 ,0.0,0.0,0.0,0 ,20076
X,Currently Unknown,202021031,Woodend,0 ,0 ,0.0,0.0,0.0,0 ,20076
X,Currently Unknown,202031032,Bendigo Surrounds - North,0 ,0 ,0.0,0.0,0.0,0 ,20828
X,Currently Unknown,202031033,Loddon,3 ,0 ,0.0,0.0,0.0,3 ,20177
X,Currently Unknown,203011034,Bannockburn,0 ,0 ,0.0,0.0,0.0,0 ,20133
X,Currently Unknown,203011035,Golden Plains - South,0 ,0 ,0.0,0.0,0.0,0 ,20217
X,Currently Unknown,203011036,Winchelsea,0 ,0 ,0.0,0.0,0.0,0 ,20151
X,Currently Unknown,203021037,Belmont,0 ,0 ,0.0,0.0,0.0,0 ,20201
X,Currently Unknown,203021039,Geelong,0 ,0 ,0.0,0.0,0.0,3 ,20201
X,Currently Unknown,203021040,Geelong West - Hamlyn Heights,0 ,0 ,0.0,0.0,0.0,0 ,20165
X,Currently Unknown,203021042,Highton,4 ,0 ,0.0,0.0,0.0,4 ,20151
X,Currently Unknown,203021043,Lara,3 ,0 ,0.0,0.0,0.0,3 ,20115
X,Currently Unknown,203021044,Leopold,0 ,0 ,0.0,0.0,0.0,0 ,20621
X,Currently Unknown,203021045,Newcomb - Moolap,3 ,0 ,0.0,0.0,0.0,0 ,20326
X,Currently Unknown,203021046,Newtown (Vic.),0 ,0 ,0.0,0.0,0.0,3 ,20960
X,Currently Unknown,203021047,North Geelong - Bell Park,0 ,0 ,0.0,0.0,0.0,3 ,20165
X,Currently Unknown,203021485,Charlemont,0 ,0 ,0.0,0.0,0.0,0 ,21790
X,Currently Unknown,203021486,Corio - Lovely Banks,3 ,0 ,0.0,0.0,0.0,0 ,20165
X,Currently Unknown,203021487,Grovedale - Mount Duneed,0 ,0 ,0.0,0.0,0.0,3 ,20954
X,Currently Unknown,203021488,Norlane,0 ,0 ,0.0,0.0,0.0,0 ,20191
X,Currently Unknown,203031048,Clifton Springs,0 ,0 ,0.0,0.0,0.0,0 ,20697
X,Currently Unknown,203031049,Lorne - Anglesea,0 ,0 ,0.0,0.0,0.0,0 ,20046
X,Currently Unknown,203031051,Portarlington,0 ,0 ,0.0,0.0,0.0,0 ,20193
X,Currently Unknown,203031052,Point Lonsdale - Queenscliff,0 ,0 ,0.0,0.0,0.0,0 ,22663
X,Currently Unknown,203031053,Torquay,0 ,0 ,0.0,0.0,0.0,0 ,20046
X,Currently Unknown,203031489,Barwon Heads - Armstrong Creek,3 ,0 ,0.0,0.0,0.0,3 ,21790
X,Currently Unknown,203031490,Ocean Grove,0 ,0 ,0.0,0.0,0.0,0 ,20621
X,Currently Unknown,204011054,Alexandra,0 ,0 ,0.0,0.0,0.0,0 ,20005
X,Currently Unknown,204011055,Euroa,0 ,0 ,0.0,0.0,0.0,0 ,20283
X,Currently Unknown,204011056,Kilmore - Broadford,0 ,0 ,0.0,0.0,0.0,0 ,21980
X,Currently Unknown,204011057,Mansfield (Vic.),0 ,0 ,0.0,0.0,0.0,0 ,20283
X,Currently Unknown,204011058,Nagambie,0 ,3 ,0.0,0.0,0.0,3 ,20652
X,Currently Unknown,204011059,Seymour,0 ,0 ,0.0,0.0,0.0,0 ,20086
X,Currently Unknown,204011060,Seymour Surrounds,0 ,0 ,0.0,0.0,0.0,0 ,22154
X,Currently Unknown,204011061,Upper Yarra Valley,0 ,0 ,0.0,0.0,0.0,0 ,20452
X,Currently Unknown,204011062,Yea,0 ,0 ,0.0,0.0,0.0,0 ,20005
X,Currently Unknown,204021063,Benalla,0 ,0 ,0.0,0.0,0.0,0 ,20096
X,Currently Unknown,204021064,Benalla Surrounds,3 ,0 ,0.0,0.0,0.0,0 ,20283
X,Currently Unknown,204021065,Rutherglen,0 ,0 ,0.0,0.0,0.0,0 ,20296
X,Currently Unknown,204021066,Wangaratta,0 ,0 ,0.0,0.0,0.0,0 ,21349
X,Currently Unknown,204021067,Wangaratta Surrounds,0 ,0 ,0.0,0.0,0.0,3 ,20060
X,Currently Unknown,204031068,Beechworth,0 ,0 ,0.0,0.0,0.0,0 ,20551
X,Currently Unknown,204031069,Bright - Mount Beauty,3 ,0 ,0.0,0.0,0.0,0 ,21210
X,Currently Unknown,204031070,Chiltern - Indigo Valley,0 ,0 ,0.0,0.0,0.0,0 ,20357
X,Currently Unknown,204031071,Myrtleford,0 ,0 ,0.0,0.0,0.0,0 ,20312
X,Currently Unknown,204031072,Towong,0 ,0 ,0.0,0.0,0.0,0 ,20883
X,Currently Unknown,204031073,West Wodonga,0 ,3 ,0.0,0.0,0.0,3 ,21230
X,Currently Unknown,204031075,Yackandandah,0 ,0 ,0.0,0.0,0.0,0 ,22351
X,Currently Unknown,204031491,Baranduda - Leneva,3 ,0 ,0.0,0.0,0.0,3 ,21230
X,Currently Unknown,204031492,Wodonga,0 ,0 ,0.0,0.0,0.0,0 ,21222
X,Currently Unknown,205011076,Drouin,0 ,0 ,0.0,0.0,0.0,3 ,20081
X,Currently Unknown,205011077,Mount Baw Baw Region,3 ,0 ,0.0,0.0,0.0,0 ,20452
X,Currently Unknown,205011078,Trafalgar (Vic.),0 ,0 ,0.0,0.0,0.0,0 ,20391
X,Currently Unknown,205011079,Warragul,3 ,0 ,0.0,0.0,0.0,3 ,20081
X,Currently Unknown,205021080,Alps - East,0 ,0 ,0.0,0.0,0.0,0 ,20719
X,Currently Unknown,205021081,Bairnsdale,0 ,0 ,0.0,0.0,0.0,0 ,20103
X,Currently Unknown,205021082,Bruthen - Omeo,0 ,0 ,0.0,0.0,0.0,0 ,20265
X,Currently Unknown,205021083,Lake King,0 ,0 ,0.0,0.0,0.0,0 ,20822
X,Currently Unknown,205021084,Lakes Entrance,0 ,0 ,0.0,0.0,0.0,0 ,20290
X,Currently Unknown,205021085,Orbost,0 ,0 ,0.0,0.0,0.0,3 ,20360
X,Currently Unknown,205021086,Paynesville,0 ,0 ,0.0,0.0,0.0,0 ,20103
X,Currently Unknown,205031087,Foster,0 ,0 ,0.0,0.0,0.0,0 ,20010
X,Currently Unknown,205031088,French Island,0 ,0 ,0.0,0.0,0.0,0 ,20856
X,Currently Unknown,205031089,Korumburra,0 ,0 ,0.0,0.0,0.0,0 ,20081
X,Currently Unknown,205031090,Leongatha,0 ,0 ,0.0,0.0,0.0,3 ,20024
X,Currently Unknown,205031091,Phillip Island,3 ,0 ,0.0,0.0,0.0,3 ,20475
X,Currently Unknown,205031092,Wilsons Promontory,0 ,0 ,0.0,0.0,0.0,0 ,22800
X,Currently Unknown,205031093,Wonthaggi - Inverloch,3 ,0 ,0.0,0.0,0.0,3 ,21235
X,Currently Unknown,205041094,Churchill,0 ,0 ,0.0,0.0,0.0,0 ,20585
X,Currently Unknown,205041095,Moe - Newborough,0 ,0 ,0.0,0.0,0.0,0 ,21716
X,Currently Unknown,205041096,Morwell,0 ,0 ,0.0,0.0,0.0,0 ,22596
X,Currently Unknown,205041098,Yallourn North - Glengarry,0 ,0 ,0.0,0.0,0.0,0 ,20286
X,Currently Unknown,205041493,Traralgon - East,0 ,0 ,0.0,0.0,0.0,0 ,21027
X,Currently Unknown,205041494,Traralgon - West,0 ,0 ,0.0,0.0,0.0,0 ,21027
X,Currently Unknown,205051099,Alps - West,0 ,0 ,0.0,0.0,0.0,0 ,21210
X,Currently Unknown,205051100,Longford - Loch Sport,0 ,0 ,0.0,0.0,0.0,0 ,20938
X,Currently Unknown,205051101,Maffra,3 ,0 ,0.0,0.0,0.0,3 ,22542
X,Currently Unknown,205051102,Rosedale,0 ,0 ,0.0,0.0,0.0,0 ,22543
X,Currently Unknown,205051103,Sale,0 ,0 ,0.0,0.0,0.0,0 ,20586
X,Currently Unknown,205051104,Yarram,0 ,0 ,0.0,0.0,0.0,0 ,20242
X,Currently Unknown,206011106,Brunswick East,0 ,0 ,0.0,0.0,0.0,0 ,20361
X,Currently Unknown,206011107,Brunswick West,0 ,0 ,0.0,0.0,0.0,0 ,20361
X,Currently Unknown,206011109,Pascoe Vale South,0 ,0 ,0.0,0.0,0.0,0 ,20596
X,Currently Unknown,206011495,Brunswick - North,0 ,0 ,0.0,0.0,0.0,0 ,20361
X,Currently Unknown,206011496,Brunswick - South,0 ,0 ,0.0,0.0,0.0,0 ,20361
X,Currently Unknown,206011497,Coburg - East,0 ,0 ,0.0,0.0,0.0,0 ,20361
X,Currently Unknown,206011498,Coburg - West,0 ,0 ,0.0,0.0,0.0,0 ,20361
X,Currently Unknown,206021110,Alphington - Fairfield,0 ,0 ,0.0,0.0,0.0,0 ,21971
X,Currently Unknown,206021112,Thornbury,0 ,0 ,0.0,0.0,0.0,3 ,20362
X,Currently Unknown,206021499,Northcote - East,3 ,0 ,0.0,0.0,0.0,3 ,21971
X,Currently Unknown,206021500,Northcote - West,3 ,0 ,0.0,0.0,0.0,3 ,20362
X,Currently Unknown,206031113,Ascot Vale,0 ,0 ,0.0,0.0,0.0,0 ,20075
X,Currently Unknown,206031115,Flemington,3 ,0 ,0.0,0.0,0.0,3 ,20075
X,Currently Unknown,206031116,Moonee Ponds,0 ,0 ,0.0,0.0,0.0,0 ,20075
X,Currently Unknown,206031501,Essendon (West) - Aberfeldie,0 ,0 ,0.0,0.0,0.0,0 ,20885
X,Currently Unknown,206031502,Essendon - East,3 ,0 ,0.0,0.0,0.0,3 ,20363
X,Currently Unknown,206041117,Carlton,0 ,0 ,0.0,0.0,0.0,3 ,20496
X,Currently Unknown,206041118,Docklands,0 ,0 ,0.0,0.0,0.0,0 ,21640
X,Currently Unknown,206041119,East Melbourne,0 ,0 ,0.0,0.0,0.0,3 ,20495
X,Currently Unknown,206041120,Flemington Racecourse,0 ,0 ,0.0,0.0,0.0,0 ,20075
X,Currently Unknown,206041121,Kensington (Vic.),0 ,0 ,0.0,0.0,0.0,0 ,20929
X,Currently Unknown,206041124,Parkville,0 ,0 ,0.0,0.0,0.0,0 ,20361
X,Currently Unknown,206041125,South Yarra - West,0 ,0 ,0.0,0.0,0.0,3 ,21640
X,Currently Unknown,206041127,West Melbourne - Industrial,0 ,0 ,0.0,0.0,0.0,0 ,20935
X,Currently Unknown,206041503,Melbourne CBD - East,12 ,0 ,0.0,0.0,3.0,14 ,20495
X,Currently Unknown,206041504,Melbourne CBD - North,3 ,0 ,0.0,3.0,0.0,4 ,20495
X,Currently Unknown,206041505,Melbourne CBD - West,21 ,0 ,0.0,0.0,0.0,23 ,21640
X,Currently Unknown,206041506,North Melbourne,0 ,0 ,0.0,0.0,0.0,0 ,22038
X,Currently Unknown,206041507,Royal Botanic Gardens Victoria,0 ,0 ,0.0,0.0,0.0,0 ,21640
X,Currently Unknown,206041508,Southbank (West) - South Wharf,3 ,0 ,0.0,0.0,0.0,3 ,21640
X,Currently Unknown,206041509,Southbank - East,0 ,0 ,0.0,0.0,0.0,0 ,21640
X,Currently Unknown,206041510,West Melbourne - Residential,0 ,0 ,0.0,0.0,0.0,0 ,21640
X,Currently Unknown,206051128,Albert Park,6 ,0 ,0.0,0.0,0.0,6 ,21640
X,Currently Unknown,206051129,Elwood,0 ,0 ,0.0,0.0,0.0,0 ,22343
X,Currently Unknown,206051130,Port Melbourne,3 ,0 ,0.0,0.0,0.0,3 ,22107
X,Currently Unknown,206051134,St Kilda East,4 ,0 ,0.0,0.0,0.0,4 ,22118
X,Currently Unknown,206051511,Port Melbourne Industrial,3 ,0 ,0.0,0.0,0.0,3 ,20766
X,Currently Unknown,206051512,South Melbourne,4 ,0 ,0.0,0.0,0.0,5 ,21640
X,Currently Unknown,206051513,St Kilda - Central,5 ,3 ,0.0,0.0,0.0,6 ,22805
X,Currently Unknown,206051514,St Kilda - West,3 ,0 ,0.0,0.0,0.0,0 ,21640
X,Currently Unknown,206061135,Armadale,0 ,0 ,0.0,0.0,0.0,0 ,22118
X,Currently Unknown,206061136,Prahran - Windsor,3 ,0 ,0.0,0.0,0.0,0 ,21640
X,Currently Unknown,206061138,Toorak,0 ,0 ,0.0,0.0,0.0,3 ,22118
X,Currently Unknown,206061515,South Yarra - North,3 ,0 ,0.0,0.0,0.0,3 ,21640
X,Currently Unknown,206061516,South Yarra - South,0 ,0 ,0.0,0.0,0.0,3 ,22118
X,Currently Unknown,206071139,Abbotsford,5 ,0 ,0.0,0.0,0.0,5 ,20901
X,Currently Unknown,206071140,Carlton North - Princes Hill,0 ,0 ,0.0,0.0,0.0,0 ,20361
X,Currently Unknown,206071141,Collingwood,0 ,0 ,0.0,0.0,0.0,3 ,20925
X,Currently Unknown,206071142,Fitzroy,0 ,0 ,0.0,0.0,0.0,0 ,20925
X,Currently Unknown,206071143,Fitzroy North,0 ,0 ,0.0,0.0,0.0,0 ,20362
X,Currently Unknown,206071145,Clifton Hill - Alphington,0 ,0 ,0.0,0.0,0.0,0 ,20925
X,Currently Unknown,206071517,Richmond (South) - Cremorne,4 ,0 ,0.0,0.0,0.0,4 ,20830
X,Currently Unknown,206071518,Richmond - North,3 ,0 ,0.0,0.0,0.0,3 ,20830
X,Currently Unknown,207011146,Ashburton (Vic.),3 ,0 ,0.0,0.0,0.0,3 ,20077
X,Currently Unknown,207011147,Balwyn,3 ,0 ,0.0,0.0,0.0,3 ,21336
X,Currently Unknown,207011148,Balwyn North,3 ,0 ,0.0,0.0,0.0,3 ,21336
X,Currently Unknown,207011149,Camberwell,0 ,0 ,0.0,0.0,0.0,3 ,21010
X,Currently Unknown,207011150,Glen Iris - East,3 ,0 ,0.0,0.0,0.0,3 ,20077
X,Currently Unknown,207011152,Hawthorn East,0 ,0 ,0.0,0.0,0.0,0 ,21586
X,Currently Unknown,207011154,Kew East,0 ,0 ,0.0,0.0,0.0,0 ,20034
X,Currently Unknown,207011155,Surrey Hills (West) - Canterbury,3 ,0 ,0.0,0.0,0.0,3 ,21336
X,Currently Unknown,207011519,Hawthorn - North,3 ,0 ,0.0,0.0,0.0,3 ,22170
X,Currently Unknown,207011520,Hawthorn - South,3 ,0 ,0.0,0.0,0.0,0 ,22547
X,Currently Unknown,207011521,Kew - South,0 ,0 ,0.0,0.0,0.0,3 ,21152
X,Currently Unknown,207011522,Kew - West,4 ,0 ,0.0,0.0,0.0,4 ,20034
X,Currently Unknown,207021156,Bulleen,3 ,0 ,0.0,0.0,0.0,0 ,20124
X,Currently Unknown,207021157,Doncaster,3 ,0 ,0.0,0.0,0.0,3 ,20124
X,Currently Unknown,207021159,Templestowe,3 ,0 ,0.0,0.0,0.0,3 ,20771
X,Currently Unknown,207021160,Templestowe Lower,0 ,0 ,0.0,0.0,0.0,0 ,20386
X,Currently Unknown,207021424,Doncaster East - North,0 ,0 ,0.0,0.0,0.0,0 ,20771
X,Currently Unknown,207021425,Doncaster East - South,0 ,0 ,0.0,0.0,0.0,0 ,20771
X,Currently Unknown,207031161,Blackburn,0 ,0 ,0.0,0.0,0.0,0 ,20315
X,Currently Unknown,207031162,Blackburn South,3 ,0 ,0.0,0.0,0.0,3 ,20426
X,Currently Unknown,207031163,Box Hill,0 ,0 ,0.0,0.0,0.0,0 ,21732
X,Currently Unknown,207031164,Box Hill North,0 ,3 ,0.0,0.0,0.0,3 ,20123
X,Currently Unknown,207031165,Burwood (Vic.),3 ,0 ,0.0,0.0,0.0,3 ,21010
X,Currently Unknown,207031166,Burwood East,0 ,0 ,0.0,0.0,0.0,0 ,20426
X,Currently Unknown,207031167,Surrey Hills (East) - Mont Albert,0 ,0 ,0.0,0.0,0.0,0 ,21732
X,Currently Unknown,208011168,Beaumaris,0 ,0 ,0.0,0.0,0.0,3 ,20182
X,Currently Unknown,208011169,Brighton (Vic.),3 ,0 ,0.0,0.0,0.0,4 ,20337
X,Currently Unknown,208011170,Brighton East,3 ,0 ,0.0,0.0,0.0,0 ,20337
X,Currently Unknown,208011171,Highett (West) - Cheltenham,5 ,0 ,0.0,0.0,0.0,5 ,20182
X,Currently Unknown,208011172,Hampton,0 ,0 ,0.0,0.0,0.0,0 ,20337
X,Currently Unknown,208011173,Sandringham - Black Rock,0 ,0 ,0.0,0.0,0.0,0 ,20182
X,Currently Unknown,208021174,Bentleigh - McKinnon,0 ,0 ,0.0,0.0,0.0,0 ,20338
X,Currently Unknown,208021176,Carnegie,3 ,0 ,0.0,0.0,0.0,3 ,21587
X,Currently Unknown,208021177,Caulfield - North,6 ,0 ,0.0,0.0,0.0,6 ,20105
X,Currently Unknown,208021178,Caulfield - South,4 ,0 ,0.0,0.0,0.0,4 ,20864
X,Currently Unknown,208021179,Elsternwick,0 ,0 ,0.0,0.0,0.0,0 ,20337
X,Currently Unknown,208021180,Hughesdale,0 ,0 ,0.0,0.0,0.0,0 ,21587
X,Currently Unknown,208021181,Murrumbeena,0 ,0 ,0.0,0.0,0.0,0 ,21587
X,Currently Unknown,208021182,Ormond - Glen Huntly,3 ,0 ,0.0,0.0,0.0,0 ,20338
X,Currently Unknown,208021426,Bentleigh East - North,3 ,0 ,0.0,0.0,0.0,0 ,20214
X,Currently Unknown,208021427,Bentleigh East - South,0 ,0 ,0.0,0.0,0.0,0 ,20214
X,Currently Unknown,208031183,Aspendale Gardens - Waterways,0 ,0 ,0.0,0.0,0.0,0 ,20079
X,Currently Unknown,208031184,Braeside,3 ,0 ,0.0,0.0,0.0,3 ,20079
X,Currently Unknown,208031185,Carrum - Patterson Lakes,0 ,0 ,0.0,0.0,0.0,0 ,20131
X,Currently Unknown,208031186,Chelsea - Bonbeach,0 ,0 ,0.0,0.0,0.0,0 ,20538
X,Currently Unknown,208031187,Chelsea Heights,0 ,0 ,0.0,0.0,0.0,0 ,20080
X,Currently Unknown,208031188,Highett (East) - Cheltenham,4 ,0 ,0.0,0.0,0.0,4 ,20539
X,Currently Unknown,208031189,Edithvale - Aspendale,0 ,0 ,0.0,0.0,0.0,0 ,20079
X,Currently Unknown,208031190,Mentone,0 ,0 ,0.0,0.0,0.0,0 ,20182
X,Currently Unknown,208031191,Moorabbin - Heatherton,0 ,0 ,0.0,0.0,0.0,3 ,20539
X,Currently Unknown,208031192,Moorabbin Airport,0 ,0 ,0.0,0.0,0.0,0 ,20539
X,Currently Unknown,208031193,Mordialloc - Parkdale,0 ,0 ,0.0,0.0,0.0,0 ,21648
X,Currently Unknown,208041194,Malvern - Glen Iris,4 ,0 ,0.0,0.0,0.0,4 ,20066
X,Currently Unknown,208041195,Malvern East,8 ,0 ,0.0,0.0,0.0,8 ,20523
X,Currently Unknown,209011196,Bundoora - East,0 ,0 ,0.0,0.0,0.0,0 ,20399
X,Currently Unknown,209011197,Greensborough,0 ,0 ,0.0,0.0,0.0,0 ,21104
X,Currently Unknown,209011198,Heidelberg - Rosanna,0 ,0 ,0.0,0.0,0.0,3 ,21246
X,Currently Unknown,209011199,Heidelberg West,3 ,0 ,0.0,0.0,0.0,3 ,22121
X,Currently Unknown,209011200,Ivanhoe,3 ,0 ,0.0,0.0,0.0,3 ,22508
X,Currently Unknown,209011201,Ivanhoe East - Eaglemont,0 ,0 ,0.0,0.0,0.0,0 ,21246
X,Currently Unknown,209011202,Montmorency - Briar Hill,0 ,0 ,0.0,0.0,0.0,0 ,22484
X,Currently Unknown,209011203,Viewbank - Yallambie,3 ,0 ,0.0,0.0,0.0,0 ,20386
X,Currently Unknown,209011204,Watsonia,0 ,0 ,0.0,0.0,0.0,0 ,20399
X,Currently Unknown,209021205,Kingsbury,0 ,0 ,0.0,0.0,0.0,0 ,20399
X,Currently Unknown,209021428,Preston - East,5 ,0 ,0.0,0.0,0.0,5 ,22121
X,Currently Unknown,209021429,Preston - West,0 ,0 ,0.0,0.0,0.0,0 ,20596
X,Currently Unknown,209021523,Reservoir - North East,0 ,0 ,0.0,0.0,0.0,0 ,20399
X,Currently Unknown,209021524,Reservoir - North West,0 ,0 ,0.0,0.0,0.0,0 ,22161
X,Currently Unknown,209021525,Reservoir - South East,0 ,0 ,0.0,0.0,0.0,0 ,22121
X,Currently Unknown,209021526,Reservoir - South West,0 ,0 ,0.0,0.0,0.0,0 ,20597
X,Currently Unknown,209031209,Eltham,3 ,0 ,0.0,0.0,0.0,3 ,22483
X,Currently Unknown,209031210,Hurstbridge,0 ,0 ,0.0,0.0,0.0,0 ,20752
X,Currently Unknown,209031211,Kinglake,0 ,0 ,0.0,0.0,0.0,0 ,20916
X,Currently Unknown,209031212,Panton Hill - St Andrews,3 ,0 ,0.0,0.0,0.0,3 ,21358
X,Currently Unknown,209031213,Plenty - Yarrambat,3 ,0 ,0.0,0.0,0.0,0 ,20399
X,Currently Unknown,209031214,Research - North Warrandyte,0 ,0 ,0.0,0.0,0.0,0 ,20865
X,Currently Unknown,209031215,Wattle Glen - Diamond Creek,3 ,0 ,0.0,0.0,0.0,0 ,20865
X,Currently Unknown,209041216,Bundoora - North,0 ,0 ,0.0,0.0,0.0,0 ,20399
X,Currently Unknown,209041217,Bundoora - West,0 ,0 ,0.0,0.0,0.0,0 ,20399
X,Currently Unknown,209041220,Mill Park - North,0 ,0 ,0.0,0.0,0.0,0 ,21683
X,Currently Unknown,209041221,Mill Park - South,0 ,0 ,0.0,0.0,0.0,0 ,20399
X,Currently Unknown,209041223,Thomastown,3 ,0 ,0.0,0.0,0.0,3 ,20399
X,Currently Unknown,209041224,Wallan,0 ,0 ,0.0,0.0,0.0,3 ,20345
X,Currently Unknown,209041225,Whittlesea,0 ,0 ,0.0,0.0,0.0,0 ,20576
X,Currently Unknown,209041431,Epping - East,0 ,0 ,0.0,0.0,0.0,0 ,22311
X,Currently Unknown,209041432,Epping - South,0 ,0 ,0.0,0.0,0.0,0 ,21683
X,Currently Unknown,209041433,Epping (Vic.) - West,0 ,0 ,0.0,0.0,0.0,0 ,20878
X,Currently Unknown,209041435,South Morang - North,0 ,0 ,0.0,0.0,0.0,0 ,20779
X,Currently Unknown,209041436,South Morang - South,0 ,0 ,0.0,0.0,0.0,0 ,22916
X,Currently Unknown,209041437,Wollert,0 ,0 ,0.0,0.0,0.0,0 ,22311
X,Currently Unknown,209041527,Doreen - North,0 ,0 ,0.0,0.0,0.0,0 ,20779
X,Currently Unknown,209041528,Doreen - South,0 ,0 ,0.0,0.0,0.0,0 ,20779
X,Currently Unknown,209041529,Lalor - East,0 ,0 ,0.0,0.0,0.0,0 ,22504
X,Currently Unknown,209041530,Lalor - West,3 ,0 ,0.0,0.0,0.0,3 ,22504
X,Currently Unknown,209041531,Mernda - North,0 ,0 ,0.0,0.0,0.0,0 ,20779
X,Currently Unknown,209041532,Mernda - South,0 ,0 ,0.0,0.0,0.0,0 ,20779
X,Currently Unknown,210011226,Airport West,3 ,0 ,0.0,0.0,0.0,0 ,20886
X,Currently Unknown,210011227,Essendon Airport,0 ,0 ,0.0,0.0,0.0,0 ,22380
X,Currently Unknown,210011228,Keilor,3 ,0 ,0.0,0.0,0.0,3 ,20015
X,Currently Unknown,210011230,Niddrie - Essendon West,0 ,0 ,0.0,0.0,0.0,0 ,20885
X,Currently Unknown,210011231,Strathmore,0 ,0 ,0.0,0.0,0.0,0 ,20885
X,Currently Unknown,210011533,Avondale Heights,0 ,0 ,0.0,0.0,0.0,0 ,21604
X,Currently Unknown,210011534,Keilor East,0 ,0 ,0.0,0.0,0.0,0 ,20888
X,Currently Unknown,210021232,Gisborne,0 ,0 ,0.0,0.0,0.0,0 ,20076
X,Currently Unknown,210021233,Macedon,0 ,0 ,0.0,0.0,0.0,0 ,20387
X,Currently Unknown,210021234,Riddells Creek,0 ,0 ,0.0,0.0,0.0,0 ,21176
X,Currently Unknown,210021235,Romsey,0 ,0 ,0.0,0.0,0.0,0 ,20172
X,Currently Unknown,210031236,Coburg North,0 ,0 ,0.0,0.0,0.0,0 ,20596
X,Currently Unknown,210031237,Fawkner,0 ,0 ,0.0,0.0,0.0,0 ,20597
X,Currently Unknown,210031439,Gowanbrae,0 ,0 ,0.0,0.0,0.0,0 ,22381
X,Currently Unknown,210031440,Hadfield,3 ,0 ,0.0,0.0,0.0,0 ,22041
X,Currently Unknown,210031535,Glenroy - East,0 ,0 ,0.0,0.0,0.0,0 ,22041
X,Currently Unknown,210031536,Glenroy - West,0 ,0 ,0.0,0.0,0.0,0 ,22381
X,Currently Unknown,210031537,Oak Park,0 ,0 ,0.0,0.0,0.0,0 ,22042
X,Currently Unknown,210031538,Pascoe Vale,0 ,3 ,0.0,0.0,0.0,0 ,22042
X,Currently Unknown,210041240,Sunbury,3 ,0 ,0.0,0.0,0.0,0 ,20567
X,Currently Unknown,210041539,Diggers Rest,0 ,0 ,0.0,0.0,0.0,0 ,20754
X,Currently Unknown,210041540,Sunbury - South,3 ,0 ,0.0,0.0,0.0,0 ,21318
X,Currently Unknown,210041541,Sunbury - West,0 ,0 ,0.0,0.0,0.0,0 ,20754
X,Currently Unknown,210051242,Broadmeadows,0 ,0 ,0.0,0.0,0.0,0 ,20909
X,Currently Unknown,210051243,Campbellfield - Coolaroo,3 ,0 ,0.0,0.0,0.0,4 ,22161
X,Currently Unknown,210051245,Gladstone Park - Westmeadows,0 ,0 ,0.0,0.0,0.0,0 ,22586
X,Currently Unknown,210051246,Greenvale - Bulla,3 ,0 ,0.0,0.0,0.0,3 ,21675
X,Currently Unknown,210051247,Meadow Heights,0 ,0 ,0.0,0.0,0.0,0 ,20624
X,Currently Unknown,210051248,Melbourne Airport,0 ,0 ,0.0,0.0,0.0,0 ,21319
X,Currently Unknown,210051250,Tullamarine,3 ,0 ,0.0,0.0,0.0,0 ,22586
X,Currently Unknown,210051441,Craigieburn - Central,0 ,0 ,0.0,0.0,0.0,0 ,20661
X,Currently Unknown,210051442,Craigieburn - North,0 ,0 ,0.0,0.0,0.0,0 ,21675
X,Currently Unknown,210051443,Craigieburn - South,3 ,0 ,0.0,0.0,0.0,0 ,20878
X,Currently Unknown,210051445,Mickleham - Yuroke,3 ,0 ,0.0,0.0,0.0,0 ,20233
X,Currently Unknown,210051542,Craigieburn - North West,0 ,0 ,0.0,0.0,0.0,0 ,21675
X,Currently Unknown,210051543,Craigieburn - West,0 ,0 ,0.0,0.0,0.0,0 ,21675
X,Currently Unknown,210051544,Roxburgh Park (South) - Somerton,0 ,0 ,0.0,0.0,0.0,3 ,20878
X,Currently Unknown,210051545,Roxburgh Park - North,0 ,0 ,0.0,0.0,0.0,0 ,20661
X,Currently Unknown,211011251,Bayswater,0 ,0 ,0.0,0.0,0.0,0 ,20173
X,Currently Unknown,211011254,Knoxfield - Scoresby,0 ,0 ,0.0,0.0,0.0,3 ,21013
X,Currently Unknown,211011255,Lysterfield,0 ,0 ,0.0,0.0,0.0,0 ,20917
X,Currently Unknown,211011256,Rowville - Central,0 ,0 ,0.0,0.0,0.0,0 ,21374
X,Currently Unknown,211011257,Rowville - North,3 ,0 ,0.0,0.0,0.0,0 ,20917
X,Currently Unknown,211011258,Rowville - South,0 ,0 ,0.0,0.0,0.0,0 ,22207
X,Currently Unknown,211011259,Wantirna,0 ,0 ,0.0,0.0,0.0,0 ,22628
X,Currently Unknown,211011260,Wantirna South,3 ,0 ,0.0,0.0,0.0,0 ,21013
X,Currently Unknown,211011446,Boronia,0 ,0 ,0.0,0.0,0.0,0 ,20173
X,Currently Unknown,211011447,Ferntree Gully - North,0 ,0 ,0.0,0.0,0.0,3 ,20304
X,Currently Unknown,211011448,Ferntree Gully (South) - Upper Ferntree Gully,0 ,0 ,0.0,0.0,0.0,0 ,20917
X,Currently Unknown,211011449,The Basin,0 ,0 ,0.0,0.0,0.0,0 ,20304
X,Currently Unknown,211021261,Donvale - Park Orchards,0 ,0 ,0.0,0.0,0.0,3 ,20772
X,Currently Unknown,211021262,Warrandyte - Wonga Park,0 ,0 ,0.0,0.0,0.0,0 ,20772
X,Currently Unknown,211031263,Bayswater North,0 ,0 ,0.0,0.0,0.0,0 ,20173
X,Currently Unknown,211031265,Croydon Hills - Warranwood,0 ,0 ,0.0,0.0,0.0,0 ,20556
X,Currently Unknown,211031266,Ringwood,3 ,0 ,0.0,0.0,0.0,3 ,20774
X,Currently Unknown,211031267,Ringwood East,3 ,0 ,0.0,0.0,0.0,0 ,20173
X,Currently Unknown,211031268,Ringwood North,0 ,0 ,0.0,0.0,0.0,0 ,20774
X,Currently Unknown,211031450,Croydon - East,3 ,0 ,0.0,0.0,0.0,0 ,21354
X,Currently Unknown,211031451,Croydon - West,0 ,0 ,0.0,0.0,0.0,3 ,20556
X,Currently Unknown,211031452,Croydon South,0 ,0 ,0.0,0.0,0.0,0 ,20174
X,Currently Unknown,211041269,Forest Hill,0 ,0 ,0.0,0.0,0.0,0 ,20252
X,Currently Unknown,211041270,Mitcham (Vic.),3 ,0 ,0.0,0.0,0.0,3 ,20774
X,Currently Unknown,211041271,Nunawading,0 ,0 ,0.0,0.0,0.0,0 ,20774
X,Currently Unknown,211041272,Vermont,0 ,0 ,0.0,0.0,0.0,0 ,20937
X,Currently Unknown,211041273,Vermont South,3 ,0 ,0.0,0.0,0.0,0 ,20937
X,Currently Unknown,211051274,Belgrave - Selby,0 ,0 ,0.0,0.0,0.0,0 ,21558
X,Currently Unknown,211051275,Chirnside Park,0 ,0 ,0.0,0.0,0.0,3 ,20556
X,Currently Unknown,211051276,Healesville - Yarra Glen,3 ,0 ,0.0,0.0,0.0,0 ,20916
X,Currently Unknown,211051277,Kilsyth,0 ,0 ,0.0,0.0,0.0,0 ,20174
X,Currently Unknown,211051278,Lilydale - Coldstream,3 ,0 ,0.0,0.0,0.0,3 ,20556
X,Currently Unknown,211051279,Monbulk - Silvan,0 ,0 ,0.0,0.0,0.0,0 ,20868
X,Currently Unknown,211051280,Montrose,0 ,0 ,0.0,0.0,0.0,0 ,21354
X,Currently Unknown,211051281,Mooroolbark,0 ,0 ,0.0,0.0,0.0,0 ,20556
X,Currently Unknown,211051282,Mount Dandenong - Olinda,0 ,0 ,0.0,0.0,0.0,0 ,20304
X,Currently Unknown,211051283,Mount Evelyn,3 ,0 ,0.0,0.0,0.0,0 ,21736
X,Currently Unknown,211051284,Upwey - Tecoma,0 ,0 ,0.0,0.0,0.0,0 ,21558
X,Currently Unknown,211051285,Wandin - Seville,0 ,0 ,0.0,0.0,0.0,0 ,20613
X,Currently Unknown,211051286,Yarra Valley,0 ,0 ,0.0,0.0,0.0,0 ,20833
X,Currently Unknown,212011289,Emerald - Cockatoo,3 ,0 ,0.0,0.0,0.0,3 ,20979
X,Currently Unknown,212011546,Beaconsfield - Officer,0 ,0 ,0.0,0.0,0.0,0 ,20176
X,Currently Unknown,212011547,Bunyip - Garfield,0 ,0 ,0.0,0.0,0.0,3 ,20411
X,Currently Unknown,212011548,Koo Wee Rup,0 ,0 ,0.0,0.0,0.0,0 ,20081
X,Currently Unknown,212011549,Pakenham - North East,0 ,0 ,0.0,0.0,0.0,0 ,21879
X,Currently Unknown,212011550,Pakenham - North West,0 ,0 ,0.0,0.0,0.0,0 ,20176
X,Currently Unknown,212011551,Pakenham - South East,0 ,0 ,0.0,0.0,0.0,0 ,21879
X,Currently Unknown,212011552,Pakenham - South West,3 ,0 ,0.0,0.0,0.0,3 ,22006
X,Currently Unknown,212021293,Berwick - North,0 ,0 ,0.0,0.0,0.0,3 ,21895
X,Currently Unknown,212021295,Doveton,0 ,0 ,0.0,0.0,0.0,0 ,20708
X,Currently Unknown,212021297,Hallam,0 ,0 ,0.0,0.0,0.0,0 ,21895
X,Currently Unknown,212021299,Narre Warren North,3 ,0 ,0.0,0.0,0.0,0 ,21558
X,Currently Unknown,212021453,Endeavour Hills - North,0 ,0 ,0.0,0.0,0.0,3 ,22207
X,Currently Unknown,212021454,Endeavour Hills - South,0 ,0 ,0.0,0.0,0.0,0 ,21895
X,Currently Unknown,212021455,Narre Warren - North East,0 ,0 ,0.0,0.0,0.0,0 ,21895
X,Currently Unknown,212021456,Narre Warren - South West,0 ,0 ,0.0,0.0,0.0,0 ,20224
X,Currently Unknown,212021553,Berwick - South East,0 ,0 ,0.0,0.0,0.0,0 ,20175
X,Currently Unknown,212021554,Berwick - South West,0 ,0 ,0.0,0.0,0.0,0 ,20224
X,Currently Unknown,212031300,Cranbourne,0 ,0 ,0.0,0.0,0.0,0 ,20664
X,Currently Unknown,212031303,Cranbourne South,0 ,0 ,0.0,0.0,0.0,3 ,20487
X,Currently Unknown,212031304,Cranbourne West,0 ,0 ,0.0,0.0,0.0,0 ,20662
X,Currently Unknown,212031306,Lynbrook - Lyndhurst,0 ,0 ,0.0,0.0,0.0,0 ,20709
X,Currently Unknown,212031308,Pearcedale - Tooradin,0 ,0 ,0.0,0.0,0.0,0 ,21380
X,Currently Unknown,212031457,Narre Warren South - East,0 ,0 ,0.0,0.0,0.0,0 ,20224
X,Currently Unknown,212031458,Narre Warren South - West,3 ,0 ,0.0,0.0,0.0,3 ,21893
X,Currently Unknown,212031555,Clyde North - North,0 ,0 ,0.0,0.0,0.0,0 ,22006
X,Currently Unknown,212031556,Clyde North - South,0 ,0 ,0.0,0.0,0.0,3 ,20487
X,Currently Unknown,212031557,Cranbourne East - North,0 ,0 ,0.0,0.0,0.0,0 ,20581
X,Currently Unknown,212031558,Cranbourne East - South,0 ,0 ,0.0,0.0,0.0,0 ,20581
X,Currently Unknown,212031559,Cranbourne North - East,0 ,0 ,0.0,0.0,0.0,0 ,20582
X,Currently Unknown,212031560,Cranbourne North - West,0 ,0 ,0.0,0.0,0.0,0 ,21133
X,Currently Unknown,212031561,Hampton Park - East,0 ,0 ,0.0,0.0,0.0,0 ,21893
X,Currently Unknown,212031562,Hampton Park - West,0 ,0 ,0.0,0.0,0.0,0 ,20709
X,Currently Unknown,212041309,Clarinda - Oakleigh South,3 ,0 ,0.0,0.0,0.0,0 ,21746
X,Currently Unknown,212041310,Clayton South,3 ,0 ,0.0,0.0,0.0,3 ,20758
X,Currently Unknown,212041312,Dandenong North,0 ,0 ,0.0,0.0,0.0,0 ,22207
X,Currently Unknown,212041313,Dingley Village,0 ,0 ,0.0,0.0,0.0,3 ,20320
X,Currently Unknown,212041316,Noble Park North,0 ,0 ,0.0,0.0,0.0,0 ,20708
X,Currently Unknown,212041317,Springvale,3 ,0 ,0.0,0.0,0.0,3 ,21827
X,Currently Unknown,212041318,Springvale South,0 ,0 ,0.0,0.0,0.0,0 ,21339
X,Currently Unknown,212041459,Noble Park - East,0 ,0 ,0.0,0.0,0.0,0 ,21339
X,Currently Unknown,212041460,Noble Park - West,0 ,0 ,0.0,0.0,0.0,3 ,21339
X,Currently Unknown,212041563,Dandenong - North,3 ,0 ,0.0,0.0,0.0,4 ,20708
X,Currently Unknown,212041564,Dandenong - South,4 ,0 ,0.0,0.0,0.0,4 ,20131
X,Currently Unknown,212041565,Keysborough - North,0 ,0 ,0.0,0.0,0.0,0 ,21339
X,Currently Unknown,212041566,Keysborough - South,0 ,0 ,0.0,0.0,0.0,0 ,20080
X,Currently Unknown,212051319,Ashwood - Chadstone,3 ,0 ,0.0,0.0,0.0,0 ,20077
X,Currently Unknown,212051321,Glen Waverley - East,0 ,0 ,0.0,0.0,0.0,0 ,20427
X,Currently Unknown,212051322,Glen Waverley - West,0 ,0 ,0.0,0.0,0.0,0 ,20427
X,Currently Unknown,212051323,Mount Waverley - North,0 ,0 ,0.0,0.0,0.0,0 ,20078
X,Currently Unknown,212051324,Mount Waverley - South,0 ,0 ,0.0,0.0,0.0,3 ,21816
X,Currently Unknown,212051325,Mulgrave,3 ,0 ,0.0,0.0,0.0,0 ,21013
X,Currently Unknown,212051326,Oakleigh - Huntingdale,4 ,0 ,0.0,0.0,0.0,4 ,21587
X,Currently Unknown,212051327,Wheelers Hill,3 ,0 ,0.0,0.0,0.0,0 ,21013
X,Currently Unknown,212051567,Clayton (North) - Notting Hill,0 ,0 ,0.0,0.0,0.0,0 ,21816
X,Currently Unknown,212051568,Clayton - Central,0 ,0 ,0.0,0.0,0.0,0 ,22002
X,Currently Unknown,213011328,Ardeer - Albion,0 ,0 ,0.0,0.0,0.0,3 ,22396
X,Currently Unknown,213011329,Cairnlea,0 ,0 ,0.0,0.0,0.0,0 ,20062
X,Currently Unknown,213011331,Delahey,0 ,0 ,0.0,0.0,0.0,0 ,21315
X,Currently Unknown,213011332,Keilor Downs,0 ,0 ,0.0,0.0,0.0,0 ,21316
X,Currently Unknown,213011333,Kings Park (Vic.),0 ,0 ,0.0,0.0,0.0,0 ,20729
X,Currently Unknown,213011334,St Albans - North,0 ,0 ,0.0,0.0,0.0,0 ,21312
X,Currently Unknown,213011335,St Albans - South,0 ,0 ,0.0,0.0,0.0,0 ,21312
X,Currently Unknown,213011336,Sunshine,0 ,0 ,0.0,0.0,0.0,0 ,20324
X,Currently Unknown,213011337,Sunshine North,0 ,0 ,0.0,0.0,0.0,0 ,21316
X,Currently Unknown,213011338,Sunshine West,0 ,0 ,0.0,0.0,0.0,3 ,20062
X,Currently Unknown,213011339,Sydenham,0 ,0 ,0.0,0.0,0.0,0 ,22474
X,Currently Unknown,213011340,Taylors Lakes,0 ,0 ,0.0,0.0,0.0,3 ,21314
X,Currently Unknown,213011569,Deer Park,0 ,0 ,0.0,0.0,0.0,0 ,20062
X,Currently Unknown,213011570,Derrimut,0 ,0 ,0.0,0.0,0.0,0 ,20062
X,Currently Unknown,213021341,Altona,3 ,0 ,0.0,0.0,0.0,3 ,21477
X,Currently Unknown,213021342,Altona Meadows,0 ,0 ,0.0,0.0,0.0,0 ,20035
X,Currently Unknown,213021343,Altona North,0 ,0 ,0.0,0.0,0.0,0 ,22917
X,Currently Unknown,213021344,Newport,0 ,3 ,0.0,0.0,0.0,3 ,22107
X,Currently Unknown,213021345,Seabrook,0 ,0 ,0.0,0.0,0.0,0 ,20036
X,Currently Unknown,213021346,Williamstown,3 ,0 ,0.0,0.0,0.0,3 ,21934
X,Currently Unknown,213031347,Braybrook,0 ,0 ,0.0,0.0,0.0,3 ,20935
X,Currently Unknown,213031348,Footscray,0 ,0 ,0.0,0.0,0.0,3 ,20929
X,Currently Unknown,213031349,Maribyrnong,3 ,0 ,0.0,0.0,0.0,0 ,20075
X,Currently Unknown,213031350,Seddon - Kingsville,0 ,0 ,0.0,0.0,0.0,0 ,20935
X,Currently Unknown,213031351,West Footscray - Tottenham,3 ,0 ,0.0,0.0,0.0,3 ,20935
X,Currently Unknown,213031352,Yarraville,0 ,0 ,0.0,0.0,0.0,0 ,20935
X,Currently Unknown,213041353,Bacchus Marsh,0 ,0 ,0.0,0.0,0.0,0 ,20095
X,Currently Unknown,213041358,Melton West,3 ,0 ,0.0,0.0,0.0,0 ,22537
X,Currently Unknown,213041359,Rockbank - Mount Cottrell,0 ,0 ,0.0,0.0,0.0,0 ,20899
X,Currently Unknown,213041360,Taylors Hill,0 ,0 ,0.0,0.0,0.0,0 ,20950
X,Currently Unknown,213041461,Burnside,0 ,0 ,0.0,0.0,0.0,0 ,20729
X,Currently Unknown,213041462,Burnside Heights,0 ,0 ,0.0,0.0,0.0,0 ,20420
X,Currently Unknown,213041463,Caroline Springs,0 ,0 ,0.0,0.0,0.0,0 ,20950
X,Currently Unknown,213041571,Brookfield,0 ,0 ,0.0,0.0,0.0,0 ,21202
X,Currently Unknown,213041572,Cobblebank - Strathtulloh,0 ,0 ,0.0,0.0,0.0,0 ,21642
X,Currently Unknown,213041573,Eynesbury - Exford,0 ,0 ,0.0,0.0,0.0,0 ,20899
X,Currently Unknown,213041574,Fraser Rise - Plumpton,0 ,0 ,0.0,0.0,0.0,0 ,20754
X,Currently Unknown,213041575,Hillside,3 ,0 ,0.0,0.0,0.0,3 ,20950
X,Currently Unknown,213041576,Kurunjang - Toolern Vale,0 ,0 ,0.0,0.0,0.0,0 ,20605
X,Currently Unknown,213041577,Melton,0 ,0 ,0.0,0.0,0.0,0 ,21140
X,Currently Unknown,213041578,Melton South - Weir Views,0 ,0 ,0.0,0.0,0.0,0 ,20351
X,Currently Unknown,213051361,Hoppers Crossing - North,0 ,0 ,0.0,0.0,0.0,0 ,22582
X,Currently Unknown,213051362,Hoppers Crossing - South,0 ,0 ,0.0,0.0,0.0,0 ,22451
X,Currently Unknown,213051363,Laverton,0 ,0 ,0.0,0.0,0.0,0 ,22397
X,Currently Unknown,213051368,Werribee - South,0 ,0 ,0.0,0.0,0.0,3 ,20601
X,Currently Unknown,213051464,Point Cook - East,0 ,0 ,0.0,0.0,0.0,3 ,20036
X,Currently Unknown,213051466,Point Cook - South,0 ,0 ,0.0,0.0,0.0,0 ,22086
X,Currently Unknown,213051467,Werribee - East,0 ,0 ,0.0,0.0,0.0,0 ,22451
X,Currently Unknown,213051468,Werribee - West,0 ,0 ,0.0,0.0,0.0,0 ,20115
X,Currently Unknown,213051579,Manor Lakes - Quandong,0 ,0 ,0.0,0.0,0.0,0 ,20115
X,Currently Unknown,213051580,Point Cook - North East,0 ,0 ,0.0,0.0,0.0,3 ,20036
X,Currently Unknown,213051581,Point Cook - North West,0 ,0 ,0.0,0.0,0.0,0 ,22086
X,Currently Unknown,213051582,Tarneit (West) - Mount Cottrell,0 ,0 ,0.0,0.0,0.0,0 ,20899
X,Currently Unknown,213051583,Tarneit - Central,0 ,0 ,0.0,0.0,0.0,0 ,22582
X,Currently Unknown,213051584,Tarneit - North,0 ,0 ,0.0,0.0,0.0,0 ,22582
X,Currently Unknown,213051585,Tarneit - South,0 ,0 ,0.0,0.0,0.0,0 ,22451
X,Currently Unknown,213051586,Truganina - North,0 ,0 ,0.0,0.0,0.0,0 ,20743
X,Currently Unknown,213051587,Truganina - South East,0 ,0 ,0.0,0.0,0.0,0 ,21477
X,Currently Unknown,213051588,Truganina - South West,0 ,0 ,0.0,0.0,0.0,0 ,22582
X,Currently Unknown,213051589,Wyndham Vale - North,0 ,0 ,0.0,0.0,0.0,0 ,20116
X,Currently Unknown,213051590,Wyndham Vale - South,0 ,0 ,0.0,0.0,0.0,0 ,22750
X,Currently Unknown,214011370,Carrum Downs,0 ,3 ,0.0,0.0,0.0,0 ,20131
X,Currently Unknown,214011371,Frankston,3 ,0 ,0.0,0.0,0.0,0 ,22249
X,Currently Unknown,214011372,Frankston North,0 ,0 ,0.0,0.0,0.0,0 ,20508
X,Currently Unknown,214011373,Frankston South,0 ,0 ,0.0,0.0,0.0,0 ,21468
X,Currently Unknown,214011374,Langwarrin,3 ,0 ,0.0,0.0,0.0,3 ,20508
X,Currently Unknown,214011375,Seaford (Vic.),0 ,0 ,0.0,0.0,0.0,0 ,20507
X,Currently Unknown,214011376,Skye - Sandhurst,0 ,0 ,0.0,0.0,0.0,0 ,20508
X,Currently Unknown,214021377,Dromana,0 ,0 ,0.0,0.0,0.0,0 ,20072
X,Currently Unknown,214021378,Flinders,0 ,0 ,0.0,0.0,0.0,0 ,20072
X,Currently Unknown,214021379,Hastings - Somers,0 ,0 ,0.0,0.0,0.0,0 ,21664
X,Currently Unknown,214021381,Mount Eliza,0 ,0 ,0.0,0.0,0.0,0 ,20949
X,Currently Unknown,214021382,Mount Martha,0 ,3 ,0.0,0.0,0.0,0 ,21803
X,Currently Unknown,214021383,Point Nepean,3 ,0 ,0.0,0.0,0.0,3 ,20280
X,Currently Unknown,214021384,Rosebud - McCrae,0 ,0 ,0.0,0.0,0.0,0 ,20072
X,Currently Unknown,214021385,Somerville,0 ,0 ,0.0,0.0,0.0,3 ,22050
X,Currently Unknown,214021591,Mornington - East,0 ,0 ,0.0,0.0,0.0,0 ,21793
X,Currently Unknown,214021592,Mornington - West,0 ,0 ,0.0,0.0,0.0,0 ,21793
X,Currently Unknown,215011386,Ararat,0 ,0 ,0.0,0.0,0.0,3 ,20811
X,Currently Unknown,215011387,Ararat Surrounds,0 ,0 ,0.0,0.0,0.0,0 ,20680
X,Currently Unknown,215011388,Horsham,0 ,0 ,0.0,0.0,0.0,0 ,20403
X,Currently Unknown,215011389,Horsham Surrounds,0 ,0 ,0.0,0.0,0.0,0 ,20403
X,Currently Unknown,215011390,Nhill Region,3 ,0 ,0.0,0.0,0.0,3 ,20756
X,Currently Unknown,215011391,St Arnaud,0 ,0 ,0.0,0.0,0.0,0 ,20142
X,Currently Unknown,215011392,Stawell,0 ,0 ,0.0,0.0,0.0,0 ,20680
X,Currently Unknown,215011393,West Wimmera,0 ,0 ,0.0,0.0,0.0,0 ,20119
X,Currently Unknown,215011394,Yarriambiack,3 ,0 ,0.0,0.0,0.0,0 ,20756
X,Currently Unknown,215021395,Irymple,0 ,0 ,0.0,0.0,0.0,0 ,20488
X,Currently Unknown,215021396,Merbein,0 ,0 ,0.0,0.0,0.0,0 ,21388
X,Currently Unknown,215021398,Mildura Surrounds,0 ,0 ,0.0,0.0,0.0,0 ,20234
X,Currently Unknown,215021399,Red Cliffs,0 ,0 ,0.0,0.0,0.0,0 ,20488
X,Currently Unknown,215021469,Mildura - North,0 ,0 ,0.0,0.0,0.0,0 ,21682
X,Currently Unknown,215021470,Mildura - South,0 ,0 ,0.0,0.0,0.0,0 ,21245
X,Currently Unknown,215031400,Buloke,0 ,0 ,0.0,0.0,0.0,0 ,20155
X,Currently Unknown,215031401,Gannawarra,0 ,0 ,0.0,0.0,0.0,0 ,20051
X,Currently Unknown,215031402,Kerang,0 ,0 ,0.0,0.0,0.0,0 ,20477
X,Currently Unknown,215031403,Robinvale,0 ,0 ,0.0,0.0,0.0,0 ,22744
X,Currently Unknown,215031404,Swan Hill,3 ,0 ,0.0,0.0,0.0,0 ,21076
X,Currently Unknown,215031405,Swan Hill Surrounds,0 ,0 ,0.0,0.0,0.0,0 ,20047
X,Currently Unknown,216011406,Echuca,4 ,0 ,0.0,0.0,0.0,5 ,20125
X,Currently Unknown,216011407,Kyabram,0 ,0 ,0.0,0.0,0.0,0 ,20838
X,Currently Unknown,216011408,Lockington - Gunbower,0 ,0 ,0.0,0.0,0.0,0 ,20755
X,Currently Unknown,216011409,Rochester,0 ,0 ,0.0,0.0,0.0,0 ,20281
X,Currently Unknown,216011410,Rushworth,0 ,0 ,0.0,0.0,0.0,0 ,20093
X,Currently Unknown,216021411,Cobram,0 ,0 ,0.0,0.0,0.0,0 ,20301
X,Currently Unknown,216021412,Moira,0 ,0 ,0.0,0.0,0.0,0 ,20032
X,Currently Unknown,216021413,Numurkah,0 ,0 ,0.0,0.0,0.0,0 ,20839
X,Currently Unknown,216021414,Yarrawonga,0 ,0 ,0.0,0.0,0.0,0 ,20395
X,Currently Unknown,216031415,Mooroopna,3 ,0 ,0.0,0.0,0.0,0 ,20063
X,Currently Unknown,216031416,Shepparton - North,4 ,0 ,0.0,0.0,0.0,4 ,20393
X,Currently Unknown,216031418,Shepparton Surrounds - East,0 ,0 ,0.0,0.0,0.0,0 ,20056
X,Currently Unknown,216031419,Shepparton Surrounds - West,0 ,0 ,0.0,0.0,0.0,0 ,20056
X,Currently Unknown,216031593,Kialla,3 ,0 ,0.0,0.0,0.0,3 ,20056
X,Currently Unknown,216031594,Shepparton - South East,0 ,0 ,0.0,0.0,0.0,0 ,21340
X,Currently Unknown,217011420,Glenelg (Vic.),0 ,0 ,0.0,0.0,0.0,0 ,20340
X,Currently Unknown,217011421,Hamilton (Vic.),3 ,0 ,0.0,0.0,0.0,0 ,20322
X,Currently Unknown,217011422,Portland,0 ,0 ,0.0,0.0,0.0,0 ,20274
X,Currently Unknown,217011423,Southern Grampians,0 ,0 ,0.0,0.0,0.0,0 ,20199
X,Currently Unknown,217031471,Camperdown,0 ,0 ,0.0,0.0,0.0,0 ,20285
X,Currently Unknown,217031472,Colac,0 ,0 ,0.0,0.0,0.0,0 ,20149
X,Currently Unknown,217031473,Colac Surrounds,0 ,0 ,0.0,0.0,0.0,0 ,20671
X,Currently Unknown,217031474,Corangamite - North,0 ,0 ,0.0,0.0,0.0,0 ,20319
X,Currently Unknown,217031475,Corangamite - South,0 ,0 ,0.0,0.0,0.0,0 ,20306
X,Currently Unknown,217031476,Otway,0 ,0 ,0.0,0.0,0.0,0 ,20161
X,Currently Unknown,217041477,Moyne - East,0 ,3 ,0.0,0.0,0.0,0 ,21916
X,Currently Unknown,217041478,Moyne - West,0 ,0 ,0.0,0.0,0.0,0 ,20225
X,Currently Unknown,217041479,Warrnambool - North,3 ,0 ,0.0,0.0,0.0,0 ,20028
X,Currently Unknown,217041480,Warrnambool - South,0 ,0 ,0.0,0.0,0.0,3 ,20028
