anzsco_code,occupation,education,percentage
1111,Chief Executives and Managing Directors,Post Graduate/ Graduate Diploma or Graduate Certificate ,25.3
1112,General Managers,Post Graduate/ Graduate Diploma or Graduate Certificate ,23.6
1113,Legislators,Post Graduate/ Graduate Diploma or Graduate Certificate ,24.2
1211,Aquaculture Farmers,Post Graduate/ Graduate Diploma or Graduate Certificate ,5.0
1212,Crop Farmers,Post Graduate/ Graduate Diploma or Graduate Certificate ,3.3
1213,Livestock Farmers,Post Graduate/ Graduate Diploma or Graduate Certificate ,3.2
1214,Mixed Crop and Livestock Farmers,Post Graduate/ Graduate Diploma or Graduate Certificate ,2.0
1311,"Advertising, Public Relations and Sales Manager",Post Graduate/ Graduate Diploma or Graduate Certificate ,16.7
1321,Corporate Services Managers,Post Graduate/ Graduate Diploma or Graduate Certificate ,20.1
1322,Finance Managers,Post Graduate/ Graduate Diploma or Graduate Certificate ,26.8
1323,Human Resource Managers,Post Graduate/ Graduate Diploma or Graduate Certificate ,24.8
1324,Policy and Planning Managers,Post Graduate/ Graduate Diploma or Graduate Certificate ,39.8
1325,Research and Development Managers,Post Graduate/ Graduate Diploma or Graduate Certificate ,47.5
1331,Construction Managers,Post Graduate/ Graduate Diploma or Graduate Certificate ,7.3
1332,Engineering Managers,Post Graduate/ Graduate Diploma or Graduate Certificate ,26.6
1333,"Importers, Exporters and Wholesalers",Post Graduate/ Graduate Diploma or Graduate Certificate ,8.4
1334,Manufacturers,Post Graduate/ Graduate Diploma or Graduate Certificate ,4.4
1335,Production Managers,Post Graduate/ Graduate Diploma or Graduate Certificate ,9.8
1336,"Supply, Distribution and Procurement Managers",Post Graduate/ Graduate Diploma or Graduate Certificate ,14.8
1341,Child Care Centre Managers,Post Graduate/ Graduate Diploma or Graduate Certificate ,21.6
1342,Health and Welfare Services Managers,Post Graduate/ Graduate Diploma or Graduate Certificate ,28.5
1343,School Principals,Post Graduate/ Graduate Diploma or Graduate Certificate ,43.9
1344,Other Education Managers,Post Graduate/ Graduate Diploma or Graduate Certificate ,52.0
1351,ICT Managers,Post Graduate/ Graduate Diploma or Graduate Certificate ,26.0
1391,Commissioned Officers (Management),Post Graduate/ Graduate Diploma or Graduate Certificate ,25.2
1392,Senior Non-Commissioned Defence Force Officers,Post Graduate/ Graduate Diploma or Graduate Certificate ,3.8
1399,Other Specialist Managers,Post Graduate/ Graduate Diploma or Graduate Certificate ,23.4
1411,Cafe and Restaurant Managers,Post Graduate/ Graduate Diploma or Graduate Certificate ,7.2
1412,Caravan Park and Camping Ground Managers,Post Graduate/ Graduate Diploma or Graduate Certificate ,3.4
1413,Hotel and Motel Managers,Post Graduate/ Graduate Diploma or Graduate Certificate ,6.1
1414,Licensed Club Managers,Post Graduate/ Graduate Diploma or Graduate Certificate ,2.3
1419,Other Accommodation and Hospitality Managers,Post Graduate/ Graduate Diploma or Graduate Certificate ,9.6
1421,Retail Managers,Post Graduate/ Graduate Diploma or Graduate Certificate ,6.3
1491,"Amusement, Fitness and Sports Centre Managers",Post Graduate/ Graduate Diploma or Graduate Certificate ,5.5
1492,"Call, Contact Centre and Customer Service Managers",Post Graduate/ Graduate Diploma or Graduate Certificate ,9.9
1493,Conference and Event Organisers,Post Graduate/ Graduate Diploma or Graduate Certificate ,8.7
1494,Transport Services Managers,Post Graduate/ Graduate Diploma or Graduate Certificate ,6.0
1499,"Other Hospitality, Retail and Service Managers",Post Graduate/ Graduate Diploma or Graduate Certificate ,9.1
2111,"Actors, Dancers and Other Entertainers",Post Graduate/ Graduate Diploma or Graduate Certificate ,7.3
2112,Music Professionals,Post Graduate/ Graduate Diploma or Graduate Certificate ,17.8
2113,Photographers,Post Graduate/ Graduate Diploma or Graduate Certificate ,6.5
2114,Visual Arts and Crafts Professionals,Post Graduate/ Graduate Diploma or Graduate Certificate ,12.6
2121,"Artistic Directors, Media Producers and Presenters",Post Graduate/ Graduate Diploma or Graduate Certificate ,11.2
2122,"Authors, and Book and Script Editors",Post Graduate/ Graduate Diploma or Graduate Certificate ,34.3
2123,"Film, Television, Radio and Stage Directors",Post Graduate/ Graduate Diploma or Graduate Certificate ,10.9
2124,Journalists and Other Writers,Post Graduate/ Graduate Diploma or Graduate Certificate ,21.5
2211,Accountants,Post Graduate/ Graduate Diploma or Graduate Certificate ,29.1
2212,"Auditors, Company Secretaries and Corporate Treasurers",Post Graduate/ Graduate Diploma or Graduate Certificate ,27.7
2221,Financial Brokers,Post Graduate/ Graduate Diploma or Graduate Certificate ,11.4
2222,Financial Dealers,Post Graduate/ Graduate Diploma or Graduate Certificate ,23.8
2223,Financial Investment Advisers and Managers,Post Graduate/ Graduate Diploma or Graduate Certificate ,27.9
2231,Human Resource Professionals,Post Graduate/ Graduate Diploma or Graduate Certificate ,15.0
2232,ICT Trainers,Post Graduate/ Graduate Diploma or Graduate Certificate ,18.6
2233,Training and Development Professionals,Post Graduate/ Graduate Diploma or Graduate Certificate ,18.4
2241,"Actuaries, Mathematicians and Statisticians",Post Graduate/ Graduate Diploma or Graduate Certificate ,46.2
2242,"Archivists, Curators and Records Managers",Post Graduate/ Graduate Diploma or Graduate Certificate ,35.3
2243,Economists,Post Graduate/ Graduate Diploma or Graduate Certificate ,52.7
2244,Intelligence and Policy Analysts,Post Graduate/ Graduate Diploma or Graduate Certificate ,40.3
2245,Land Economists and Valuers,Post Graduate/ Graduate Diploma or Graduate Certificate ,19.0
2246,Librarians,Post Graduate/ Graduate Diploma or Graduate Certificate ,49.1
2247,Management and Organisation Analysts,Post Graduate/ Graduate Diploma or Graduate Certificate ,33.1
2249,Other Information and Organisation Professionals,Post Graduate/ Graduate Diploma or Graduate Certificate ,32.0
2251,Advertising and Marketing Professionals,Post Graduate/ Graduate Diploma or Graduate Certificate ,18.2
2252,ICT Sales Professionals,Post Graduate/ Graduate Diploma or Graduate Certificate ,16.1
2253,Public Relations Professionals,Post Graduate/ Graduate Diploma or Graduate Certificate ,19.5
2254,Technical Sales Representatives,Post Graduate/ Graduate Diploma or Graduate Certificate ,10.6
2311,Air Transport Professionals,Post Graduate/ Graduate Diploma or Graduate Certificate ,7.6
2312,Marine Transport Professionals,Post Graduate/ Graduate Diploma or Graduate Certificate ,5.1
2321,Architects and Landscape Architects,Post Graduate/ Graduate Diploma or Graduate Certificate ,46.1
2322,Surveyors and Spatial Scientists,Post Graduate/ Graduate Diploma or Graduate Certificate ,13.8
2323,"Fashion, Industrial and Jewellery Designers",Post Graduate/ Graduate Diploma or Graduate Certificate ,9.3
2324,"Graphic and Web Designers, and Illustrators",Post Graduate/ Graduate Diploma or Graduate Certificate ,9.3
2325,Interior Designers,Post Graduate/ Graduate Diploma or Graduate Certificate ,8.5
2326,Urban and Regional Planners,Post Graduate/ Graduate Diploma or Graduate Certificate ,37.9
2331,Chemical and Materials Engineers,Post Graduate/ Graduate Diploma or Graduate Certificate ,32.2
2332,Civil Engineering Professionals,Post Graduate/ Graduate Diploma or Graduate Certificate ,24.8
2333,Electrical Engineers,Post Graduate/ Graduate Diploma or Graduate Certificate ,25.1
2334,Electronics Engineers,Post Graduate/ Graduate Diploma or Graduate Certificate ,29.2
2335,"Industrial, Mechanical and Production Engineers",Post Graduate/ Graduate Diploma or Graduate Certificate ,23.4
2336,Mining Engineers,Post Graduate/ Graduate Diploma or Graduate Certificate ,28.2
2339,Other Engineering Professionals,Post Graduate/ Graduate Diploma or Graduate Certificate ,32.2
2341,Agricultural and Forestry Scientists,Post Graduate/ Graduate Diploma or Graduate Certificate ,27.3
2342,"Chemists, and Food and Wine Scientists",Post Graduate/ Graduate Diploma or Graduate Certificate ,26.9
2343,Environmental Scientists,Post Graduate/ Graduate Diploma or Graduate Certificate ,29.5
2344,"Geologists, Geophysicists and Hydrogeologists",Post Graduate/ Graduate Diploma or Graduate Certificate ,41.3
2345,Life Scientists,Post Graduate/ Graduate Diploma or Graduate Certificate ,54.3
2346,Medical Laboratory Scientists,Post Graduate/ Graduate Diploma or Graduate Certificate ,44.0
2347,Veterinarians,Post Graduate/ Graduate Diploma or Graduate Certificate ,23.1
2349,Other Natural and Physical Science Professionals,Post Graduate/ Graduate Diploma or Graduate Certificate ,49.3
2411,Early Childhood (Pre-primary School) Teachers,Post Graduate/ Graduate Diploma or Graduate Certificate ,21.4
2412,Primary School Teachers,Post Graduate/ Graduate Diploma or Graduate Certificate ,24.2
2413,Middle School Teachers,Post Graduate/ Graduate Diploma or Graduate Certificate ,35.9
2414,Secondary School Teachers,Post Graduate/ Graduate Diploma or Graduate Certificate ,41.8
2415,Special Education Teachers,Post Graduate/ Graduate Diploma or Graduate Certificate ,39.9
2421,University Lecturers and Tutors,Post Graduate/ Graduate Diploma or Graduate Certificate ,80.2
2422,Vocational Education Teachers,Post Graduate/ Graduate Diploma or Graduate Certificate ,24.6
2491,Education Advisers and Reviewers,Post Graduate/ Graduate Diploma or Graduate Certificate ,48.0
2492,Private Tutors and Teachers,Post Graduate/ Graduate Diploma or Graduate Certificate ,16.9
2493,Teachers of English to Speakers of Other Languages,Post Graduate/ Graduate Diploma or Graduate Certificate ,56.3
2511,Nutrition Professionals,Post Graduate/ Graduate Diploma or Graduate Certificate ,49.7
2512,Medical Imaging Professionals,Post Graduate/ Graduate Diploma or Graduate Certificate ,35.1
2513,Occupational and Environmental Health Professionals,Post Graduate/ Graduate Diploma or Graduate Certificate ,19.0
2514,Optometrists and Orthoptists,Post Graduate/ Graduate Diploma or Graduate Certificate ,40.8
2515,Pharmacists,Post Graduate/ Graduate Diploma or Graduate Certificate ,23.0
2519,Other Health Diagnostic and Promotion Professionals,Post Graduate/ Graduate Diploma or Graduate Certificate ,39.1
2521,Chiropractors and Osteopaths,Post Graduate/ Graduate Diploma or Graduate Certificate ,57.1
2522,Complementary Health Therapists,Post Graduate/ Graduate Diploma or Graduate Certificate ,21.5
2523,Dental Practitioners,Post Graduate/ Graduate Diploma or Graduate Certificate ,30.2
2524,Occupational Therapists,Post Graduate/ Graduate Diploma or Graduate Certificate ,26.5
2525,Physiotherapists,Post Graduate/ Graduate Diploma or Graduate Certificate ,38.4
2526,Podiatrists,Post Graduate/ Graduate Diploma or Graduate Certificate ,25.7
2527,Audiologists and Speech Pathologists \ Therapists,Post Graduate/ Graduate Diploma or Graduate Certificate ,44.3
2531,General Practitioners and Resident Medical Officers,Post Graduate/ Graduate Diploma or Graduate Certificate ,39.9
2532,Anaesthetists,Post Graduate/ Graduate Diploma or Graduate Certificate ,50.3
2533,Specialist Physicians,Post Graduate/ Graduate Diploma or Graduate Certificate ,51.2
2534,Psychiatrists,Post Graduate/ Graduate Diploma or Graduate Certificate ,67.5
2535,Surgeons,Post Graduate/ Graduate Diploma or Graduate Certificate ,51.7
2539,Other Medical Practitioners,Post Graduate/ Graduate Diploma or Graduate Certificate ,42.9
2541,Midwives,Post Graduate/ Graduate Diploma or Graduate Certificate ,29.2
2542,Nurse Educators and Researchers,Post Graduate/ Graduate Diploma or Graduate Certificate ,54.3
2543,Nurse Managers,Post Graduate/ Graduate Diploma or Graduate Certificate ,38.2
2544,Registered Nurses,Post Graduate/ Graduate Diploma or Graduate Certificate ,20.0
2611,ICT Business and Systems Analysts,Post Graduate/ Graduate Diploma or Graduate Certificate ,29.3
2612,Multimedia Specialists and Web Developers,Post Graduate/ Graduate Diploma or Graduate Certificate ,20.3
2613,Software and Applications Programmers,Post Graduate/ Graduate Diploma or Graduate Certificate ,27.4
2621,"Database and Systems Administrators, and ICT Security Specialists",Post Graduate/ Graduate Diploma or Graduate Certificate ,21.5
2631,Computer Network Professionals,Post Graduate/ Graduate Diploma or Graduate Certificate ,20.9
2632,ICT Support and Test Engineers,Post Graduate/ Graduate Diploma or Graduate Certificate ,22.1
2633,Telecommunications Engineering Professionals,Post Graduate/ Graduate Diploma or Graduate Certificate ,26.3
2711,Barristers,Post Graduate/ Graduate Diploma or Graduate Certificate ,37.3
2712,Judicial and Other Legal Professionals,Post Graduate/ Graduate Diploma or Graduate Certificate ,36.8
2713,Solicitors,Post Graduate/ Graduate Diploma or Graduate Certificate ,32.8
2721,Counsellors,Post Graduate/ Graduate Diploma or Graduate Certificate ,38.7
2722,Ministers of Religion,Post Graduate/ Graduate Diploma or Graduate Certificate ,32.2
2723,Psychologists and Psychotherapists,Post Graduate/ Graduate Diploma or Graduate Certificate ,77.0
2724,Social Professionals,Post Graduate/ Graduate Diploma or Graduate Certificate ,39.2
2725,Social Workers,Post Graduate/ Graduate Diploma or Graduate Certificate ,30.2
2726,"Welfare, Recreation and Community Arts Workers",Post Graduate/ Graduate Diploma or Graduate Certificate ,19.0
3111,Agricultural Technicians,Post Graduate/ Graduate Diploma or Graduate Certificate ,11.7
3112,Medical Technicians,Post Graduate/ Graduate Diploma or Graduate Certificate ,7.9
3113,Primary Products Inspectors,Post Graduate/ Graduate Diploma or Graduate Certificate ,8.2
3114,Science Technicians,Post Graduate/ Graduate Diploma or Graduate Certificate ,13.4
3121,"Architectural, Building and Surveying Technicians",Post Graduate/ Graduate Diploma or Graduate Certificate ,6.9
3122,Civil Engineering Draftspersons and Technicians,Post Graduate/ Graduate Diploma or Graduate Certificate ,5.8
3123,"Electrical Engineering Draftspersons, Technicians",Post Graduate/ Graduate Diploma or Graduate Certificate ,4.0
3124,"Electronic Engineering Draftspersons, Technicians",Post Graduate/ Graduate Diploma or Graduate Certificate ,5.7
3125,"Mechanical Engineering Draftspersons, Technicians",Post Graduate/ Graduate Diploma or Graduate Certificate ,5.6
3126,Safety Inspectors,Post Graduate/ Graduate Diploma or Graduate Certificate ,15.1
3129,Other Building and Engineering Technicians,Post Graduate/ Graduate Diploma or Graduate Certificate ,5.0
3131,ICT Support Technicians,Post Graduate/ Graduate Diploma or Graduate Certificate ,13.7
3132,Telecommunications Technical Specialists,Post Graduate/ Graduate Diploma or Graduate Certificate ,11.4
3211,Automotive Electricians,Post Graduate/ Graduate Diploma or Graduate Certificate ,0.5
3212,Motor Mechanics,Post Graduate/ Graduate Diploma or Graduate Certificate ,0.7
3221,"Metal Casting, Forging and Finishing Trades",Post Graduate/ Graduate Diploma or Graduate Certificate ,0.5
3222,Sheetmetal Trades Workers,Post Graduate/ Graduate Diploma or Graduate Certificate ,0.4
3223,Structural Steel and Welding Trades Workers,Post Graduate/ Graduate Diploma or Graduate Certificate ,0.4
3231,Aircraft Maintenance Engineers,Post Graduate/ Graduate Diploma or Graduate Certificate ,2.9
3232,Metal Fitters and Machinists,Post Graduate/ Graduate Diploma or Graduate Certificate ,0.5
3233,Precision Metal Trades Workers,Post Graduate/ Graduate Diploma or Graduate Certificate ,2.7
3234,Toolmakers and Engineering Patternmakers,Post Graduate/ Graduate Diploma or Graduate Certificate ,1.1
3241,Panelbeaters,Post Graduate/ Graduate Diploma or Graduate Certificate ,0.2
3242,Vehicle Body Builders and Trimmers,Post Graduate/ Graduate Diploma or Graduate Certificate ,0.6
3243,Vehicle Painters,Post Graduate/ Graduate Diploma or Graduate Certificate ,0.2
3311,Bricklayers and Stonemasons,Post Graduate/ Graduate Diploma or Graduate Certificate ,0.4
3312,Carpenters and Joiners,Post Graduate/ Graduate Diploma or Graduate Certificate ,0.5
3321,Floor Finishers,Post Graduate/ Graduate Diploma or Graduate Certificate ,0.6
3322,Painting Trades Workers,Post Graduate/ Graduate Diploma or Graduate Certificate ,1.4
3331,Glaziers,Post Graduate/ Graduate Diploma or Graduate Certificate ,0.6
3332,Plasterers,Post Graduate/ Graduate Diploma or Graduate Certificate ,0.7
3333,Roof Tilers,Post Graduate/ Graduate Diploma or Graduate Certificate ,0.4
3334,Wall and Floor Tilers,Post Graduate/ Graduate Diploma or Graduate Certificate ,0.8
3341,Plumbers,Post Graduate/ Graduate Diploma or Graduate Certificate ,0.2
3411,Electricians,Post Graduate/ Graduate Diploma or Graduate Certificate ,0.6
3421,Airconditioning and Refrigeration Mechanics,Post Graduate/ Graduate Diploma or Graduate Certificate ,0.5
3422,Electrical Distribution Trades Workers,Post Graduate/ Graduate Diploma or Graduate Certificate ,0.2
3423,Electronics Trades Workers,Post Graduate/ Graduate Diploma or Graduate Certificate ,3.4
3424,Telecommunications Trades Workers,Post Graduate/ Graduate Diploma or Graduate Certificate ,4.6
3511,Bakers and Pastrycooks,Post Graduate/ Graduate Diploma or Graduate Certificate ,3.5
3512,Butchers and Smallgoods Makers,Post Graduate/ Graduate Diploma or Graduate Certificate ,0.5
3513,Chefs,Post Graduate/ Graduate Diploma or Graduate Certificate ,3.6
3514,Cooks,Post Graduate/ Graduate Diploma or Graduate Certificate ,3.7
3611,Animal Attendants and Trainers,Post Graduate/ Graduate Diploma or Graduate Certificate ,2.8
3612,Shearers,Post Graduate/ Graduate Diploma or Graduate Certificate ,0.1
3613,Veterinary Nurses,Post Graduate/ Graduate Diploma or Graduate Certificate ,1.3
3621,Florists,Post Graduate/ Graduate Diploma or Graduate Certificate ,3.1
3622,Gardeners,Post Graduate/ Graduate Diploma or Graduate Certificate ,1.7
3623,Greenkeepers,Post Graduate/ Graduate Diploma or Graduate Certificate ,1.1
3624,Nurserypersons,Post Graduate/ Graduate Diploma or Graduate Certificate ,3.4
3911,Hairdressers,Post Graduate/ Graduate Diploma or Graduate Certificate ,0.4
3921,Print Finishers and Screen Printers,Post Graduate/ Graduate Diploma or Graduate Certificate ,0.9
3922,Graphic Pre-press Trades Workers,Post Graduate/ Graduate Diploma or Graduate Certificate ,4.3
3923,Printers,Post Graduate/ Graduate Diploma or Graduate Certificate ,2.2
3931,Canvas and Leather Goods Makers,Post Graduate/ Graduate Diploma or Graduate Certificate ,2.0
3932,Clothing Trades Workers,Post Graduate/ Graduate Diploma or Graduate Certificate ,2.9
3933,Upholsterers,Post Graduate/ Graduate Diploma or Graduate Certificate ,1.0
3941,Cabinetmakers,Post Graduate/ Graduate Diploma or Graduate Certificate ,0.8
3942,Wood Machinists and Other Wood Trades Workers,Post Graduate/ Graduate Diploma or Graduate Certificate ,2.6
3991,Boat Builders and Shipwrights,Post Graduate/ Graduate Diploma or Graduate Certificate ,0.9
3992,"Chemical, Gas, Petroleum and Power Plant Operators",Post Graduate/ Graduate Diploma or Graduate Certificate ,1.9
3993,"Gallery, Library and Museum Technicians",Post Graduate/ Graduate Diploma or Graduate Certificate ,13.2
3994,Jewellers,Post Graduate/ Graduate Diploma or Graduate Certificate ,3.3
3995,Performing Arts Technicians,Post Graduate/ Graduate Diploma or Graduate Certificate ,4.4
3996,Signwriters,Post Graduate/ Graduate Diploma or Graduate Certificate ,1.2
3999,Other Miscellaneous Technicians and Trades Workers,Post Graduate/ Graduate Diploma or Graduate Certificate ,3.7
4111,Ambulance Officers and Paramedics,Post Graduate/ Graduate Diploma or Graduate Certificate ,9.5
4112,"Dental Hygienists, Technicians and Therapists",Post Graduate/ Graduate Diploma or Graduate Certificate ,3.4
4113,Diversional Therapists,Post Graduate/ Graduate Diploma or Graduate Certificate ,5.8
4114,Enrolled and Mothercraft Nurses,Post Graduate/ Graduate Diploma or Graduate Certificate ,1.9
4115,Indigenous Health Workers,Post Graduate/ Graduate Diploma or Graduate Certificate ,4.7
4116,Massage Therapists,Post Graduate/ Graduate Diploma or Graduate Certificate ,4.9
4117,Welfare Support Workers,Post Graduate/ Graduate Diploma or Graduate Certificate ,11.6
4211,Child Carers,Post Graduate/ Graduate Diploma or Graduate Certificate ,16.4
4221,Education Aides,Post Graduate/ Graduate Diploma or Graduate Certificate ,6.9
4231,Aged and Disabled Carers,Post Graduate/ Graduate Diploma or Graduate Certificate ,5.3
4232,Dental Assistants,Post Graduate/ Graduate Diploma or Graduate Certificate ,3.1
4233,Nursing Support and Personal Care Workers,Post Graduate/ Graduate Diploma or Graduate Certificate ,5.6
4234,Special Care Workers,Post Graduate/ Graduate Diploma or Graduate Certificate ,7.4
4311,Bar Attendants and Baristas,Post Graduate/ Graduate Diploma or Graduate Certificate ,2.2
4312,Cafe Workers,Post Graduate/ Graduate Diploma or Graduate Certificate ,2.1
4313,Gaming Workers,Post Graduate/ Graduate Diploma or Graduate Certificate ,6.4
4314,Hotel Service Managers,Post Graduate/ Graduate Diploma or Graduate Certificate ,7.9
4315,Waiters,Post Graduate/ Graduate Diploma or Graduate Certificate ,3.5
4319,Other Hospitality Workers,Post Graduate/ Graduate Diploma or Graduate Certificate ,3.4
4411,Defence Force Members - Other Ranks,Post Graduate/ Graduate Diploma or Graduate Certificate ,2.9
4412,Fire and Emergency Workers,Post Graduate/ Graduate Diploma or Graduate Certificate ,5.4
4413,Police,Post Graduate/ Graduate Diploma or Graduate Certificate ,6.5
4421,Prison Officers,Post Graduate/ Graduate Diploma or Graduate Certificate ,3.5
4422,Security Officers and Guards,Post Graduate/ Graduate Diploma or Graduate Certificate ,7.5
4511,Beauty Therapists,Post Graduate/ Graduate Diploma or Graduate Certificate ,2.5
4512,Driving Instructors,Post Graduate/ Graduate Diploma or Graduate Certificate ,5.7
4513,Funeral Workers,Post Graduate/ Graduate Diploma or Graduate Certificate ,3.4
4514,"Gallery, Museum and Tour Guides",Post Graduate/ Graduate Diploma or Graduate Certificate ,13.3
4515,Personal Care Consultants,Post Graduate/ Graduate Diploma or Graduate Certificate ,5.3
4516,Tourism and Travel Advisers,Post Graduate/ Graduate Diploma or Graduate Certificate ,4.7
4517,Travel Attendants,Post Graduate/ Graduate Diploma or Graduate Certificate ,2.4
4518,Other Personal Service Workers,Post Graduate/ Graduate Diploma or Graduate Certificate ,8.0
4521,Fitness Instructors,Post Graduate/ Graduate Diploma or Graduate Certificate ,6.6
4522,Outdoor Adventure Guides,Post Graduate/ Graduate Diploma or Graduate Certificate ,10.2
4523,"Sports Coaches, Instructors and Officials",Post Graduate/ Graduate Diploma or Graduate Certificate ,4.1
4524,Sportspersons,Post Graduate/ Graduate Diploma or Graduate Certificate ,1.6
5111,"Contract, Program and Project Administrators",Post Graduate/ Graduate Diploma or Graduate Certificate ,19.8
5121,Office Managers,Post Graduate/ Graduate Diploma or Graduate Certificate ,5.6
5122,Practice Managers,Post Graduate/ Graduate Diploma or Graduate Certificate ,11.0
5211,Personal Assistants,Post Graduate/ Graduate Diploma or Graduate Certificate ,4.8
5212,Secretaries,Post Graduate/ Graduate Diploma or Graduate Certificate ,5.0
5311,General Clerks,Post Graduate/ Graduate Diploma or Graduate Certificate ,6.4
5321,Keyboard Operators,Post Graduate/ Graduate Diploma or Graduate Certificate ,5.0
5411,Call or Contact Centre Workers,Post Graduate/ Graduate Diploma or Graduate Certificate ,5.4
5412,Information Officers,Post Graduate/ Graduate Diploma or Graduate Certificate ,8.0
5421,Receptionists,Post Graduate/ Graduate Diploma or Graduate Certificate ,3.1
5511,Accounting Clerks,Post Graduate/ Graduate Diploma or Graduate Certificate ,8.7
5512,Bookkeepers,Post Graduate/ Graduate Diploma or Graduate Certificate ,7.1
5513,Payroll Clerks,Post Graduate/ Graduate Diploma or Graduate Certificate ,8.2
5521,Bank Workers,Post Graduate/ Graduate Diploma or Graduate Certificate ,12.3
5522,Credit and Loans Officers,Post Graduate/ Graduate Diploma or Graduate Certificate ,14.0
5523,"Insurance, Money Market and Statistical Clerks",Post Graduate/ Graduate Diploma or Graduate Certificate ,8.8
5611,Betting Clerks,Post Graduate/ Graduate Diploma or Graduate Certificate ,3.5
5612,Couriers and Postal Deliverers,Post Graduate/ Graduate Diploma or Graduate Certificate ,4.6
5613,Filing and Registry Clerks,Post Graduate/ Graduate Diploma or Graduate Certificate ,7.8
5614,Mail Sorters,Post Graduate/ Graduate Diploma or Graduate Certificate ,4.2
5615,Survey Interviewers,Post Graduate/ Graduate Diploma or Graduate Certificate ,14.8
5616,Switchboard Operators,Post Graduate/ Graduate Diploma or Graduate Certificate ,3.1
5619,Other Clerical and Office Support Workers,Post Graduate/ Graduate Diploma or Graduate Certificate ,7.4
5911,Purchasing and Supply Logistics Clerks,Post Graduate/ Graduate Diploma or Graduate Certificate ,6.6
5912,Transport and Despatch Clerks,Post Graduate/ Graduate Diploma or Graduate Certificate ,5.6
5991,Conveyancers and Legal Executives,Post Graduate/ Graduate Diploma or Graduate Certificate ,8.2
5992,Court and Legal Clerks,Post Graduate/ Graduate Diploma or Graduate Certificate ,7.9
5993,Debt Collectors,Post Graduate/ Graduate Diploma or Graduate Certificate ,6.1
5994,Human Resource Clerks,Post Graduate/ Graduate Diploma or Graduate Certificate ,7.7
5995,Inspectors and Regulatory Officers,Post Graduate/ Graduate Diploma or Graduate Certificate ,12.3
5996,"Insurance Investigators, Loss Adjusters and Risk Surveyors",Post Graduate/ Graduate Diploma or Graduate Certificate ,10.1
5997,Library Assistants,Post Graduate/ Graduate Diploma or Graduate Certificate ,10.7
5999,Other Miscellaneous Clerical and Administrative Workers,Post Graduate/ Graduate Diploma or Graduate Certificate ,9.8
6111,"Auctioneers, and Stock and Station Agents",Post Graduate/ Graduate Diploma or Graduate Certificate ,1.5
6112,Insurance Agents,Post Graduate/ Graduate Diploma or Graduate Certificate ,7.5
6113,Sales Representatives,Post Graduate/ Graduate Diploma or Graduate Certificate ,5.8
6121,Real Estate Sales Agents,Post Graduate/ Graduate Diploma or Graduate Certificate ,7.7
6211,Sales Assistants (General),Post Graduate/ Graduate Diploma or Graduate Certificate ,3.0
6212,ICT Sales Assistants,Post Graduate/ Graduate Diploma or Graduate Certificate ,10.4
6213,Motor Vehicle and Vehicle Parts Salespersons,Post Graduate/ Graduate Diploma or Graduate Certificate ,1.7
6214,Pharmacy Sales Assistants,Post Graduate/ Graduate Diploma or Graduate Certificate ,2.8
6215,Retail Supervisors,Post Graduate/ Graduate Diploma or Graduate Certificate ,4.2
6216,Service Station Attendants,Post Graduate/ Graduate Diploma or Graduate Certificate ,13.5
6217,Street Vendors and Related Salespersons,Post Graduate/ Graduate Diploma or Graduate Certificate ,7.7
6219,Other Sales Assistants and Salespersons,Post Graduate/ Graduate Diploma or Graduate Certificate ,3.2
6311,Checkout Operators and Office Cashiers,Post Graduate/ Graduate Diploma or Graduate Certificate ,3.4
6391,Models and Sales Demonstrators,Post Graduate/ Graduate Diploma or Graduate Certificate ,2.9
6392,Retail and Wool Buyers,Post Graduate/ Graduate Diploma or Graduate Certificate ,7.1
6393,Telemarketers,Post Graduate/ Graduate Diploma or Graduate Certificate ,4.7
6394,Ticket Salespersons,Post Graduate/ Graduate Diploma or Graduate Certificate ,4.6
6395,Visual Merchandisers,Post Graduate/ Graduate Diploma or Graduate Certificate ,2.3
6399,Other Sales Support Workers,Post Graduate/ Graduate Diploma or Graduate Certificate ,5.4
7111,"Clay, Concrete, Glass and Stone Processing Machine Operators",Post Graduate/ Graduate Diploma or Graduate Certificate ,1.7
7112,Industrial Spraypainters,Post Graduate/ Graduate Diploma or Graduate Certificate ,0.5
7113,Paper and Wood Processing Machine Operators,Post Graduate/ Graduate Diploma or Graduate Certificate ,1.0
7114,Photographic Developers and Printers,Post Graduate/ Graduate Diploma or Graduate Certificate ,4.2
7115,Plastics and Rubber Production Machine Operators,Post Graduate/ Graduate Diploma or Graduate Certificate ,1.2
7116,Sewing Machinists,Post Graduate/ Graduate Diploma or Graduate Certificate ,1.7
7117,Textile and Footwear Production Machine Operators,Post Graduate/ Graduate Diploma or Graduate Certificate ,2.2
7119,Other Machine Operators,Post Graduate/ Graduate Diploma or Graduate Certificate ,3.8
7121,"Crane, Hoist and Lift Operators",Post Graduate/ Graduate Diploma or Graduate Certificate ,0.5
7122,"Drillers, Miners and Shot Firers",Post Graduate/ Graduate Diploma or Graduate Certificate ,0.6
7123,Engineering Production Workers,Post Graduate/ Graduate Diploma or Graduate Certificate ,1.6
7129,Other Stationary Plant Operators,Post Graduate/ Graduate Diploma or Graduate Certificate ,1.8
7211,"Agricultural, Forestry and Horticultural Plant Operators",Post Graduate/ Graduate Diploma or Graduate Certificate ,0.7
7212,Earthmoving Plant Operators,Post Graduate/ Graduate Diploma or Graduate Certificate ,0.2
7213,Forklift Drivers,Post Graduate/ Graduate Diploma or Graduate Certificate ,1.5
7219,Other Mobile Plant Operators,Post Graduate/ Graduate Diploma or Graduate Certificate ,1.2
7311,Automobile Drivers,Post Graduate/ Graduate Diploma or Graduate Certificate ,11.7
7312,Bus and Coach Drivers,Post Graduate/ Graduate Diploma or Graduate Certificate ,4.0
7313,Train and Tram Drivers,Post Graduate/ Graduate Diploma or Graduate Certificate ,2.9
7321,Delivery Drivers,Post Graduate/ Graduate Diploma or Graduate Certificate ,6.7
7331,Truck Drivers,Post Graduate/ Graduate Diploma or Graduate Certificate ,1.3
7411,Storepersons,Post Graduate/ Graduate Diploma or Graduate Certificate ,3.5
8111,Car Detailers,Post Graduate/ Graduate Diploma or Graduate Certificate ,2.3
8112,Commercial Cleaners,Post Graduate/ Graduate Diploma or Graduate Certificate ,4.5
8113,Domestic Cleaners,Post Graduate/ Graduate Diploma or Graduate Certificate ,2.9
8114,Housekeepers,Post Graduate/ Graduate Diploma or Graduate Certificate ,4.1
8115,Laundry Workers,Post Graduate/ Graduate Diploma or Graduate Certificate ,2.7
8116,Other Cleaners,Post Graduate/ Graduate Diploma or Graduate Certificate ,1.5
8211,Building and Plumbing Labourers,Post Graduate/ Graduate Diploma or Graduate Certificate ,1.1
8212,Concreters,Post Graduate/ Graduate Diploma or Graduate Certificate ,0.3
8213,Fencers,Post Graduate/ Graduate Diploma or Graduate Certificate ,0.7
8214,Insulation and Home Improvement Installers,Post Graduate/ Graduate Diploma or Graduate Certificate ,0.9
8215,Paving and Surfacing Labourers,Post Graduate/ Graduate Diploma or Graduate Certificate ,0.5
8216,Railway Track Workers,Post Graduate/ Graduate Diploma or Graduate Certificate ,1.3
8217,Structural Steel Construction Workers,Post Graduate/ Graduate Diploma or Graduate Certificate ,0.6
8219,Other Construction and Mining Labourers,Post Graduate/ Graduate Diploma or Graduate Certificate ,1.9
8311,Food and Drink Factory Workers,Post Graduate/ Graduate Diploma or Graduate Certificate ,4.1
8312,"Meat Boners and Slicers, and Slaughterers",Post Graduate/ Graduate Diploma or Graduate Certificate ,0.9
8313,"Meat, Poultry and Seafood Process Workers",Post Graduate/ Graduate Diploma or Graduate Certificate ,2.7
8321,Packers,Post Graduate/ Graduate Diploma or Graduate Certificate ,3.3
8322,Product Assemblers,Post Graduate/ Graduate Diploma or Graduate Certificate ,2.6
8391,Metal Engineering Process Workers,Post Graduate/ Graduate Diploma or Graduate Certificate ,0.9
8392,Plastics and Rubber Factory Workers,Post Graduate/ Graduate Diploma or Graduate Certificate ,2.1
8393,Product Quality Controllers,Post Graduate/ Graduate Diploma or Graduate Certificate ,8.9
8394,Timber and Wood Process Workers,Post Graduate/ Graduate Diploma or Graduate Certificate ,1.0
8399,Other Factory Process Workers,Post Graduate/ Graduate Diploma or Graduate Certificate ,2.3
8411,Aquaculture Workers,Post Graduate/ Graduate Diploma or Graduate Certificate ,4.0
8412,Crop Farm Workers,Post Graduate/ Graduate Diploma or Graduate Certificate ,2.2
8413,Forestry and Logging Workers,Post Graduate/ Graduate Diploma or Graduate Certificate ,1.3
8414,Garden and Nursery Labourers,Post Graduate/ Graduate Diploma or Graduate Certificate ,1.1
8415,Livestock Farm Workers,Post Graduate/ Graduate Diploma or Graduate Certificate ,1.3
8416,Mixed Crop and Livestock Farm Workers,Post Graduate/ Graduate Diploma or Graduate Certificate ,0.8
8419,"Other Farm, Forestry and Garden Workers",Post Graduate/ Graduate Diploma or Graduate Certificate ,2.6
8511,Fast Food Cooks,Post Graduate/ Graduate Diploma or Graduate Certificate ,1.8
8512,Food Trades Assistants,Post Graduate/ Graduate Diploma or Graduate Certificate ,2.7
8513,Kitchenhands,Post Graduate/ Graduate Diploma or Graduate Certificate ,2.9
8911,Freight and Furniture Handlers,Post Graduate/ Graduate Diploma or Graduate Certificate ,1.3
8912,Shelf Fillers,Post Graduate/ Graduate Diploma or Graduate Certificate ,2.9
8991,Caretakers,Post Graduate/ Graduate Diploma or Graduate Certificate ,2.8
8992,Deck and Fishing Hands,Post Graduate/ Graduate Diploma or Graduate Certificate ,1.2
8993,Handypersons,Post Graduate/ Graduate Diploma or Graduate Certificate ,2.1
8994,Motor Vehicle Parts and Accessories Fitters,Post Graduate/ Graduate Diploma or Graduate Certificate ,0.5
8995,Printing Assistants and Table Workers,Post Graduate/ Graduate Diploma or Graduate Certificate ,2.3
8996,Recycling and Rubbish Collectors,Post Graduate/ Graduate Diploma or Graduate Certificate ,1.0
8997,Vending Machine Attendants,Post Graduate/ Graduate Diploma or Graduate Certificate ,2.9
8999,Other Miscellaneous Labourers,Post Graduate/ Graduate Diploma or Graduate Certificate ,2.3
111211,Corporate General Managers,Post Graduate/ Graduate Diploma or Graduate Certificate ,22.2
111212,Defence Force Senior Officers,Post Graduate/ Graduate Diploma or Graduate Certificate ,72.6
111311,Local Government Legislators,Post Graduate/ Graduate Diploma or Graduate Certificate ,19.6
111312,Members of Parliament,Post Graduate/ Graduate Diploma or Graduate Certificate ,31.1
111399,Other Legislators,Post Graduate/ Graduate Diploma or Graduate Certificate ,25.7
121211,Cotton Growers,Post Graduate/ Graduate Diploma or Graduate Certificate ,1.5
121212,Flower Growers,Post Graduate/ Graduate Diploma or Graduate Certificate ,4.7
121213,Fruit and Nut Growers,Post Graduate/ Graduate Diploma or Graduate Certificate ,4.3
121214,"Grain, Oilseed and Pasture Growers",Post Graduate/ Graduate Diploma or Graduate Certificate ,2.1
121215,Grape Growers,Post Graduate/ Graduate Diploma or Graduate Certificate ,6.4
121216,Mixed Crop Farmers,Post Graduate/ Graduate Diploma or Graduate Certificate ,2.6
121217,Sugar Cane Growers,Post Graduate/ Graduate Diploma or Graduate Certificate ,0.7
121218,Turf Growers,Post Graduate/ Graduate Diploma or Graduate Certificate ,1.0
121221,Vegetable Growers,Post Graduate/ Graduate Diploma or Graduate Certificate ,2.7
121299,Other Crop Farmers,Post Graduate/ Graduate Diploma or Graduate Certificate ,5.9
121311,Beekeepers,Post Graduate/ Graduate Diploma or Graduate Certificate ,5.1
121312,Beef Cattle Farmers,Post Graduate/ Graduate Diploma or Graduate Certificate ,3.6
121313,Dairy Cattle Farmers,Post Graduate/ Graduate Diploma or Graduate Certificate ,1.8
121314,Deer Farmers,Post Graduate/ Graduate Diploma or Graduate Certificate ,
121315,Goat Farmers,Post Graduate/ Graduate Diploma or Graduate Certificate ,8.3
121316,Horse Breeders,Post Graduate/ Graduate Diploma or Graduate Certificate ,3.4
121317,Mixed Livestock Farmers,Post Graduate/ Graduate Diploma or Graduate Certificate ,3.0
121318,Pig Farmers,Post Graduate/ Graduate Diploma or Graduate Certificate ,2.4
121321,Poultry Farmers,Post Graduate/ Graduate Diploma or Graduate Certificate ,3.5
121322,Sheep Farmers,Post Graduate/ Graduate Diploma or Graduate Certificate ,3.0
121399,Other Livestock Farmers,Post Graduate/ Graduate Diploma or Graduate Certificate ,6.6
131112,Sales and Marketing Managers,Post Graduate/ Graduate Diploma or Graduate Certificate ,15.5
131113,Advertising Managers,Post Graduate/ Graduate Diploma or Graduate Certificate ,10.0
131114,Public Relations Managers,Post Graduate/ Graduate Diploma or Graduate Certificate ,29.1
133111,Construction Project Managers,Post Graduate/ Graduate Diploma or Graduate Certificate ,10.8
133112,Project Builders,Post Graduate/ Graduate Diploma or Graduate Certificate ,2.8
133311,Importers and Exporters,Post Graduate/ Graduate Diploma or Graduate Certificate ,14.1
133312,Wholesalers,Post Graduate/ Graduate Diploma or Graduate Certificate ,6.8
133511,Forest Managers,Post Graduate/ Graduate Diploma or Graduate Certificate ,8.7
133512,Manufacturing Production Managers,Post Graduate/ Graduate Diploma or Graduate Certificate ,7.5
133513,Mine Managers,Post Graduate/ Graduate Diploma or Graduate Certificate ,15.5
133611,Supply and Distribution Managers,Post Graduate/ Graduate Diploma or Graduate Certificate ,12.3
133612,Procurement Managers,Post Graduate/ Graduate Diploma or Graduate Certificate ,22.5
134211,Medical Administrators,Post Graduate/ Graduate Diploma or Graduate Certificate ,32.7
134212,Nursing Clinical Directors,Post Graduate/ Graduate Diploma or Graduate Certificate ,44.7
134213,Primary Health Organisation Managers,Post Graduate/ Graduate Diploma or Graduate Certificate ,39.1
134214,Welfare Centre Managers,Post Graduate/ Graduate Diploma or Graduate Certificate ,20.5
134299,Other Health and Welfare Services Managers,Post Graduate/ Graduate Diploma or Graduate Certificate ,26.2
134411,Faculty Heads,Post Graduate/ Graduate Diploma or Graduate Certificate ,61.4
134412,Regional Education Managers,Post Graduate/ Graduate Diploma or Graduate Certificate ,41.3
134499,Education Managers (not covered elsewhere),Post Graduate/ Graduate Diploma or Graduate Certificate ,44.9
135111,Chief Information Officers,Post Graduate/ Graduate Diploma or Graduate Certificate ,31.0
135112,ICT Project Managers,Post Graduate/ Graduate Diploma or Graduate Certificate ,26.6
135199,Other ICT Managers,Post Graduate/ Graduate Diploma or Graduate Certificate ,21.7
139111,Commissioned Defence Force Officers,Post Graduate/ Graduate Diploma or Graduate Certificate ,26.4
139112,Commissioned Fire Officers,Post Graduate/ Graduate Diploma or Graduate Certificate ,12.0
139113,Commissioned Police Officers,Post Graduate/ Graduate Diploma or Graduate Certificate ,40.2
139911,Arts Administrators and Managers,Post Graduate/ Graduate Diploma or Graduate Certificate ,31.2
139912,Environmental Managers,Post Graduate/ Graduate Diploma or Graduate Certificate ,35.6
139913,Laboratory Managers,Post Graduate/ Graduate Diploma or Graduate Certificate ,30.1
139914,Quality Assurance Managers,Post Graduate/ Graduate Diploma or Graduate Certificate ,24.1
139915,Sports Administrators,Post Graduate/ Graduate Diploma or Graduate Certificate ,12.9
139999,Specialist Managers (not covered elsewhere),Post Graduate/ Graduate Diploma or Graduate Certificate ,21.7
141911,Bed and Breakfast Operators,Post Graduate/ Graduate Diploma or Graduate Certificate ,11.1
141912,Retirement Village Managers,Post Graduate/ Graduate Diploma or Graduate Certificate ,7.6
141999,Accommodation and Hospitality Managers (not covered elsewhere),Post Graduate/ Graduate Diploma or Graduate Certificate ,9.4
142111,Retail Managers (General),Post Graduate/ Graduate Diploma or Graduate Certificate ,6.4
142112,Antique Dealers,Post Graduate/ Graduate Diploma or Graduate Certificate ,7.8
142113,Betting Agency Managers,Post Graduate/ Graduate Diploma or Graduate Certificate ,2.8
142114,Hair and Beauty Salon Managers,Post Graduate/ Graduate Diploma or Graduate Certificate ,3.4
142115,Post Office Managers,Post Graduate/ Graduate Diploma or Graduate Certificate ,9.6
142116,Travel Agency Managers,Post Graduate/ Graduate Diploma or Graduate Certificate ,9.4
149111,Amusement Centre Managers,Post Graduate/ Graduate Diploma or Graduate Certificate ,6.1
149112,Fitness Centre Managers,Post Graduate/ Graduate Diploma or Graduate Certificate ,5.2
149113,Sports Centre Managers,Post Graduate/ Graduate Diploma or Graduate Certificate ,5.4
149211,Call Centre or Contact Centre Managers,Post Graduate/ Graduate Diploma or Graduate Certificate ,6.5
149212,Customer Service Managers,Post Graduate/ Graduate Diploma or Graduate Certificate ,10.2
149411,Fleet Managers,Post Graduate/ Graduate Diploma or Graduate Certificate ,5.4
149412,Railway Station Managers,Post Graduate/ Graduate Diploma or Graduate Certificate ,8.9
149413,Transport Company Managers,Post Graduate/ Graduate Diploma or Graduate Certificate ,5.9
149911,Boarding Kennel and Cattery Operators,Post Graduate/ Graduate Diploma or Graduate Certificate ,4.4
149912,Cinema and Theatre Managers,Post Graduate/ Graduate Diploma or Graduate Certificate ,6.1
149913,Facilities Managers,Post Graduate/ Graduate Diploma or Graduate Certificate ,8.3
149914,Bank Managers and Branch Managers,Post Graduate/ Graduate Diploma or Graduate Certificate ,13.2
149915,Equipment Hire Managers,Post Graduate/ Graduate Diploma or Graduate Certificate ,3.3
149999,"Hospitality, Retail and Service Managers (not covered elsewhere)",Post Graduate/ Graduate Diploma or Graduate Certificate ,9.3
211111,Actors,Post Graduate/ Graduate Diploma or Graduate Certificate ,8.5
211112,Dancers and Choreographers,Post Graduate/ Graduate Diploma or Graduate Certificate ,8.1
211113,Entertainers and Variety Artists,Post Graduate/ Graduate Diploma or Graduate Certificate ,4.5
211199,"Other Actors, Dancers and Entertainers",Post Graduate/ Graduate Diploma or Graduate Certificate ,7.7
211211,Composers,Post Graduate/ Graduate Diploma or Graduate Certificate ,25.1
211212,Music Directors,Post Graduate/ Graduate Diploma or Graduate Certificate ,33.4
211213,Musicians,Post Graduate/ Graduate Diploma or Graduate Certificate ,16.0
211214,Singers,Post Graduate/ Graduate Diploma or Graduate Certificate ,13.7
211299,Other Music Professionals,Post Graduate/ Graduate Diploma or Graduate Certificate ,46.6
211411,Painters (Visual Arts),Post Graduate/ Graduate Diploma or Graduate Certificate ,13.6
211412,Potters and Ceramic Artists,Post Graduate/ Graduate Diploma or Graduate Certificate ,13.3
211413,Sculptors,Post Graduate/ Graduate Diploma or Graduate Certificate ,13.8
211499,Other Visual Arts or Crafts Professionals,Post Graduate/ Graduate Diploma or Graduate Certificate ,9.4
212111,Artistic Directors,Post Graduate/ Graduate Diploma or Graduate Certificate ,31.2
212112,Media Producers,Post Graduate/ Graduate Diploma or Graduate Certificate ,11.1
212113,Radio Presenters,Post Graduate/ Graduate Diploma or Graduate Certificate ,8.2
212114,Television Presenters,Post Graduate/ Graduate Diploma or Graduate Certificate ,8.4
212211,Authors,Post Graduate/ Graduate Diploma or Graduate Certificate ,30.8
212212,Book and Script Editors,Post Graduate/ Graduate Diploma or Graduate Certificate ,44.9
212311,"Art Directors (Film, Television or Stage)",Post Graduate/ Graduate Diploma or Graduate Certificate ,12.2
212312,"Directors (Film, Television, Radio or Stage)",Post Graduate/ Graduate Diploma or Graduate Certificate ,13.8
212313,Cinematographers,Post Graduate/ Graduate Diploma or Graduate Certificate ,9.2
212314,Film and Video Editors,Post Graduate/ Graduate Diploma or Graduate Certificate ,7.9
212315,Program Directors (Television or Radio),Post Graduate/ Graduate Diploma or Graduate Certificate ,15.5
212316,Stage Managers,Post Graduate/ Graduate Diploma or Graduate Certificate ,3.6
212317,Technical Directors,Post Graduate/ Graduate Diploma or Graduate Certificate ,9.7
212318,Video Producers,Post Graduate/ Graduate Diploma or Graduate Certificate ,11.3
212399,"Other Film, Television, Radio and Stage Directors",Post Graduate/ Graduate Diploma or Graduate Certificate ,8.5
212411,Copywriters,Post Graduate/ Graduate Diploma or Graduate Certificate ,17.4
212412,Newspaper and Periodical Editors,Post Graduate/ Graduate Diploma or Graduate Certificate ,23.3
212413,Print Journalists,Post Graduate/ Graduate Diploma or Graduate Certificate ,16.9
212414,Radio Journalists,Post Graduate/ Graduate Diploma or Graduate Certificate ,18.3
212415,Technical Writers,Post Graduate/ Graduate Diploma or Graduate Certificate ,30.0
212416,Television Journalists,Post Graduate/ Graduate Diploma or Graduate Certificate ,15.1
212499,"Bloggers, Critics, Sports and Other Writers (not covered elsewhere)",Post Graduate/ Graduate Diploma or Graduate Certificate ,20.0
221111,Accountants (General),Post Graduate/ Graduate Diploma or Graduate Certificate ,28.8
221112,Management Accountants,Post Graduate/ Graduate Diploma or Graduate Certificate ,31.9
221113,Taxation Accountants,Post Graduate/ Graduate Diploma or Graduate Certificate ,30.5
221211,Company Secretaries,Post Graduate/ Graduate Diploma or Graduate Certificate ,34.9
221212,Corporate Treasurers,Post Graduate/ Graduate Diploma or Graduate Certificate ,34.5
221213,External Auditors,Post Graduate/ Graduate Diploma or Graduate Certificate ,25.3
221214,Internal Auditors,Post Graduate/ Graduate Diploma or Graduate Certificate ,26.3
222111,Commodities Traders,Post Graduate/ Graduate Diploma or Graduate Certificate ,10.2
222112,Finance Brokers,Post Graduate/ Graduate Diploma or Graduate Certificate ,13.9
222113,Insurance Brokers,Post Graduate/ Graduate Diploma or Graduate Certificate ,7.8
222199,Other Financial Brokers,Post Graduate/ Graduate Diploma or Graduate Certificate ,12.8
222211,Financial Market Dealers,Post Graduate/ Graduate Diploma or Graduate Certificate ,21.4
222212,Futures Traders,Post Graduate/ Graduate Diploma or Graduate Certificate ,18.0
222213,Stockbrokers,Post Graduate/ Graduate Diploma or Graduate Certificate ,21.5
222299,Other Financial Dealers,Post Graduate/ Graduate Diploma or Graduate Certificate ,25.1
222311,Financial Investment Advisers,Post Graduate/ Graduate Diploma or Graduate Certificate ,26.4
222312,Financial Investment Managers,Post Graduate/ Graduate Diploma or Graduate Certificate ,31.5
223111,Human Resource Advisers,Post Graduate/ Graduate Diploma or Graduate Certificate ,18.8
223112,Recruitment Consultants,Post Graduate/ Graduate Diploma or Graduate Certificate ,10.2
223113,Workplace Relations Advisers,Post Graduate/ Graduate Diploma or Graduate Certificate ,21.8
224111,Actuaries,Post Graduate/ Graduate Diploma or Graduate Certificate ,25.1
224112,Mathematicians,Post Graduate/ Graduate Diploma or Graduate Certificate ,67.1
224113,Statisticians,Post Graduate/ Graduate Diploma or Graduate Certificate ,56.5
224211,Archivists,Post Graduate/ Graduate Diploma or Graduate Certificate ,47.1
224212,Gallery and Museum Curators,Post Graduate/ Graduate Diploma or Graduate Certificate ,59.0
224213,Health Information Managers,Post Graduate/ Graduate Diploma or Graduate Certificate ,30.6
224214,Records Managers,Post Graduate/ Graduate Diploma or Graduate Certificate ,18.1
224411,Intelligence Officers,Post Graduate/ Graduate Diploma or Graduate Certificate ,27.1
224412,Policy Analysts,Post Graduate/ Graduate Diploma or Graduate Certificate ,43.5
224511,Land Economists,Post Graduate/ Graduate Diploma or Graduate Certificate ,21.3
224512,Valuers,Post Graduate/ Graduate Diploma or Graduate Certificate ,15.1
224711,Management Consultants,Post Graduate/ Graduate Diploma or Graduate Certificate ,33.9
224712,Organisation and Methods Analysts,Post Graduate/ Graduate Diploma or Graduate Certificate ,28.4
224911,Electorate Officers,Post Graduate/ Graduate Diploma or Graduate Certificate ,18.9
224912,Liaison Officers,Post Graduate/ Graduate Diploma or Graduate Certificate ,19.4
224913,Migration Agents,Post Graduate/ Graduate Diploma or Graduate Certificate ,60.0
224914,Patents Examiners,Post Graduate/ Graduate Diploma or Graduate Certificate ,57.1
224999,Information and Organisation Professionals (not covered elsewhere),Post Graduate/ Graduate Diploma or Graduate Certificate ,32.7
225111,Advertising Specialists,Post Graduate/ Graduate Diploma or Graduate Certificate ,10.7
225112,Market Research Analysts,Post Graduate/ Graduate Diploma or Graduate Certificate ,27.0
225113,Marketing Specialists,Post Graduate/ Graduate Diploma or Graduate Certificate ,18.6
225211,ICT Account Managers,Post Graduate/ Graduate Diploma or Graduate Certificate ,15.1
225212,ICT Business Development Managers,Post Graduate/ Graduate Diploma or Graduate Certificate ,20.8
225213,ICT Sales Representatives,Post Graduate/ Graduate Diploma or Graduate Certificate ,14.0
225411,Sales Representatives (Industrial Products),Post Graduate/ Graduate Diploma or Graduate Certificate ,6.4
225412,Sales Representatives (Medical and Pharmaceutical Products),Post Graduate/ Graduate Diploma or Graduate Certificate ,16.1
225499,Other Technical Sales Representatives,Post Graduate/ Graduate Diploma or Graduate Certificate ,16.0
231111,Aeroplane Pilots,Post Graduate/ Graduate Diploma or Graduate Certificate ,7.2
231112,Air Traffic Controllers,Post Graduate/ Graduate Diploma or Graduate Certificate ,8.2
231113,Flying Instructors,Post Graduate/ Graduate Diploma or Graduate Certificate ,8.4
231114,Helicopter Pilots,Post Graduate/ Graduate Diploma or Graduate Certificate ,6.4
231199,Other Air Transport Professionals,Post Graduate/ Graduate Diploma or Graduate Certificate ,9.1
231211,Master Fishers,Post Graduate/ Graduate Diploma or Graduate Certificate ,1.9
231212,Marine Engineers,Post Graduate/ Graduate Diploma or Graduate Certificate ,7.3
231213,Ship's Masters,Post Graduate/ Graduate Diploma or Graduate Certificate ,3.8
231214,Ship's Officers,Post Graduate/ Graduate Diploma or Graduate Certificate ,4.0
231215,Marine Surveyors,Post Graduate/ Graduate Diploma or Graduate Certificate ,7.7
231299,Other Marine Transport Professionals,Post Graduate/ Graduate Diploma or Graduate Certificate ,7.2
232111,Architects,Post Graduate/ Graduate Diploma or Graduate Certificate ,48.8
232112,Landscape Architects,Post Graduate/ Graduate Diploma or Graduate Certificate ,32.9
232212,Surveyors,Post Graduate/ Graduate Diploma or Graduate Certificate ,6.9
232213,Cartographers,Post Graduate/ Graduate Diploma or Graduate Certificate ,12.4
232214,Other Spatial Scientists,Post Graduate/ Graduate Diploma or Graduate Certificate ,33.0
232311,Fashion Designers,Post Graduate/ Graduate Diploma or Graduate Certificate ,5.5
232312,Industrial Designers,Post Graduate/ Graduate Diploma or Graduate Certificate ,12.4
232313,Jewellery Designers,Post Graduate/ Graduate Diploma or Graduate Certificate ,7.4
232411,Graphic Designers,Post Graduate/ Graduate Diploma or Graduate Certificate ,6.6
232412,Illustrators (including Animators),Post Graduate/ Graduate Diploma or Graduate Certificate ,11.1
232413,Multimedia Designers,Post Graduate/ Graduate Diploma or Graduate Certificate ,20.1
232414,Web Designers,Post Graduate/ Graduate Diploma or Graduate Certificate ,12.6
233111,Chemical Engineers,Post Graduate/ Graduate Diploma or Graduate Certificate ,30.9
233112,Materials Engineers,Post Graduate/ Graduate Diploma or Graduate Certificate ,38.4
233211,Civil Engineers,Post Graduate/ Graduate Diploma or Graduate Certificate ,22.2
233212,Geotechnical Engineers,Post Graduate/ Graduate Diploma or Graduate Certificate ,47.3
233213,Quantity Surveyors,Post Graduate/ Graduate Diploma or Graduate Certificate ,20.5
233214,Structural Engineers,Post Graduate/ Graduate Diploma or Graduate Certificate ,28.1
233215,Transport Engineers,Post Graduate/ Graduate Diploma or Graduate Certificate ,26.1
233511,Industrial Engineers,Post Graduate/ Graduate Diploma or Graduate Certificate ,27.0
233512,Mechanical Engineers,Post Graduate/ Graduate Diploma or Graduate Certificate ,23.2
233513,Production and Plant Engineers,Post Graduate/ Graduate Diploma or Graduate Certificate ,21.0
233611,Mining Engineers (excluding Petroleum),Post Graduate/ Graduate Diploma or Graduate Certificate ,26.8
233612,Petroleum Engineers,Post Graduate/ Graduate Diploma or Graduate Certificate ,31.8
233911,Aeronautical Engineers,Post Graduate/ Graduate Diploma or Graduate Certificate ,29.2
233912,Agricultural Engineers,Post Graduate/ Graduate Diploma or Graduate Certificate ,20.6
233913,Biomedical Engineers,Post Graduate/ Graduate Diploma or Graduate Certificate ,32.8
233914,Engineering Technologists,Post Graduate/ Graduate Diploma or Graduate Certificate ,44.5
233915,Environmental Engineers,Post Graduate/ Graduate Diploma or Graduate Certificate ,37.5
233916,Naval Architects,Post Graduate/ Graduate Diploma or Graduate Certificate ,20.8
233999,Engineering Professionals (not covered elsewhere),Post Graduate/ Graduate Diploma or Graduate Certificate ,31.4
234111,Agricultural Consultants,Post Graduate/ Graduate Diploma or Graduate Certificate ,22.2
234112,Agricultural Scientists,Post Graduate/ Graduate Diploma or Graduate Certificate ,33.8
234113,Foresters,Post Graduate/ Graduate Diploma or Graduate Certificate ,16.4
234211,Chemists,Post Graduate/ Graduate Diploma or Graduate Certificate ,33.0
234212,Food Technologists,Post Graduate/ Graduate Diploma or Graduate Certificate ,29.3
234213,Wine Makers,Post Graduate/ Graduate Diploma or Graduate Certificate ,13.1
234311,Conservation Officers,Post Graduate/ Graduate Diploma or Graduate Certificate ,26.1
234312,Environmental Consultants,Post Graduate/ Graduate Diploma or Graduate Certificate ,36.9
234313,Environmental Research Scientists,Post Graduate/ Graduate Diploma or Graduate Certificate ,39.0
234314,Park Rangers,Post Graduate/ Graduate Diploma or Graduate Certificate ,6.1
234399,Other Environmental Scientists,Post Graduate/ Graduate Diploma or Graduate Certificate ,29.4
234411,Geologists,Post Graduate/ Graduate Diploma or Graduate Certificate ,37.6
234412,Geophysicists,Post Graduate/ Graduate Diploma or Graduate Certificate ,45.9
234413,Hydrogeologists,Post Graduate/ Graduate Diploma or Graduate Certificate ,60.7
234511,Biologists,Post Graduate/ Graduate Diploma or Graduate Certificate ,67.0
234513,Biochemists,Post Graduate/ Graduate Diploma or Graduate Certificate ,57.5
234514,Biotechnologists,Post Graduate/ Graduate Diploma or Graduate Certificate ,68.4
234515,Botanists,Post Graduate/ Graduate Diploma or Graduate Certificate ,52.2
234516,Marine Biologists,Post Graduate/ Graduate Diploma or Graduate Certificate ,63.4
234517,Microbiologists,Post Graduate/ Graduate Diploma or Graduate Certificate ,41.2
234518,Zoologists,Post Graduate/ Graduate Diploma or Graduate Certificate ,42.8
234599,Other Life Scientists,Post Graduate/ Graduate Diploma or Graduate Certificate ,51.0
234911,Conservators,Post Graduate/ Graduate Diploma or Graduate Certificate ,45.0
234912,Metallurgists,Post Graduate/ Graduate Diploma or Graduate Certificate ,29.3
234913,Meteorologists,Post Graduate/ Graduate Diploma or Graduate Certificate ,68.9
234914,Physicists (including Astronomers),Post Graduate/ Graduate Diploma or Graduate Certificate ,82.3
234915,Exercise Physiologists,Post Graduate/ Graduate Diploma or Graduate Certificate ,45.1
234999,Natural and Physical Science Professionals (not covered elsewhere),Post Graduate/ Graduate Diploma or Graduate Certificate ,36.5
241511,Special Needs Teachers,Post Graduate/ Graduate Diploma or Graduate Certificate ,39.4
241512,Teachers of the Hearing Impaired,Post Graduate/ Graduate Diploma or Graduate Certificate ,61.0
241513,Teachers of the Sight Impaired,Post Graduate/ Graduate Diploma or Graduate Certificate ,59.5
241599,Other Special Education Teachers,Post Graduate/ Graduate Diploma or Graduate Certificate ,35.9
242111,University Lecturers,Post Graduate/ Graduate Diploma or Graduate Certificate ,88.5
242112,University Tutors,Post Graduate/ Graduate Diploma or Graduate Certificate ,46.4
249111,Education Advisers,Post Graduate/ Graduate Diploma or Graduate Certificate ,46.7
249112,Education Reviewers,Post Graduate/ Graduate Diploma or Graduate Certificate ,54.4
249211,Art Teachers (Private Tuition),Post Graduate/ Graduate Diploma or Graduate Certificate ,22.7
249212,Dance Teachers (Private Tuition),Post Graduate/ Graduate Diploma or Graduate Certificate ,4.8
249213,Drama Teachers (Private Tuition),Post Graduate/ Graduate Diploma or Graduate Certificate ,16.8
249214,Music Teachers (Private Tuition),Post Graduate/ Graduate Diploma or Graduate Certificate ,18.7
249299,Other Private Tutors and Teachers,Post Graduate/ Graduate Diploma or Graduate Certificate ,22.5
251111,Dietitians,Post Graduate/ Graduate Diploma or Graduate Certificate ,55.7
251112,Nutritionists,Post Graduate/ Graduate Diploma or Graduate Certificate ,22.9
251211,Medical Diagnostic Radiographers,Post Graduate/ Graduate Diploma or Graduate Certificate ,22.6
251212,Medical Radiation Therapists,Post Graduate/ Graduate Diploma or Graduate Certificate ,23.2
251213,Nuclear Medicine Technologists,Post Graduate/ Graduate Diploma or Graduate Certificate ,15.1
251214,Sonographers,Post Graduate/ Graduate Diploma or Graduate Certificate ,62.4
251311,Environmental Health Officers,Post Graduate/ Graduate Diploma or Graduate Certificate ,20.4
251312,Occupational Health and Safety Advisers,Post Graduate/ Graduate Diploma or Graduate Certificate ,18.7
251411,Optometrists,Post Graduate/ Graduate Diploma or Graduate Certificate ,38.7
251412,Orthoptists,Post Graduate/ Graduate Diploma or Graduate Certificate ,50.4
251511,Hospital Pharmacists,Post Graduate/ Graduate Diploma or Graduate Certificate ,35.8
251512,Industrial Pharmacists,Post Graduate/ Graduate Diploma or Graduate Certificate ,50.4
251513,Retail Pharmacists,Post Graduate/ Graduate Diploma or Graduate Certificate ,18.3
251911,Health Promotion Officers,Post Graduate/ Graduate Diploma or Graduate Certificate ,38.7
251912,Orthotists and Prosthetists,Post Graduate/ Graduate Diploma or Graduate Certificate ,40.0
251999,Genetic Counsellors (and Other Health Professionals not covered elsewhere),Post Graduate/ Graduate Diploma or Graduate Certificate ,40.1
252111,Chiropractors,Post Graduate/ Graduate Diploma or Graduate Certificate ,54.2
252112,Osteopaths,Post Graduate/ Graduate Diploma or Graduate Certificate ,62.8
252211,Acupuncturists,Post Graduate/ Graduate Diploma or Graduate Certificate ,22.7
252212,Homoeopaths,Post Graduate/ Graduate Diploma or Graduate Certificate ,15.0
252213,Naturopaths,Post Graduate/ Graduate Diploma or Graduate Certificate ,8.2
252214,Chinese Medicine Practitioners,Post Graduate/ Graduate Diploma or Graduate Certificate ,25.8
252299,"Music, Dance, Drama, Play, Hypnotic, and Related Therapists",Post Graduate/ Graduate Diploma or Graduate Certificate ,45.3
252311,Dental Specialists (including Orthodontists),Post Graduate/ Graduate Diploma or Graduate Certificate ,79.4
252312,Dentists,Post Graduate/ Graduate Diploma or Graduate Certificate ,25.4
252711,Audiologists,Post Graduate/ Graduate Diploma or Graduate Certificate ,87.6
252712,Speech Pathologists,Post Graduate/ Graduate Diploma or Graduate Certificate ,33.9
253111,General Practitioners,Post Graduate/ Graduate Diploma or Graduate Certificate ,38.0
253112,Resident Medical Officers,Post Graduate/ Graduate Diploma or Graduate Certificate ,45.4
253311,Specialist Physicians (General Medicine),Post Graduate/ Graduate Diploma or Graduate Certificate ,60.0
253312,Cardiologists,Post Graduate/ Graduate Diploma or Graduate Certificate ,50.6
253313,Clinical Haematologists,Post Graduate/ Graduate Diploma or Graduate Certificate ,47.3
253314,Medical Oncologists,Post Graduate/ Graduate Diploma or Graduate Certificate ,49.7
253315,Endocrinologists,Post Graduate/ Graduate Diploma or Graduate Certificate ,52.0
253316,Gastroenterologists,Post Graduate/ Graduate Diploma or Graduate Certificate ,51.1
253317,Intensive Care Specialists,Post Graduate/ Graduate Diploma or Graduate Certificate ,46.2
253318,Neurologists,Post Graduate/ Graduate Diploma or Graduate Certificate ,54.5
253321,Paediatricians,Post Graduate/ Graduate Diploma or Graduate Certificate ,52.0
253322,Renal Medicine Specialists,Post Graduate/ Graduate Diploma or Graduate Certificate ,59.8
253323,Rheumatologists,Post Graduate/ Graduate Diploma or Graduate Certificate ,52.6
253324,Thoracic Medicine Specialists,Post Graduate/ Graduate Diploma or Graduate Certificate ,46.0
253399,Other Specialist Physicians,Post Graduate/ Graduate Diploma or Graduate Certificate ,49.1
253511,Surgeons (General),Post Graduate/ Graduate Diploma or Graduate Certificate ,57.8
253512,Cardiothoracic Surgeons,Post Graduate/ Graduate Diploma or Graduate Certificate ,62.0
253513,Neurosurgeons,Post Graduate/ Graduate Diploma or Graduate Certificate ,54.2
253514,Orthopaedic Surgeons,Post Graduate/ Graduate Diploma or Graduate Certificate ,48.7
253515,"Ear, Nose and Throat Specialists",Post Graduate/ Graduate Diploma or Graduate Certificate ,51.8
253516,Paediatric Surgeons,Post Graduate/ Graduate Diploma or Graduate Certificate ,59.2
253517,Plastic and Reconstructive Surgeons,Post Graduate/ Graduate Diploma or Graduate Certificate ,52.3
253518,Urologists,Post Graduate/ Graduate Diploma or Graduate Certificate ,49.9
253521,Vascular Surgeons,Post Graduate/ Graduate Diploma or Graduate Certificate ,62.3
253911,Dermatologists,Post Graduate/ Graduate Diploma or Graduate Certificate ,56.5
253912,Emergency Medicine Specialists,Post Graduate/ Graduate Diploma or Graduate Certificate ,35.7
253913,Obstetricians and Gynaecologists,Post Graduate/ Graduate Diploma or Graduate Certificate ,52.2
253914,Eye Specialists,Post Graduate/ Graduate Diploma or Graduate Certificate ,60.9
253915,Pathologists,Post Graduate/ Graduate Diploma or Graduate Certificate ,31.7
253917,Diagnostic and Interventional Radiologists,Post Graduate/ Graduate Diploma or Graduate Certificate ,48.2
253918,Radiation Oncologists,Post Graduate/ Graduate Diploma or Graduate Certificate ,45.2
253999,Medical Practitioners (not covered elsewhere),Post Graduate/ Graduate Diploma or Graduate Certificate ,43.1
254211,Nurse Educators,Post Graduate/ Graduate Diploma or Graduate Certificate ,56.2
254212,Nurse Researchers,Post Graduate/ Graduate Diploma or Graduate Certificate ,47.2
254411,Nurse Practitioners,Post Graduate/ Graduate Diploma or Graduate Certificate ,68.1
254412,Registered Nurses (Aged Care),Post Graduate/ Graduate Diploma or Graduate Certificate ,10.0
254413,Registered Nurses (Child and Family Health),Post Graduate/ Graduate Diploma or Graduate Certificate ,41.6
254414,Registered Nurses (Community Health),Post Graduate/ Graduate Diploma or Graduate Certificate ,23.5
254415,Registered Nurses (Critical Care and Emergency),Post Graduate/ Graduate Diploma or Graduate Certificate ,29.3
254416,Registered Nurses (Developmental Disability),Post Graduate/ Graduate Diploma or Graduate Certificate ,
254417,Registered Nurses (Disability and Rehabilitation),Post Graduate/ Graduate Diploma or Graduate Certificate ,12.1
254418,Registered Nurses (Medical),Post Graduate/ Graduate Diploma or Graduate Certificate ,18.3
254421,Registered Nurses (Medical Practice),Post Graduate/ Graduate Diploma or Graduate Certificate ,12.3
254422,Registered Nurses (Mental Health),Post Graduate/ Graduate Diploma or Graduate Certificate ,32.4
254423,Registered Nurses (Perioperative),Post Graduate/ Graduate Diploma or Graduate Certificate ,18.9
254424,Registered Nurses (Surgical),Post Graduate/ Graduate Diploma or Graduate Certificate ,12.8
254425,Registered Nurses (Paediatrics),Post Graduate/ Graduate Diploma or Graduate Certificate ,24.1
254499,Registered Nurses (not covered elsewhere),Post Graduate/ Graduate Diploma or Graduate Certificate ,15.7
261111,ICT Business Analysts,Post Graduate/ Graduate Diploma or Graduate Certificate ,31.7
261112,Systems Analysts,Post Graduate/ Graduate Diploma or Graduate Certificate ,26.0
261211,Game and Multimedia Developers,Post Graduate/ Graduate Diploma or Graduate Certificate ,13.9
261212,Web Developers,Post Graduate/ Graduate Diploma or Graduate Certificate ,21.1
261311,Analyst Programmers,Post Graduate/ Graduate Diploma or Graduate Certificate ,26.4
261312,Developer Programmers,Post Graduate/ Graduate Diploma or Graduate Certificate ,25.5
261313,Software Engineers,Post Graduate/ Graduate Diploma or Graduate Certificate ,29.0
261314,Software Testers,Post Graduate/ Graduate Diploma or Graduate Certificate ,28.4
261399,Other Software and Applications Programmers,Post Graduate/ Graduate Diploma or Graduate Certificate ,24.0
262111,Database Administrators,Post Graduate/ Graduate Diploma or Graduate Certificate ,23.6
262112,ICT Security Specialists,Post Graduate/ Graduate Diploma or Graduate Certificate ,26.8
262113,Systems Administrators,Post Graduate/ Graduate Diploma or Graduate Certificate ,15.8
263111,Computer Network and Systems Engineers,Post Graduate/ Graduate Diploma or Graduate Certificate ,21.8
263112,Network Administrators,Post Graduate/ Graduate Diploma or Graduate Certificate ,17.2
263113,Network Analysts,Post Graduate/ Graduate Diploma or Graduate Certificate ,23.9
263211,ICT Quality Assurance Engineers,Post Graduate/ Graduate Diploma or Graduate Certificate ,32.3
263212,ICT Support Engineers,Post Graduate/ Graduate Diploma or Graduate Certificate ,21.5
263213,ICT Systems Test Engineers,Post Graduate/ Graduate Diploma or Graduate Certificate ,25.1
263299,Other ICT Support and Test Engineers,Post Graduate/ Graduate Diploma or Graduate Certificate ,19.2
263311,Telecommunications Engineers,Post Graduate/ Graduate Diploma or Graduate Certificate ,27.2
263312,Telecommunications Network Engineers,Post Graduate/ Graduate Diploma or Graduate Certificate ,26.0
271211,Judges,Post Graduate/ Graduate Diploma or Graduate Certificate ,27.8
271212,Magistrates,Post Graduate/ Graduate Diploma or Graduate Certificate ,23.3
271213,Tribunal Members,Post Graduate/ Graduate Diploma or Graduate Certificate ,44.9
271214,Intellectual Property Lawyers,Post Graduate/ Graduate Diploma or Graduate Certificate ,70.9
271299,Judicial and Other Legal Professionals (not covered elsewhere),Post Graduate/ Graduate Diploma or Graduate Certificate ,35.0
272111,Careers Counsellors,Post Graduate/ Graduate Diploma or Graduate Certificate ,43.7
272112,Drug and Alcohol Counsellors,Post Graduate/ Graduate Diploma or Graduate Certificate ,20.6
272113,Family and Marriage Counsellors,Post Graduate/ Graduate Diploma or Graduate Certificate ,52.1
272114,Rehabilitation Counsellors,Post Graduate/ Graduate Diploma or Graduate Certificate ,43.0
272115,Student Counsellors,Post Graduate/ Graduate Diploma or Graduate Certificate ,42.1
272199,Other Counsellors and Life Coaches,Post Graduate/ Graduate Diploma or Graduate Certificate ,29.2
272311,Clinical Psychologists,Post Graduate/ Graduate Diploma or Graduate Certificate ,80.5
272312,Educational Psychologists,Post Graduate/ Graduate Diploma or Graduate Certificate ,81.1
272313,Organisational Psychologists,Post Graduate/ Graduate Diploma or Graduate Certificate ,79.2
272314,Psychotherapists,Post Graduate/ Graduate Diploma or Graduate Certificate ,57.0
272399,Other Psychologists,Post Graduate/ Graduate Diploma or Graduate Certificate ,69.9
272411,Historians,Post Graduate/ Graduate Diploma or Graduate Certificate ,60.0
272412,Interpreters,Post Graduate/ Graduate Diploma or Graduate Certificate ,24.7
272413,Translators,Post Graduate/ Graduate Diploma or Graduate Certificate ,48.7
272414,Archaeologists,Post Graduate/ Graduate Diploma or Graduate Certificate ,44.1
272499,Other Social Professionals,Post Graduate/ Graduate Diploma or Graduate Certificate ,47.6
272611,Community Arts Workers,Post Graduate/ Graduate Diploma or Graduate Certificate ,32.0
272612,Recreation Officers,Post Graduate/ Graduate Diploma or Graduate Certificate ,9.7
272613,Welfare Workers,Post Graduate/ Graduate Diploma or Graduate Certificate ,19.2
311211,Anaesthetic Technicians,Post Graduate/ Graduate Diploma or Graduate Certificate ,17.8
311212,Cardiac Technicians,Post Graduate/ Graduate Diploma or Graduate Certificate ,24.9
311213,Medical Laboratory Technicians,Post Graduate/ Graduate Diploma or Graduate Certificate ,10.7
311214,Operating Theatre Technicians,Post Graduate/ Graduate Diploma or Graduate Certificate ,4.0
311215,Pharmacy Technicians,Post Graduate/ Graduate Diploma or Graduate Certificate ,5.7
311216,Pathology Collectors,Post Graduate/ Graduate Diploma or Graduate Certificate ,5.2
311299,Other Medical Technicians,Post Graduate/ Graduate Diploma or Graduate Certificate ,9.8
311311,Fisheries Officers,Post Graduate/ Graduate Diploma or Graduate Certificate ,6.5
311312,Meat Inspectors,Post Graduate/ Graduate Diploma or Graduate Certificate ,3.6
311313,Quarantine Officers,Post Graduate/ Graduate Diploma or Graduate Certificate ,9.1
311399,Other Primary Products Inspectors,Post Graduate/ Graduate Diploma or Graduate Certificate ,13.8
311411,Chemistry Technicians,Post Graduate/ Graduate Diploma or Graduate Certificate ,14.8
311412,Earth Science Technicians,Post Graduate/ Graduate Diploma or Graduate Certificate ,7.5
311413,Life Science Technicians,Post Graduate/ Graduate Diploma or Graduate Certificate ,12.7
311414,School Laboratory Technicians,Post Graduate/ Graduate Diploma or Graduate Certificate ,17.8
311415,Hydrographers,Post Graduate/ Graduate Diploma or Graduate Certificate ,6.6
311499,Other Science Technicians,Post Graduate/ Graduate Diploma or Graduate Certificate ,10.9
312111,Architectural Draftspersons,Post Graduate/ Graduate Diploma or Graduate Certificate ,14.2
312112,Building Associates,Post Graduate/ Graduate Diploma or Graduate Certificate ,2.6
312113,Building Inspectors,Post Graduate/ Graduate Diploma or Graduate Certificate ,12.3
312114,Construction Estimators,Post Graduate/ Graduate Diploma or Graduate Certificate ,9.6
312115,Plumbing Inspectors,Post Graduate/ Graduate Diploma or Graduate Certificate ,2.3
312116,Surveying and Spatial Science Technicians,Post Graduate/ Graduate Diploma or Graduate Certificate ,7.9
312199,"Other Architectural, Building and Surveying Technicians",Post Graduate/ Graduate Diploma or Graduate Certificate ,13.9
312211,Civil Engineering Draftspersons,Post Graduate/ Graduate Diploma or Graduate Certificate ,5.7
312212,Civil Engineering Technicians,Post Graduate/ Graduate Diploma or Graduate Certificate ,6.0
312311,Electrical Engineering Draftspersons,Post Graduate/ Graduate Diploma or Graduate Certificate ,5.6
312312,Electrical Engineering Technicians,Post Graduate/ Graduate Diploma or Graduate Certificate ,3.5
312411,Electronic Engineering Draftspersons,Post Graduate/ Graduate Diploma or Graduate Certificate ,12.1
312412,Electronic Engineering Technicians,Post Graduate/ Graduate Diploma or Graduate Certificate ,5.4
312511,Mechanical Engineering Draftspersons,Post Graduate/ Graduate Diploma or Graduate Certificate ,5.7
312512,Mechanical Engineering Technicians,Post Graduate/ Graduate Diploma or Graduate Certificate ,5.2
312911,Maintenance Planners,Post Graduate/ Graduate Diploma or Graduate Certificate ,5.8
312912,Metallurgical and Materials Technicians,Post Graduate/ Graduate Diploma or Graduate Certificate ,5.7
312913,Mine Deputies,Post Graduate/ Graduate Diploma or Graduate Certificate ,1.8
312999,Building and Engineering Technicians (not covered elsewhere),Post Graduate/ Graduate Diploma or Graduate Certificate ,7.5
313111,Hardware Technicians,Post Graduate/ Graduate Diploma or Graduate Certificate ,8.7
313112,ICT Customer Support Officers,Post Graduate/ Graduate Diploma or Graduate Certificate ,13.8
313113,Web Administrators,Post Graduate/ Graduate Diploma or Graduate Certificate ,16.8
313199,Other ICT Support Technicians,Post Graduate/ Graduate Diploma or Graduate Certificate ,9.5
313211,Radiocommunications Technicians,Post Graduate/ Graduate Diploma or Graduate Certificate ,4.2
313212,Telecommunications Field Engineers,Post Graduate/ Graduate Diploma or Graduate Certificate ,9.4
313213,Telecommunications Network Planners,Post Graduate/ Graduate Diploma or Graduate Certificate ,20.9
313214,Telecommunications Technical Officers and Technologists,Post Graduate/ Graduate Diploma or Graduate Certificate ,6.7
321211,Motor Mechanics (General),Post Graduate/ Graduate Diploma or Graduate Certificate ,0.7
321212,Diesel Motor Mechanics,Post Graduate/ Graduate Diploma or Graduate Certificate ,0.2
321213,Motorcycle Mechanics,Post Graduate/ Graduate Diploma or Graduate Certificate ,0.8
321214,Small Engine Mechanics,Post Graduate/ Graduate Diploma or Graduate Certificate ,0.2
322111,Blacksmiths,Post Graduate/ Graduate Diploma or Graduate Certificate ,1.2
322112,Electroplaters,Post Graduate/ Graduate Diploma or Graduate Certificate ,1.3
322113,Farriers,Post Graduate/ Graduate Diploma or Graduate Certificate ,0.3
322114,Metal Casting Trades Workers,Post Graduate/ Graduate Diploma or Graduate Certificate ,0.0
322115,Metal Polishers,Post Graduate/ Graduate Diploma or Graduate Certificate ,0.0
322311,Metal Fabricators,Post Graduate/ Graduate Diploma or Graduate Certificate ,0.3
322312,Pressure Welders,Post Graduate/ Graduate Diploma or Graduate Certificate ,2.5
322313,Welders (First Class),Post Graduate/ Graduate Diploma or Graduate Certificate ,0.6
323111,Aircraft Maintenance Engineers (Avionics),Post Graduate/ Graduate Diploma or Graduate Certificate ,1.9
323112,Aircraft Maintenance Engineers (Mechanical),Post Graduate/ Graduate Diploma or Graduate Certificate ,1.9
323113,Aircraft Maintenance Engineers (Structures),Post Graduate/ Graduate Diploma or Graduate Certificate ,2.8
323211,Fitters (General),Post Graduate/ Graduate Diploma or Graduate Certificate ,0.5
323212,Fitter and Turners,Post Graduate/ Graduate Diploma or Graduate Certificate ,0.2
323213,Fitter-Welders,Post Graduate/ Graduate Diploma or Graduate Certificate ,0.0
323214,Metal Machinists (First Class),Post Graduate/ Graduate Diploma or Graduate Certificate ,1.6
323215,"Textile, Clothing and Footwear Mechanics",Post Graduate/ Graduate Diploma or Graduate Certificate ,1.2
323299,Other Metal Fitters and Machinists,Post Graduate/ Graduate Diploma or Graduate Certificate ,0.6
323311,Engravers,Post Graduate/ Graduate Diploma or Graduate Certificate ,2.8
323312,Gunsmiths,Post Graduate/ Graduate Diploma or Graduate Certificate ,0.0
323313,Locksmiths,Post Graduate/ Graduate Diploma or Graduate Certificate ,1.0
323314,Precision Instrument Makers and Repairers,Post Graduate/ Graduate Diploma or Graduate Certificate ,6.0
323315,Saw Doctors,Post Graduate/ Graduate Diploma or Graduate Certificate ,1.0
323316,Watch and Clock Makers and Repairers,Post Graduate/ Graduate Diploma or Graduate Certificate ,2.3
323411,Engineering Patternmakers,Post Graduate/ Graduate Diploma or Graduate Certificate ,0.0
323412,Toolmakers,Post Graduate/ Graduate Diploma or Graduate Certificate ,1.0
324211,Vehicle Body Builders,Post Graduate/ Graduate Diploma or Graduate Certificate ,0.7
324212,Vehicle Trimmers,Post Graduate/ Graduate Diploma or Graduate Certificate ,0.2
331111,Bricklayers,Post Graduate/ Graduate Diploma or Graduate Certificate ,0.3
331112,Stonemasons,Post Graduate/ Graduate Diploma or Graduate Certificate ,0.7
331212,Carpenters,Post Graduate/ Graduate Diploma or Graduate Certificate ,0.5
331213,Joiners,Post Graduate/ Graduate Diploma or Graduate Certificate ,1.1
333211,Fibrous Plasterers,Post Graduate/ Graduate Diploma or Graduate Certificate ,0.7
333212,Solid Plasterers,Post Graduate/ Graduate Diploma or Graduate Certificate ,0.4
334111,Plumbers (General),Post Graduate/ Graduate Diploma or Graduate Certificate ,0.2
334112,Airconditioning and Mechanical Services Plumbers,Post Graduate/ Graduate Diploma or Graduate Certificate ,0.2
334113,Drainers,Post Graduate/ Graduate Diploma or Graduate Certificate ,0.2
334114,Gasfitters,Post Graduate/ Graduate Diploma or Graduate Certificate ,0.4
334115,Roof Plumbers,Post Graduate/ Graduate Diploma or Graduate Certificate ,0.2
341111,Electricians (General),Post Graduate/ Graduate Diploma or Graduate Certificate ,0.6
341112,Electricians (Special Class),Post Graduate/ Graduate Diploma or Graduate Certificate ,0.0
341113,Lift Mechanics,Post Graduate/ Graduate Diploma or Graduate Certificate ,0.7
342211,Electrical Linesworkers,Post Graduate/ Graduate Diploma or Graduate Certificate ,0.2
342212,Technical Cable Jointers,Post Graduate/ Graduate Diploma or Graduate Certificate ,0.5
342311,Business Machine Mechanics,Post Graduate/ Graduate Diploma or Graduate Certificate ,2.6
342312,Communications Operators,Post Graduate/ Graduate Diploma or Graduate Certificate ,3.3
342313,Electronic Equipment Trades Workers,Post Graduate/ Graduate Diploma or Graduate Certificate ,3.5
342314,Electronic Instrument Trades Workers (General),Post Graduate/ Graduate Diploma or Graduate Certificate ,3.2
342315,Electronic Instrument Trades Workers (Special Class),Post Graduate/ Graduate Diploma or Graduate Certificate ,2.8
342411,Cablers (Data and Telecommunications),Post Graduate/ Graduate Diploma or Graduate Certificate ,2.4
342412,Telecommunications Cable Jointers,Post Graduate/ Graduate Diploma or Graduate Certificate ,2.6
342413,Telecommunications Linesworkers,Post Graduate/ Graduate Diploma or Graduate Certificate ,4.0
342414,Telecommunications Technicians,Post Graduate/ Graduate Diploma or Graduate Certificate ,5.0
351111,Bakers,Post Graduate/ Graduate Diploma or Graduate Certificate ,3.5
351112,Pastrycooks,Post Graduate/ Graduate Diploma or Graduate Certificate ,3.5
361111,Dog Handlers and Trainers,Post Graduate/ Graduate Diploma or Graduate Certificate ,5.6
361112,Horse Trainers,Post Graduate/ Graduate Diploma or Graduate Certificate ,1.6
361113,Pet Groomers,Post Graduate/ Graduate Diploma or Graduate Certificate ,1.8
361114,Zookeepers,Post Graduate/ Graduate Diploma or Graduate Certificate ,5.4
361115,Kennel Hands,Post Graduate/ Graduate Diploma or Graduate Certificate ,0.8
361199,Other Animal Attendants and Trainers,Post Graduate/ Graduate Diploma or Graduate Certificate ,3.1
362211,Gardeners (General),Post Graduate/ Graduate Diploma or Graduate Certificate ,2.0
362212,Arborists,Post Graduate/ Graduate Diploma or Graduate Certificate ,2.2
362213,Landscape Gardeners,Post Graduate/ Graduate Diploma or Graduate Certificate ,1.2
392111,Print Finishers,Post Graduate/ Graduate Diploma or Graduate Certificate ,1.1
392112,Screen Printers,Post Graduate/ Graduate Diploma or Graduate Certificate ,1.3
392311,Printing Machinists,Post Graduate/ Graduate Diploma or Graduate Certificate ,1.4
392312,Small Offset Printers,Post Graduate/ Graduate Diploma or Graduate Certificate ,1.5
393111,Canvas Goods Fabricators,Post Graduate/ Graduate Diploma or Graduate Certificate ,1.9
393112,Leather Goods Makers,Post Graduate/ Graduate Diploma or Graduate Certificate ,3.1
393113,Sail Makers,Post Graduate/ Graduate Diploma or Graduate Certificate ,1.5
393114,Shoemakers,Post Graduate/ Graduate Diploma or Graduate Certificate ,2.5
393211,Apparel Cutters,Post Graduate/ Graduate Diploma or Graduate Certificate ,0.8
393212,Clothing Patternmakers,Post Graduate/ Graduate Diploma or Graduate Certificate ,1.2
393213,Dressmakers and Tailors,Post Graduate/ Graduate Diploma or Graduate Certificate ,3.0
393299,Other Clothing Trades Workers,Post Graduate/ Graduate Diploma or Graduate Certificate ,6.7
394211,Furniture Finishers,Post Graduate/ Graduate Diploma or Graduate Certificate ,1.2
394212,Picture Framers,Post Graduate/ Graduate Diploma or Graduate Certificate ,4.3
394213,Wood Machinists,Post Graduate/ Graduate Diploma or Graduate Certificate ,1.2
394214,Wood Turners,Post Graduate/ Graduate Diploma or Graduate Certificate ,0.0
394299,Other Wood Machinists and Wood Trades Workers,Post Graduate/ Graduate Diploma or Graduate Certificate ,2.6
399111,Boat Builders and Repairers,Post Graduate/ Graduate Diploma or Graduate Certificate ,0.9
399112,Shipwrights,Post Graduate/ Graduate Diploma or Graduate Certificate ,0.7
399211,Chemical Plant Operators,Post Graduate/ Graduate Diploma or Graduate Certificate ,1.6
399212,Gas and Petroleum Operators,Post Graduate/ Graduate Diploma or Graduate Certificate ,2.0
399213,Power Generation Plant Operators,Post Graduate/ Graduate Diploma or Graduate Certificate ,1.7
399311,Gallery and Museum Technicians,Post Graduate/ Graduate Diploma or Graduate Certificate ,20.1
399312,Library Technicians,Post Graduate/ Graduate Diploma or Graduate Certificate ,12.8
399511,Broadcast Transmitter Operators,Post Graduate/ Graduate Diploma or Graduate Certificate ,3.0
399512,"Camera Operators (Film, Television or Video)",Post Graduate/ Graduate Diploma or Graduate Certificate ,4.6
399513,Light Technicians,Post Graduate/ Graduate Diploma or Graduate Certificate ,4.6
399514,Make Up Artists,Post Graduate/ Graduate Diploma or Graduate Certificate ,2.2
399515,Musical Instrument Makers and Repairers,Post Graduate/ Graduate Diploma or Graduate Certificate ,7.2
399516,Sound Technicians,Post Graduate/ Graduate Diploma or Graduate Certificate ,4.7
399517,Television Equipment Operators,Post Graduate/ Graduate Diploma or Graduate Certificate ,3.2
399599,Other Performing Arts Technicians,Post Graduate/ Graduate Diploma or Graduate Certificate ,5.5
399911,Divers,Post Graduate/ Graduate Diploma or Graduate Certificate ,2.8
399912,Interior Decorators,Post Graduate/ Graduate Diploma or Graduate Certificate ,3.9
399913,Optical Dispensers,Post Graduate/ Graduate Diploma or Graduate Certificate ,2.7
399914,Optical Mechanics,Post Graduate/ Graduate Diploma or Graduate Certificate ,4.0
399915,Photographer's Assistants,Post Graduate/ Graduate Diploma or Graduate Certificate ,5.6
399916,Plastics Technicians,Post Graduate/ Graduate Diploma or Graduate Certificate ,1.4
399917,Wool Classers,Post Graduate/ Graduate Diploma or Graduate Certificate ,1.3
399918,Fire Protection Equipment Technicians,Post Graduate/ Graduate Diploma or Graduate Certificate ,4.3
399999,Technicians and Trades Workers (not covered elsewhere),Post Graduate/ Graduate Diploma or Graduate Certificate ,4.4
411111,Ambulance Officers,Post Graduate/ Graduate Diploma or Graduate Certificate ,8.0
411112,Intensive Care Ambulance Paramedics,Post Graduate/ Graduate Diploma or Graduate Certificate ,26.2
411211,Dental Hygienists,Post Graduate/ Graduate Diploma or Graduate Certificate ,1.6
411212,Dental Prosthetists,Post Graduate/ Graduate Diploma or Graduate Certificate ,3.9
411213,Dental Technicians,Post Graduate/ Graduate Diploma or Graduate Certificate ,2.3
411214,Dental Therapists,Post Graduate/ Graduate Diploma or Graduate Certificate ,5.3
411411,Enrolled Nurses,Post Graduate/ Graduate Diploma or Graduate Certificate ,1.9
411412,Mothercraft Nurses,Post Graduate/ Graduate Diploma or Graduate Certificate ,7.9
411711,Community Workers,Post Graduate/ Graduate Diploma or Graduate Certificate ,13.6
411712,Disabilities Services Officers,Post Graduate/ Graduate Diploma or Graduate Certificate ,13.1
411713,Family Support Workers,Post Graduate/ Graduate Diploma or Graduate Certificate ,12.6
411714,Parole and Probation Officers,Post Graduate/ Graduate Diploma or Graduate Certificate ,10.5
411715,Residential Care Officers,Post Graduate/ Graduate Diploma or Graduate Certificate ,6.7
411716,Youth Workers,Post Graduate/ Graduate Diploma or Graduate Certificate ,7.3
421111,Child Care Workers,Post Graduate/ Graduate Diploma or Graduate Certificate ,18.9
421112,Family Day Care Workers,Post Graduate/ Graduate Diploma or Graduate Certificate ,14.5
421113,Nannies,Post Graduate/ Graduate Diploma or Graduate Certificate ,4.5
421114,Out of School Hours Care Workers,Post Graduate/ Graduate Diploma or Graduate Certificate ,7.8
422111,Aboriginal and Torres Strait Islander Education Workers,Post Graduate/ Graduate Diploma or Graduate Certificate ,5.1
422112,Integration Aides,Post Graduate/ Graduate Diploma or Graduate Certificate ,6.6
422115,Preschool Aides,Post Graduate/ Graduate Diploma or Graduate Certificate ,13.8
422116,Teachers' Aides,Post Graduate/ Graduate Diploma or Graduate Certificate ,6.7
423311,Hospital orderlies,Post Graduate/ Graduate Diploma or Graduate Certificate ,3.0
423312,Nursing Support Workers,Post Graduate/ Graduate Diploma or Graduate Certificate ,6.1
423313,Personal Care Assistants,Post Graduate/ Graduate Diploma or Graduate Certificate ,6.2
423314,Therapy Aides,Post Graduate/ Graduate Diploma or Graduate Certificate ,4.8
423411,Child and Youth Residential Care Assistants,Post Graduate/ Graduate Diploma or Graduate Certificate ,5.7
423412,Hostel Parents,Post Graduate/ Graduate Diploma or Graduate Certificate ,8.0
423413,Refuge Workers,Post Graduate/ Graduate Diploma or Graduate Certificate ,9.5
431111,Bar Attendants,Post Graduate/ Graduate Diploma or Graduate Certificate ,1.6
431112,Baristas,Post Graduate/ Graduate Diploma or Graduate Certificate ,2.8
431911,Bar Usefuls and Bussers,Post Graduate/ Graduate Diploma or Graduate Certificate ,2.3
431912,Doorpersons and Luggage Porters,Post Graduate/ Graduate Diploma or Graduate Certificate ,5.0
431999,Hospitality Workers (not covered elsewhere),Post Graduate/ Graduate Diploma or Graduate Certificate ,3.4
441211,Emergency Service Workers,Post Graduate/ Graduate Diploma or Graduate Certificate ,6.3
441212,Fire Fighters,Post Graduate/ Graduate Diploma or Graduate Certificate ,5.2
441311,Detectives,Post Graduate/ Graduate Diploma or Graduate Certificate ,6.4
441312,Police Officers,Post Graduate/ Graduate Diploma or Graduate Certificate ,6.5
442211,"Alarm, Security and Surveillance Monitors",Post Graduate/ Graduate Diploma or Graduate Certificate ,5.7
442212,Armoured Car Escorts,Post Graduate/ Graduate Diploma or Graduate Certificate ,0.8
442213,Crowd Controllers,Post Graduate/ Graduate Diploma or Graduate Certificate ,6.7
442214,Private Investigators,Post Graduate/ Graduate Diploma or Graduate Certificate ,8.9
442215,Retail Loss Prevention Officers,Post Graduate/ Graduate Diploma or Graduate Certificate ,3.7
442216,Security Consultants,Post Graduate/ Graduate Diploma or Graduate Certificate ,18.0
442217,Security Officers,Post Graduate/ Graduate Diploma or Graduate Certificate ,7.5
442299,Other Security Workers,Post Graduate/ Graduate Diploma or Graduate Certificate ,5.9
451311,Funeral Directors,Post Graduate/ Graduate Diploma or Graduate Certificate ,3.7
451399,Funeral Workers (Other),Post Graduate/ Graduate Diploma or Graduate Certificate ,2.6
451411,Gallery and Museum Guides,Post Graduate/ Graduate Diploma or Graduate Certificate ,19.4
451412,Tour Guides,Post Graduate/ Graduate Diploma or Graduate Certificate ,10.5
451511,Natural Remedy Consultants,Post Graduate/ Graduate Diploma or Graduate Certificate ,4.5
451512,Weight Loss Consultants,Post Graduate/ Graduate Diploma or Graduate Certificate ,5.8
451513,Herbalists (Western),Post Graduate/ Graduate Diploma or Graduate Certificate ,11.8
451611,Tourist Information Officers,Post Graduate/ Graduate Diploma or Graduate Certificate ,7.9
451612,Travel Consultants,Post Graduate/ Graduate Diploma or Graduate Certificate ,4.2
451711,Flight Attendants,Post Graduate/ Graduate Diploma or Graduate Certificate ,2.4
451799,Other Travel Attendants,Post Graduate/ Graduate Diploma or Graduate Certificate ,1.5
451811,Civil Celebrants,Post Graduate/ Graduate Diploma or Graduate Certificate ,13.9
451812,Hair and Beauty Salon Assistants,Post Graduate/ Graduate Diploma or Graduate Certificate ,1.4
451814,Body Artists,Post Graduate/ Graduate Diploma or Graduate Certificate ,1.3
451815,First Aid Trainers,Post Graduate/ Graduate Diploma or Graduate Certificate ,9.4
451816,Religious Assistants,Post Graduate/ Graduate Diploma or Graduate Certificate ,25.5
451899,Personal Service Workers (not covered elsewhere),Post Graduate/ Graduate Diploma or Graduate Certificate ,6.3
452211,Bungy Jump Masters,Post Graduate/ Graduate Diploma or Graduate Certificate ,
452212,Fishing Guides,Post Graduate/ Graduate Diploma or Graduate Certificate ,4.4
452213,Hunting Guides,Post Graduate/ Graduate Diploma or Graduate Certificate ,
452214,Mountain and Glacier Guides,Post Graduate/ Graduate Diploma or Graduate Certificate ,
452215,Outdoor Adventure Instructors,Post Graduate/ Graduate Diploma or Graduate Certificate ,11.8
452216,Trekking Guides,Post Graduate/ Graduate Diploma or Graduate Certificate ,5.8
452217,Whitewater Rafting Guides,Post Graduate/ Graduate Diploma or Graduate Certificate ,
452299,Other Outdoor Adventure Guides,Post Graduate/ Graduate Diploma or Graduate Certificate ,4.3
452311,"Scuba, Snorkelling and Dive instructors",Post Graduate/ Graduate Diploma or Graduate Certificate ,8.6
452312,Gymnastics Coaches and Instructors,Post Graduate/ Graduate Diploma or Graduate Certificate ,2.1
452313,Horse Riding Coaches and Instructors,Post Graduate/ Graduate Diploma or Graduate Certificate ,5.3
452314,Snowsport Instructors,Post Graduate/ Graduate Diploma or Graduate Certificate ,7.2
452315,Swimming Coaches and Instructors,Post Graduate/ Graduate Diploma or Graduate Certificate ,3.0
452316,Tennis Coaches,Post Graduate/ Graduate Diploma or Graduate Certificate ,4.2
452317,Other Sports Coaches and Instructors,Post Graduate/ Graduate Diploma or Graduate Certificate ,5.6
452318,Dog and Horse Racing Officials,Post Graduate/ Graduate Diploma or Graduate Certificate ,3.1
452321,Sports Development Officers,Post Graduate/ Graduate Diploma or Graduate Certificate ,9.7
452322,Sports Umpires,Post Graduate/ Graduate Diploma or Graduate Certificate ,0.7
452323,Other Sports Officials,Post Graduate/ Graduate Diploma or Graduate Certificate ,4.2
452411,"Footballers (Soccer, Rugby and AFL)",Post Graduate/ Graduate Diploma or Graduate Certificate ,0.9
452412,Golfers,Post Graduate/ Graduate Diploma or Graduate Certificate ,0.8
452413,Jockeys,Post Graduate/ Graduate Diploma or Graduate Certificate ,0.8
452414,Lifeguards,Post Graduate/ Graduate Diploma or Graduate Certificate ,1.5
452499,Other Sportspersons,Post Graduate/ Graduate Diploma or Graduate Certificate ,3.2
511111,Contract Administrators,Post Graduate/ Graduate Diploma or Graduate Certificate ,16.5
511112,Program and Project Administrators,Post Graduate/ Graduate Diploma or Graduate Certificate ,20.5
512211,Health Practice Managers,Post Graduate/ Graduate Diploma or Graduate Certificate ,10.6
512299,Other Practice Managers,Post Graduate/ Graduate Diploma or Graduate Certificate ,12.8
521211,Secretaries (General),Post Graduate/ Graduate Diploma or Graduate Certificate ,5.4
521212,Legal Secretaries,Post Graduate/ Graduate Diploma or Graduate Certificate ,3.7
532111,Data Entry Operators,Post Graduate/ Graduate Diploma or Graduate Certificate ,5.0
532112,Machine Shorthand Reporters,Post Graduate/ Graduate Diploma or Graduate Certificate ,10.6
532113,Typists,Post Graduate/ Graduate Diploma or Graduate Certificate ,3.5
541111,Call Centre or Contact Centre Team Leaders,Post Graduate/ Graduate Diploma or Graduate Certificate ,5.5
541112,Call Centre or Contact Centre Operators,Post Graduate/ Graduate Diploma or Graduate Certificate ,5.4
542111,Receptionists (General),Post Graduate/ Graduate Diploma or Graduate Certificate ,2.6
542112,Admissions Clerks,Post Graduate/ Graduate Diploma or Graduate Certificate ,3.6
542113,Hotel and Motel Receptionists,Post Graduate/ Graduate Diploma or Graduate Certificate ,7.1
542114,Medical Receptionists,Post Graduate/ Graduate Diploma or Graduate Certificate ,3.0
551111,Accounts Clerks,Post Graduate/ Graduate Diploma or Graduate Certificate ,8.7
551112,Cost Clerks,Post Graduate/ Graduate Diploma or Graduate Certificate ,8.5
552311,Bookmakers,Post Graduate/ Graduate Diploma or Graduate Certificate ,6.0
552312,Insurance Consultants,Post Graduate/ Graduate Diploma or Graduate Certificate ,8.5
552313,Money Market Clerks,Post Graduate/ Graduate Diploma or Graduate Certificate ,15.8
552314,Statistical Clerks,Post Graduate/ Graduate Diploma or Graduate Certificate ,18.8
561111,Betting Agency Counter Clerks,Post Graduate/ Graduate Diploma or Graduate Certificate ,2.5
561112,Bookmaker's Clerks,Post Graduate/ Graduate Diploma or Graduate Certificate ,
561113,Telephone Betting Clerks,Post Graduate/ Graduate Diploma or Graduate Certificate ,4.1
561199,Other Betting Clerks,Post Graduate/ Graduate Diploma or Graduate Certificate ,0.0
561211,Couriers,Post Graduate/ Graduate Diploma or Graduate Certificate ,5.4
561212,Postal Delivery Officers,Post Graduate/ Graduate Diploma or Graduate Certificate ,2.9
561411,Mail Clerks,Post Graduate/ Graduate Diploma or Graduate Certificate ,4.1
561412,Postal Sorting Officers,Post Graduate/ Graduate Diploma or Graduate Certificate ,4.2
561911,Classified Advertising Clerks,Post Graduate/ Graduate Diploma or Graduate Certificate ,6.3
561912,Meter Readers,Post Graduate/ Graduate Diploma or Graduate Certificate ,2.7
561913,Parking Inspectors,Post Graduate/ Graduate Diploma or Graduate Certificate ,6.0
561999,Clerical and Office Support Workers (not covered elsewhere),Post Graduate/ Graduate Diploma or Graduate Certificate ,9.0
591112,Production Clerks,Post Graduate/ Graduate Diploma or Graduate Certificate ,7.7
591113,Purchasing Officers,Post Graduate/ Graduate Diploma or Graduate Certificate ,9.2
591115,Stock Clerks,Post Graduate/ Graduate Diploma or Graduate Certificate ,7.1
591116,Warehouse Administrators,Post Graduate/ Graduate Diploma or Graduate Certificate ,4.7
591117,Order Clerks,Post Graduate/ Graduate Diploma or Graduate Certificate ,5.0
591211,Despatching and Receiving Clerks,Post Graduate/ Graduate Diploma or Graduate Certificate ,4.7
591212,Import-Export Clerks,Post Graduate/ Graduate Diploma or Graduate Certificate ,9.9
599111,Conveyancers,Post Graduate/ Graduate Diploma or Graduate Certificate ,7.7
599112,Legal Executives,Post Graduate/ Graduate Diploma or Graduate Certificate ,8.6
599211,Clerks of Court,Post Graduate/ Graduate Diploma or Graduate Certificate ,8.8
599212,Court Bailiffs and Sheriffs,Post Graduate/ Graduate Diploma or Graduate Certificate ,2.5
599213,Court Orderlies,Post Graduate/ Graduate Diploma or Graduate Certificate ,7.6
599214,Law Clerks,Post Graduate/ Graduate Diploma or Graduate Certificate ,7.8
599215,Trust Officers,Post Graduate/ Graduate Diploma or Graduate Certificate ,11.2
599511,Customs Officers,Post Graduate/ Graduate Diploma or Graduate Certificate ,7.0
599512,Immigration Officers,Post Graduate/ Graduate Diploma or Graduate Certificate ,12.0
599513,Motor Vehicle Licence Examiners,Post Graduate/ Graduate Diploma or Graduate Certificate ,6.0
599514,Noxious Weeds and Pest Inspectors,Post Graduate/ Graduate Diploma or Graduate Certificate ,10.1
599515,Social Security Assessors,Post Graduate/ Graduate Diploma or Graduate Certificate ,7.8
599516,Taxation Inspectors,Post Graduate/ Graduate Diploma or Graduate Certificate ,30.6
599517,Train Examiners,Post Graduate/ Graduate Diploma or Graduate Certificate ,0.0
599518,Transport Operations Inspectors,Post Graduate/ Graduate Diploma or Graduate Certificate ,6.8
599521,Water Inspectors,Post Graduate/ Graduate Diploma or Graduate Certificate ,11.2
599599,Other Inspectors and Regulatory Officers,Post Graduate/ Graduate Diploma or Graduate Certificate ,10.9
599611,Insurance Investigators,Post Graduate/ Graduate Diploma or Graduate Certificate ,8.4
599612,Insurance Loss Adjusters,Post Graduate/ Graduate Diploma or Graduate Certificate ,4.9
599613,Insurance Risk Surveyors,Post Graduate/ Graduate Diploma or Graduate Certificate ,29.7
599912,"Production Assistants (Film, Television, Radio or Stage)",Post Graduate/ Graduate Diploma or Graduate Certificate ,7.4
599913,Proof Readers,Post Graduate/ Graduate Diploma or Graduate Certificate ,26.8
599914,Radio Despatchers,Post Graduate/ Graduate Diploma or Graduate Certificate ,4.0
599915,Clinical Coders,Post Graduate/ Graduate Diploma or Graduate Certificate ,9.9
599916,Facilities Administrators,Post Graduate/ Graduate Diploma or Graduate Certificate ,6.0
599999,Clerical and Administrative Workers (not covered elsewhere),Post Graduate/ Graduate Diploma or Graduate Certificate ,13.7
611111,Auctioneers,Post Graduate/ Graduate Diploma or Graduate Certificate ,2.5
611112,Stock and Station Agents,Post Graduate/ Graduate Diploma or Graduate Certificate ,1.0
611311,Sales Representatives (Building and Plumbing Supplies),Post Graduate/ Graduate Diploma or Graduate Certificate ,2.7
611312,Sales Representatives (Business Services),Post Graduate/ Graduate Diploma or Graduate Certificate ,7.1
611313,Sales Representatives (Motor Vehicle Parts and Accessories),Post Graduate/ Graduate Diploma or Graduate Certificate ,2.5
611314,Sales Representatives (Personal and Household Goods),Post Graduate/ Graduate Diploma or Graduate Certificate ,4.9
611399,Other Sales Representatives,Post Graduate/ Graduate Diploma or Graduate Certificate ,7.4
612111,Business Brokers,Post Graduate/ Graduate Diploma or Graduate Certificate ,15.4
612112,Property Managers,Post Graduate/ Graduate Diploma or Graduate Certificate ,8.2
612113,Real Estate Agency Principals,Post Graduate/ Graduate Diploma or Graduate Certificate ,10.5
612114,Real Estate Agents,Post Graduate/ Graduate Diploma or Graduate Certificate ,6.3
612115,Real Estate Representatives,Post Graduate/ Graduate Diploma or Graduate Certificate ,7.0
621311,Motor Vehicle and Caravan Salespersons,Post Graduate/ Graduate Diploma or Graduate Certificate ,2.5
621312,Motor Vehicle Parts Interpreters,Post Graduate/ Graduate Diploma or Graduate Certificate ,1.1
621711,Cash Van Salespersons,Post Graduate/ Graduate Diploma or Graduate Certificate ,2.5
621712,Door-to-door Salespersons,Post Graduate/ Graduate Diploma or Graduate Certificate ,10.5
621713,Street Vendors,Post Graduate/ Graduate Diploma or Graduate Certificate ,5.6
621911,Materials Recyclers,Post Graduate/ Graduate Diploma or Graduate Certificate ,1.5
621912,Rental Salespersons,Post Graduate/ Graduate Diploma or Graduate Certificate ,4.2
621999,Sales Assistants and Salespersons (not covered elsewhere),Post Graduate/ Graduate Diploma or Graduate Certificate ,3.5
631111,Checkout Operators,Post Graduate/ Graduate Diploma or Graduate Certificate ,3.4
631112,Cashiers,Post Graduate/ Graduate Diploma or Graduate Certificate ,4.6
639111,Models,Post Graduate/ Graduate Diploma or Graduate Certificate ,6.9
639112,Sales Demonstrators,Post Graduate/ Graduate Diploma or Graduate Certificate ,2.7
639211,Retail Buyers,Post Graduate/ Graduate Diploma or Graduate Certificate ,7.3
639212,Wool Buyers,Post Graduate/ Graduate Diploma or Graduate Certificate ,0.0
639411,Ticket Sellers,Post Graduate/ Graduate Diploma or Graduate Certificate ,4.5
639412,Transport Conductors,Post Graduate/ Graduate Diploma or Graduate Certificate ,3.9
711111,Clay Products Machine Operators,Post Graduate/ Graduate Diploma or Graduate Certificate ,1.7
711112,Concrete Products Machine Operators,Post Graduate/ Graduate Diploma or Graduate Certificate ,0.7
711113,Glass Production Machine Operators,Post Graduate/ Graduate Diploma or Graduate Certificate ,2.2
711114,Stone Processing Machine Operators,Post Graduate/ Graduate Diploma or Graduate Certificate ,2.1
711199,"Other Clay, Concrete, Glass and Stone Processing Machine Operators",Post Graduate/ Graduate Diploma or Graduate Certificate ,0.0
711311,Paper Products Machine Operators,Post Graduate/ Graduate Diploma or Graduate Certificate ,1.6
711313,Sawmilling Operators,Post Graduate/ Graduate Diploma or Graduate Certificate ,0.6
711314,Other Wood Processing Machine Operators,Post Graduate/ Graduate Diploma or Graduate Certificate ,0.9
711511,Plastic Cablemaking Machine Operators,Post Graduate/ Graduate Diploma or Graduate Certificate ,0.0
711512,Plastic Compounding and Reclamation Machine Operators,Post Graduate/ Graduate Diploma or Graduate Certificate ,5.1
711513,Plastics Fabricators and Welders,Post Graduate/ Graduate Diploma or Graduate Certificate ,0.4
711514,Plastics Production Machine Operators (General),Post Graduate/ Graduate Diploma or Graduate Certificate ,1.9
711515,Reinforced Plastic and Composite Production Workers,Post Graduate/ Graduate Diploma or Graduate Certificate ,0.5
711516,Rubber Production Machine Operators,Post Graduate/ Graduate Diploma or Graduate Certificate ,0.3
711599,Other Plastics and Rubber Production Machine Operators,Post Graduate/ Graduate Diploma or Graduate Certificate ,2.7
711711,Footwear Production Machine Operators,Post Graduate/ Graduate Diploma or Graduate Certificate ,0.0
711712,Hide and Skin Processing Machine Operators,Post Graduate/ Graduate Diploma or Graduate Certificate ,0.0
711713,Knitting Machine Operators,Post Graduate/ Graduate Diploma or Graduate Certificate ,9.3
711714,Textile Dyeing and Finishing Machine Operators,Post Graduate/ Graduate Diploma or Graduate Certificate ,5.3
711715,Weaving Machine Operators,Post Graduate/ Graduate Diploma or Graduate Certificate ,2.7
711716,Yarn Carding and Spinning Machine Operators,Post Graduate/ Graduate Diploma or Graduate Certificate ,0.0
711799,Other Textile and Footwear Production Machine Operators,Post Graduate/ Graduate Diploma or Graduate Certificate ,3.1
711911,Chemical Production Machine Operators,Post Graduate/ Graduate Diploma or Graduate Certificate ,5.9
711912,Motion Picture Projectionists,Post Graduate/ Graduate Diploma or Graduate Certificate ,3.0
711913,Sand Blasters,Post Graduate/ Graduate Diploma or Graduate Certificate ,0.4
711914,Sterilisation Technicians,Post Graduate/ Graduate Diploma or Graduate Certificate ,4.6
711999,Machine Operators (not covered elsewhere),Post Graduate/ Graduate Diploma or Graduate Certificate ,2.1
712211,Drillers,Post Graduate/ Graduate Diploma or Graduate Certificate ,0.7
712212,Miners,Post Graduate/ Graduate Diploma or Graduate Certificate ,0.5
712213,Shot Firers,Post Graduate/ Graduate Diploma or Graduate Certificate ,1.1
712911,Boiler and Engine Operators,Post Graduate/ Graduate Diploma or Graduate Certificate ,0.0
712912,Bulk Materials Handling Plant Operators,Post Graduate/ Graduate Diploma or Graduate Certificate ,1.0
712913,Cement Production Plant Operators,Post Graduate/ Graduate Diploma or Graduate Certificate ,0.0
712914,Concrete Batching Plant Operators,Post Graduate/ Graduate Diploma or Graduate Certificate ,1.1
712915,Concrete Pump Operators,Post Graduate/ Graduate Diploma or Graduate Certificate ,0.2
712916,Paper and Pulp Mill Operators,Post Graduate/ Graduate Diploma or Graduate Certificate ,1.8
712917,Railway Signal Operators,Post Graduate/ Graduate Diploma or Graduate Certificate ,2.2
712918,Train Controllers,Post Graduate/ Graduate Diploma or Graduate Certificate ,2.9
712921,Waste Water and Water Plant Operators,Post Graduate/ Graduate Diploma or Graduate Certificate ,3.1
712922,Weighbridge Operators,Post Graduate/ Graduate Diploma or Graduate Certificate ,1.2
712999,Stationary Plant Operators (not covered elsewhere),Post Graduate/ Graduate Diploma or Graduate Certificate ,1.8
721111,Agricultural and Horticultural Mobile Plant Operators,Post Graduate/ Graduate Diploma or Graduate Certificate ,0.8
721112,Logging Plant Operators,Post Graduate/ Graduate Diploma or Graduate Certificate ,0.0
721211,Earthmoving Plant Operators (General),Post Graduate/ Graduate Diploma or Graduate Certificate ,0.6
721212,Backhoe Operators,Post Graduate/ Graduate Diploma or Graduate Certificate ,0.0
721213,Bulldozer Operators,Post Graduate/ Graduate Diploma or Graduate Certificate ,0.2
721214,Excavator Operators,Post Graduate/ Graduate Diploma or Graduate Certificate ,0.1
721215,Grader Operators,Post Graduate/ Graduate Diploma or Graduate Certificate ,0.0
721216,Loader Operators,Post Graduate/ Graduate Diploma or Graduate Certificate ,0.3
721911,Aircraft Baggage Handlers and Airline Ground Crews,Post Graduate/ Graduate Diploma or Graduate Certificate ,2.2
721912,Linemarkers,Post Graduate/ Graduate Diploma or Graduate Certificate ,0.4
721913,Paving Plant Operators,Post Graduate/ Graduate Diploma or Graduate Certificate ,0.0
721914,Railway Track Plant Operators,Post Graduate/ Graduate Diploma or Graduate Certificate ,1.8
721915,Road Roller Operators,Post Graduate/ Graduate Diploma or Graduate Certificate ,0.0
721916,Streetsweeper Operators,Post Graduate/ Graduate Diploma or Graduate Certificate ,0.0
721999,Mobile Plant Operators (not covered elsewhere),Post Graduate/ Graduate Diploma or Graduate Certificate ,0.2
731111,Chauffeurs,Post Graduate/ Graduate Diploma or Graduate Certificate ,5.0
731112,Taxi Drivers,Post Graduate/ Graduate Diploma or Graduate Certificate ,8.7
731199,Other Automobile Drivers,Post Graduate/ Graduate Diploma or Graduate Certificate ,14.4
731211,Bus Drivers,Post Graduate/ Graduate Diploma or Graduate Certificate ,4.1
731212,Charter and Tour Bus Drivers,Post Graduate/ Graduate Diploma or Graduate Certificate ,2.9
731213,Passenger Coach Drivers,Post Graduate/ Graduate Diploma or Graduate Certificate ,2.6
731311,Train Drivers,Post Graduate/ Graduate Diploma or Graduate Certificate ,2.5
731312,Tram Drivers,Post Graduate/ Graduate Diploma or Graduate Certificate ,5.8
733111,Truck Drivers (General),Post Graduate/ Graduate Diploma or Graduate Certificate ,1.3
733112,Aircraft Refuellers,Post Graduate/ Graduate Diploma or Graduate Certificate ,0.4
733113,Furniture Removalist Drivers,Post Graduate/ Graduate Diploma or Graduate Certificate ,1.9
733114,Tanker Drivers,Post Graduate/ Graduate Diploma or Graduate Certificate ,0.3
733115,Tow Truck Drivers,Post Graduate/ Graduate Diploma or Graduate Certificate ,0.9
811411,Commercial Housekeepers,Post Graduate/ Graduate Diploma or Graduate Certificate ,4.3
811412,Domestic Housekeepers,Post Graduate/ Graduate Diploma or Graduate Certificate ,3.1
811511,Laundry Workers (General),Post Graduate/ Graduate Diploma or Graduate Certificate ,2.7
811512,Drycleaners,Post Graduate/ Graduate Diploma or Graduate Certificate ,2.8
811513,Ironers and Pressers,Post Graduate/ Graduate Diploma or Graduate Certificate ,3.0
811611,Carpet Cleaners,Post Graduate/ Graduate Diploma or Graduate Certificate ,2.2
811612,Window Cleaners,Post Graduate/ Graduate Diploma or Graduate Certificate ,1.8
811699,Cleaners (not covered elsewhere),Post Graduate/ Graduate Diploma or Graduate Certificate ,1.1
821111,Builder's Labourers,Post Graduate/ Graduate Diploma or Graduate Certificate ,1.1
821112,"Drainage, Sewerage and Stormwater Labourers",Post Graduate/ Graduate Diploma or Graduate Certificate ,1.4
821113,Earthmoving Labourers,Post Graduate/ Graduate Diploma or Graduate Certificate ,0.3
821114,Plumber's Assistants,Post Graduate/ Graduate Diploma or Graduate Certificate ,0.5
821411,Building Insulation Installers,Post Graduate/ Graduate Diploma or Graduate Certificate ,1.2
821412,Home Improvement Installers,Post Graduate/ Graduate Diploma or Graduate Certificate ,0.8
821711,Construction Riggers,Post Graduate/ Graduate Diploma or Graduate Certificate ,0.6
821712,Scaffolders,Post Graduate/ Graduate Diploma or Graduate Certificate ,0.5
821713,Steel Fixers,Post Graduate/ Graduate Diploma or Graduate Certificate ,1.0
821714,Structural Steel Erectors,Post Graduate/ Graduate Diploma or Graduate Certificate ,0.0
821911,Crane Chasers,Post Graduate/ Graduate Diploma or Graduate Certificate ,0.4
821912,Driller's Assistants,Post Graduate/ Graduate Diploma or Graduate Certificate ,0.9
821913,Laggers,Post Graduate/ Graduate Diploma or Graduate Certificate ,0.0
821914,Mining Support Workers,Post Graduate/ Graduate Diploma or Graduate Certificate ,0.8
821915,Surveyor's Assistants,Post Graduate/ Graduate Diploma or Graduate Certificate ,6.3
831111,Baking Factory Workers,Post Graduate/ Graduate Diploma or Graduate Certificate ,6.5
831112,Brewery Workers,Post Graduate/ Graduate Diploma or Graduate Certificate ,8.7
831113,Confectionery Makers,Post Graduate/ Graduate Diploma or Graduate Certificate ,4.7
831114,Dairy Products Makers,Post Graduate/ Graduate Diploma or Graduate Certificate ,3.2
831115,Fruit and Vegetable Factory Workers,Post Graduate/ Graduate Diploma or Graduate Certificate ,3.3
831116,Grain Mill Workers,Post Graduate/ Graduate Diploma or Graduate Certificate ,1.3
831117,Sugar Mill Workers,Post Graduate/ Graduate Diploma or Graduate Certificate ,0.0
831118,Winery Cellar Hands,Post Graduate/ Graduate Diploma or Graduate Certificate ,2.8
831199,Other Food and Drink Factory Workers,Post Graduate/ Graduate Diploma or Graduate Certificate ,3.7
831211,Meat Boners and Slicers,Post Graduate/ Graduate Diploma or Graduate Certificate ,0.9
831212,Slaughterers,Post Graduate/ Graduate Diploma or Graduate Certificate ,0.8
831311,Meat Process Workers,Post Graduate/ Graduate Diploma or Graduate Certificate ,2.2
831312,Poultry Process Workers,Post Graduate/ Graduate Diploma or Graduate Certificate ,2.7
831313,Seafood Process Workers,Post Graduate/ Graduate Diploma or Graduate Certificate ,4.6
832111,Chocolate Packers,Post Graduate/ Graduate Diploma or Graduate Certificate ,4.4
832112,Container Fillers,Post Graduate/ Graduate Diploma or Graduate Certificate ,3.3
832113,Fruit and Vegetable Packers,Post Graduate/ Graduate Diploma or Graduate Certificate ,3.3
832114,Meat Packers,Post Graduate/ Graduate Diploma or Graduate Certificate ,2.6
832115,Seafood Packers,Post Graduate/ Graduate Diploma or Graduate Certificate ,5.9
832199,Other Packers,Post Graduate/ Graduate Diploma or Graduate Certificate ,3.8
839211,Plastics Factory Workers,Post Graduate/ Graduate Diploma or Graduate Certificate ,2.4
839212,Rubber Factory Workers,Post Graduate/ Graduate Diploma or Graduate Certificate ,1.1
839311,Product Examiners,Post Graduate/ Graduate Diploma or Graduate Certificate ,10.8
839312,Product Graders,Post Graduate/ Graduate Diploma or Graduate Certificate ,4.1
839313,Product Testers,Post Graduate/ Graduate Diploma or Graduate Certificate ,7.9
839411,Paper and Pulp Mill Workers,Post Graduate/ Graduate Diploma or Graduate Certificate ,1.2
839412,Sawmill and Timber Yard Workers,Post Graduate/ Graduate Diploma or Graduate Certificate ,0.8
839413,Wood and Wood Products Factory Workers,Post Graduate/ Graduate Diploma or Graduate Certificate ,1.2
839911,Cement and Concrete Plant Workers,Post Graduate/ Graduate Diploma or Graduate Certificate ,1.0
839912,Chemical Plant Workers,Post Graduate/ Graduate Diploma or Graduate Certificate ,6.0
839913,Clay Processing Factory Workers,Post Graduate/ Graduate Diploma or Graduate Certificate ,0.0
839914,Fabric and Textile Factory Workers,Post Graduate/ Graduate Diploma or Graduate Certificate ,2.2
839915,Footwear Factory Workers,Post Graduate/ Graduate Diploma or Graduate Certificate ,0.0
839916,Glass Processing Workers,Post Graduate/ Graduate Diploma or Graduate Certificate ,1.6
839917,Hide and Skin Processing Workers,Post Graduate/ Graduate Diploma or Graduate Certificate ,0.0
839918,Recycling Workers,Post Graduate/ Graduate Diploma or Graduate Certificate ,1.3
839999,Factory Process Workers (not covered elsewhere),Post Graduate/ Graduate Diploma or Graduate Certificate ,1.3
841211,Fruit and Nut Farm Workers,Post Graduate/ Graduate Diploma or Graduate Certificate ,2.2
841212,Fruit and Nut Pickers,Post Graduate/ Graduate Diploma or Graduate Certificate ,1.3
841213,"Grain, Oilseed and Pasture Farm Workers",Post Graduate/ Graduate Diploma or Graduate Certificate ,1.3
841214,Vegetable Farm Workers,Post Graduate/ Graduate Diploma or Graduate Certificate ,2.6
841215,Vegetable Pickers,Post Graduate/ Graduate Diploma or Graduate Certificate ,2.8
841216,Vineyard Workers,Post Graduate/ Graduate Diploma or Graduate Certificate ,2.6
841217,Mushroom Pickers,Post Graduate/ Graduate Diploma or Graduate Certificate ,4.5
841299,Other Crop Farm Workers,Post Graduate/ Graduate Diploma or Graduate Certificate ,1.5
841311,Forestry Workers,Post Graduate/ Graduate Diploma or Graduate Certificate ,2.2
841312,Logging Assistants,Post Graduate/ Graduate Diploma or Graduate Certificate ,0.0
841313,Tree Fallers,Post Graduate/ Graduate Diploma or Graduate Certificate ,1.0
841411,Garden Labourers,Post Graduate/ Graduate Diploma or Graduate Certificate ,0.8
841412,Nursery Hands (Horticulture),Post Graduate/ Graduate Diploma or Graduate Certificate ,2.0
841511,Beef Cattle Farm Workers,Post Graduate/ Graduate Diploma or Graduate Certificate ,1.0
841512,Dairy Cattle Farm Workers,Post Graduate/ Graduate Diploma or Graduate Certificate ,1.8
841513,Mixed Livestock Farm Workers,Post Graduate/ Graduate Diploma or Graduate Certificate ,1.3
841514,Poultry Farm Workers,Post Graduate/ Graduate Diploma or Graduate Certificate ,1.8
841515,Sheep Farm Workers,Post Graduate/ Graduate Diploma or Graduate Certificate ,1.6
841516,Stablehands,Post Graduate/ Graduate Diploma or Graduate Certificate ,1.1
841517,Wool Handlers,Post Graduate/ Graduate Diploma or Graduate Certificate ,0.0
841599,Other Livestock Farm Workers,Post Graduate/ Graduate Diploma or Graduate Certificate ,1.2
841911,Hunter-Trappers,Post Graduate/ Graduate Diploma or Graduate Certificate ,3.1
841913,Pest Controllers,Post Graduate/ Graduate Diploma or Graduate Certificate ,2.0
841999,"Farm, Forestry and Garden Workers (not covered elsewhere)",Post Graduate/ Graduate Diploma or Graduate Certificate ,3.4
851211,Pastrycook's Assistants,Post Graduate/ Graduate Diploma or Graduate Certificate ,2.6
851299,Other Food Trades Assistants,Post Graduate/ Graduate Diploma or Graduate Certificate ,2.3
891111,Freight Handlers (Rail or Road),Post Graduate/ Graduate Diploma or Graduate Certificate ,1.6
891112,Truck Driver's Offsiders,Post Graduate/ Graduate Diploma or Graduate Certificate ,1.9
891113,Waterside Workers,Post Graduate/ Graduate Diploma or Graduate Certificate ,0.7
899211,Deck Hands,Post Graduate/ Graduate Diploma or Graduate Certificate ,1.4
899212,Fishing Hands,Post Graduate/ Graduate Diploma or Graduate Certificate ,1.0
899411,Motor Vehicle Parts and Accessories Fitters (General),Post Graduate/ Graduate Diploma or Graduate Certificate ,0.6
899412,Autoglaziers,Post Graduate/ Graduate Diploma or Graduate Certificate ,0.4
899413,Exhaust and Muffler Repairers,Post Graduate/ Graduate Diploma or Graduate Certificate ,1.6
899414,Radiator Repairers,Post Graduate/ Graduate Diploma or Graduate Certificate ,0.0
899415,Tyre Fitters,Post Graduate/ Graduate Diploma or Graduate Certificate ,0.3
899511,Printer's Assistants,Post Graduate/ Graduate Diploma or Graduate Certificate ,3.0
899512,Printing Table Workers,Post Graduate/ Graduate Diploma or Graduate Certificate ,1.7
899911,Bicycle Mechanics,Post Graduate/ Graduate Diploma or Graduate Certificate ,2.4
899912,Car Park Attendants,Post Graduate/ Graduate Diploma or Graduate Certificate ,6.1
899913,Crossing Supervisors,Post Graduate/ Graduate Diploma or Graduate Certificate ,3.7
899914,Electrical and Telecommunications Trades Assistants,Post Graduate/ Graduate Diploma or Graduate Certificate ,1.5
899915,Leaflet and Newspaper Deliverers,Post Graduate/ Graduate Diploma or Graduate Certificate ,4.2
899916,Mechanic's Assistants,Post Graduate/ Graduate Diploma or Graduate Certificate ,0.6
899917,Railways Assistants,Post Graduate/ Graduate Diploma or Graduate Certificate ,6.6
899918,Sign Erectors,Post Graduate/ Graduate Diploma or Graduate Certificate ,0.2
899921,Ticket Collectors and Ushers,Post Graduate/ Graduate Diploma or Graduate Certificate ,4.6
899922,Trolley Collectors,Post Graduate/ Graduate Diploma or Graduate Certificate ,3.8
899923,Road Traffic Controllers,Post Graduate/ Graduate Diploma or Graduate Certificate ,1.4
899999,Labourers (not covered elsewhere),Post Graduate/ Graduate Diploma or Graduate Certificate ,1.3
1111,Chief Executives and Managing Directors,Bachelor degree,31.5
1112,General Managers,Bachelor degree,30.0
1113,Legislators,Bachelor degree,32.5
1211,Aquaculture Farmers,Bachelor degree,15.6
1212,Crop Farmers,Bachelor degree,11.3
1213,Livestock Farmers,Bachelor degree,11.4
1214,Mixed Crop and Livestock Farmers,Bachelor degree,11.0
1311,"Advertising, Public Relations and Sales Manager",Bachelor degree,37.9
1321,Corporate Services Managers,Bachelor degree,28.6
1322,Finance Managers,Bachelor degree,47.8
1323,Human Resource Managers,Bachelor degree,34.0
1324,Policy and Planning Managers,Bachelor degree,37.3
1325,Research and Development Managers,Bachelor degree,35.6
1331,Construction Managers,Bachelor degree,22.2
1332,Engineering Managers,Bachelor degree,45.6
1333,"Importers, Exporters and Wholesalers",Bachelor degree,20.4
1334,Manufacturers,Bachelor degree,12.7
1335,Production Managers,Bachelor degree,20.2
1336,"Supply, Distribution and Procurement Managers",Bachelor degree,23.6
1341,Child Care Centre Managers,Bachelor degree,27.5
1342,Health and Welfare Services Managers,Bachelor degree,33.7
1343,School Principals,Bachelor degree,52.6
1344,Other Education Managers,Bachelor degree,29.3
1351,ICT Managers,Bachelor degree,42.3
1391,Commissioned Officers (Management),Bachelor degree,25.7
1392,Senior Non-Commissioned Defence Force Officers,Bachelor degree,6.7
1399,Other Specialist Managers,Bachelor degree,34.1
1411,Cafe and Restaurant Managers,Bachelor degree,20.6
1412,Caravan Park and Camping Ground Managers,Bachelor degree,9.9
1413,Hotel and Motel Managers,Bachelor degree,17.9
1414,Licensed Club Managers,Bachelor degree,13.2
1419,Other Accommodation and Hospitality Managers,Bachelor degree,21.8
1421,Retail Managers,Bachelor degree,16.4
1491,"Amusement, Fitness and Sports Centre Managers",Bachelor degree,23.7
1492,"Call, Contact Centre and Customer Service Managers",Bachelor degree,21.6
1493,Conference and Event Organisers,Bachelor degree,37.1
1494,Transport Services Managers,Bachelor degree,11.8
1499,"Other Hospitality, Retail and Service Managers",Bachelor degree,19.4
2111,"Actors, Dancers and Other Entertainers",Bachelor degree,29.3
2112,Music Professionals,Bachelor degree,35.1
2113,Photographers,Bachelor degree,31.3
2114,Visual Arts and Crafts Professionals,Bachelor degree,32.7
2121,"Artistic Directors, Media Producers and Presenters",Bachelor degree,45.0
2122,"Authors, and Book and Script Editors",Bachelor degree,42.1
2123,"Film, Television, Radio and Stage Directors",Bachelor degree,44.2
2124,Journalists and Other Writers,Bachelor degree,52.8
2211,Accountants,Bachelor degree,56.4
2212,"Auditors, Company Secretaries and Corporate Treasurers",Bachelor degree,48.8
2221,Financial Brokers,Bachelor degree,27.3
2222,Financial Dealers,Bachelor degree,48.4
2223,Financial Investment Advisers and Managers,Bachelor degree,44.1
2231,Human Resource Professionals,Bachelor degree,36.8
2232,ICT Trainers,Bachelor degree,32.6
2233,Training and Development Professionals,Bachelor degree,25.8
2241,"Actuaries, Mathematicians and Statisticians",Bachelor degree,45.0
2242,"Archivists, Curators and Records Managers",Bachelor degree,32.8
2243,Economists,Bachelor degree,43.1
2244,Intelligence and Policy Analysts,Bachelor degree,41.4
2245,Land Economists and Valuers,Bachelor degree,49.7
2246,Librarians,Bachelor degree,29.6
2247,Management and Organisation Analysts,Bachelor degree,42.1
2249,Other Information and Organisation Professionals,Bachelor degree,38.9
2251,Advertising and Marketing Professionals,Bachelor degree,52.5
2252,ICT Sales Professionals,Bachelor degree,39.6
2253,Public Relations Professionals,Bachelor degree,55.2
2254,Technical Sales Representatives,Bachelor degree,27.6
2311,Air Transport Professionals,Bachelor degree,29.5
2312,Marine Transport Professionals,Bachelor degree,16.1
2321,Architects and Landscape Architects,Bachelor degree,45.3
2322,Surveyors and Spatial Scientists,Bachelor degree,44.3
2323,"Fashion, Industrial and Jewellery Designers",Bachelor degree,50.2
2324,"Graphic and Web Designers, and Illustrators",Bachelor degree,50.0
2325,Interior Designers,Bachelor degree,46.0
2326,Urban and Regional Planners,Bachelor degree,47.7
2331,Chemical and Materials Engineers,Bachelor degree,59.2
2332,Civil Engineering Professionals,Bachelor degree,63.8
2333,Electrical Engineers,Bachelor degree,57.4
2334,Electronics Engineers,Bachelor degree,50.2
2335,"Industrial, Mechanical and Production Engineers",Bachelor degree,56.1
2336,Mining Engineers,Bachelor degree,58.5
2339,Other Engineering Professionals,Bachelor degree,51.6
2341,Agricultural and Forestry Scientists,Bachelor degree,43.3
2342,"Chemists, and Food and Wine Scientists",Bachelor degree,54.7
2343,Environmental Scientists,Bachelor degree,48.7
2344,"Geologists, Geophysicists and Hydrogeologists",Bachelor degree,54.5
2345,Life Scientists,Bachelor degree,38.1
2346,Medical Laboratory Scientists,Bachelor degree,50.9
2347,Veterinarians,Bachelor degree,68.3
2349,Other Natural and Physical Science Professionals,Bachelor degree,43.7
2411,Early Childhood (Pre-primary School) Teachers,Bachelor degree,60.4
2412,Primary School Teachers,Bachelor degree,69.2
2413,Middle School Teachers,Bachelor degree,60.1
2414,Secondary School Teachers,Bachelor degree,54.3
2415,Special Education Teachers,Bachelor degree,50.2
2421,University Lecturers and Tutors,Bachelor degree,14.9
2422,Vocational Education Teachers,Bachelor degree,24.0
2491,Education Advisers and Reviewers,Bachelor degree,34.5
2492,Private Tutors and Teachers,Bachelor degree,30.3
2493,Teachers of English to Speakers of Other Languages,Bachelor degree,35.5
2511,Nutrition Professionals,Bachelor degree,43.2
2512,Medical Imaging Professionals,Bachelor degree,53.1
2513,Occupational and Environmental Health Professionals,Bachelor degree,27.2
2514,Optometrists and Orthoptists,Bachelor degree,52.5
2515,Pharmacists,Bachelor degree,69.8
2519,Other Health Diagnostic and Promotion Professionals,Bachelor degree,36.5
2521,Chiropractors and Osteopaths,Bachelor degree,39.1
2522,Complementary Health Therapists,Bachelor degree,49.9
2523,Dental Practitioners,Bachelor degree,64.8
2524,Occupational Therapists,Bachelor degree,71.0
2525,Physiotherapists,Bachelor degree,58.6
2526,Podiatrists,Bachelor degree,65.1
2527,Audiologists and Speech Pathologists \ Therapists,Bachelor degree,53.4
2531,General Practitioners and Resident Medical Officers,Bachelor degree,56.6
2532,Anaesthetists,Bachelor degree,46.7
2533,Specialist Physicians,Bachelor degree,44.6
2534,Psychiatrists,Bachelor degree,30.2
2535,Surgeons,Bachelor degree,44.7
2539,Other Medical Practitioners,Bachelor degree,47.1
2541,Midwives,Bachelor degree,65.2
2542,Nurse Educators and Researchers,Bachelor degree,37.4
2543,Nurse Managers,Bachelor degree,49.7
2544,Registered Nurses,Bachelor degree,63.7
2611,ICT Business and Systems Analysts,Bachelor degree,47.3
2612,Multimedia Specialists and Web Developers,Bachelor degree,47.9
2613,Software and Applications Programmers,Bachelor degree,56.3
2621,"Database and Systems Administrators, and ICT Security Specialists",Bachelor degree,38.6
2631,Computer Network Professionals,Bachelor degree,38.9
2632,ICT Support and Test Engineers,Bachelor degree,46.5
2633,Telecommunications Engineering Professionals,Bachelor degree,44.1
2711,Barristers,Bachelor degree,53.8
2712,Judicial and Other Legal Professionals,Bachelor degree,48.3
2713,Solicitors,Bachelor degree,64.7
2721,Counsellors,Bachelor degree,34.2
2722,Ministers of Religion,Bachelor degree,38.1
2723,Psychologists and Psychotherapists,Bachelor degree,19.6
2724,Social Professionals,Bachelor degree,30.6
2725,Social Workers,Bachelor degree,51.5
2726,"Welfare, Recreation and Community Arts Workers",Bachelor degree,38.5
3111,Agricultural Technicians,Bachelor degree,32.5
3112,Medical Technicians,Bachelor degree,25.2
3113,Primary Products Inspectors,Bachelor degree,27.5
3114,Science Technicians,Bachelor degree,33.7
3121,"Architectural, Building and Surveying Technicians",Bachelor degree,16.9
3122,Civil Engineering Draftspersons and Technicians,Bachelor degree,19.4
3123,"Electrical Engineering Draftspersons, Technicians",Bachelor degree,12.3
3124,"Electronic Engineering Draftspersons, Technicians",Bachelor degree,16.1
3125,"Mechanical Engineering Draftspersons, Technicians",Bachelor degree,17.3
3126,Safety Inspectors,Bachelor degree,18.1
3129,Other Building and Engineering Technicians,Bachelor degree,11.6
3131,ICT Support Technicians,Bachelor degree,31.8
3132,Telecommunications Technical Specialists,Bachelor degree,22.2
3211,Automotive Electricians,Bachelor degree,1.8
3212,Motor Mechanics,Bachelor degree,2.5
3221,"Metal Casting, Forging and Finishing Trades",Bachelor degree,4.7
3222,Sheetmetal Trades Workers,Bachelor degree,1.8
3223,Structural Steel and Welding Trades Workers,Bachelor degree,2.1
3231,Aircraft Maintenance Engineers,Bachelor degree,6.9
3232,Metal Fitters and Machinists,Bachelor degree,2.2
3233,Precision Metal Trades Workers,Bachelor degree,7.8
3234,Toolmakers and Engineering Patternmakers,Bachelor degree,3.6
3241,Panelbeaters,Bachelor degree,1.4
3242,Vehicle Body Builders and Trimmers,Bachelor degree,2.2
3243,Vehicle Painters,Bachelor degree,1.4
3311,Bricklayers and Stonemasons,Bachelor degree,2.0
3312,Carpenters and Joiners,Bachelor degree,2.8
3321,Floor Finishers,Bachelor degree,3.5
3322,Painting Trades Workers,Bachelor degree,4.2
3331,Glaziers,Bachelor degree,2.3
3332,Plasterers,Bachelor degree,2.6
3333,Roof Tilers,Bachelor degree,1.6
3334,Wall and Floor Tilers,Bachelor degree,4.4
3341,Plumbers,Bachelor degree,1.2
3411,Electricians,Bachelor degree,2.7
3421,Airconditioning and Refrigeration Mechanics,Bachelor degree,2.6
3422,Electrical Distribution Trades Workers,Bachelor degree,2.2
3423,Electronics Trades Workers,Bachelor degree,12.8
3424,Telecommunications Trades Workers,Bachelor degree,11.7
3511,Bakers and Pastrycooks,Bachelor degree,11.1
3512,Butchers and Smallgoods Makers,Bachelor degree,2.5
3513,Chefs,Bachelor degree,14.4
3514,Cooks,Bachelor degree,11.6
3611,Animal Attendants and Trainers,Bachelor degree,13.1
3612,Shearers,Bachelor degree,1.5
3613,Veterinary Nurses,Bachelor degree,13.9
3621,Florists,Bachelor degree,15.2
3622,Gardeners,Bachelor degree,6.9
3623,Greenkeepers,Bachelor degree,2.8
3624,Nurserypersons,Bachelor degree,13.3
3911,Hairdressers,Bachelor degree,1.8
3921,Print Finishers and Screen Printers,Bachelor degree,8.0
3922,Graphic Pre-press Trades Workers,Bachelor degree,19.1
3923,Printers,Bachelor degree,8.3
3931,Canvas and Leather Goods Makers,Bachelor degree,6.5
3932,Clothing Trades Workers,Bachelor degree,15.0
3933,Upholsterers,Bachelor degree,4.0
3941,Cabinetmakers,Bachelor degree,3.4
3942,Wood Machinists and Other Wood Trades Workers,Bachelor degree,11.1
3991,Boat Builders and Shipwrights,Bachelor degree,4.8
3992,"Chemical, Gas, Petroleum and Power Plant Operators",Bachelor degree,7.8
3993,"Gallery, Library and Museum Technicians",Bachelor degree,21.7
3994,Jewellers,Bachelor degree,14.8
3995,Performing Arts Technicians,Bachelor degree,26.2
3996,Signwriters,Bachelor degree,5.6
3999,Other Miscellaneous Technicians and Trades Workers,Bachelor degree,14.5
4111,Ambulance Officers and Paramedics,Bachelor degree,56.6
4112,"Dental Hygienists, Technicians and Therapists",Bachelor degree,38.2
4113,Diversional Therapists,Bachelor degree,16.1
4114,Enrolled and Mothercraft Nurses,Bachelor degree,7.9
4115,Indigenous Health Workers,Bachelor degree,8.2
4116,Massage Therapists,Bachelor degree,21.1
4117,Welfare Support Workers,Bachelor degree,25.8
4211,Child Carers,Bachelor degree,13.3
4221,Education Aides,Bachelor degree,13.0
4231,Aged and Disabled Carers,Bachelor degree,13.4
4232,Dental Assistants,Bachelor degree,12.5
4233,Nursing Support and Personal Care Workers,Bachelor degree,15.4
4234,Special Care Workers,Bachelor degree,20.6
4311,Bar Attendants and Baristas,Bachelor degree,12.2
4312,Cafe Workers,Bachelor degree,8.6
4313,Gaming Workers,Bachelor degree,21.7
4314,Hotel Service Managers,Bachelor degree,21.4
4315,Waiters,Bachelor degree,13.2
4319,Other Hospitality Workers,Bachelor degree,12.0
4411,Defence Force Members - Other Ranks,Bachelor degree,7.7
4412,Fire and Emergency Workers,Bachelor degree,15.6
4413,Police,Bachelor degree,24.4
4421,Prison Officers,Bachelor degree,9.7
4422,Security Officers and Guards,Bachelor degree,13.5
4511,Beauty Therapists,Bachelor degree,8.5
4512,Driving Instructors,Bachelor degree,12.4
4513,Funeral Workers,Bachelor degree,9.8
4514,"Gallery, Museum and Tour Guides",Bachelor degree,29.5
4515,Personal Care Consultants,Bachelor degree,17.8
4516,Tourism and Travel Advisers,Bachelor degree,21.4
4517,Travel Attendants,Bachelor degree,14.5
4518,Other Personal Service Workers,Bachelor degree,18.5
4521,Fitness Instructors,Bachelor degree,24.4
4522,Outdoor Adventure Guides,Bachelor degree,25.4
4523,"Sports Coaches, Instructors and Officials",Bachelor degree,14.6
4524,Sportspersons,Bachelor degree,10.1
5111,"Contract, Program and Project Administrators",Bachelor degree,32.2
5121,Office Managers,Bachelor degree,16.0
5122,Practice Managers,Bachelor degree,24.2
5211,Personal Assistants,Bachelor degree,16.9
5212,Secretaries,Bachelor degree,12.4
5311,General Clerks,Bachelor degree,16.6
5321,Keyboard Operators,Bachelor degree,15.2
5411,Call or Contact Centre Workers,Bachelor degree,16.9
5412,Information Officers,Bachelor degree,20.1
5421,Receptionists,Bachelor degree,12.7
5511,Accounting Clerks,Bachelor degree,21.1
5512,Bookkeepers,Bachelor degree,19.9
5513,Payroll Clerks,Bachelor degree,18.3
5521,Bank Workers,Bachelor degree,26.7
5522,Credit and Loans Officers,Bachelor degree,30.2
5523,"Insurance, Money Market and Statistical Clerks",Bachelor degree,23.8
5611,Betting Clerks,Bachelor degree,12.0
5612,Couriers and Postal Deliverers,Bachelor degree,11.1
5613,Filing and Registry Clerks,Bachelor degree,19.7
5614,Mail Sorters,Bachelor degree,14.2
5615,Survey Interviewers,Bachelor degree,27.5
5616,Switchboard Operators,Bachelor degree,10.3
5619,Other Clerical and Office Support Workers,Bachelor degree,14.6
5911,Purchasing and Supply Logistics Clerks,Bachelor degree,16.6
5912,Transport and Despatch Clerks,Bachelor degree,13.7
5991,Conveyancers and Legal Executives,Bachelor degree,23.6
5992,Court and Legal Clerks,Bachelor degree,26.0
5993,Debt Collectors,Bachelor degree,17.3
5994,Human Resource Clerks,Bachelor degree,20.6
5995,Inspectors and Regulatory Officers,Bachelor degree,24.5
5996,"Insurance Investigators, Loss Adjusters and Risk Surveyors",Bachelor degree,22.0
5997,Library Assistants,Bachelor degree,20.6
5999,Other Miscellaneous Clerical and Administrative Workers,Bachelor degree,28.9
6111,"Auctioneers, and Stock and Station Agents",Bachelor degree,9.9
6112,Insurance Agents,Bachelor degree,23.2
6113,Sales Representatives,Bachelor degree,20.2
6121,Real Estate Sales Agents,Bachelor degree,19.8
6211,Sales Assistants (General),Bachelor degree,9.4
6212,ICT Sales Assistants,Bachelor degree,27.6
6213,Motor Vehicle and Vehicle Parts Salespersons,Bachelor degree,6.4
6214,Pharmacy Sales Assistants,Bachelor degree,10.0
6215,Retail Supervisors,Bachelor degree,12.1
6216,Service Station Attendants,Bachelor degree,13.4
6217,Street Vendors and Related Salespersons,Bachelor degree,19.9
6219,Other Sales Assistants and Salespersons,Bachelor degree,10.5
6311,Checkout Operators and Office Cashiers,Bachelor degree,7.6
6391,Models and Sales Demonstrators,Bachelor degree,10.4
6392,Retail and Wool Buyers,Bachelor degree,36.9
6393,Telemarketers,Bachelor degree,14.7
6394,Ticket Salespersons,Bachelor degree,17.1
6395,Visual Merchandisers,Bachelor degree,18.0
6399,Other Sales Support Workers,Bachelor degree,13.8
7111,"Clay, Concrete, Glass and Stone Processing Machine Operators",Bachelor degree,5.7
7112,Industrial Spraypainters,Bachelor degree,2.6
7113,Paper and Wood Processing Machine Operators,Bachelor degree,4.3
7114,Photographic Developers and Printers,Bachelor degree,20.2
7115,Plastics and Rubber Production Machine Operators,Bachelor degree,5.0
7116,Sewing Machinists,Bachelor degree,7.3
7117,Textile and Footwear Production Machine Operators,Bachelor degree,8.3
7119,Other Machine Operators,Bachelor degree,12.9
7121,"Crane, Hoist and Lift Operators",Bachelor degree,2.3
7122,"Drillers, Miners and Shot Firers",Bachelor degree,2.5
7123,Engineering Production Workers,Bachelor degree,5.6
7129,Other Stationary Plant Operators,Bachelor degree,5.6
7211,"Agricultural, Forestry and Horticultural Plant Operators",Bachelor degree,3.5
7212,Earthmoving Plant Operators,Bachelor degree,1.2
7213,Forklift Drivers,Bachelor degree,4.9
7219,Other Mobile Plant Operators,Bachelor degree,6.0
7311,Automobile Drivers,Bachelor degree,18.9
7312,Bus and Coach Drivers,Bachelor degree,10.3
7313,Train and Tram Drivers,Bachelor degree,8.4
7321,Delivery Drivers,Bachelor degree,12.7
7331,Truck Drivers,Bachelor degree,3.8
7411,Storepersons,Bachelor degree,9.1
8111,Car Detailers,Bachelor degree,5.7
8112,Commercial Cleaners,Bachelor degree,11.1
8113,Domestic Cleaners,Bachelor degree,10.2
8114,Housekeepers,Bachelor degree,12.1
8115,Laundry Workers,Bachelor degree,8.7
8116,Other Cleaners,Bachelor degree,6.7
8211,Building and Plumbing Labourers,Bachelor degree,5.3
8212,Concreters,Bachelor degree,1.9
8213,Fencers,Bachelor degree,3.3
8214,Insulation and Home Improvement Installers,Bachelor degree,4.3
8215,Paving and Surfacing Labourers,Bachelor degree,1.6
8216,Railway Track Workers,Bachelor degree,4.4
8217,Structural Steel Construction Workers,Bachelor degree,3.9
8219,Other Construction and Mining Labourers,Bachelor degree,5.4
8311,Food and Drink Factory Workers,Bachelor degree,11.2
8312,"Meat Boners and Slicers, and Slaughterers",Bachelor degree,6.0
8313,"Meat, Poultry and Seafood Process Workers",Bachelor degree,8.4
8321,Packers,Bachelor degree,10.8
8322,Product Assemblers,Bachelor degree,9.1
8391,Metal Engineering Process Workers,Bachelor degree,4.0
8392,Plastics and Rubber Factory Workers,Bachelor degree,6.0
8393,Product Quality Controllers,Bachelor degree,20.5
8394,Timber and Wood Process Workers,Bachelor degree,2.7
8399,Other Factory Process Workers,Bachelor degree,7.3
8411,Aquaculture Workers,Bachelor degree,8.5
8412,Crop Farm Workers,Bachelor degree,8.7
8413,Forestry and Logging Workers,Bachelor degree,6.5
8414,Garden and Nursery Labourers,Bachelor degree,5.5
8415,Livestock Farm Workers,Bachelor degree,7.1
8416,Mixed Crop and Livestock Farm Workers,Bachelor degree,6.0
8419,"Other Farm, Forestry and Garden Workers",Bachelor degree,9.4
8511,Fast Food Cooks,Bachelor degree,4.7
8512,Food Trades Assistants,Bachelor degree,7.9
8513,Kitchenhands,Bachelor degree,8.2
8911,Freight and Furniture Handlers,Bachelor degree,5.8
8912,Shelf Fillers,Bachelor degree,8.5
8991,Caretakers,Bachelor degree,7.5
8992,Deck and Fishing Hands,Bachelor degree,5.7
8993,Handypersons,Bachelor degree,7.0
8994,Motor Vehicle Parts and Accessories Fitters,Bachelor degree,1.9
8995,Printing Assistants and Table Workers,Bachelor degree,9.9
8996,Recycling and Rubbish Collectors,Bachelor degree,3.2
8997,Vending Machine Attendants,Bachelor degree,9.6
8999,Other Miscellaneous Labourers,Bachelor degree,7.3
111211,Corporate General Managers,Bachelor degree,30.5
111212,Defence Force Senior Officers,Bachelor degree,12.6
111311,Local Government Legislators,Bachelor degree,27.5
111312,Members of Parliament,Bachelor degree,42.7
111399,Other Legislators,Bachelor degree,18.2
121211,Cotton Growers,Bachelor degree,13.2
121212,Flower Growers,Bachelor degree,16.4
121213,Fruit and Nut Growers,Bachelor degree,12.2
121214,"Grain, Oilseed and Pasture Growers",Bachelor degree,10.3
121215,Grape Growers,Bachelor degree,16.1
121216,Mixed Crop Farmers,Bachelor degree,10.8
121217,Sugar Cane Growers,Bachelor degree,3.8
121218,Turf Growers,Bachelor degree,4.6
121221,Vegetable Growers,Bachelor degree,8.9
121299,Other Crop Farmers,Bachelor degree,15.7
121311,Beekeepers,Bachelor degree,10.9
121312,Beef Cattle Farmers,Bachelor degree,11.3
121313,Dairy Cattle Farmers,Bachelor degree,9.2
121314,Deer Farmers,Bachelor degree,
121315,Goat Farmers,Bachelor degree,14.4
121316,Horse Breeders,Bachelor degree,13.0
121317,Mixed Livestock Farmers,Bachelor degree,13.2
121318,Pig Farmers,Bachelor degree,23.8
121321,Poultry Farmers,Bachelor degree,12.1
121322,Sheep Farmers,Bachelor degree,11.8
121399,Other Livestock Farmers,Bachelor degree,12.6
131112,Sales and Marketing Managers,Bachelor degree,36.0
131113,Advertising Managers,Bachelor degree,54.0
131114,Public Relations Managers,Bachelor degree,51.0
133111,Construction Project Managers,Bachelor degree,32.1
133112,Project Builders,Bachelor degree,9.8
133311,Importers and Exporters,Bachelor degree,29.1
133312,Wholesalers,Bachelor degree,17.7
133511,Forest Managers,Bachelor degree,29.4
133512,Manufacturing Production Managers,Bachelor degree,17.6
133513,Mine Managers,Bachelor degree,25.0
133611,Supply and Distribution Managers,Bachelor degree,21.2
133612,Procurement Managers,Bachelor degree,31.0
134211,Medical Administrators,Bachelor degree,29.7
134212,Nursing Clinical Directors,Bachelor degree,43.6
134213,Primary Health Organisation Managers,Bachelor degree,30.5
134214,Welfare Centre Managers,Bachelor degree,32.3
134299,Other Health and Welfare Services Managers,Bachelor degree,33.5
134411,Faculty Heads,Bachelor degree,22.3
134412,Regional Education Managers,Bachelor degree,39.3
134499,Education Managers (not covered elsewhere),Bachelor degree,34.2
135111,Chief Information Officers,Bachelor degree,42.0
135112,ICT Project Managers,Bachelor degree,43.8
135199,Other ICT Managers,Bachelor degree,38.2
139111,Commissioned Defence Force Officers,Bachelor degree,29.1
139112,Commissioned Fire Officers,Bachelor degree,12.4
139113,Commissioned Police Officers,Bachelor degree,22.9
139911,Arts Administrators and Managers,Bachelor degree,39.7
139912,Environmental Managers,Bachelor degree,47.3
139913,Laboratory Managers,Bachelor degree,38.2
139914,Quality Assurance Managers,Bachelor degree,35.8
139915,Sports Administrators,Bachelor degree,40.2
139999,Specialist Managers (not covered elsewhere),Bachelor degree,30.8
141911,Bed and Breakfast Operators,Bachelor degree,22.6
141912,Retirement Village Managers,Bachelor degree,17.3
141999,Accommodation and Hospitality Managers (not covered elsewhere),Bachelor degree,22.9
142111,Retail Managers (General),Bachelor degree,16.5
142112,Antique Dealers,Bachelor degree,19.8
142113,Betting Agency Managers,Bachelor degree,11.3
142114,Hair and Beauty Salon Managers,Bachelor degree,11.5
142115,Post Office Managers,Bachelor degree,14.8
142116,Travel Agency Managers,Bachelor degree,25.6
149111,Amusement Centre Managers,Bachelor degree,22.3
149112,Fitness Centre Managers,Bachelor degree,25.1
149113,Sports Centre Managers,Bachelor degree,23.0
149211,Call Centre or Contact Centre Managers,Bachelor degree,16.8
149212,Customer Service Managers,Bachelor degree,22.1
149411,Fleet Managers,Bachelor degree,11.8
149412,Railway Station Managers,Bachelor degree,15.8
149413,Transport Company Managers,Bachelor degree,11.5
149911,Boarding Kennel and Cattery Operators,Bachelor degree,12.4
149912,Cinema and Theatre Managers,Bachelor degree,26.5
149913,Facilities Managers,Bachelor degree,16.8
149914,Bank Managers and Branch Managers,Bachelor degree,24.8
149915,Equipment Hire Managers,Bachelor degree,10.5
149999,"Hospitality, Retail and Service Managers (not covered elsewhere)",Bachelor degree,20.8
211111,Actors,Bachelor degree,40.9
211112,Dancers and Choreographers,Bachelor degree,17.4
211113,Entertainers and Variety Artists,Bachelor degree,26.0
211199,"Other Actors, Dancers and Entertainers",Bachelor degree,28.2
211211,Composers,Bachelor degree,38.4
211212,Music Directors,Bachelor degree,44.5
211213,Musicians,Bachelor degree,35.0
211214,Singers,Bachelor degree,28.7
211299,Other Music Professionals,Bachelor degree,37.9
211411,Painters (Visual Arts),Bachelor degree,33.2
211412,Potters and Ceramic Artists,Bachelor degree,35.5
211413,Sculptors,Bachelor degree,35.7
211499,Other Visual Arts or Crafts Professionals,Bachelor degree,29.2
212111,Artistic Directors,Bachelor degree,40.6
212112,Media Producers,Bachelor degree,49.9
212113,Radio Presenters,Bachelor degree,24.9
212114,Television Presenters,Bachelor degree,36.6
212211,Authors,Bachelor degree,41.9
212212,Book and Script Editors,Bachelor degree,41.8
212311,"Art Directors (Film, Television or Stage)",Bachelor degree,44.6
212312,"Directors (Film, Television, Radio or Stage)",Bachelor degree,45.1
212313,Cinematographers,Bachelor degree,30.9
212314,Film and Video Editors,Bachelor degree,46.7
212315,Program Directors (Television or Radio),Bachelor degree,45.4
212316,Stage Managers,Bachelor degree,50.2
212317,Technical Directors,Bachelor degree,33.4
212318,Video Producers,Bachelor degree,47.5
212399,"Other Film, Television, Radio and Stage Directors",Bachelor degree,33.7
212411,Copywriters,Bachelor degree,59.1
212412,Newspaper and Periodical Editors,Bachelor degree,50.7
212413,Print Journalists,Bachelor degree,58.3
212414,Radio Journalists,Bachelor degree,57.2
212415,Technical Writers,Bachelor degree,37.6
212416,Television Journalists,Bachelor degree,66.5
212499,"Bloggers, Critics, Sports and Other Writers (not covered elsewhere)",Bachelor degree,52.3
221111,Accountants (General),Bachelor degree,56.7
221112,Management Accountants,Bachelor degree,57.8
221113,Taxation Accountants,Bachelor degree,51.8
221211,Company Secretaries,Bachelor degree,39.1
221212,Corporate Treasurers,Bachelor degree,49.1
221213,External Auditors,Bachelor degree,52.1
221214,Internal Auditors,Bachelor degree,44.1
222111,Commodities Traders,Bachelor degree,43.1
222112,Finance Brokers,Bachelor degree,28.2
222113,Insurance Brokers,Bachelor degree,22.5
222199,Other Financial Brokers,Bachelor degree,33.5
222211,Financial Market Dealers,Bachelor degree,51.6
222212,Futures Traders,Bachelor degree,41.6
222213,Stockbrokers,Bachelor degree,52.1
222299,Other Financial Dealers,Bachelor degree,46.3
222311,Financial Investment Advisers,Bachelor degree,43.2
222312,Financial Investment Managers,Bachelor degree,46.0
223111,Human Resource Advisers,Bachelor degree,41.4
223112,Recruitment Consultants,Bachelor degree,32.4
223113,Workplace Relations Advisers,Bachelor degree,35.9
224111,Actuaries,Bachelor degree,70.0
224112,Mathematicians,Bachelor degree,28.2
224113,Statisticians,Bachelor degree,31.1
224211,Archivists,Bachelor degree,24.4
224212,Gallery and Museum Curators,Bachelor degree,29.8
224213,Health Information Managers,Bachelor degree,49.5
224214,Records Managers,Bachelor degree,23.2
224411,Intelligence Officers,Bachelor degree,36.0
224412,Policy Analysts,Bachelor degree,42.7
224511,Land Economists,Bachelor degree,45.0
224512,Valuers,Bachelor degree,57.8
224711,Management Consultants,Bachelor degree,42.7
224712,Organisation and Methods Analysts,Bachelor degree,38.5
224911,Electorate Officers,Bachelor degree,37.8
224912,Liaison Officers,Bachelor degree,34.2
224913,Migration Agents,Bachelor degree,30.7
224914,Patents Examiners,Bachelor degree,34.1
224999,Information and Organisation Professionals (not covered elsewhere),Bachelor degree,40.1
225111,Advertising Specialists,Bachelor degree,60.8
225112,Market Research Analysts,Bachelor degree,51.1
225113,Marketing Specialists,Bachelor degree,51.9
225211,ICT Account Managers,Bachelor degree,42.0
225212,ICT Business Development Managers,Bachelor degree,39.5
225213,ICT Sales Representatives,Bachelor degree,37.6
225411,Sales Representatives (Industrial Products),Bachelor degree,17.0
225412,Sales Representatives (Medical and Pharmaceutical Products),Bachelor degree,43.8
225499,Other Technical Sales Representatives,Bachelor degree,33.3
231111,Aeroplane Pilots,Bachelor degree,31.1
231112,Air Traffic Controllers,Bachelor degree,34.6
231113,Flying Instructors,Bachelor degree,25.6
231114,Helicopter Pilots,Bachelor degree,21.4
231199,Other Air Transport Professionals,Bachelor degree,23.3
231211,Master Fishers,Bachelor degree,1.9
231212,Marine Engineers,Bachelor degree,23.6
231213,Ship's Masters,Bachelor degree,9.7
231214,Ship's Officers,Bachelor degree,30.5
231215,Marine Surveyors,Bachelor degree,35.8
231299,Other Marine Transport Professionals,Bachelor degree,15.3
232111,Architects,Bachelor degree,44.7
232112,Landscape Architects,Bachelor degree,48.1
232212,Surveyors,Bachelor degree,46.2
232213,Cartographers,Bachelor degree,31.3
232214,Other Spatial Scientists,Bachelor degree,40.0
232311,Fashion Designers,Bachelor degree,44.6
232312,Industrial Designers,Bachelor degree,56.7
232313,Jewellery Designers,Bachelor degree,33.5
232411,Graphic Designers,Bachelor degree,49.9
232412,Illustrators (including Animators),Bachelor degree,53.6
232413,Multimedia Designers,Bachelor degree,48.2
232414,Web Designers,Bachelor degree,49.8
233111,Chemical Engineers,Bachelor degree,61.5
233112,Materials Engineers,Bachelor degree,47.4
233211,Civil Engineers,Bachelor degree,66.3
233212,Geotechnical Engineers,Bachelor degree,47.2
233213,Quantity Surveyors,Bachelor degree,60.6
233214,Structural Engineers,Bachelor degree,64.9
233215,Transport Engineers,Bachelor degree,57.7
233511,Industrial Engineers,Bachelor degree,51.4
233512,Mechanical Engineers,Bachelor degree,56.7
233513,Production and Plant Engineers,Bachelor degree,58.3
233611,Mining Engineers (excluding Petroleum),Bachelor degree,59.3
233612,Petroleum Engineers,Bachelor degree,57.1
233911,Aeronautical Engineers,Bachelor degree,56.3
233912,Agricultural Engineers,Bachelor degree,31.0
233913,Biomedical Engineers,Bachelor degree,44.3
233914,Engineering Technologists,Bachelor degree,36.6
233915,Environmental Engineers,Bachelor degree,57.1
233916,Naval Architects,Bachelor degree,61.9
233999,Engineering Professionals (not covered elsewhere),Bachelor degree,50.8
234111,Agricultural Consultants,Bachelor degree,38.9
234112,Agricultural Scientists,Bachelor degree,49.2
234113,Foresters,Bachelor degree,32.7
234211,Chemists,Bachelor degree,52.8
234212,Food Technologists,Bachelor degree,57.2
234213,Wine Makers,Bachelor degree,56.8
234311,Conservation Officers,Bachelor degree,49.2
234312,Environmental Consultants,Bachelor degree,56.0
234313,Environmental Research Scientists,Bachelor degree,54.4
234314,Park Rangers,Bachelor degree,27.3
234399,Other Environmental Scientists,Bachelor degree,46.0
234411,Geologists,Bachelor degree,58.6
234412,Geophysicists,Bachelor degree,45.6
234413,Hydrogeologists,Bachelor degree,36.5
234511,Biologists,Bachelor degree,27.7
234513,Biochemists,Bachelor degree,44.0
234514,Biotechnologists,Bachelor degree,29.1
234515,Botanists,Bachelor degree,36.9
234516,Marine Biologists,Bachelor degree,32.8
234517,Microbiologists,Bachelor degree,51.0
234518,Zoologists,Bachelor degree,42.9
234599,Other Life Scientists,Bachelor degree,39.8
234911,Conservators,Bachelor degree,33.6
234912,Metallurgists,Bachelor degree,59.9
234913,Meteorologists,Bachelor degree,26.2
234914,Physicists (including Astronomers),Bachelor degree,13.1
234915,Exercise Physiologists,Bachelor degree,51.6
234999,Natural and Physical Science Professionals (not covered elsewhere),Bachelor degree,48.0
241511,Special Needs Teachers,Bachelor degree,51.4
241512,Teachers of the Hearing Impaired,Bachelor degree,23.8
241513,Teachers of the Sight Impaired,Bachelor degree,32.4
241599,Other Special Education Teachers,Bachelor degree,46.6
242111,University Lecturers,Bachelor degree,9.0
242112,University Tutors,Bachelor degree,38.9
249111,Education Advisers,Bachelor degree,34.5
249112,Education Reviewers,Bachelor degree,35.5
249211,Art Teachers (Private Tuition),Bachelor degree,37.8
249212,Dance Teachers (Private Tuition),Bachelor degree,16.7
249213,Drama Teachers (Private Tuition),Bachelor degree,42.3
249214,Music Teachers (Private Tuition),Bachelor degree,38.9
249299,Other Private Tutors and Teachers,Bachelor degree,29.3
251111,Dietitians,Bachelor degree,41.3
251112,Nutritionists,Bachelor degree,51.8
251211,Medical Diagnostic Radiographers,Bachelor degree,64.0
251212,Medical Radiation Therapists,Bachelor degree,69.7
251213,Nuclear Medicine Technologists,Bachelor degree,78.4
251214,Sonographers,Bachelor degree,26.2
251311,Environmental Health Officers,Bachelor degree,40.3
251312,Occupational Health and Safety Advisers,Bachelor degree,24.4
251411,Optometrists,Bachelor degree,55.3
251412,Orthoptists,Bachelor degree,38.7
251511,Hospital Pharmacists,Bachelor degree,60.4
251512,Industrial Pharmacists,Bachelor degree,45.5
251513,Retail Pharmacists,Bachelor degree,73.5
251911,Health Promotion Officers,Bachelor degree,36.4
251912,Orthotists and Prosthetists,Bachelor degree,42.6
251999,Genetic Counsellors (and Other Health Professionals not covered elsewhere),Bachelor degree,34.7
252111,Chiropractors,Bachelor degree,42.2
252112,Osteopaths,Bachelor degree,33.0
252211,Acupuncturists,Bachelor degree,59.0
252212,Homoeopaths,Bachelor degree,37.5
252213,Naturopaths,Bachelor degree,53.6
252214,Chinese Medicine Practitioners,Bachelor degree,60.2
252299,"Music, Dance, Drama, Play, Hypnotic, and Related Therapists",Bachelor degree,23.7
252311,Dental Specialists (including Orthodontists),Bachelor degree,10.7
252312,Dentists,Bachelor degree,70.0
252711,Audiologists,Bachelor degree,8.3
252712,Speech Pathologists,Bachelor degree,64.3
253111,General Practitioners,Bachelor degree,58.1
253112,Resident Medical Officers,Bachelor degree,52.0
253311,Specialist Physicians (General Medicine),Bachelor degree,36.4
253312,Cardiologists,Bachelor degree,44.1
253313,Clinical Haematologists,Bachelor degree,46.7
253314,Medical Oncologists,Bachelor degree,47.1
253315,Endocrinologists,Bachelor degree,42.5
253316,Gastroenterologists,Bachelor degree,43.9
253317,Intensive Care Specialists,Bachelor degree,48.8
253318,Neurologists,Bachelor degree,41.5
253321,Paediatricians,Bachelor degree,45.1
253322,Renal Medicine Specialists,Bachelor degree,40.2
253323,Rheumatologists,Bachelor degree,43.0
253324,Thoracic Medicine Specialists,Bachelor degree,50.6
253399,Other Specialist Physicians,Bachelor degree,45.0
253511,Surgeons (General),Bachelor degree,40.5
253512,Cardiothoracic Surgeons,Bachelor degree,37.4
253513,Neurosurgeons,Bachelor degree,42.6
253514,Orthopaedic Surgeons,Bachelor degree,48.2
253515,"Ear, Nose and Throat Specialists",Bachelor degree,43.7
253516,Paediatric Surgeons,Bachelor degree,33.6
253517,Plastic and Reconstructive Surgeons,Bachelor degree,40.3
253518,Urologists,Bachelor degree,46.5
253521,Vascular Surgeons,Bachelor degree,36.1
253911,Dermatologists,Bachelor degree,35.6
253912,Emergency Medicine Specialists,Bachelor degree,61.1
253913,Obstetricians and Gynaecologists,Bachelor degree,44.5
253914,Eye Specialists,Bachelor degree,31.4
253915,Pathologists,Bachelor degree,38.3
253917,Diagnostic and Interventional Radiologists,Bachelor degree,46.0
253918,Radiation Oncologists,Bachelor degree,50.5
253999,Medical Practitioners (not covered elsewhere),Bachelor degree,47.0
254211,Nurse Educators,Bachelor degree,35.8
254212,Nurse Researchers,Bachelor degree,43.7
254411,Nurse Practitioners,Bachelor degree,16.6
254412,Registered Nurses (Aged Care),Bachelor degree,53.2
254413,Registered Nurses (Child and Family Health),Bachelor degree,45.8
254414,Registered Nurses (Community Health),Bachelor degree,61.6
254415,Registered Nurses (Critical Care and Emergency),Bachelor degree,62.4
254416,Registered Nurses (Developmental Disability),Bachelor degree,
254417,Registered Nurses (Disability and Rehabilitation),Bachelor degree,71.5
254418,Registered Nurses (Medical),Bachelor degree,72.5
254421,Registered Nurses (Medical Practice),Bachelor degree,67.5
254422,Registered Nurses (Mental Health),Bachelor degree,54.4
254423,Registered Nurses (Perioperative),Bachelor degree,68.2
254424,Registered Nurses (Surgical),Bachelor degree,78.3
254425,Registered Nurses (Paediatrics),Bachelor degree,67.1
254499,Registered Nurses (not covered elsewhere),Bachelor degree,71.6
261111,ICT Business Analysts,Bachelor degree,47.7
261112,Systems Analysts,Bachelor degree,46.9
261211,Game and Multimedia Developers,Bachelor degree,52.9
261212,Web Developers,Bachelor degree,47.3
261311,Analyst Programmers,Bachelor degree,55.8
261312,Developer Programmers,Bachelor degree,54.9
261313,Software Engineers,Bachelor degree,58.3
261314,Software Testers,Bachelor degree,53.2
261399,Other Software and Applications Programmers,Bachelor degree,53.5
262111,Database Administrators,Bachelor degree,41.2
262112,ICT Security Specialists,Bachelor degree,41.5
262113,Systems Administrators,Bachelor degree,35.0
263111,Computer Network and Systems Engineers,Bachelor degree,40.4
263112,Network Administrators,Bachelor degree,32.7
263113,Network Analysts,Bachelor degree,44.1
263211,ICT Quality Assurance Engineers,Bachelor degree,46.4
263212,ICT Support Engineers,Bachelor degree,42.0
263213,ICT Systems Test Engineers,Bachelor degree,48.5
263299,Other ICT Support and Test Engineers,Bachelor degree,60.3
263311,Telecommunications Engineers,Bachelor degree,44.6
263312,Telecommunications Network Engineers,Bachelor degree,44.0
271211,Judges,Bachelor degree,64.2
271212,Magistrates,Bachelor degree,72.1
271213,Tribunal Members,Bachelor degree,45.4
271214,Intellectual Property Lawyers,Bachelor degree,25.7
271299,Judicial and Other Legal Professionals (not covered elsewhere),Bachelor degree,47.9
272111,Careers Counsellors,Bachelor degree,25.5
272112,Drug and Alcohol Counsellors,Bachelor degree,29.5
272113,Family and Marriage Counsellors,Bachelor degree,33.9
272114,Rehabilitation Counsellors,Bachelor degree,44.9
272115,Student Counsellors,Bachelor degree,33.7
272199,Other Counsellors and Life Coaches,Bachelor degree,35.8
272311,Clinical Psychologists,Bachelor degree,17.8
272312,Educational Psychologists,Bachelor degree,17.4
272313,Organisational Psychologists,Bachelor degree,18.3
272314,Psychotherapists,Bachelor degree,29.7
272399,Other Psychologists,Bachelor degree,26.9
272411,Historians,Bachelor degree,19.9
272412,Interpreters,Bachelor degree,28.2
272413,Translators,Bachelor degree,33.6
272414,Archaeologists,Bachelor degree,49.5
272499,Other Social Professionals,Bachelor degree,29.6
272611,Community Arts Workers,Bachelor degree,34.4
272612,Recreation Officers,Bachelor degree,25.4
272613,Welfare Workers,Bachelor degree,39.2
311211,Anaesthetic Technicians,Bachelor degree,18.1
311212,Cardiac Technicians,Bachelor degree,54.8
311213,Medical Laboratory Technicians,Bachelor degree,39.1
311214,Operating Theatre Technicians,Bachelor degree,14.5
311215,Pharmacy Technicians,Bachelor degree,16.5
311216,Pathology Collectors,Bachelor degree,19.4
311299,Other Medical Technicians,Bachelor degree,28.6
311311,Fisheries Officers,Bachelor degree,43.3
311312,Meat Inspectors,Bachelor degree,10.3
311313,Quarantine Officers,Bachelor degree,26.1
311399,Other Primary Products Inspectors,Bachelor degree,33.5
311411,Chemistry Technicians,Bachelor degree,35.7
311412,Earth Science Technicians,Bachelor degree,20.5
311413,Life Science Technicians,Bachelor degree,41.0
311414,School Laboratory Technicians,Bachelor degree,36.4
311415,Hydrographers,Bachelor degree,32.8
311499,Other Science Technicians,Bachelor degree,26.2
312111,Architectural Draftspersons,Bachelor degree,28.7
312112,Building Associates,Bachelor degree,8.8
312113,Building Inspectors,Bachelor degree,23.5
312114,Construction Estimators,Bachelor degree,29.7
312115,Plumbing Inspectors,Bachelor degree,2.6
312116,Surveying and Spatial Science Technicians,Bachelor degree,21.9
312199,"Other Architectural, Building and Surveying Technicians",Bachelor degree,25.3
312211,Civil Engineering Draftspersons,Bachelor degree,21.1
312212,Civil Engineering Technicians,Bachelor degree,16.1
312311,Electrical Engineering Draftspersons,Bachelor degree,19.5
312312,Electrical Engineering Technicians,Bachelor degree,9.9
312411,Electronic Engineering Draftspersons,Bachelor degree,25.7
312412,Electronic Engineering Technicians,Bachelor degree,15.7
312511,Mechanical Engineering Draftspersons,Bachelor degree,18.9
312512,Mechanical Engineering Technicians,Bachelor degree,13.1
312911,Maintenance Planners,Bachelor degree,11.4
312912,Metallurgical and Materials Technicians,Bachelor degree,16.5
312913,Mine Deputies,Bachelor degree,5.6
312999,Building and Engineering Technicians (not covered elsewhere),Bachelor degree,16.0
313111,Hardware Technicians,Bachelor degree,25.0
313112,ICT Customer Support Officers,Bachelor degree,31.6
313113,Web Administrators,Bachelor degree,43.7
313199,Other ICT Support Technicians,Bachelor degree,23.9
313211,Radiocommunications Technicians,Bachelor degree,10.2
313212,Telecommunications Field Engineers,Bachelor degree,16.0
313213,Telecommunications Network Planners,Bachelor degree,37.7
313214,Telecommunications Technical Officers and Technologists,Bachelor degree,18.2
321211,Motor Mechanics (General),Bachelor degree,2.6
321212,Diesel Motor Mechanics,Bachelor degree,1.2
321213,Motorcycle Mechanics,Bachelor degree,2.1
321214,Small Engine Mechanics,Bachelor degree,1.5
322111,Blacksmiths,Bachelor degree,7.4
322112,Electroplaters,Bachelor degree,5.8
322113,Farriers,Bachelor degree,3.3
322114,Metal Casting Trades Workers,Bachelor degree,4.1
322115,Metal Polishers,Bachelor degree,5.5
322311,Metal Fabricators,Bachelor degree,1.8
322312,Pressure Welders,Bachelor degree,5.0
322313,Welders (First Class),Bachelor degree,2.8
323111,Aircraft Maintenance Engineers (Avionics),Bachelor degree,7.5
323112,Aircraft Maintenance Engineers (Mechanical),Bachelor degree,5.0
323113,Aircraft Maintenance Engineers (Structures),Bachelor degree,15.0
323211,Fitters (General),Bachelor degree,2.1
323212,Fitter and Turners,Bachelor degree,0.9
323213,Fitter-Welders,Bachelor degree,1.5
323214,Metal Machinists (First Class),Bachelor degree,6.0
323215,"Textile, Clothing and Footwear Mechanics",Bachelor degree,4.4
323299,Other Metal Fitters and Machinists,Bachelor degree,3.1
323311,Engravers,Bachelor degree,9.6
323312,Gunsmiths,Bachelor degree,6.9
323313,Locksmiths,Bachelor degree,2.8
323314,Precision Instrument Makers and Repairers,Bachelor degree,16.7
323315,Saw Doctors,Bachelor degree,0.0
323316,Watch and Clock Makers and Repairers,Bachelor degree,7.7
323411,Engineering Patternmakers,Bachelor degree,4.6
323412,Toolmakers,Bachelor degree,3.5
324211,Vehicle Body Builders,Bachelor degree,2.4
324212,Vehicle Trimmers,Bachelor degree,1.5
331111,Bricklayers,Bachelor degree,1.3
331112,Stonemasons,Bachelor degree,4.3
331212,Carpenters,Bachelor degree,2.8
331213,Joiners,Bachelor degree,4.8
333211,Fibrous Plasterers,Bachelor degree,2.5
333212,Solid Plasterers,Bachelor degree,3.0
334111,Plumbers (General),Bachelor degree,1.1
334112,Airconditioning and Mechanical Services Plumbers,Bachelor degree,1.2
334113,Drainers,Bachelor degree,1.2
334114,Gasfitters,Bachelor degree,2.1
334115,Roof Plumbers,Bachelor degree,1.1
341111,Electricians (General),Bachelor degree,2.7
341112,Electricians (Special Class),Bachelor degree,0.0
341113,Lift Mechanics,Bachelor degree,3.8
342211,Electrical Linesworkers,Bachelor degree,2.1
342212,Technical Cable Jointers,Bachelor degree,2.4
342311,Business Machine Mechanics,Bachelor degree,10.4
342312,Communications Operators,Bachelor degree,9.2
342313,Electronic Equipment Trades Workers,Bachelor degree,13.7
342314,Electronic Instrument Trades Workers (General),Bachelor degree,8.1
342315,Electronic Instrument Trades Workers (Special Class),Bachelor degree,9.0
342411,Cablers (Data and Telecommunications),Bachelor degree,7.0
342412,Telecommunications Cable Jointers,Bachelor degree,6.1
342413,Telecommunications Linesworkers,Bachelor degree,8.8
342414,Telecommunications Technicians,Bachelor degree,13.1
351111,Bakers,Bachelor degree,9.6
351112,Pastrycooks,Bachelor degree,15.7
361111,Dog Handlers and Trainers,Bachelor degree,18.3
361112,Horse Trainers,Bachelor degree,7.7
361113,Pet Groomers,Bachelor degree,8.2
361114,Zookeepers,Bachelor degree,35.1
361115,Kennel Hands,Bachelor degree,8.8
361199,Other Animal Attendants and Trainers,Bachelor degree,14.8
362211,Gardeners (General),Bachelor degree,7.8
362212,Arborists,Bachelor degree,5.3
362213,Landscape Gardeners,Bachelor degree,6.3
392111,Print Finishers,Bachelor degree,7.1
392112,Screen Printers,Bachelor degree,9.6
392311,Printing Machinists,Bachelor degree,6.5
392312,Small Offset Printers,Bachelor degree,13.0
393111,Canvas Goods Fabricators,Bachelor degree,4.6
393112,Leather Goods Makers,Bachelor degree,8.6
393113,Sail Makers,Bachelor degree,3.5
393114,Shoemakers,Bachelor degree,6.4
393211,Apparel Cutters,Bachelor degree,7.3
393212,Clothing Patternmakers,Bachelor degree,22.9
393213,Dressmakers and Tailors,Bachelor degree,14.8
393299,Other Clothing Trades Workers,Bachelor degree,15.2
394211,Furniture Finishers,Bachelor degree,2.8
394212,Picture Framers,Bachelor degree,19.7
394213,Wood Machinists,Bachelor degree,1.7
394214,Wood Turners,Bachelor degree,4.8
394299,Other Wood Machinists and Wood Trades Workers,Bachelor degree,15.2
399111,Boat Builders and Repairers,Bachelor degree,4.6
399112,Shipwrights,Bachelor degree,5.7
399211,Chemical Plant Operators,Bachelor degree,9.0
399212,Gas and Petroleum Operators,Bachelor degree,8.3
399213,Power Generation Plant Operators,Bachelor degree,5.5
399311,Gallery and Museum Technicians,Bachelor degree,31.9
399312,Library Technicians,Bachelor degree,21.2
399511,Broadcast Transmitter Operators,Bachelor degree,32.9
399512,"Camera Operators (Film, Television or Video)",Bachelor degree,31.4
399513,Light Technicians,Bachelor degree,23.3
399514,Make Up Artists,Bachelor degree,13.3
399515,Musical Instrument Makers and Repairers,Bachelor degree,16.4
399516,Sound Technicians,Bachelor degree,30.2
399517,Television Equipment Operators,Bachelor degree,31.2
399599,Other Performing Arts Technicians,Bachelor degree,30.3
399911,Divers,Bachelor degree,11.2
399912,Interior Decorators,Bachelor degree,22.4
399913,Optical Dispensers,Bachelor degree,16.8
399914,Optical Mechanics,Bachelor degree,11.0
399915,Photographer's Assistants,Bachelor degree,32.0
399916,Plastics Technicians,Bachelor degree,8.1
399917,Wool Classers,Bachelor degree,3.7
399918,Fire Protection Equipment Technicians,Bachelor degree,6.0
399999,Technicians and Trades Workers (not covered elsewhere),Bachelor degree,15.2
411111,Ambulance Officers,Bachelor degree,57.5
411112,Intensive Care Ambulance Paramedics,Bachelor degree,47.5
411211,Dental Hygienists,Bachelor degree,40.4
411212,Dental Prosthetists,Bachelor degree,9.2
411213,Dental Technicians,Bachelor degree,15.7
411214,Dental Therapists,Bachelor degree,71.1
411411,Enrolled Nurses,Bachelor degree,7.9
411412,Mothercraft Nurses,Bachelor degree,13.4
411711,Community Workers,Bachelor degree,25.3
411712,Disabilities Services Officers,Bachelor degree,27.7
411713,Family Support Workers,Bachelor degree,28.5
411714,Parole and Probation Officers,Bachelor degree,40.4
411715,Residential Care Officers,Bachelor degree,18.4
411716,Youth Workers,Bachelor degree,23.7
421111,Child Care Workers,Bachelor degree,13.4
421112,Family Day Care Workers,Bachelor degree,15.0
421113,Nannies,Bachelor degree,14.7
421114,Out of School Hours Care Workers,Bachelor degree,13.1
422111,Aboriginal and Torres Strait Islander Education Workers,Bachelor degree,8.2
422112,Integration Aides,Bachelor degree,12.5
422115,Preschool Aides,Bachelor degree,12.3
422116,Teachers' Aides,Bachelor degree,13.3
423311,Hospital orderlies,Bachelor degree,10.9
423312,Nursing Support Workers,Bachelor degree,16.9
423313,Personal Care Assistants,Bachelor degree,14.6
423314,Therapy Aides,Bachelor degree,20.6
423411,Child and Youth Residential Care Assistants,Bachelor degree,18.0
423412,Hostel Parents,Bachelor degree,21.3
423413,Refuge Workers,Bachelor degree,26.0
431111,Bar Attendants,Bachelor degree,10.7
431112,Baristas,Bachelor degree,13.7
431911,Bar Usefuls and Bussers,Bachelor degree,7.6
431912,Doorpersons and Luggage Porters,Bachelor degree,16.1
431999,Hospitality Workers (not covered elsewhere),Bachelor degree,11.9
441211,Emergency Service Workers,Bachelor degree,14.8
441212,Fire Fighters,Bachelor degree,15.8
441311,Detectives,Bachelor degree,29.7
441312,Police Officers,Bachelor degree,23.9
442211,"Alarm, Security and Surveillance Monitors",Bachelor degree,14.7
442212,Armoured Car Escorts,Bachelor degree,4.0
442213,Crowd Controllers,Bachelor degree,9.0
442214,Private Investigators,Bachelor degree,19.6
442215,Retail Loss Prevention Officers,Bachelor degree,9.3
442216,Security Consultants,Bachelor degree,26.6
442217,Security Officers,Bachelor degree,12.9
442299,Other Security Workers,Bachelor degree,21.2
451311,Funeral Directors,Bachelor degree,10.3
451399,Funeral Workers (Other),Bachelor degree,8.3
451411,Gallery and Museum Guides,Bachelor degree,39.1
451412,Tour Guides,Bachelor degree,25.5
451511,Natural Remedy Consultants,Bachelor degree,17.1
451512,Weight Loss Consultants,Bachelor degree,14.2
451513,Herbalists (Western),Bachelor degree,35.9
451611,Tourist Information Officers,Bachelor degree,22.8
451612,Travel Consultants,Bachelor degree,21.2
451711,Flight Attendants,Bachelor degree,14.8
451799,Other Travel Attendants,Bachelor degree,11.2
451811,Civil Celebrants,Bachelor degree,26.1
451812,Hair and Beauty Salon Assistants,Bachelor degree,4.7
451814,Body Artists,Bachelor degree,11.1
451815,First Aid Trainers,Bachelor degree,24.0
451816,Religious Assistants,Bachelor degree,34.6
451899,Personal Service Workers (not covered elsewhere),Bachelor degree,18.3
452211,Bungy Jump Masters,Bachelor degree,
452212,Fishing Guides,Bachelor degree,6.2
452213,Hunting Guides,Bachelor degree,
452214,Mountain and Glacier Guides,Bachelor degree,
452215,Outdoor Adventure Instructors,Bachelor degree,28.5
452216,Trekking Guides,Bachelor degree,42.3
452217,Whitewater Rafting Guides,Bachelor degree,
452299,Other Outdoor Adventure Guides,Bachelor degree,17.4
452311,"Scuba, Snorkelling and Dive instructors",Bachelor degree,26.1
452312,Gymnastics Coaches and Instructors,Bachelor degree,11.4
452313,Horse Riding Coaches and Instructors,Bachelor degree,16.5
452314,Snowsport Instructors,Bachelor degree,26.3
452315,Swimming Coaches and Instructors,Bachelor degree,12.4
452316,Tennis Coaches,Bachelor degree,17.4
452317,Other Sports Coaches and Instructors,Bachelor degree,17.8
452318,Dog and Horse Racing Officials,Bachelor degree,15.8
452321,Sports Development Officers,Bachelor degree,36.8
452322,Sports Umpires,Bachelor degree,2.4
452323,Other Sports Officials,Bachelor degree,13.4
452411,"Footballers (Soccer, Rugby and AFL)",Bachelor degree,8.0
452412,Golfers,Bachelor degree,10.9
452413,Jockeys,Bachelor degree,2.1
452414,Lifeguards,Bachelor degree,9.6
452499,Other Sportspersons,Bachelor degree,17.3
511111,Contract Administrators,Bachelor degree,35.7
511112,Program and Project Administrators,Bachelor degree,31.4
512211,Health Practice Managers,Bachelor degree,23.2
512299,Other Practice Managers,Bachelor degree,29.2
521211,Secretaries (General),Bachelor degree,12.9
521212,Legal Secretaries,Bachelor degree,11.1
532111,Data Entry Operators,Bachelor degree,15.2
532112,Machine Shorthand Reporters,Bachelor degree,30.0
532113,Typists,Bachelor degree,11.9
541111,Call Centre or Contact Centre Team Leaders,Bachelor degree,19.5
541112,Call Centre or Contact Centre Operators,Bachelor degree,16.7
542111,Receptionists (General),Bachelor degree,10.8
542112,Admissions Clerks,Bachelor degree,12.6
542113,Hotel and Motel Receptionists,Bachelor degree,20.6
542114,Medical Receptionists,Bachelor degree,13.5
551111,Accounts Clerks,Bachelor degree,20.7
551112,Cost Clerks,Bachelor degree,23.5
552311,Bookmakers,Bachelor degree,32.1
552312,Insurance Consultants,Bachelor degree,23.0
552313,Money Market Clerks,Bachelor degree,41.1
552314,Statistical Clerks,Bachelor degree,32.0
561111,Betting Agency Counter Clerks,Bachelor degree,12.9
561112,Bookmaker's Clerks,Bachelor degree,
561113,Telephone Betting Clerks,Bachelor degree,11.3
561199,Other Betting Clerks,Bachelor degree,6.1
561211,Couriers,Bachelor degree,12.4
561212,Postal Delivery Officers,Bachelor degree,8.6
561411,Mail Clerks,Bachelor degree,13.8
561412,Postal Sorting Officers,Bachelor degree,14.2
561911,Classified Advertising Clerks,Bachelor degree,17.0
561912,Meter Readers,Bachelor degree,11.1
561913,Parking Inspectors,Bachelor degree,14.0
561999,Clerical and Office Support Workers (not covered elsewhere),Bachelor degree,15.7
591112,Production Clerks,Bachelor degree,20.0
591113,Purchasing Officers,Bachelor degree,21.6
591115,Stock Clerks,Bachelor degree,16.6
591116,Warehouse Administrators,Bachelor degree,11.6
591117,Order Clerks,Bachelor degree,16.9
591211,Despatching and Receiving Clerks,Bachelor degree,12.4
591212,Import-Export Clerks,Bachelor degree,20.0
599111,Conveyancers,Bachelor degree,16.2
599112,Legal Executives,Bachelor degree,30.2
599211,Clerks of Court,Bachelor degree,34.1
599212,Court Bailiffs and Sheriffs,Bachelor degree,12.0
599213,Court Orderlies,Bachelor degree,27.1
599214,Law Clerks,Bachelor degree,25.7
599215,Trust Officers,Bachelor degree,25.5
599511,Customs Officers,Bachelor degree,24.3
599512,Immigration Officers,Bachelor degree,29.2
599513,Motor Vehicle Licence Examiners,Bachelor degree,12.9
599514,Noxious Weeds and Pest Inspectors,Bachelor degree,27.9
599515,Social Security Assessors,Bachelor degree,19.0
599516,Taxation Inspectors,Bachelor degree,44.7
599517,Train Examiners,Bachelor degree,4.9
599518,Transport Operations Inspectors,Bachelor degree,15.0
599521,Water Inspectors,Bachelor degree,28.4
599599,Other Inspectors and Regulatory Officers,Bachelor degree,22.6
599611,Insurance Investigators,Bachelor degree,22.0
599612,Insurance Loss Adjusters,Bachelor degree,17.4
599613,Insurance Risk Surveyors,Bachelor degree,39.9
599912,"Production Assistants (Film, Television, Radio or Stage)",Bachelor degree,50.7
599913,Proof Readers,Bachelor degree,28.3
599914,Radio Despatchers,Bachelor degree,17.3
599915,Clinical Coders,Bachelor degree,29.1
599916,Facilities Administrators,Bachelor degree,16.3
599999,Clerical and Administrative Workers (not covered elsewhere),Bachelor degree,35.4
611111,Auctioneers,Bachelor degree,15.2
611112,Stock and Station Agents,Bachelor degree,8.6
611311,Sales Representatives (Building and Plumbing Supplies),Bachelor degree,10.3
611312,Sales Representatives (Business Services),Bachelor degree,28.4
611313,Sales Representatives (Motor Vehicle Parts and Accessories),Bachelor degree,8.1
611314,Sales Representatives (Personal and Household Goods),Bachelor degree,19.4
611399,Other Sales Representatives,Bachelor degree,21.4
612111,Business Brokers,Bachelor degree,28.3
612112,Property Managers,Bachelor degree,19.7
612113,Real Estate Agency Principals,Bachelor degree,22.9
612114,Real Estate Agents,Bachelor degree,18.9
612115,Real Estate Representatives,Bachelor degree,19.4
621311,Motor Vehicle and Caravan Salespersons,Bachelor degree,9.1
621312,Motor Vehicle Parts Interpreters,Bachelor degree,4.3
621711,Cash Van Salespersons,Bachelor degree,8.6
621712,Door-to-door Salespersons,Bachelor degree,25.8
621713,Street Vendors,Bachelor degree,15.5
621911,Materials Recyclers,Bachelor degree,4.2
621912,Rental Salespersons,Bachelor degree,11.9
621999,Sales Assistants and Salespersons (not covered elsewhere),Bachelor degree,13.7
631111,Checkout Operators,Bachelor degree,7.3
631112,Cashiers,Bachelor degree,13.4
639111,Models,Bachelor degree,20.6
639112,Sales Demonstrators,Bachelor degree,9.6
639211,Retail Buyers,Bachelor degree,38.3
639212,Wool Buyers,Bachelor degree,8.3
639411,Ticket Sellers,Bachelor degree,17.2
639412,Transport Conductors,Bachelor degree,11.3
711111,Clay Products Machine Operators,Bachelor degree,4.2
711112,Concrete Products Machine Operators,Bachelor degree,3.0
711113,Glass Production Machine Operators,Bachelor degree,7.1
711114,Stone Processing Machine Operators,Bachelor degree,6.0
711199,"Other Clay, Concrete, Glass and Stone Processing Machine Operators",Bachelor degree,8.7
711311,Paper Products Machine Operators,Bachelor degree,6.4
711313,Sawmilling Operators,Bachelor degree,2.4
711314,Other Wood Processing Machine Operators,Bachelor degree,3.6
711511,Plastic Cablemaking Machine Operators,Bachelor degree,8.9
711512,Plastic Compounding and Reclamation Machine Operators,Bachelor degree,6.8
711513,Plastics Fabricators and Welders,Bachelor degree,2.8
711514,Plastics Production Machine Operators (General),Bachelor degree,7.0
711515,Reinforced Plastic and Composite Production Workers,Bachelor degree,2.4
711516,Rubber Production Machine Operators,Bachelor degree,2.7
711599,Other Plastics and Rubber Production Machine Operators,Bachelor degree,4.1
711711,Footwear Production Machine Operators,Bachelor degree,5.9
711712,Hide and Skin Processing Machine Operators,Bachelor degree,3.9
711713,Knitting Machine Operators,Bachelor degree,16.7
711714,Textile Dyeing and Finishing Machine Operators,Bachelor degree,14.9
711715,Weaving Machine Operators,Bachelor degree,11.3
711716,Yarn Carding and Spinning Machine Operators,Bachelor degree,12.1
711799,Other Textile and Footwear Production Machine Operators,Bachelor degree,6.1
711911,Chemical Production Machine Operators,Bachelor degree,16.5
711912,Motion Picture Projectionists,Bachelor degree,17.2
711913,Sand Blasters,Bachelor degree,2.2
711914,Sterilisation Technicians,Bachelor degree,16.8
711999,Machine Operators (not covered elsewhere),Bachelor degree,8.0
712211,Drillers,Bachelor degree,2.8
712212,Miners,Bachelor degree,2.4
712213,Shot Firers,Bachelor degree,3.1
712911,Boiler and Engine Operators,Bachelor degree,2.8
712912,Bulk Materials Handling Plant Operators,Bachelor degree,3.8
712913,Cement Production Plant Operators,Bachelor degree,4.5
712914,Concrete Batching Plant Operators,Bachelor degree,2.4
712915,Concrete Pump Operators,Bachelor degree,1.0
712916,Paper and Pulp Mill Operators,Bachelor degree,4.8
712917,Railway Signal Operators,Bachelor degree,5.1
712918,Train Controllers,Bachelor degree,12.6
712921,Waste Water and Water Plant Operators,Bachelor degree,8.0
712922,Weighbridge Operators,Bachelor degree,4.4
712999,Stationary Plant Operators (not covered elsewhere),Bachelor degree,5.7
721111,Agricultural and Horticultural Mobile Plant Operators,Bachelor degree,3.9
721112,Logging Plant Operators,Bachelor degree,0.7
721211,Earthmoving Plant Operators (General),Bachelor degree,2.7
721212,Backhoe Operators,Bachelor degree,0.0
721213,Bulldozer Operators,Bachelor degree,1.1
721214,Excavator Operators,Bachelor degree,1.1
721215,Grader Operators,Bachelor degree,0.5
721216,Loader Operators,Bachelor degree,1.5
721911,Aircraft Baggage Handlers and Airline Ground Crews,Bachelor degree,9.9
721912,Linemarkers,Bachelor degree,1.5
721913,Paving Plant Operators,Bachelor degree,2.0
721914,Railway Track Plant Operators,Bachelor degree,3.1
721915,Road Roller Operators,Bachelor degree,0.5
721916,Streetsweeper Operators,Bachelor degree,2.3
721999,Mobile Plant Operators (not covered elsewhere),Bachelor degree,3.3
731111,Chauffeurs,Bachelor degree,13.3
731112,Taxi Drivers,Bachelor degree,17.0
731199,Other Automobile Drivers,Bachelor degree,20.8
731211,Bus Drivers,Bachelor degree,10.6
731212,Charter and Tour Bus Drivers,Bachelor degree,8.9
731213,Passenger Coach Drivers,Bachelor degree,5.9
731311,Train Drivers,Bachelor degree,7.1
731312,Tram Drivers,Bachelor degree,17.9
733111,Truck Drivers (General),Bachelor degree,3.6
733112,Aircraft Refuellers,Bachelor degree,4.1
733113,Furniture Removalist Drivers,Bachelor degree,9.0
733114,Tanker Drivers,Bachelor degree,1.5
733115,Tow Truck Drivers,Bachelor degree,2.4
811411,Commercial Housekeepers,Bachelor degree,12.3
811412,Domestic Housekeepers,Bachelor degree,11.0
811511,Laundry Workers (General),Bachelor degree,8.5
811512,Drycleaners,Bachelor degree,10.1
811513,Ironers and Pressers,Bachelor degree,6.0
811611,Carpet Cleaners,Bachelor degree,7.3
811612,Window Cleaners,Bachelor degree,9.3
811699,Cleaners (not covered elsewhere),Bachelor degree,5.3
821111,Builder's Labourers,Bachelor degree,5.7
821112,"Drainage, Sewerage and Stormwater Labourers",Bachelor degree,4.1
821113,Earthmoving Labourers,Bachelor degree,2.3
821114,Plumber's Assistants,Bachelor degree,3.4
821411,Building Insulation Installers,Bachelor degree,5.4
821412,Home Improvement Installers,Bachelor degree,3.8
821711,Construction Riggers,Bachelor degree,4.1
821712,Scaffolders,Bachelor degree,2.3
821713,Steel Fixers,Bachelor degree,7.3
821714,Structural Steel Erectors,Bachelor degree,2.6
821911,Crane Chasers,Bachelor degree,2.8
821912,Driller's Assistants,Bachelor degree,3.1
821913,Laggers,Bachelor degree,5.0
821914,Mining Support Workers,Bachelor degree,3.5
821915,Surveyor's Assistants,Bachelor degree,14.7
831111,Baking Factory Workers,Bachelor degree,12.4
831112,Brewery Workers,Bachelor degree,23.3
831113,Confectionery Makers,Bachelor degree,12.6
831114,Dairy Products Makers,Bachelor degree,9.2
831115,Fruit and Vegetable Factory Workers,Bachelor degree,7.6
831116,Grain Mill Workers,Bachelor degree,7.7
831117,Sugar Mill Workers,Bachelor degree,3.8
831118,Winery Cellar Hands,Bachelor degree,8.1
831199,Other Food and Drink Factory Workers,Bachelor degree,11.7
831211,Meat Boners and Slicers,Bachelor degree,6.2
831212,Slaughterers,Bachelor degree,5.5
831311,Meat Process Workers,Bachelor degree,7.4
831312,Poultry Process Workers,Bachelor degree,9.1
831313,Seafood Process Workers,Bachelor degree,10.9
832111,Chocolate Packers,Bachelor degree,11.9
832112,Container Fillers,Bachelor degree,9.8
832113,Fruit and Vegetable Packers,Bachelor degree,15.3
832114,Meat Packers,Bachelor degree,11.0
832115,Seafood Packers,Bachelor degree,17.8
832199,Other Packers,Bachelor degree,10.1
839211,Plastics Factory Workers,Bachelor degree,6.1
839212,Rubber Factory Workers,Bachelor degree,3.1
839311,Product Examiners,Bachelor degree,23.0
839312,Product Graders,Bachelor degree,12.2
839313,Product Testers,Bachelor degree,20.3
839411,Paper and Pulp Mill Workers,Bachelor degree,3.9
839412,Sawmill and Timber Yard Workers,Bachelor degree,2.0
839413,Wood and Wood Products Factory Workers,Bachelor degree,3.8
839911,Cement and Concrete Plant Workers,Bachelor degree,3.7
839912,Chemical Plant Workers,Bachelor degree,16.8
839913,Clay Processing Factory Workers,Bachelor degree,10.4
839914,Fabric and Textile Factory Workers,Bachelor degree,9.3
839915,Footwear Factory Workers,Bachelor degree,2.2
839916,Glass Processing Workers,Bachelor degree,4.0
839917,Hide and Skin Processing Workers,Bachelor degree,1.8
839918,Recycling Workers,Bachelor degree,4.1
839999,Factory Process Workers (not covered elsewhere),Bachelor degree,4.8
841211,Fruit and Nut Farm Workers,Bachelor degree,8.2
841212,Fruit and Nut Pickers,Bachelor degree,10.2
841213,"Grain, Oilseed and Pasture Farm Workers",Bachelor degree,5.9
841214,Vegetable Farm Workers,Bachelor degree,9.5
841215,Vegetable Pickers,Bachelor degree,10.1
841216,Vineyard Workers,Bachelor degree,7.5
841217,Mushroom Pickers,Bachelor degree,12.5
841299,Other Crop Farm Workers,Bachelor degree,7.8
841311,Forestry Workers,Bachelor degree,9.8
841312,Logging Assistants,Bachelor degree,1.5
841313,Tree Fallers,Bachelor degree,1.2
841411,Garden Labourers,Bachelor degree,4.3
841412,Nursery Hands (Horticulture),Bachelor degree,9.5
841511,Beef Cattle Farm Workers,Bachelor degree,6.3
841512,Dairy Cattle Farm Workers,Bachelor degree,8.0
841513,Mixed Livestock Farm Workers,Bachelor degree,6.9
841514,Poultry Farm Workers,Bachelor degree,6.9
841515,Sheep Farm Workers,Bachelor degree,7.0
841516,Stablehands,Bachelor degree,6.0
841517,Wool Handlers,Bachelor degree,2.7
841599,Other Livestock Farm Workers,Bachelor degree,19.0
841911,Hunter-Trappers,Bachelor degree,4.7
841913,Pest Controllers,Bachelor degree,5.4
841999,"Farm, Forestry and Garden Workers (not covered elsewhere)",Bachelor degree,15.0
851211,Pastrycook's Assistants,Bachelor degree,7.6
851299,Other Food Trades Assistants,Bachelor degree,9.0
891111,Freight Handlers (Rail or Road),Bachelor degree,6.7
891112,Truck Driver's Offsiders,Bachelor degree,6.3
891113,Waterside Workers,Bachelor degree,3.7
899211,Deck Hands,Bachelor degree,8.2
899212,Fishing Hands,Bachelor degree,3.4
899411,Motor Vehicle Parts and Accessories Fitters (General),Bachelor degree,3.0
899412,Autoglaziers,Bachelor degree,2.0
899413,Exhaust and Muffler Repairers,Bachelor degree,0.0
899414,Radiator Repairers,Bachelor degree,2.1
899415,Tyre Fitters,Bachelor degree,1.6
899511,Printer's Assistants,Bachelor degree,10.6
899512,Printing Table Workers,Bachelor degree,7.3
899911,Bicycle Mechanics,Bachelor degree,13.8
899912,Car Park Attendants,Bachelor degree,17.5
899913,Crossing Supervisors,Bachelor degree,7.5
899914,Electrical and Telecommunications Trades Assistants,Bachelor degree,6.4
899915,Leaflet and Newspaper Deliverers,Bachelor degree,9.7
899916,Mechanic's Assistants,Bachelor degree,3.5
899917,Railways Assistants,Bachelor degree,13.7
899918,Sign Erectors,Bachelor degree,4.7
899921,Ticket Collectors and Ushers,Bachelor degree,17.7
899922,Trolley Collectors,Bachelor degree,7.1
899923,Road Traffic Controllers,Bachelor degree,5.4
899999,Labourers (not covered elsewhere),Bachelor degree,5.5
1111,Chief Executives and Managing Directors,Advanced Diploma/ Diploma ,11.8
1112,General Managers,Advanced Diploma/ Diploma ,15.2
1113,Legislators,Advanced Diploma/ Diploma ,10.9
1211,Aquaculture Farmers,Advanced Diploma/ Diploma ,8.5
1212,Crop Farmers,Advanced Diploma/ Diploma ,9.2
1213,Livestock Farmers,Advanced Diploma/ Diploma ,10.5
1214,Mixed Crop and Livestock Farmers,Advanced Diploma/ Diploma ,10.2
1311,"Advertising, Public Relations and Sales Manager",Advanced Diploma/ Diploma ,13.2
1321,Corporate Services Managers,Advanced Diploma/ Diploma ,16.3
1322,Finance Managers,Advanced Diploma/ Diploma ,9.3
1323,Human Resource Managers,Advanced Diploma/ Diploma ,18.2
1324,Policy and Planning Managers,Advanced Diploma/ Diploma ,9.6
1325,Research and Development Managers,Advanced Diploma/ Diploma ,6.6
1331,Construction Managers,Advanced Diploma/ Diploma ,14.3
1332,Engineering Managers,Advanced Diploma/ Diploma ,11.3
1333,"Importers, Exporters and Wholesalers",Advanced Diploma/ Diploma ,11.8
1334,Manufacturers,Advanced Diploma/ Diploma ,9.5
1335,Production Managers,Advanced Diploma/ Diploma ,14.5
1336,"Supply, Distribution and Procurement Managers",Advanced Diploma/ Diploma ,15.5
1341,Child Care Centre Managers,Advanced Diploma/ Diploma ,38.4
1342,Health and Welfare Services Managers,Advanced Diploma/ Diploma ,17.0
1343,School Principals,Advanced Diploma/ Diploma ,2.5
1344,Other Education Managers,Advanced Diploma/ Diploma ,9.2
1351,ICT Managers,Advanced Diploma/ Diploma ,12.2
1391,Commissioned Officers (Management),Advanced Diploma/ Diploma ,16.4
1392,Senior Non-Commissioned Defence Force Officers,Advanced Diploma/ Diploma ,35.7
1399,Other Specialist Managers,Advanced Diploma/ Diploma ,14.5
1411,Cafe and Restaurant Managers,Advanced Diploma/ Diploma ,16.3
1412,Caravan Park and Camping Ground Managers,Advanced Diploma/ Diploma ,13.1
1413,Hotel and Motel Managers,Advanced Diploma/ Diploma ,15.8
1414,Licensed Club Managers,Advanced Diploma/ Diploma ,20.7
1419,Other Accommodation and Hospitality Managers,Advanced Diploma/ Diploma ,19.1
1421,Retail Managers,Advanced Diploma/ Diploma ,13.1
1491,"Amusement, Fitness and Sports Centre Managers",Advanced Diploma/ Diploma ,16.2
1492,"Call, Contact Centre and Customer Service Managers",Advanced Diploma/ Diploma ,16.4
1493,Conference and Event Organisers,Advanced Diploma/ Diploma ,20.2
1494,Transport Services Managers,Advanced Diploma/ Diploma ,11.8
1499,"Other Hospitality, Retail and Service Managers",Advanced Diploma/ Diploma ,16.1
2111,"Actors, Dancers and Other Entertainers",Advanced Diploma/ Diploma ,14.9
2112,Music Professionals,Advanced Diploma/ Diploma ,10.5
2113,Photographers,Advanced Diploma/ Diploma ,20.8
2114,Visual Arts and Crafts Professionals,Advanced Diploma/ Diploma ,15.6
2121,"Artistic Directors, Media Producers and Presenters",Advanced Diploma/ Diploma ,12.8
2122,"Authors, and Book and Script Editors",Advanced Diploma/ Diploma ,7.4
2123,"Film, Television, Radio and Stage Directors",Advanced Diploma/ Diploma ,14.5
2124,Journalists and Other Writers,Advanced Diploma/ Diploma ,7.0
2211,Accountants,Advanced Diploma/ Diploma ,5.9
2212,"Auditors, Company Secretaries and Corporate Treasurers",Advanced Diploma/ Diploma ,7.5
2221,Financial Brokers,Advanced Diploma/ Diploma ,33.6
2222,Financial Dealers,Advanced Diploma/ Diploma ,8.4
2223,Financial Investment Advisers and Managers,Advanced Diploma/ Diploma ,15.7
2231,Human Resource Professionals,Advanced Diploma/ Diploma ,14.8
2232,ICT Trainers,Advanced Diploma/ Diploma ,16.3
2233,Training and Development Professionals,Advanced Diploma/ Diploma ,18.2
2241,"Actuaries, Mathematicians and Statisticians",Advanced Diploma/ Diploma ,2.0
2242,"Archivists, Curators and Records Managers",Advanced Diploma/ Diploma ,10.0
2243,Economists,Advanced Diploma/ Diploma ,0.7
2244,Intelligence and Policy Analysts,Advanced Diploma/ Diploma ,6.3
2245,Land Economists and Valuers,Advanced Diploma/ Diploma ,11.5
2246,Librarians,Advanced Diploma/ Diploma ,9.5
2247,Management and Organisation Analysts,Advanced Diploma/ Diploma ,8.6
2249,Other Information and Organisation Professionals,Advanced Diploma/ Diploma ,9.0
2251,Advertising and Marketing Professionals,Advanced Diploma/ Diploma ,9.8
2252,ICT Sales Professionals,Advanced Diploma/ Diploma ,12.1
2253,Public Relations Professionals,Advanced Diploma/ Diploma ,7.5
2254,Technical Sales Representatives,Advanced Diploma/ Diploma ,12.6
2311,Air Transport Professionals,Advanced Diploma/ Diploma ,34.4
2312,Marine Transport Professionals,Advanced Diploma/ Diploma ,27.8
2321,Architects and Landscape Architects,Advanced Diploma/ Diploma ,4.4
2322,Surveyors and Spatial Scientists,Advanced Diploma/ Diploma ,22.2
2323,"Fashion, Industrial and Jewellery Designers",Advanced Diploma/ Diploma ,18.8
2324,"Graphic and Web Designers, and Illustrators",Advanced Diploma/ Diploma ,21.5
2325,Interior Designers,Advanced Diploma/ Diploma ,25.3
2326,Urban and Regional Planners,Advanced Diploma/ Diploma ,5.3
2331,Chemical and Materials Engineers,Advanced Diploma/ Diploma ,2.5
2332,Civil Engineering Professionals,Advanced Diploma/ Diploma ,4.0
2333,Electrical Engineers,Advanced Diploma/ Diploma ,8.3
2334,Electronics Engineers,Advanced Diploma/ Diploma ,9.2
2335,"Industrial, Mechanical and Production Engineers",Advanced Diploma/ Diploma ,7.4
2336,Mining Engineers,Advanced Diploma/ Diploma ,4.8
2339,Other Engineering Professionals,Advanced Diploma/ Diploma ,6.2
2341,Agricultural and Forestry Scientists,Advanced Diploma/ Diploma ,11.6
2342,"Chemists, and Food and Wine Scientists",Advanced Diploma/ Diploma ,5.6
2343,Environmental Scientists,Advanced Diploma/ Diploma ,6.0
2344,"Geologists, Geophysicists and Hydrogeologists",Advanced Diploma/ Diploma ,1.0
2345,Life Scientists,Advanced Diploma/ Diploma ,2.9
2346,Medical Laboratory Scientists,Advanced Diploma/ Diploma ,2.1
2347,Veterinarians,Advanced Diploma/ Diploma ,1.1
2349,Other Natural and Physical Science Professionals,Advanced Diploma/ Diploma ,2.3
2411,Early Childhood (Pre-primary School) Teachers,Advanced Diploma/ Diploma ,10.4
2412,Primary School Teachers,Advanced Diploma/ Diploma ,4.3
2413,Middle School Teachers,Advanced Diploma/ Diploma ,1.5
2414,Secondary School Teachers,Advanced Diploma/ Diploma ,1.9
2415,Special Education Teachers,Advanced Diploma/ Diploma ,4.6
2421,University Lecturers and Tutors,Advanced Diploma/ Diploma ,0.8
2422,Vocational Education Teachers,Advanced Diploma/ Diploma ,23.3
2491,Education Advisers and Reviewers,Advanced Diploma/ Diploma ,7.8
2492,Private Tutors and Teachers,Advanced Diploma/ Diploma ,12.1
2493,Teachers of English to Speakers of Other Languages,Advanced Diploma/ Diploma ,3.3
2511,Nutrition Professionals,Advanced Diploma/ Diploma ,3.7
2512,Medical Imaging Professionals,Advanced Diploma/ Diploma ,9.1
2513,Occupational and Environmental Health Professionals,Advanced Diploma/ Diploma ,23.7
2514,Optometrists and Orthoptists,Advanced Diploma/ Diploma ,3.3
2515,Pharmacists,Advanced Diploma/ Diploma ,0.6
2519,Other Health Diagnostic and Promotion Professionals,Advanced Diploma/ Diploma ,9.6
2521,Chiropractors and Osteopaths,Advanced Diploma/ Diploma ,1.7
2522,Complementary Health Therapists,Advanced Diploma/ Diploma ,21.1
2523,Dental Practitioners,Advanced Diploma/ Diploma ,0.9
2524,Occupational Therapists,Advanced Diploma/ Diploma ,0.8
2525,Physiotherapists,Advanced Diploma/ Diploma ,1.4
2526,Podiatrists,Advanced Diploma/ Diploma ,6.7
2527,Audiologists and Speech Pathologists \ Therapists,Advanced Diploma/ Diploma ,0.7
2531,General Practitioners and Resident Medical Officers,Advanced Diploma/ Diploma ,0.6
2532,Anaesthetists,Advanced Diploma/ Diploma ,0.7
2533,Specialist Physicians,Advanced Diploma/ Diploma ,0.6
2534,Psychiatrists,Advanced Diploma/ Diploma ,0.6
2535,Surgeons,Advanced Diploma/ Diploma ,0.8
2539,Other Medical Practitioners,Advanced Diploma/ Diploma ,2.1
2541,Midwives,Advanced Diploma/ Diploma ,3.2
2542,Nurse Educators and Researchers,Advanced Diploma/ Diploma ,5.7
2543,Nurse Managers,Advanced Diploma/ Diploma ,8.5
2544,Registered Nurses,Advanced Diploma/ Diploma ,9.0
2611,ICT Business and Systems Analysts,Advanced Diploma/ Diploma ,8.3
2612,Multimedia Specialists and Web Developers,Advanced Diploma/ Diploma ,12.5
2613,Software and Applications Programmers,Advanced Diploma/ Diploma ,5.1
2621,"Database and Systems Administrators, and ICT Security Specialists",Advanced Diploma/ Diploma ,13.3
2631,Computer Network Professionals,Advanced Diploma/ Diploma ,15.5
2632,ICT Support and Test Engineers,Advanced Diploma/ Diploma ,11.8
2633,Telecommunications Engineering Professionals,Advanced Diploma/ Diploma ,11.5
2711,Barristers,Advanced Diploma/ Diploma ,4.2
2712,Judicial and Other Legal Professionals,Advanced Diploma/ Diploma ,4.0
2713,Solicitors,Advanced Diploma/ Diploma ,0.5
2721,Counsellors,Advanced Diploma/ Diploma ,13.2
2722,Ministers of Religion,Advanced Diploma/ Diploma ,15.8
2723,Psychologists and Psychotherapists,Advanced Diploma/ Diploma ,1.5
2724,Social Professionals,Advanced Diploma/ Diploma ,12.8
2725,Social Workers,Advanced Diploma/ Diploma ,9.3
2726,"Welfare, Recreation and Community Arts Workers",Advanced Diploma/ Diploma ,19.2
3111,Agricultural Technicians,Advanced Diploma/ Diploma ,11.1
3112,Medical Technicians,Advanced Diploma/ Diploma ,15.7
3113,Primary Products Inspectors,Advanced Diploma/ Diploma ,15.9
3114,Science Technicians,Advanced Diploma/ Diploma ,15.8
3121,"Architectural, Building and Surveying Technicians",Advanced Diploma/ Diploma ,19.6
3122,Civil Engineering Draftspersons and Technicians,Advanced Diploma/ Diploma ,34.7
3123,"Electrical Engineering Draftspersons, Technicians",Advanced Diploma/ Diploma ,22.9
3124,"Electronic Engineering Draftspersons, Technicians",Advanced Diploma/ Diploma ,25.8
3125,"Mechanical Engineering Draftspersons, Technicians",Advanced Diploma/ Diploma ,29.8
3126,Safety Inspectors,Advanced Diploma/ Diploma ,24.1
3129,Other Building and Engineering Technicians,Advanced Diploma/ Diploma ,15.6
3131,ICT Support Technicians,Advanced Diploma/ Diploma ,16.4
3132,Telecommunications Technical Specialists,Advanced Diploma/ Diploma ,22.6
3211,Automotive Electricians,Advanced Diploma/ Diploma ,3.1
3212,Motor Mechanics,Advanced Diploma/ Diploma ,5.7
3221,"Metal Casting, Forging and Finishing Trades",Advanced Diploma/ Diploma ,4.6
3222,Sheetmetal Trades Workers,Advanced Diploma/ Diploma ,3.0
3223,Structural Steel and Welding Trades Workers,Advanced Diploma/ Diploma ,3.3
3231,Aircraft Maintenance Engineers,Advanced Diploma/ Diploma ,18.5
3232,Metal Fitters and Machinists,Advanced Diploma/ Diploma ,5.2
3233,Precision Metal Trades Workers,Advanced Diploma/ Diploma ,7.8
3234,Toolmakers and Engineering Patternmakers,Advanced Diploma/ Diploma ,16.9
3241,Panelbeaters,Advanced Diploma/ Diploma ,2.1
3242,Vehicle Body Builders and Trimmers,Advanced Diploma/ Diploma ,3.9
3243,Vehicle Painters,Advanced Diploma/ Diploma ,2.0
3311,Bricklayers and Stonemasons,Advanced Diploma/ Diploma ,3.1
3312,Carpenters and Joiners,Advanced Diploma/ Diploma ,3.7
3321,Floor Finishers,Advanced Diploma/ Diploma ,4.0
3322,Painting Trades Workers,Advanced Diploma/ Diploma ,4.8
3331,Glaziers,Advanced Diploma/ Diploma ,2.6
3332,Plasterers,Advanced Diploma/ Diploma ,3.9
3333,Roof Tilers,Advanced Diploma/ Diploma ,1.9
3334,Wall and Floor Tilers,Advanced Diploma/ Diploma ,4.5
3341,Plumbers,Advanced Diploma/ Diploma ,2.6
3411,Electricians,Advanced Diploma/ Diploma ,5.4
3421,Airconditioning and Refrigeration Mechanics,Advanced Diploma/ Diploma ,4.8
3422,Electrical Distribution Trades Workers,Advanced Diploma/ Diploma ,4.3
3423,Electronics Trades Workers,Advanced Diploma/ Diploma ,15.6
3424,Telecommunications Trades Workers,Advanced Diploma/ Diploma ,12.9
3511,Bakers and Pastrycooks,Advanced Diploma/ Diploma ,10.2
3512,Butchers and Smallgoods Makers,Advanced Diploma/ Diploma ,2.2
3513,Chefs,Advanced Diploma/ Diploma ,22.3
3514,Cooks,Advanced Diploma/ Diploma ,12.9
3611,Animal Attendants and Trainers,Advanced Diploma/ Diploma ,9.6
3612,Shearers,Advanced Diploma/ Diploma ,1.7
3613,Veterinary Nurses,Advanced Diploma/ Diploma ,10.8
3621,Florists,Advanced Diploma/ Diploma ,12.7
3622,Gardeners,Advanced Diploma/ Diploma ,10.3
3623,Greenkeepers,Advanced Diploma/ Diploma ,7.8
3624,Nurserypersons,Advanced Diploma/ Diploma ,15.4
3911,Hairdressers,Advanced Diploma/ Diploma ,7.1
3921,Print Finishers and Screen Printers,Advanced Diploma/ Diploma ,7.8
3922,Graphic Pre-press Trades Workers,Advanced Diploma/ Diploma ,18.2
3923,Printers,Advanced Diploma/ Diploma ,8.3
3931,Canvas and Leather Goods Makers,Advanced Diploma/ Diploma ,7.2
3932,Clothing Trades Workers,Advanced Diploma/ Diploma ,16.0
3933,Upholsterers,Advanced Diploma/ Diploma ,3.9
3941,Cabinetmakers,Advanced Diploma/ Diploma ,3.6
3942,Wood Machinists and Other Wood Trades Workers,Advanced Diploma/ Diploma ,7.4
3991,Boat Builders and Shipwrights,Advanced Diploma/ Diploma ,4.9
3992,"Chemical, Gas, Petroleum and Power Plant Operators",Advanced Diploma/ Diploma ,13.9
3993,"Gallery, Library and Museum Technicians",Advanced Diploma/ Diploma ,32.4
3994,Jewellers,Advanced Diploma/ Diploma ,13.5
3995,Performing Arts Technicians,Advanced Diploma/ Diploma ,22.3
3996,Signwriters,Advanced Diploma/ Diploma ,7.3
3999,Other Miscellaneous Technicians and Trades Workers,Advanced Diploma/ Diploma ,14.1
4111,Ambulance Officers and Paramedics,Advanced Diploma/ Diploma ,20.6
4112,"Dental Hygienists, Technicians and Therapists",Advanced Diploma/ Diploma ,38.9
4113,Diversional Therapists,Advanced Diploma/ Diploma ,20.3
4114,Enrolled and Mothercraft Nurses,Advanced Diploma/ Diploma ,70.8
4115,Indigenous Health Workers,Advanced Diploma/ Diploma ,21.0
4116,Massage Therapists,Advanced Diploma/ Diploma ,50.1
4117,Welfare Support Workers,Advanced Diploma/ Diploma ,24.2
4211,Child Carers,Advanced Diploma/ Diploma ,27.2
4221,Education Aides,Advanced Diploma/ Diploma ,15.1
4231,Aged and Disabled Carers,Advanced Diploma/ Diploma ,15.0
4232,Dental Assistants,Advanced Diploma/ Diploma ,10.4
4233,Nursing Support and Personal Care Workers,Advanced Diploma/ Diploma ,13.3
4234,Special Care Workers,Advanced Diploma/ Diploma ,19.4
4311,Bar Attendants and Baristas,Advanced Diploma/ Diploma ,8.8
4312,Cafe Workers,Advanced Diploma/ Diploma ,6.8
4313,Gaming Workers,Advanced Diploma/ Diploma ,11.5
4314,Hotel Service Managers,Advanced Diploma/ Diploma ,15.7
4315,Waiters,Advanced Diploma/ Diploma ,8.2
4319,Other Hospitality Workers,Advanced Diploma/ Diploma ,8.7
4411,Defence Force Members - Other Ranks,Advanced Diploma/ Diploma ,11.0
4412,Fire and Emergency Workers,Advanced Diploma/ Diploma ,19.7
4413,Police,Advanced Diploma/ Diploma ,43.1
4421,Prison Officers,Advanced Diploma/ Diploma ,15.3
4422,Security Officers and Guards,Advanced Diploma/ Diploma ,12.4
4511,Beauty Therapists,Advanced Diploma/ Diploma ,40.9
4512,Driving Instructors,Advanced Diploma/ Diploma ,14.6
4513,Funeral Workers,Advanced Diploma/ Diploma ,14.0
4514,"Gallery, Museum and Tour Guides",Advanced Diploma/ Diploma ,12.3
4515,Personal Care Consultants,Advanced Diploma/ Diploma ,26.2
4516,Tourism and Travel Advisers,Advanced Diploma/ Diploma ,23.4
4517,Travel Attendants,Advanced Diploma/ Diploma ,16.4
4518,Other Personal Service Workers,Advanced Diploma/ Diploma ,14.3
4521,Fitness Instructors,Advanced Diploma/ Diploma ,17.7
4522,Outdoor Adventure Guides,Advanced Diploma/ Diploma ,10.2
4523,"Sports Coaches, Instructors and Officials",Advanced Diploma/ Diploma ,7.7
4524,Sportspersons,Advanced Diploma/ Diploma ,7.9
5111,"Contract, Program and Project Administrators",Advanced Diploma/ Diploma ,15.3
5121,Office Managers,Advanced Diploma/ Diploma ,17.2
5122,Practice Managers,Advanced Diploma/ Diploma ,19.9
5211,Personal Assistants,Advanced Diploma/ Diploma ,21.4
5212,Secretaries,Advanced Diploma/ Diploma ,13.9
5311,General Clerks,Advanced Diploma/ Diploma ,14.9
5321,Keyboard Operators,Advanced Diploma/ Diploma ,12.8
5411,Call or Contact Centre Workers,Advanced Diploma/ Diploma ,12.9
5412,Information Officers,Advanced Diploma/ Diploma ,13.4
5421,Receptionists,Advanced Diploma/ Diploma ,12.9
5511,Accounting Clerks,Advanced Diploma/ Diploma ,14.9
5512,Bookkeepers,Advanced Diploma/ Diploma ,17.3
5513,Payroll Clerks,Advanced Diploma/ Diploma ,15.6
5521,Bank Workers,Advanced Diploma/ Diploma ,10.4
5522,Credit and Loans Officers,Advanced Diploma/ Diploma ,13.9
5523,"Insurance, Money Market and Statistical Clerks",Advanced Diploma/ Diploma ,15.2
5611,Betting Clerks,Advanced Diploma/ Diploma ,7.3
5612,Couriers and Postal Deliverers,Advanced Diploma/ Diploma ,10.1
5613,Filing and Registry Clerks,Advanced Diploma/ Diploma ,13.3
5614,Mail Sorters,Advanced Diploma/ Diploma ,9.7
5615,Survey Interviewers,Advanced Diploma/ Diploma ,11.8
5616,Switchboard Operators,Advanced Diploma/ Diploma ,10.9
5619,Other Clerical and Office Support Workers,Advanced Diploma/ Diploma ,11.1
5911,Purchasing and Supply Logistics Clerks,Advanced Diploma/ Diploma ,12.9
5912,Transport and Despatch Clerks,Advanced Diploma/ Diploma ,12.7
5991,Conveyancers and Legal Executives,Advanced Diploma/ Diploma ,18.1
5992,Court and Legal Clerks,Advanced Diploma/ Diploma ,12.0
5993,Debt Collectors,Advanced Diploma/ Diploma ,13.8
5994,Human Resource Clerks,Advanced Diploma/ Diploma ,16.4
5995,Inspectors and Regulatory Officers,Advanced Diploma/ Diploma ,14.9
5996,"Insurance Investigators, Loss Adjusters and Risk Surveyors",Advanced Diploma/ Diploma ,15.8
5997,Library Assistants,Advanced Diploma/ Diploma ,18.0
5999,Other Miscellaneous Clerical and Administrative Workers,Advanced Diploma/ Diploma ,14.7
6111,"Auctioneers, and Stock and Station Agents",Advanced Diploma/ Diploma ,12.8
6112,Insurance Agents,Advanced Diploma/ Diploma ,18.7
6113,Sales Representatives,Advanced Diploma/ Diploma ,13.3
6121,Real Estate Sales Agents,Advanced Diploma/ Diploma ,18.2
6211,Sales Assistants (General),Advanced Diploma/ Diploma ,7.2
6212,ICT Sales Assistants,Advanced Diploma/ Diploma ,10.5
6213,Motor Vehicle and Vehicle Parts Salespersons,Advanced Diploma/ Diploma ,7.9
6214,Pharmacy Sales Assistants,Advanced Diploma/ Diploma ,6.5
6215,Retail Supervisors,Advanced Diploma/ Diploma ,9.8
6216,Service Station Attendants,Advanced Diploma/ Diploma ,6.6
6217,Street Vendors and Related Salespersons,Advanced Diploma/ Diploma ,11.0
6219,Other Sales Assistants and Salespersons,Advanced Diploma/ Diploma ,9.5
6311,Checkout Operators and Office Cashiers,Advanced Diploma/ Diploma ,5.5
6391,Models and Sales Demonstrators,Advanced Diploma/ Diploma ,11.1
6392,Retail and Wool Buyers,Advanced Diploma/ Diploma ,15.0
6393,Telemarketers,Advanced Diploma/ Diploma ,11.8
6394,Ticket Salespersons,Advanced Diploma/ Diploma ,13.7
6395,Visual Merchandisers,Advanced Diploma/ Diploma ,21.8
6399,Other Sales Support Workers,Advanced Diploma/ Diploma ,9.5
7111,"Clay, Concrete, Glass and Stone Processing Machine Operators",Advanced Diploma/ Diploma ,5.4
7112,Industrial Spraypainters,Advanced Diploma/ Diploma ,3.1
7113,Paper and Wood Processing Machine Operators,Advanced Diploma/ Diploma ,4.8
7114,Photographic Developers and Printers,Advanced Diploma/ Diploma ,11.9
7115,Plastics and Rubber Production Machine Operators,Advanced Diploma/ Diploma ,5.6
7116,Sewing Machinists,Advanced Diploma/ Diploma ,8.6
7117,Textile and Footwear Production Machine Operators,Advanced Diploma/ Diploma ,7.4
7119,Other Machine Operators,Advanced Diploma/ Diploma ,9.0
7121,"Crane, Hoist and Lift Operators",Advanced Diploma/ Diploma ,3.9
7122,"Drillers, Miners and Shot Firers",Advanced Diploma/ Diploma ,5.0
7123,Engineering Production Workers,Advanced Diploma/ Diploma ,6.9
7129,Other Stationary Plant Operators,Advanced Diploma/ Diploma ,6.2
7211,"Agricultural, Forestry and Horticultural Plant Operators",Advanced Diploma/ Diploma ,4.3
7212,Earthmoving Plant Operators,Advanced Diploma/ Diploma ,2.8
7213,Forklift Drivers,Advanced Diploma/ Diploma ,5.5
7219,Other Mobile Plant Operators,Advanced Diploma/ Diploma ,7.4
7311,Automobile Drivers,Advanced Diploma/ Diploma ,15.3
7312,Bus and Coach Drivers,Advanced Diploma/ Diploma ,11.6
7313,Train and Tram Drivers,Advanced Diploma/ Diploma ,7.5
7321,Delivery Drivers,Advanced Diploma/ Diploma ,8.6
7331,Truck Drivers,Advanced Diploma/ Diploma ,6.0
7411,Storepersons,Advanced Diploma/ Diploma ,7.6
8111,Car Detailers,Advanced Diploma/ Diploma ,6.2
8112,Commercial Cleaners,Advanced Diploma/ Diploma ,8.1
8113,Domestic Cleaners,Advanced Diploma/ Diploma ,10.3
8114,Housekeepers,Advanced Diploma/ Diploma ,8.1
8115,Laundry Workers,Advanced Diploma/ Diploma ,6.4
8116,Other Cleaners,Advanced Diploma/ Diploma ,6.8
8211,Building and Plumbing Labourers,Advanced Diploma/ Diploma ,5.1
8212,Concreters,Advanced Diploma/ Diploma ,2.8
8213,Fencers,Advanced Diploma/ Diploma ,4.8
8214,Insulation and Home Improvement Installers,Advanced Diploma/ Diploma ,5.2
8215,Paving and Surfacing Labourers,Advanced Diploma/ Diploma ,2.7
8216,Railway Track Workers,Advanced Diploma/ Diploma ,6.2
8217,Structural Steel Construction Workers,Advanced Diploma/ Diploma ,3.9
8219,Other Construction and Mining Labourers,Advanced Diploma/ Diploma ,5.4
8311,Food and Drink Factory Workers,Advanced Diploma/ Diploma ,7.6
8312,"Meat Boners and Slicers, and Slaughterers",Advanced Diploma/ Diploma ,3.5
8313,"Meat, Poultry and Seafood Process Workers",Advanced Diploma/ Diploma ,5.2
8321,Packers,Advanced Diploma/ Diploma ,6.4
8322,Product Assemblers,Advanced Diploma/ Diploma ,7.1
8391,Metal Engineering Process Workers,Advanced Diploma/ Diploma ,3.8
8392,Plastics and Rubber Factory Workers,Advanced Diploma/ Diploma ,5.8
8393,Product Quality Controllers,Advanced Diploma/ Diploma ,10.8
8394,Timber and Wood Process Workers,Advanced Diploma/ Diploma ,3.0
8399,Other Factory Process Workers,Advanced Diploma/ Diploma ,4.5
8411,Aquaculture Workers,Advanced Diploma/ Diploma ,5.9
8412,Crop Farm Workers,Advanced Diploma/ Diploma ,5.3
8413,Forestry and Logging Workers,Advanced Diploma/ Diploma ,5.6
8414,Garden and Nursery Labourers,Advanced Diploma/ Diploma ,6.5
8415,Livestock Farm Workers,Advanced Diploma/ Diploma ,5.6
8416,Mixed Crop and Livestock Farm Workers,Advanced Diploma/ Diploma ,5.7
8419,"Other Farm, Forestry and Garden Workers",Advanced Diploma/ Diploma ,8.6
8511,Fast Food Cooks,Advanced Diploma/ Diploma ,4.7
8512,Food Trades Assistants,Advanced Diploma/ Diploma ,5.6
8513,Kitchenhands,Advanced Diploma/ Diploma ,6.3
8911,Freight and Furniture Handlers,Advanced Diploma/ Diploma ,5.8
8912,Shelf Fillers,Advanced Diploma/ Diploma ,6.1
8991,Caretakers,Advanced Diploma/ Diploma ,9.5
8992,Deck and Fishing Hands,Advanced Diploma/ Diploma ,6.5
8993,Handypersons,Advanced Diploma/ Diploma ,8.7
8994,Motor Vehicle Parts and Accessories Fitters,Advanced Diploma/ Diploma ,3.0
8995,Printing Assistants and Table Workers,Advanced Diploma/ Diploma ,6.4
8996,Recycling and Rubbish Collectors,Advanced Diploma/ Diploma ,4.1
8997,Vending Machine Attendants,Advanced Diploma/ Diploma ,9.8
8999,Other Miscellaneous Labourers,Advanced Diploma/ Diploma ,7.3
111211,Corporate General Managers,Advanced Diploma/ Diploma ,15.4
111212,Defence Force Senior Officers,Advanced Diploma/ Diploma ,7.5
111311,Local Government Legislators,Advanced Diploma/ Diploma ,13.8
111312,Members of Parliament,Advanced Diploma/ Diploma ,7.7
111399,Other Legislators,Advanced Diploma/ Diploma ,7.4
121211,Cotton Growers,Advanced Diploma/ Diploma ,11.7
121212,Flower Growers,Advanced Diploma/ Diploma ,11.0
121213,Fruit and Nut Growers,Advanced Diploma/ Diploma ,9.7
121214,"Grain, Oilseed and Pasture Growers",Advanced Diploma/ Diploma ,9.4
121215,Grape Growers,Advanced Diploma/ Diploma ,12.0
121216,Mixed Crop Farmers,Advanced Diploma/ Diploma ,10.0
121217,Sugar Cane Growers,Advanced Diploma/ Diploma ,4.8
121218,Turf Growers,Advanced Diploma/ Diploma ,7.9
121221,Vegetable Growers,Advanced Diploma/ Diploma ,6.5
121299,Other Crop Farmers,Advanced Diploma/ Diploma ,11.8
121311,Beekeepers,Advanced Diploma/ Diploma ,7.4
121312,Beef Cattle Farmers,Advanced Diploma/ Diploma ,10.1
121313,Dairy Cattle Farmers,Advanced Diploma/ Diploma ,10.6
121314,Deer Farmers,Advanced Diploma/ Diploma ,
121315,Goat Farmers,Advanced Diploma/ Diploma ,11.1
121316,Horse Breeders,Advanced Diploma/ Diploma ,15.2
121317,Mixed Livestock Farmers,Advanced Diploma/ Diploma ,12.6
121318,Pig Farmers,Advanced Diploma/ Diploma ,10.5
121321,Poultry Farmers,Advanced Diploma/ Diploma ,8.4
121322,Sheep Farmers,Advanced Diploma/ Diploma ,10.8
121399,Other Livestock Farmers,Advanced Diploma/ Diploma ,10.3
131112,Sales and Marketing Managers,Advanced Diploma/ Diploma ,14.0
131113,Advertising Managers,Advanced Diploma/ Diploma ,10.6
131114,Public Relations Managers,Advanced Diploma/ Diploma ,7.1
133111,Construction Project Managers,Advanced Diploma/ Diploma ,15.9
133112,Project Builders,Advanced Diploma/ Diploma ,12.2
133311,Importers and Exporters,Advanced Diploma/ Diploma ,12.7
133312,Wholesalers,Advanced Diploma/ Diploma ,11.4
133511,Forest Managers,Advanced Diploma/ Diploma ,14.5
133512,Manufacturing Production Managers,Advanced Diploma/ Diploma ,13.4
133513,Mine Managers,Advanced Diploma/ Diploma ,16.3
133611,Supply and Distribution Managers,Advanced Diploma/ Diploma ,15.6
133612,Procurement Managers,Advanced Diploma/ Diploma ,15.4
134211,Medical Administrators,Advanced Diploma/ Diploma ,10.9
134212,Nursing Clinical Directors,Advanced Diploma/ Diploma ,8.3
134213,Primary Health Organisation Managers,Advanced Diploma/ Diploma ,11.7
134214,Welfare Centre Managers,Advanced Diploma/ Diploma ,22.7
134299,Other Health and Welfare Services Managers,Advanced Diploma/ Diploma ,18.7
134411,Faculty Heads,Advanced Diploma/ Diploma ,9.2
134412,Regional Education Managers,Advanced Diploma/ Diploma ,8.9
134499,Education Managers (not covered elsewhere),Advanced Diploma/ Diploma ,9.4
135111,Chief Information Officers,Advanced Diploma/ Diploma ,10.5
135112,ICT Project Managers,Advanced Diploma/ Diploma ,11.5
135199,Other ICT Managers,Advanced Diploma/ Diploma ,15.2
139111,Commissioned Defence Force Officers,Advanced Diploma/ Diploma ,11.2
139112,Commissioned Fire Officers,Advanced Diploma/ Diploma ,36.2
139113,Commissioned Police Officers,Advanced Diploma/ Diploma ,24.4
139911,Arts Administrators and Managers,Advanced Diploma/ Diploma ,11.0
139912,Environmental Managers,Advanced Diploma/ Diploma ,7.4
139913,Laboratory Managers,Advanced Diploma/ Diploma ,15.2
139914,Quality Assurance Managers,Advanced Diploma/ Diploma ,13.5
139915,Sports Administrators,Advanced Diploma/ Diploma ,12.1
139999,Specialist Managers (not covered elsewhere),Advanced Diploma/ Diploma ,16.1
141911,Bed and Breakfast Operators,Advanced Diploma/ Diploma ,18.4
141912,Retirement Village Managers,Advanced Diploma/ Diploma ,27.4
141999,Accommodation and Hospitality Managers (not covered elsewhere),Advanced Diploma/ Diploma ,17.0
142111,Retail Managers (General),Advanced Diploma/ Diploma ,12.6
142112,Antique Dealers,Advanced Diploma/ Diploma ,14.3
142113,Betting Agency Managers,Advanced Diploma/ Diploma ,9.3
142114,Hair and Beauty Salon Managers,Advanced Diploma/ Diploma ,24.1
142115,Post Office Managers,Advanced Diploma/ Diploma ,14.3
142116,Travel Agency Managers,Advanced Diploma/ Diploma ,26.2
149111,Amusement Centre Managers,Advanced Diploma/ Diploma ,17.0
149112,Fitness Centre Managers,Advanced Diploma/ Diploma ,17.0
149113,Sports Centre Managers,Advanced Diploma/ Diploma ,14.8
149211,Call Centre or Contact Centre Managers,Advanced Diploma/ Diploma ,16.8
149212,Customer Service Managers,Advanced Diploma/ Diploma ,16.4
149411,Fleet Managers,Advanced Diploma/ Diploma ,15.4
149412,Railway Station Managers,Advanced Diploma/ Diploma ,13.7
149413,Transport Company Managers,Advanced Diploma/ Diploma ,10.4
149911,Boarding Kennel and Cattery Operators,Advanced Diploma/ Diploma ,11.6
149912,Cinema and Theatre Managers,Advanced Diploma/ Diploma ,11.2
149913,Facilities Managers,Advanced Diploma/ Diploma ,18.9
149914,Bank Managers and Branch Managers,Advanced Diploma/ Diploma ,16.8
149915,Equipment Hire Managers,Advanced Diploma/ Diploma ,12.4
149999,"Hospitality, Retail and Service Managers (not covered elsewhere)",Advanced Diploma/ Diploma ,14.0
211111,Actors,Advanced Diploma/ Diploma ,17.6
211112,Dancers and Choreographers,Advanced Diploma/ Diploma ,21.1
211113,Entertainers and Variety Artists,Advanced Diploma/ Diploma ,11.2
211199,"Other Actors, Dancers and Entertainers",Advanced Diploma/ Diploma ,12.1
211211,Composers,Advanced Diploma/ Diploma ,8.2
211212,Music Directors,Advanced Diploma/ Diploma ,8.4
211213,Musicians,Advanced Diploma/ Diploma ,10.6
211214,Singers,Advanced Diploma/ Diploma ,13.0
211299,Other Music Professionals,Advanced Diploma/ Diploma ,8.6
211411,Painters (Visual Arts),Advanced Diploma/ Diploma ,15.3
211412,Potters and Ceramic Artists,Advanced Diploma/ Diploma ,17.8
211413,Sculptors,Advanced Diploma/ Diploma ,16.7
211499,Other Visual Arts or Crafts Professionals,Advanced Diploma/ Diploma ,14.2
212111,Artistic Directors,Advanced Diploma/ Diploma ,11.9
212112,Media Producers,Advanced Diploma/ Diploma ,13.3
212113,Radio Presenters,Advanced Diploma/ Diploma ,12.5
212114,Television Presenters,Advanced Diploma/ Diploma ,10.7
212211,Authors,Advanced Diploma/ Diploma ,8.3
212212,Book and Script Editors,Advanced Diploma/ Diploma ,4.7
212311,"Art Directors (Film, Television or Stage)",Advanced Diploma/ Diploma ,14.4
212312,"Directors (Film, Television, Radio or Stage)",Advanced Diploma/ Diploma ,12.5
212313,Cinematographers,Advanced Diploma/ Diploma ,20.6
212314,Film and Video Editors,Advanced Diploma/ Diploma ,14.9
212315,Program Directors (Television or Radio),Advanced Diploma/ Diploma ,11.2
212316,Stage Managers,Advanced Diploma/ Diploma ,15.1
212317,Technical Directors,Advanced Diploma/ Diploma ,18.5
212318,Video Producers,Advanced Diploma/ Diploma ,14.2
212399,"Other Film, Television, Radio and Stage Directors",Advanced Diploma/ Diploma ,18.4
212411,Copywriters,Advanced Diploma/ Diploma ,8.0
212412,Newspaper and Periodical Editors,Advanced Diploma/ Diploma ,7.8
212413,Print Journalists,Advanced Diploma/ Diploma ,4.5
212414,Radio Journalists,Advanced Diploma/ Diploma ,4.9
212415,Technical Writers,Advanced Diploma/ Diploma ,10.8
212416,Television Journalists,Advanced Diploma/ Diploma ,3.0
212499,"Bloggers, Critics, Sports and Other Writers (not covered elsewhere)",Advanced Diploma/ Diploma ,5.9
221111,Accountants (General),Advanced Diploma/ Diploma ,5.8
221112,Management Accountants,Advanced Diploma/ Diploma ,4.7
221113,Taxation Accountants,Advanced Diploma/ Diploma ,8.0
221211,Company Secretaries,Advanced Diploma/ Diploma ,8.3
221212,Corporate Treasurers,Advanced Diploma/ Diploma ,5.6
221213,External Auditors,Advanced Diploma/ Diploma ,6.7
221214,Internal Auditors,Advanced Diploma/ Diploma ,10.2
222111,Commodities Traders,Advanced Diploma/ Diploma ,9.5
222112,Finance Brokers,Advanced Diploma/ Diploma ,36.5
222113,Insurance Brokers,Advanced Diploma/ Diploma ,35.2
222199,Other Financial Brokers,Advanced Diploma/ Diploma ,18.1
222211,Financial Market Dealers,Advanced Diploma/ Diploma ,6.0
222212,Futures Traders,Advanced Diploma/ Diploma ,9.0
222213,Stockbrokers,Advanced Diploma/ Diploma ,8.0
222299,Other Financial Dealers,Advanced Diploma/ Diploma ,8.9
222311,Financial Investment Advisers,Advanced Diploma/ Diploma ,18.9
222312,Financial Investment Managers,Advanced Diploma/ Diploma ,8.0
223111,Human Resource Advisers,Advanced Diploma/ Diploma ,14.8
223112,Recruitment Consultants,Advanced Diploma/ Diploma ,15.3
223113,Workplace Relations Advisers,Advanced Diploma/ Diploma ,9.8
224111,Actuaries,Advanced Diploma/ Diploma ,0.3
224112,Mathematicians,Advanced Diploma/ Diploma ,0.6
224113,Statisticians,Advanced Diploma/ Diploma ,3.2
224211,Archivists,Advanced Diploma/ Diploma ,9.0
224212,Gallery and Museum Curators,Advanced Diploma/ Diploma ,3.7
224213,Health Information Managers,Advanced Diploma/ Diploma ,7.3
224214,Records Managers,Advanced Diploma/ Diploma ,17.1
224411,Intelligence Officers,Advanced Diploma/ Diploma ,13.5
224412,Policy Analysts,Advanced Diploma/ Diploma ,4.5
224511,Land Economists,Advanced Diploma/ Diploma ,10.3
224512,Valuers,Advanced Diploma/ Diploma ,13.5
224711,Management Consultants,Advanced Diploma/ Diploma ,8.1
224712,Organisation and Methods Analysts,Advanced Diploma/ Diploma ,12.1
224911,Electorate Officers,Advanced Diploma/ Diploma ,8.4
224912,Liaison Officers,Advanced Diploma/ Diploma ,15.5
224913,Migration Agents,Advanced Diploma/ Diploma ,3.5
224914,Patents Examiners,Advanced Diploma/ Diploma ,1.3
224999,Information and Organisation Professionals (not covered elsewhere),Advanced Diploma/ Diploma ,8.5
225111,Advertising Specialists,Advanced Diploma/ Diploma ,11.5
225112,Market Research Analysts,Advanced Diploma/ Diploma ,5.8
225113,Marketing Specialists,Advanced Diploma/ Diploma ,9.8
225211,ICT Account Managers,Advanced Diploma/ Diploma ,12.5
225212,ICT Business Development Managers,Advanced Diploma/ Diploma ,13.5
225213,ICT Sales Representatives,Advanced Diploma/ Diploma ,10.9
225411,Sales Representatives (Industrial Products),Advanced Diploma/ Diploma ,12.4
225412,Sales Representatives (Medical and Pharmaceutical Products),Advanced Diploma/ Diploma ,12.5
225499,Other Technical Sales Representatives,Advanced Diploma/ Diploma ,13.9
231111,Aeroplane Pilots,Advanced Diploma/ Diploma ,33.4
231112,Air Traffic Controllers,Advanced Diploma/ Diploma ,43.9
231113,Flying Instructors,Advanced Diploma/ Diploma ,40.2
231114,Helicopter Pilots,Advanced Diploma/ Diploma ,34.8
231199,Other Air Transport Professionals,Advanced Diploma/ Diploma ,23.4
231211,Master Fishers,Advanced Diploma/ Diploma ,7.8
231212,Marine Engineers,Advanced Diploma/ Diploma ,34.9
231213,Ship's Masters,Advanced Diploma/ Diploma ,26.1
231214,Ship's Officers,Advanced Diploma/ Diploma ,35.2
231215,Marine Surveyors,Advanced Diploma/ Diploma ,33.6
231299,Other Marine Transport Professionals,Advanced Diploma/ Diploma ,27.0
232111,Architects,Advanced Diploma/ Diploma ,3.2
232112,Landscape Architects,Advanced Diploma/ Diploma ,10.2
232212,Surveyors,Advanced Diploma/ Diploma ,25.2
232213,Cartographers,Advanced Diploma/ Diploma ,29.7
232214,Other Spatial Scientists,Advanced Diploma/ Diploma ,13.0
232311,Fashion Designers,Advanced Diploma/ Diploma ,26.8
232312,Industrial Designers,Advanced Diploma/ Diploma ,13.0
232313,Jewellery Designers,Advanced Diploma/ Diploma ,18.9
232411,Graphic Designers,Advanced Diploma/ Diploma ,24.3
232412,Illustrators (including Animators),Advanced Diploma/ Diploma ,19.6
232413,Multimedia Designers,Advanced Diploma/ Diploma ,12.0
232414,Web Designers,Advanced Diploma/ Diploma ,16.2
233111,Chemical Engineers,Advanced Diploma/ Diploma ,2.1
233112,Materials Engineers,Advanced Diploma/ Diploma ,4.1
233211,Civil Engineers,Advanced Diploma/ Diploma ,4.0
233212,Geotechnical Engineers,Advanced Diploma/ Diploma ,1.2
233213,Quantity Surveyors,Advanced Diploma/ Diploma ,8.1
233214,Structural Engineers,Advanced Diploma/ Diploma ,1.9
233215,Transport Engineers,Advanced Diploma/ Diploma ,6.6
233511,Industrial Engineers,Advanced Diploma/ Diploma ,7.9
233512,Mechanical Engineers,Advanced Diploma/ Diploma ,7.3
233513,Production and Plant Engineers,Advanced Diploma/ Diploma ,7.3
233611,Mining Engineers (excluding Petroleum),Advanced Diploma/ Diploma ,5.1
233612,Petroleum Engineers,Advanced Diploma/ Diploma ,4.0
233911,Aeronautical Engineers,Advanced Diploma/ Diploma ,5.5
233912,Agricultural Engineers,Advanced Diploma/ Diploma ,5.6
233913,Biomedical Engineers,Advanced Diploma/ Diploma ,9.4
233914,Engineering Technologists,Advanced Diploma/ Diploma ,9.8
233915,Environmental Engineers,Advanced Diploma/ Diploma ,0.9
233916,Naval Architects,Advanced Diploma/ Diploma ,6.3
233999,Engineering Professionals (not covered elsewhere),Advanced Diploma/ Diploma ,7.1
234111,Agricultural Consultants,Advanced Diploma/ Diploma ,13.7
234112,Agricultural Scientists,Advanced Diploma/ Diploma ,8.6
234113,Foresters,Advanced Diploma/ Diploma ,18.1
234211,Chemists,Advanced Diploma/ Diploma ,4.5
234212,Food Technologists,Advanced Diploma/ Diploma ,6.9
234213,Wine Makers,Advanced Diploma/ Diploma ,7.4
234311,Conservation Officers,Advanced Diploma/ Diploma ,8.5
234312,Environmental Consultants,Advanced Diploma/ Diploma ,2.7
234313,Environmental Research Scientists,Advanced Diploma/ Diploma ,1.9
234314,Park Rangers,Advanced Diploma/ Diploma ,13.7
234399,Other Environmental Scientists,Advanced Diploma/ Diploma ,6.9
234411,Geologists,Advanced Diploma/ Diploma ,1.1
234412,Geophysicists,Advanced Diploma/ Diploma ,1.4
234413,Hydrogeologists,Advanced Diploma/ Diploma ,0.6
234511,Biologists,Advanced Diploma/ Diploma ,1.0
234513,Biochemists,Advanced Diploma/ Diploma ,0.0
234514,Biotechnologists,Advanced Diploma/ Diploma ,0.8
234515,Botanists,Advanced Diploma/ Diploma ,4.0
234516,Marine Biologists,Advanced Diploma/ Diploma ,0.9
234517,Microbiologists,Advanced Diploma/ Diploma ,5.1
234518,Zoologists,Advanced Diploma/ Diploma ,5.0
234599,Other Life Scientists,Advanced Diploma/ Diploma ,3.2
234911,Conservators,Advanced Diploma/ Diploma ,7.8
234912,Metallurgists,Advanced Diploma/ Diploma ,4.6
234913,Meteorologists,Advanced Diploma/ Diploma ,2.0
234914,Physicists (including Astronomers),Advanced Diploma/ Diploma ,0.8
234915,Exercise Physiologists,Advanced Diploma/ Diploma ,0.7
234999,Natural and Physical Science Professionals (not covered elsewhere),Advanced Diploma/ Diploma ,5.5
241511,Special Needs Teachers,Advanced Diploma/ Diploma ,4.4
241512,Teachers of the Hearing Impaired,Advanced Diploma/ Diploma ,6.6
241513,Teachers of the Sight Impaired,Advanced Diploma/ Diploma ,2.7
241599,Other Special Education Teachers,Advanced Diploma/ Diploma ,5.5
242111,University Lecturers,Advanced Diploma/ Diploma ,0.7
242112,University Tutors,Advanced Diploma/ Diploma ,1.2
249111,Education Advisers,Advanced Diploma/ Diploma ,8.0
249112,Education Reviewers,Advanced Diploma/ Diploma ,6.2
249211,Art Teachers (Private Tuition),Advanced Diploma/ Diploma ,14.6
249212,Dance Teachers (Private Tuition),Advanced Diploma/ Diploma ,20.9
249213,Drama Teachers (Private Tuition),Advanced Diploma/ Diploma ,16.4
249214,Music Teachers (Private Tuition),Advanced Diploma/ Diploma ,13.4
249299,Other Private Tutors and Teachers,Advanced Diploma/ Diploma ,6.0
251111,Dietitians,Advanced Diploma/ Diploma ,1.0
251112,Nutritionists,Advanced Diploma/ Diploma ,15.7
251211,Medical Diagnostic Radiographers,Advanced Diploma/ Diploma ,10.5
251212,Medical Radiation Therapists,Advanced Diploma/ Diploma ,5.8
251213,Nuclear Medicine Technologists,Advanced Diploma/ Diploma ,4.3
251214,Sonographers,Advanced Diploma/ Diploma ,8.7
251311,Environmental Health Officers,Advanced Diploma/ Diploma ,12.3
251312,Occupational Health and Safety Advisers,Advanced Diploma/ Diploma ,26.2
251411,Optometrists,Advanced Diploma/ Diploma ,2.3
251412,Orthoptists,Advanced Diploma/ Diploma ,8.0
251511,Hospital Pharmacists,Advanced Diploma/ Diploma ,0.4
251512,Industrial Pharmacists,Advanced Diploma/ Diploma ,1.1
251513,Retail Pharmacists,Advanced Diploma/ Diploma ,0.6
251911,Health Promotion Officers,Advanced Diploma/ Diploma ,10.3
251912,Orthotists and Prosthetists,Advanced Diploma/ Diploma ,8.7
251999,Genetic Counsellors (and Other Health Professionals not covered elsewhere),Advanced Diploma/ Diploma ,8.2
252111,Chiropractors,Advanced Diploma/ Diploma ,1.4
252112,Osteopaths,Advanced Diploma/ Diploma ,2.2
252211,Acupuncturists,Advanced Diploma/ Diploma ,11.9
252212,Homoeopaths,Advanced Diploma/ Diploma ,42.5
252213,Naturopaths,Advanced Diploma/ Diploma ,31.7
252214,Chinese Medicine Practitioners,Advanced Diploma/ Diploma ,8.4
252299,"Music, Dance, Drama, Play, Hypnotic, and Related Therapists",Advanced Diploma/ Diploma ,19.6
252311,Dental Specialists (including Orthodontists),Advanced Diploma/ Diploma ,2.1
252312,Dentists,Advanced Diploma/ Diploma ,0.8
252711,Audiologists,Advanced Diploma/ Diploma ,1.7
252712,Speech Pathologists,Advanced Diploma/ Diploma ,0.3
253111,General Practitioners,Advanced Diploma/ Diploma ,0.6
253112,Resident Medical Officers,Advanced Diploma/ Diploma ,0.4
253311,Specialist Physicians (General Medicine),Advanced Diploma/ Diploma ,0.6
253312,Cardiologists,Advanced Diploma/ Diploma ,0.7
253313,Clinical Haematologists,Advanced Diploma/ Diploma ,0.0
253314,Medical Oncologists,Advanced Diploma/ Diploma ,0.3
253315,Endocrinologists,Advanced Diploma/ Diploma ,0.0
253316,Gastroenterologists,Advanced Diploma/ Diploma ,0.0
253317,Intensive Care Specialists,Advanced Diploma/ Diploma ,1.1
253318,Neurologists,Advanced Diploma/ Diploma ,0.0
253321,Paediatricians,Advanced Diploma/ Diploma ,0.5
253322,Renal Medicine Specialists,Advanced Diploma/ Diploma ,0.0
253323,Rheumatologists,Advanced Diploma/ Diploma ,0.0
253324,Thoracic Medicine Specialists,Advanced Diploma/ Diploma ,0.9
253399,Other Specialist Physicians,Advanced Diploma/ Diploma ,1.0
253511,Surgeons (General),Advanced Diploma/ Diploma ,0.0
253512,Cardiothoracic Surgeons,Advanced Diploma/ Diploma ,0.0
253513,Neurosurgeons,Advanced Diploma/ Diploma ,0.0
253514,Orthopaedic Surgeons,Advanced Diploma/ Diploma ,0.4
253515,"Ear, Nose and Throat Specialists",Advanced Diploma/ Diploma ,0.0
253516,Paediatric Surgeons,Advanced Diploma/ Diploma ,0.0
253517,Plastic and Reconstructive Surgeons,Advanced Diploma/ Diploma ,2.1
253518,Urologists,Advanced Diploma/ Diploma ,0.0
253521,Vascular Surgeons,Advanced Diploma/ Diploma ,0.0
253911,Dermatologists,Advanced Diploma/ Diploma ,3.9
253912,Emergency Medicine Specialists,Advanced Diploma/ Diploma ,0.4
253913,Obstetricians and Gynaecologists,Advanced Diploma/ Diploma ,0.4
253914,Eye Specialists,Advanced Diploma/ Diploma ,1.3
253915,Pathologists,Advanced Diploma/ Diploma ,6.5
253917,Diagnostic and Interventional Radiologists,Advanced Diploma/ Diploma ,1.3
253918,Radiation Oncologists,Advanced Diploma/ Diploma ,1.5
253999,Medical Practitioners (not covered elsewhere),Advanced Diploma/ Diploma ,2.9
254211,Nurse Educators,Advanced Diploma/ Diploma ,5.3
254212,Nurse Researchers,Advanced Diploma/ Diploma ,7.3
254411,Nurse Practitioners,Advanced Diploma/ Diploma ,5.8
254412,Registered Nurses (Aged Care),Advanced Diploma/ Diploma ,11.8
254413,Registered Nurses (Child and Family Health),Advanced Diploma/ Diploma ,8.8
254414,Registered Nurses (Community Health),Advanced Diploma/ Diploma ,10.3
254415,Registered Nurses (Critical Care and Emergency),Advanced Diploma/ Diploma ,5.7
254416,Registered Nurses (Developmental Disability),Advanced Diploma/ Diploma ,
254417,Registered Nurses (Disability and Rehabilitation),Advanced Diploma/ Diploma ,10.0
254418,Registered Nurses (Medical),Advanced Diploma/ Diploma ,6.5
254421,Registered Nurses (Medical Practice),Advanced Diploma/ Diploma ,14.8
254422,Registered Nurses (Mental Health),Advanced Diploma/ Diploma ,9.5
254423,Registered Nurses (Perioperative),Advanced Diploma/ Diploma ,9.6
254424,Registered Nurses (Surgical),Advanced Diploma/ Diploma ,6.6
254425,Registered Nurses (Paediatrics),Advanced Diploma/ Diploma ,6.5
254499,Registered Nurses (not covered elsewhere),Advanced Diploma/ Diploma ,8.3
261111,ICT Business Analysts,Advanced Diploma/ Diploma ,7.5
261112,Systems Analysts,Advanced Diploma/ Diploma ,9.5
261211,Game and Multimedia Developers,Advanced Diploma/ Diploma ,16.3
261212,Web Developers,Advanced Diploma/ Diploma ,12.0
261311,Analyst Programmers,Advanced Diploma/ Diploma ,7.2
261312,Developer Programmers,Advanced Diploma/ Diploma ,6.1
261313,Software Engineers,Advanced Diploma/ Diploma ,3.8
261314,Software Testers,Advanced Diploma/ Diploma ,5.3
261399,Other Software and Applications Programmers,Advanced Diploma/ Diploma ,6.3
262111,Database Administrators,Advanced Diploma/ Diploma ,10.9
262112,ICT Security Specialists,Advanced Diploma/ Diploma ,9.6
262113,Systems Administrators,Advanced Diploma/ Diploma ,17.6
263111,Computer Network and Systems Engineers,Advanced Diploma/ Diploma ,14.8
263112,Network Administrators,Advanced Diploma/ Diploma ,18.6
263113,Network Analysts,Advanced Diploma/ Diploma ,12.2
263211,ICT Quality Assurance Engineers,Advanced Diploma/ Diploma ,7.7
263212,ICT Support Engineers,Advanced Diploma/ Diploma ,13.3
263213,ICT Systems Test Engineers,Advanced Diploma/ Diploma ,6.8
263299,Other ICT Support and Test Engineers,Advanced Diploma/ Diploma ,11.6
263311,Telecommunications Engineers,Advanced Diploma/ Diploma ,10.8
263312,Telecommunications Network Engineers,Advanced Diploma/ Diploma ,11.9
271211,Judges,Advanced Diploma/ Diploma ,1.3
271212,Magistrates,Advanced Diploma/ Diploma ,0.7
271213,Tribunal Members,Advanced Diploma/ Diploma ,3.0
271214,Intellectual Property Lawyers,Advanced Diploma/ Diploma ,1.1
271299,Judicial and Other Legal Professionals (not covered elsewhere),Advanced Diploma/ Diploma ,4.5
272111,Careers Counsellors,Advanced Diploma/ Diploma ,11.5
272112,Drug and Alcohol Counsellors,Advanced Diploma/ Diploma ,25.3
272113,Family and Marriage Counsellors,Advanced Diploma/ Diploma ,9.4
272114,Rehabilitation Counsellors,Advanced Diploma/ Diploma ,4.7
272115,Student Counsellors,Advanced Diploma/ Diploma ,9.8
272199,Other Counsellors and Life Coaches,Advanced Diploma/ Diploma ,13.9
272311,Clinical Psychologists,Advanced Diploma/ Diploma ,0.7
272312,Educational Psychologists,Advanced Diploma/ Diploma ,0.9
272313,Organisational Psychologists,Advanced Diploma/ Diploma ,1.8
272314,Psychotherapists,Advanced Diploma/ Diploma ,6.8
272399,Other Psychologists,Advanced Diploma/ Diploma ,1.1
272411,Historians,Advanced Diploma/ Diploma ,7.4
272412,Interpreters,Advanced Diploma/ Diploma ,25.4
272413,Translators,Advanced Diploma/ Diploma ,7.6
272414,Archaeologists,Advanced Diploma/ Diploma ,0.5
272499,Other Social Professionals,Advanced Diploma/ Diploma ,3.7
272611,Community Arts Workers,Advanced Diploma/ Diploma ,13.3
272612,Recreation Officers,Advanced Diploma/ Diploma ,15.7
272613,Welfare Workers,Advanced Diploma/ Diploma ,19.4
311211,Anaesthetic Technicians,Advanced Diploma/ Diploma ,45.3
311212,Cardiac Technicians,Advanced Diploma/ Diploma ,7.4
311213,Medical Laboratory Technicians,Advanced Diploma/ Diploma ,19.4
311214,Operating Theatre Technicians,Advanced Diploma/ Diploma ,12.3
311215,Pharmacy Technicians,Advanced Diploma/ Diploma ,8.0
311216,Pathology Collectors,Advanced Diploma/ Diploma ,16.3
311299,Other Medical Technicians,Advanced Diploma/ Diploma ,19.2
311311,Fisheries Officers,Advanced Diploma/ Diploma ,24.5
311312,Meat Inspectors,Advanced Diploma/ Diploma ,8.3
311313,Quarantine Officers,Advanced Diploma/ Diploma ,16.8
311399,Other Primary Products Inspectors,Advanced Diploma/ Diploma ,12.6
311411,Chemistry Technicians,Advanced Diploma/ Diploma ,11.4
311412,Earth Science Technicians,Advanced Diploma/ Diploma ,13.1
311413,Life Science Technicians,Advanced Diploma/ Diploma ,20.6
311414,School Laboratory Technicians,Advanced Diploma/ Diploma ,19.0
311415,Hydrographers,Advanced Diploma/ Diploma ,20.2
311499,Other Science Technicians,Advanced Diploma/ Diploma ,16.3
312111,Architectural Draftspersons,Advanced Diploma/ Diploma ,33.8
312112,Building Associates,Advanced Diploma/ Diploma ,13.7
312113,Building Inspectors,Advanced Diploma/ Diploma ,27.8
312114,Construction Estimators,Advanced Diploma/ Diploma ,14.5
312115,Plumbing Inspectors,Advanced Diploma/ Diploma ,10.3
312116,Surveying and Spatial Science Technicians,Advanced Diploma/ Diploma ,27.8
312199,"Other Architectural, Building and Surveying Technicians",Advanced Diploma/ Diploma ,20.5
312211,Civil Engineering Draftspersons,Advanced Diploma/ Diploma ,41.6
312212,Civil Engineering Technicians,Advanced Diploma/ Diploma ,21.3
312311,Electrical Engineering Draftspersons,Advanced Diploma/ Diploma ,32.4
312312,Electrical Engineering Technicians,Advanced Diploma/ Diploma ,19.7
312411,Electronic Engineering Draftspersons,Advanced Diploma/ Diploma ,16.4
312412,Electronic Engineering Technicians,Advanced Diploma/ Diploma ,26.4
312511,Mechanical Engineering Draftspersons,Advanced Diploma/ Diploma ,35.5
312512,Mechanical Engineering Technicians,Advanced Diploma/ Diploma ,15.2
312911,Maintenance Planners,Advanced Diploma/ Diploma ,15.8
312912,Metallurgical and Materials Technicians,Advanced Diploma/ Diploma ,14.7
312913,Mine Deputies,Advanced Diploma/ Diploma ,12.0
312999,Building and Engineering Technicians (not covered elsewhere),Advanced Diploma/ Diploma ,20.6
313111,Hardware Technicians,Advanced Diploma/ Diploma ,16.0
313112,ICT Customer Support Officers,Advanced Diploma/ Diploma ,16.6
313113,Web Administrators,Advanced Diploma/ Diploma ,12.3
313199,Other ICT Support Technicians,Advanced Diploma/ Diploma ,14.9
313211,Radiocommunications Technicians,Advanced Diploma/ Diploma ,22.1
313212,Telecommunications Field Engineers,Advanced Diploma/ Diploma ,17.3
313213,Telecommunications Network Planners,Advanced Diploma/ Diploma ,17.9
313214,Telecommunications Technical Officers and Technologists,Advanced Diploma/ Diploma ,33.6
321211,Motor Mechanics (General),Advanced Diploma/ Diploma ,6.1
321212,Diesel Motor Mechanics,Advanced Diploma/ Diploma ,2.9
321213,Motorcycle Mechanics,Advanced Diploma/ Diploma ,2.9
321214,Small Engine Mechanics,Advanced Diploma/ Diploma ,2.5
322111,Blacksmiths,Advanced Diploma/ Diploma ,4.5
322112,Electroplaters,Advanced Diploma/ Diploma ,4.3
322113,Farriers,Advanced Diploma/ Diploma ,5.0
322114,Metal Casting Trades Workers,Advanced Diploma/ Diploma ,3.6
322115,Metal Polishers,Advanced Diploma/ Diploma ,4.3
322311,Metal Fabricators,Advanced Diploma/ Diploma ,2.8
322312,Pressure Welders,Advanced Diploma/ Diploma ,4.2
322313,Welders (First Class),Advanced Diploma/ Diploma ,4.4
323111,Aircraft Maintenance Engineers (Avionics),Advanced Diploma/ Diploma ,16.8
323112,Aircraft Maintenance Engineers (Mechanical),Advanced Diploma/ Diploma ,12.1
323113,Aircraft Maintenance Engineers (Structures),Advanced Diploma/ Diploma ,9.1
323211,Fitters (General),Advanced Diploma/ Diploma ,5.2
323212,Fitter and Turners,Advanced Diploma/ Diploma ,4.2
323213,Fitter-Welders,Advanced Diploma/ Diploma ,2.8
323214,Metal Machinists (First Class),Advanced Diploma/ Diploma ,10.3
323215,"Textile, Clothing and Footwear Mechanics",Advanced Diploma/ Diploma ,10.0
323299,Other Metal Fitters and Machinists,Advanced Diploma/ Diploma ,4.2
323311,Engravers,Advanced Diploma/ Diploma ,10.9
323312,Gunsmiths,Advanced Diploma/ Diploma ,11.0
323313,Locksmiths,Advanced Diploma/ Diploma ,3.3
323314,Precision Instrument Makers and Repairers,Advanced Diploma/ Diploma ,15.9
323315,Saw Doctors,Advanced Diploma/ Diploma ,1.4
323316,Watch and Clock Makers and Repairers,Advanced Diploma/ Diploma ,4.8
323411,Engineering Patternmakers,Advanced Diploma/ Diploma ,9.8
323412,Toolmakers,Advanced Diploma/ Diploma ,17.7
324211,Vehicle Body Builders,Advanced Diploma/ Diploma ,4.0
324212,Vehicle Trimmers,Advanced Diploma/ Diploma ,3.6
331111,Bricklayers,Advanced Diploma/ Diploma ,2.6
331112,Stonemasons,Advanced Diploma/ Diploma ,4.7
331212,Carpenters,Advanced Diploma/ Diploma ,3.6
331213,Joiners,Advanced Diploma/ Diploma ,4.3
333211,Fibrous Plasterers,Advanced Diploma/ Diploma ,3.9
333212,Solid Plasterers,Advanced Diploma/ Diploma ,3.7
334111,Plumbers (General),Advanced Diploma/ Diploma ,2.5
334112,Airconditioning and Mechanical Services Plumbers,Advanced Diploma/ Diploma ,3.0
334113,Drainers,Advanced Diploma/ Diploma ,2.4
334114,Gasfitters,Advanced Diploma/ Diploma ,3.5
334115,Roof Plumbers,Advanced Diploma/ Diploma ,2.0
341111,Electricians (General),Advanced Diploma/ Diploma ,5.4
341112,Electricians (Special Class),Advanced Diploma/ Diploma ,17.5
341113,Lift Mechanics,Advanced Diploma/ Diploma ,6.5
342211,Electrical Linesworkers,Advanced Diploma/ Diploma ,4.1
342212,Technical Cable Jointers,Advanced Diploma/ Diploma ,4.2
342311,Business Machine Mechanics,Advanced Diploma/ Diploma ,16.7
342312,Communications Operators,Advanced Diploma/ Diploma ,11.8
342313,Electronic Equipment Trades Workers,Advanced Diploma/ Diploma ,14.6
342314,Electronic Instrument Trades Workers (General),Advanced Diploma/ Diploma ,22.3
342315,Electronic Instrument Trades Workers (Special Class),Advanced Diploma/ Diploma ,20.9
342411,Cablers (Data and Telecommunications),Advanced Diploma/ Diploma ,7.5
342412,Telecommunications Cable Jointers,Advanced Diploma/ Diploma ,5.9
342413,Telecommunications Linesworkers,Advanced Diploma/ Diploma ,8.4
342414,Telecommunications Technicians,Advanced Diploma/ Diploma ,14.9
351111,Bakers,Advanced Diploma/ Diploma ,7.8
351112,Pastrycooks,Advanced Diploma/ Diploma ,17.0
361111,Dog Handlers and Trainers,Advanced Diploma/ Diploma ,13.5
361112,Horse Trainers,Advanced Diploma/ Diploma ,8.7
361113,Pet Groomers,Advanced Diploma/ Diploma ,10.1
361114,Zookeepers,Advanced Diploma/ Diploma ,7.0
361115,Kennel Hands,Advanced Diploma/ Diploma ,4.8
361199,Other Animal Attendants and Trainers,Advanced Diploma/ Diploma ,10.4
362211,Gardeners (General),Advanced Diploma/ Diploma ,10.6
362212,Arborists,Advanced Diploma/ Diploma ,15.3
362213,Landscape Gardeners,Advanced Diploma/ Diploma ,8.5
392111,Print Finishers,Advanced Diploma/ Diploma ,6.8
392112,Screen Printers,Advanced Diploma/ Diploma ,9.4
392311,Printing Machinists,Advanced Diploma/ Diploma ,7.7
392312,Small Offset Printers,Advanced Diploma/ Diploma ,9.3
393111,Canvas Goods Fabricators,Advanced Diploma/ Diploma ,5.4
393112,Leather Goods Makers,Advanced Diploma/ Diploma ,9.4
393113,Sail Makers,Advanced Diploma/ Diploma ,7.0
393114,Shoemakers,Advanced Diploma/ Diploma ,6.3
393211,Apparel Cutters,Advanced Diploma/ Diploma ,11.0
393212,Clothing Patternmakers,Advanced Diploma/ Diploma ,39.3
393213,Dressmakers and Tailors,Advanced Diploma/ Diploma ,14.6
393299,Other Clothing Trades Workers,Advanced Diploma/ Diploma ,16.4
394211,Furniture Finishers,Advanced Diploma/ Diploma ,4.0
394212,Picture Framers,Advanced Diploma/ Diploma ,11.8
394213,Wood Machinists,Advanced Diploma/ Diploma ,2.9
394214,Wood Turners,Advanced Diploma/ Diploma ,9.6
394299,Other Wood Machinists and Wood Trades Workers,Advanced Diploma/ Diploma ,5.3
399111,Boat Builders and Repairers,Advanced Diploma/ Diploma ,5.0
399112,Shipwrights,Advanced Diploma/ Diploma ,4.8
399211,Chemical Plant Operators,Advanced Diploma/ Diploma ,8.4
399212,Gas and Petroleum Operators,Advanced Diploma/ Diploma ,13.4
399213,Power Generation Plant Operators,Advanced Diploma/ Diploma ,19.6
399311,Gallery and Museum Technicians,Advanced Diploma/ Diploma ,8.8
399312,Library Technicians,Advanced Diploma/ Diploma ,33.5
399511,Broadcast Transmitter Operators,Advanced Diploma/ Diploma ,19.5
399512,"Camera Operators (Film, Television or Video)",Advanced Diploma/ Diploma ,15.2
399513,Light Technicians,Advanced Diploma/ Diploma ,21.1
399514,Make Up Artists,Advanced Diploma/ Diploma ,37.8
399515,Musical Instrument Makers and Repairers,Advanced Diploma/ Diploma ,15.6
399516,Sound Technicians,Advanced Diploma/ Diploma ,23.0
399517,Television Equipment Operators,Advanced Diploma/ Diploma ,16.1
399599,Other Performing Arts Technicians,Advanced Diploma/ Diploma ,18.9
399911,Divers,Advanced Diploma/ Diploma ,13.9
399912,Interior Decorators,Advanced Diploma/ Diploma ,28.7
399913,Optical Dispensers,Advanced Diploma/ Diploma ,12.9
399914,Optical Mechanics,Advanced Diploma/ Diploma ,12.2
399915,Photographer's Assistants,Advanced Diploma/ Diploma ,23.0
399916,Plastics Technicians,Advanced Diploma/ Diploma ,6.2
399917,Wool Classers,Advanced Diploma/ Diploma ,9.7
399918,Fire Protection Equipment Technicians,Advanced Diploma/ Diploma ,7.3
399999,Technicians and Trades Workers (not covered elsewhere),Advanced Diploma/ Diploma ,15.1
411111,Ambulance Officers,Advanced Diploma/ Diploma ,20.7
411112,Intensive Care Ambulance Paramedics,Advanced Diploma/ Diploma ,19.2
411211,Dental Hygienists,Advanced Diploma/ Diploma ,53.6
411212,Dental Prosthetists,Advanced Diploma/ Diploma ,69.4
411213,Dental Technicians,Advanced Diploma/ Diploma ,43.5
411214,Dental Therapists,Advanced Diploma/ Diploma ,15.7
411411,Enrolled Nurses,Advanced Diploma/ Diploma ,70.9
411412,Mothercraft Nurses,Advanced Diploma/ Diploma ,41.7
411711,Community Workers,Advanced Diploma/ Diploma ,23.8
411712,Disabilities Services Officers,Advanced Diploma/ Diploma ,22.4
411713,Family Support Workers,Advanced Diploma/ Diploma ,27.0
411714,Parole and Probation Officers,Advanced Diploma/ Diploma ,17.2
411715,Residential Care Officers,Advanced Diploma/ Diploma ,31.0
411716,Youth Workers,Advanced Diploma/ Diploma ,26.2
421111,Child Care Workers,Advanced Diploma/ Diploma ,28.8
421112,Family Day Care Workers,Advanced Diploma/ Diploma ,30.7
421113,Nannies,Advanced Diploma/ Diploma ,14.2
421114,Out of School Hours Care Workers,Advanced Diploma/ Diploma ,14.1
422111,Aboriginal and Torres Strait Islander Education Workers,Advanced Diploma/ Diploma ,11.0
422112,Integration Aides,Advanced Diploma/ Diploma ,15.2
422115,Preschool Aides,Advanced Diploma/ Diploma ,25.7
422116,Teachers' Aides,Advanced Diploma/ Diploma ,14.7
423311,Hospital orderlies,Advanced Diploma/ Diploma ,8.5
423312,Nursing Support Workers,Advanced Diploma/ Diploma ,15.5
423313,Personal Care Assistants,Advanced Diploma/ Diploma ,12.9
423314,Therapy Aides,Advanced Diploma/ Diploma ,14.3
423411,Child and Youth Residential Care Assistants,Advanced Diploma/ Diploma ,28.7
423412,Hostel Parents,Advanced Diploma/ Diploma ,12.5
423413,Refuge Workers,Advanced Diploma/ Diploma ,18.9
431111,Bar Attendants,Advanced Diploma/ Diploma ,7.9
431112,Baristas,Advanced Diploma/ Diploma ,9.7
431911,Bar Usefuls and Bussers,Advanced Diploma/ Diploma ,7.1
431912,Doorpersons and Luggage Porters,Advanced Diploma/ Diploma ,12.3
431999,Hospitality Workers (not covered elsewhere),Advanced Diploma/ Diploma ,8.1
441211,Emergency Service Workers,Advanced Diploma/ Diploma ,26.9
441212,Fire Fighters,Advanced Diploma/ Diploma ,18.9
441311,Detectives,Advanced Diploma/ Diploma ,48.9
441312,Police Officers,Advanced Diploma/ Diploma ,42.6
442211,"Alarm, Security and Surveillance Monitors",Advanced Diploma/ Diploma ,14.5
442212,Armoured Car Escorts,Advanced Diploma/ Diploma ,8.8
442213,Crowd Controllers,Advanced Diploma/ Diploma ,10.1
442214,Private Investigators,Advanced Diploma/ Diploma ,19.8
442215,Retail Loss Prevention Officers,Advanced Diploma/ Diploma ,11.2
442216,Security Consultants,Advanced Diploma/ Diploma ,21.8
442217,Security Officers,Advanced Diploma/ Diploma ,12.0
442299,Other Security Workers,Advanced Diploma/ Diploma ,15.7
451311,Funeral Directors,Advanced Diploma/ Diploma ,13.9
451399,Funeral Workers (Other),Advanced Diploma/ Diploma ,14.0
451411,Gallery and Museum Guides,Advanced Diploma/ Diploma ,10.3
451412,Tour Guides,Advanced Diploma/ Diploma ,13.2
451511,Natural Remedy Consultants,Advanced Diploma/ Diploma ,26.9
451512,Weight Loss Consultants,Advanced Diploma/ Diploma ,14.9
451513,Herbalists (Western),Advanced Diploma/ Diploma ,35.9
451611,Tourist Information Officers,Advanced Diploma/ Diploma ,17.5
451612,Travel Consultants,Advanced Diploma/ Diploma ,24.3
451711,Flight Attendants,Advanced Diploma/ Diploma ,16.8
451799,Other Travel Attendants,Advanced Diploma/ Diploma ,12.1
451811,Civil Celebrants,Advanced Diploma/ Diploma ,18.4
451812,Hair and Beauty Salon Assistants,Advanced Diploma/ Diploma ,6.8
451814,Body Artists,Advanced Diploma/ Diploma ,13.7
451815,First Aid Trainers,Advanced Diploma/ Diploma ,21.5
451816,Religious Assistants,Advanced Diploma/ Diploma ,15.4
451899,Personal Service Workers (not covered elsewhere),Advanced Diploma/ Diploma ,14.4
452211,Bungy Jump Masters,Advanced Diploma/ Diploma ,
452212,Fishing Guides,Advanced Diploma/ Diploma ,6.2
452213,Hunting Guides,Advanced Diploma/ Diploma ,
452214,Mountain and Glacier Guides,Advanced Diploma/ Diploma ,
452215,Outdoor Adventure Instructors,Advanced Diploma/ Diploma ,9.0
452216,Trekking Guides,Advanced Diploma/ Diploma ,0.0
452217,Whitewater Rafting Guides,Advanced Diploma/ Diploma ,
452299,Other Outdoor Adventure Guides,Advanced Diploma/ Diploma ,12.6
452311,"Scuba, Snorkelling and Dive instructors",Advanced Diploma/ Diploma ,16.4
452312,Gymnastics Coaches and Instructors,Advanced Diploma/ Diploma ,5.8
452313,Horse Riding Coaches and Instructors,Advanced Diploma/ Diploma ,14.8
452314,Snowsport Instructors,Advanced Diploma/ Diploma ,6.1
452315,Swimming Coaches and Instructors,Advanced Diploma/ Diploma ,7.9
452316,Tennis Coaches,Advanced Diploma/ Diploma ,8.2
452317,Other Sports Coaches and Instructors,Advanced Diploma/ Diploma ,9.2
452318,Dog and Horse Racing Officials,Advanced Diploma/ Diploma ,13.8
452321,Sports Development Officers,Advanced Diploma/ Diploma ,11.7
452322,Sports Umpires,Advanced Diploma/ Diploma ,1.4
452323,Other Sports Officials,Advanced Diploma/ Diploma ,7.7
452411,"Footballers (Soccer, Rugby and AFL)",Advanced Diploma/ Diploma ,9.0
452412,Golfers,Advanced Diploma/ Diploma ,29.5
452413,Jockeys,Advanced Diploma/ Diploma ,1.5
452414,Lifeguards,Advanced Diploma/ Diploma ,4.9
452499,Other Sportspersons,Advanced Diploma/ Diploma ,5.9
511111,Contract Administrators,Advanced Diploma/ Diploma ,16.0
511112,Program and Project Administrators,Advanced Diploma/ Diploma ,15.1
512211,Health Practice Managers,Advanced Diploma/ Diploma ,20.1
512299,Other Practice Managers,Advanced Diploma/ Diploma ,18.9
521211,Secretaries (General),Advanced Diploma/ Diploma ,13.5
521212,Legal Secretaries,Advanced Diploma/ Diploma ,15.0
532111,Data Entry Operators,Advanced Diploma/ Diploma ,12.6
532112,Machine Shorthand Reporters,Advanced Diploma/ Diploma ,14.3
532113,Typists,Advanced Diploma/ Diploma ,13.8
541111,Call Centre or Contact Centre Team Leaders,Advanced Diploma/ Diploma ,15.4
541112,Call Centre or Contact Centre Operators,Advanced Diploma/ Diploma ,12.7
542111,Receptionists (General),Advanced Diploma/ Diploma ,12.2
542112,Admissions Clerks,Advanced Diploma/ Diploma ,14.5
542113,Hotel and Motel Receptionists,Advanced Diploma/ Diploma ,14.3
542114,Medical Receptionists,Advanced Diploma/ Diploma ,13.2
551111,Accounts Clerks,Advanced Diploma/ Diploma ,15.0
551112,Cost Clerks,Advanced Diploma/ Diploma ,12.6
552311,Bookmakers,Advanced Diploma/ Diploma ,6.5
552312,Insurance Consultants,Advanced Diploma/ Diploma ,15.5
552313,Money Market Clerks,Advanced Diploma/ Diploma ,12.8
552314,Statistical Clerks,Advanced Diploma/ Diploma ,10.2
561111,Betting Agency Counter Clerks,Advanced Diploma/ Diploma ,5.9
561112,Bookmaker's Clerks,Advanced Diploma/ Diploma ,
561113,Telephone Betting Clerks,Advanced Diploma/ Diploma ,7.2
561199,Other Betting Clerks,Advanced Diploma/ Diploma ,6.1
561211,Couriers,Advanced Diploma/ Diploma ,11.0
561212,Postal Delivery Officers,Advanced Diploma/ Diploma ,8.5
561411,Mail Clerks,Advanced Diploma/ Diploma ,10.4
561412,Postal Sorting Officers,Advanced Diploma/ Diploma ,9.5
561911,Classified Advertising Clerks,Advanced Diploma/ Diploma ,11.6
561912,Meter Readers,Advanced Diploma/ Diploma ,9.3
561913,Parking Inspectors,Advanced Diploma/ Diploma ,14.9
561999,Clerical and Office Support Workers (not covered elsewhere),Advanced Diploma/ Diploma ,11.1
591112,Production Clerks,Advanced Diploma/ Diploma ,14.1
591113,Purchasing Officers,Advanced Diploma/ Diploma ,15.1
591115,Stock Clerks,Advanced Diploma/ Diploma ,11.7
591116,Warehouse Administrators,Advanced Diploma/ Diploma ,12.2
591117,Order Clerks,Advanced Diploma/ Diploma ,12.7
591211,Despatching and Receiving Clerks,Advanced Diploma/ Diploma ,11.5
591212,Import-Export Clerks,Advanced Diploma/ Diploma ,18.7
599111,Conveyancers,Advanced Diploma/ Diploma ,27.3
599112,Legal Executives,Advanced Diploma/ Diploma ,9.9
599211,Clerks of Court,Advanced Diploma/ Diploma ,13.0
599212,Court Bailiffs and Sheriffs,Advanced Diploma/ Diploma ,17.2
599213,Court Orderlies,Advanced Diploma/ Diploma ,12.1
599214,Law Clerks,Advanced Diploma/ Diploma ,11.1
599215,Trust Officers,Advanced Diploma/ Diploma ,14.2
599511,Customs Officers,Advanced Diploma/ Diploma ,16.9
599512,Immigration Officers,Advanced Diploma/ Diploma ,15.5
599513,Motor Vehicle Licence Examiners,Advanced Diploma/ Diploma ,14.4
599514,Noxious Weeds and Pest Inspectors,Advanced Diploma/ Diploma ,14.7
599515,Social Security Assessors,Advanced Diploma/ Diploma ,15.1
599516,Taxation Inspectors,Advanced Diploma/ Diploma ,7.0
599517,Train Examiners,Advanced Diploma/ Diploma ,6.9
599518,Transport Operations Inspectors,Advanced Diploma/ Diploma ,16.6
599521,Water Inspectors,Advanced Diploma/ Diploma ,12.3
599599,Other Inspectors and Regulatory Officers,Advanced Diploma/ Diploma ,16.7
599611,Insurance Investigators,Advanced Diploma/ Diploma ,21.0
599612,Insurance Loss Adjusters,Advanced Diploma/ Diploma ,16.0
599613,Insurance Risk Surveyors,Advanced Diploma/ Diploma ,12.4
599912,"Production Assistants (Film, Television, Radio or Stage)",Advanced Diploma/ Diploma ,14.6
599913,Proof Readers,Advanced Diploma/ Diploma ,9.9
599914,Radio Despatchers,Advanced Diploma/ Diploma ,19.1
599915,Clinical Coders,Advanced Diploma/ Diploma ,17.1
599916,Facilities Administrators,Advanced Diploma/ Diploma ,18.8
599999,Clerical and Administrative Workers (not covered elsewhere),Advanced Diploma/ Diploma ,10.9
611111,Auctioneers,Advanced Diploma/ Diploma ,13.2
611112,Stock and Station Agents,Advanced Diploma/ Diploma ,12.7
611311,Sales Representatives (Building and Plumbing Supplies),Advanced Diploma/ Diploma ,12.3
611312,Sales Representatives (Business Services),Advanced Diploma/ Diploma ,13.5
611313,Sales Representatives (Motor Vehicle Parts and Accessories),Advanced Diploma/ Diploma ,9.7
611314,Sales Representatives (Personal and Household Goods),Advanced Diploma/ Diploma ,13.0
611399,Other Sales Representatives,Advanced Diploma/ Diploma ,14.5
612111,Business Brokers,Advanced Diploma/ Diploma ,18.3
612112,Property Managers,Advanced Diploma/ Diploma ,16.9
612113,Real Estate Agency Principals,Advanced Diploma/ Diploma ,22.3
612114,Real Estate Agents,Advanced Diploma/ Diploma ,19.7
612115,Real Estate Representatives,Advanced Diploma/ Diploma ,16.7
621311,Motor Vehicle and Caravan Salespersons,Advanced Diploma/ Diploma ,9.8
621312,Motor Vehicle Parts Interpreters,Advanced Diploma/ Diploma ,6.3
621711,Cash Van Salespersons,Advanced Diploma/ Diploma ,8.8
621712,Door-to-door Salespersons,Advanced Diploma/ Diploma ,12.0
621713,Street Vendors,Advanced Diploma/ Diploma ,12.2
621911,Materials Recyclers,Advanced Diploma/ Diploma ,3.6
621912,Rental Salespersons,Advanced Diploma/ Diploma ,11.9
621999,Sales Assistants and Salespersons (not covered elsewhere),Advanced Diploma/ Diploma ,11.7
631111,Checkout Operators,Advanced Diploma/ Diploma ,5.3
631112,Cashiers,Advanced Diploma/ Diploma ,8.8
639111,Models,Advanced Diploma/ Diploma ,12.3
639112,Sales Demonstrators,Advanced Diploma/ Diploma ,10.9
639211,Retail Buyers,Advanced Diploma/ Diploma ,15.0
639212,Wool Buyers,Advanced Diploma/ Diploma ,11.9
639411,Ticket Sellers,Advanced Diploma/ Diploma ,13.7
639412,Transport Conductors,Advanced Diploma/ Diploma ,10.4
711111,Clay Products Machine Operators,Advanced Diploma/ Diploma ,4.3
711112,Concrete Products Machine Operators,Advanced Diploma/ Diploma ,5.4
711113,Glass Production Machine Operators,Advanced Diploma/ Diploma ,5.8
711114,Stone Processing Machine Operators,Advanced Diploma/ Diploma ,6.7
711199,"Other Clay, Concrete, Glass and Stone Processing Machine Operators",Advanced Diploma/ Diploma ,6.8
711311,Paper Products Machine Operators,Advanced Diploma/ Diploma ,7.0
711313,Sawmilling Operators,Advanced Diploma/ Diploma ,2.1
711314,Other Wood Processing Machine Operators,Advanced Diploma/ Diploma ,4.3
711511,Plastic Cablemaking Machine Operators,Advanced Diploma/ Diploma ,7.1
711512,Plastic Compounding and Reclamation Machine Operators,Advanced Diploma/ Diploma ,0.0
711513,Plastics Fabricators and Welders,Advanced Diploma/ Diploma ,4.0
711514,Plastics Production Machine Operators (General),Advanced Diploma/ Diploma ,7.2
711515,Reinforced Plastic and Composite Production Workers,Advanced Diploma/ Diploma ,4.5
711516,Rubber Production Machine Operators,Advanced Diploma/ Diploma ,4.3
711599,Other Plastics and Rubber Production Machine Operators,Advanced Diploma/ Diploma ,4.7
711711,Footwear Production Machine Operators,Advanced Diploma/ Diploma ,7.4
711712,Hide and Skin Processing Machine Operators,Advanced Diploma/ Diploma ,9.7
711713,Knitting Machine Operators,Advanced Diploma/ Diploma ,11.1
711714,Textile Dyeing and Finishing Machine Operators,Advanced Diploma/ Diploma ,12.8
711715,Weaving Machine Operators,Advanced Diploma/ Diploma ,7.2
711716,Yarn Carding and Spinning Machine Operators,Advanced Diploma/ Diploma ,7.0
711799,Other Textile and Footwear Production Machine Operators,Advanced Diploma/ Diploma ,6.4
711911,Chemical Production Machine Operators,Advanced Diploma/ Diploma ,10.9
711912,Motion Picture Projectionists,Advanced Diploma/ Diploma ,9.1
711913,Sand Blasters,Advanced Diploma/ Diploma ,2.2
711914,Sterilisation Technicians,Advanced Diploma/ Diploma ,10.5
711999,Machine Operators (not covered elsewhere),Advanced Diploma/ Diploma ,7.3
712211,Drillers,Advanced Diploma/ Diploma ,6.5
712212,Miners,Advanced Diploma/ Diploma ,4.7
712213,Shot Firers,Advanced Diploma/ Diploma ,5.9
712911,Boiler and Engine Operators,Advanced Diploma/ Diploma ,5.0
712912,Bulk Materials Handling Plant Operators,Advanced Diploma/ Diploma ,4.2
712913,Cement Production Plant Operators,Advanced Diploma/ Diploma ,4.8
712914,Concrete Batching Plant Operators,Advanced Diploma/ Diploma ,4.3
712915,Concrete Pump Operators,Advanced Diploma/ Diploma ,2.9
712916,Paper and Pulp Mill Operators,Advanced Diploma/ Diploma ,5.4
712917,Railway Signal Operators,Advanced Diploma/ Diploma ,7.4
712918,Train Controllers,Advanced Diploma/ Diploma ,11.4
712921,Waste Water and Water Plant Operators,Advanced Diploma/ Diploma ,8.2
712922,Weighbridge Operators,Advanced Diploma/ Diploma ,8.0
712999,Stationary Plant Operators (not covered elsewhere),Advanced Diploma/ Diploma ,5.3
721111,Agricultural and Horticultural Mobile Plant Operators,Advanced Diploma/ Diploma ,4.7
721112,Logging Plant Operators,Advanced Diploma/ Diploma ,1.5
721211,Earthmoving Plant Operators (General),Advanced Diploma/ Diploma ,5.5
721212,Backhoe Operators,Advanced Diploma/ Diploma ,0.7
721213,Bulldozer Operators,Advanced Diploma/ Diploma ,2.0
721214,Excavator Operators,Advanced Diploma/ Diploma ,2.7
721215,Grader Operators,Advanced Diploma/ Diploma ,1.7
721216,Loader Operators,Advanced Diploma/ Diploma ,2.5
721911,Aircraft Baggage Handlers and Airline Ground Crews,Advanced Diploma/ Diploma ,10.9
721912,Linemarkers,Advanced Diploma/ Diploma ,3.9
721913,Paving Plant Operators,Advanced Diploma/ Diploma ,3.6
721914,Railway Track Plant Operators,Advanced Diploma/ Diploma ,5.7
721915,Road Roller Operators,Advanced Diploma/ Diploma ,2.5
721916,Streetsweeper Operators,Advanced Diploma/ Diploma ,4.3
721999,Mobile Plant Operators (not covered elsewhere),Advanced Diploma/ Diploma ,5.0
731111,Chauffeurs,Advanced Diploma/ Diploma ,12.8
731112,Taxi Drivers,Advanced Diploma/ Diploma ,15.8
731199,Other Automobile Drivers,Advanced Diploma/ Diploma ,15.3
731211,Bus Drivers,Advanced Diploma/ Diploma ,11.9
731212,Charter and Tour Bus Drivers,Advanced Diploma/ Diploma ,11.2
731213,Passenger Coach Drivers,Advanced Diploma/ Diploma ,8.2
731311,Train Drivers,Advanced Diploma/ Diploma ,6.6
731312,Tram Drivers,Advanced Diploma/ Diploma ,14.1
733111,Truck Drivers (General),Advanced Diploma/ Diploma ,6.0
733112,Aircraft Refuellers,Advanced Diploma/ Diploma ,10.3
733113,Furniture Removalist Drivers,Advanced Diploma/ Diploma ,6.0
733114,Tanker Drivers,Advanced Diploma/ Diploma ,4.5
733115,Tow Truck Drivers,Advanced Diploma/ Diploma ,5.3
811411,Commercial Housekeepers,Advanced Diploma/ Diploma ,8.0
811412,Domestic Housekeepers,Advanced Diploma/ Diploma ,8.9
811511,Laundry Workers (General),Advanced Diploma/ Diploma ,5.9
811512,Drycleaners,Advanced Diploma/ Diploma ,8.7
811513,Ironers and Pressers,Advanced Diploma/ Diploma ,7.5
811611,Carpet Cleaners,Advanced Diploma/ Diploma ,7.5
811612,Window Cleaners,Advanced Diploma/ Diploma ,7.8
811699,Cleaners (not covered elsewhere),Advanced Diploma/ Diploma ,5.9
821111,Builder's Labourers,Advanced Diploma/ Diploma ,5.2
821112,"Drainage, Sewerage and Stormwater Labourers",Advanced Diploma/ Diploma ,4.9
821113,Earthmoving Labourers,Advanced Diploma/ Diploma ,3.4
821114,Plumber's Assistants,Advanced Diploma/ Diploma ,5.2
821411,Building Insulation Installers,Advanced Diploma/ Diploma ,6.4
821412,Home Improvement Installers,Advanced Diploma/ Diploma ,4.7
821711,Construction Riggers,Advanced Diploma/ Diploma ,4.9
821712,Scaffolders,Advanced Diploma/ Diploma ,3.0
821713,Steel Fixers,Advanced Diploma/ Diploma ,4.1
821714,Structural Steel Erectors,Advanced Diploma/ Diploma ,2.3
821911,Crane Chasers,Advanced Diploma/ Diploma ,3.5
821912,Driller's Assistants,Advanced Diploma/ Diploma ,4.6
821913,Laggers,Advanced Diploma/ Diploma ,5.3
821914,Mining Support Workers,Advanced Diploma/ Diploma ,3.7
821915,Surveyor's Assistants,Advanced Diploma/ Diploma ,10.6
831111,Baking Factory Workers,Advanced Diploma/ Diploma ,8.6
831112,Brewery Workers,Advanced Diploma/ Diploma ,9.5
831113,Confectionery Makers,Advanced Diploma/ Diploma ,10.9
831114,Dairy Products Makers,Advanced Diploma/ Diploma ,7.0
831115,Fruit and Vegetable Factory Workers,Advanced Diploma/ Diploma ,5.9
831116,Grain Mill Workers,Advanced Diploma/ Diploma ,4.2
831117,Sugar Mill Workers,Advanced Diploma/ Diploma ,2.3
831118,Winery Cellar Hands,Advanced Diploma/ Diploma ,4.9
831199,Other Food and Drink Factory Workers,Advanced Diploma/ Diploma ,8.3
831211,Meat Boners and Slicers,Advanced Diploma/ Diploma ,3.8
831212,Slaughterers,Advanced Diploma/ Diploma ,2.1
831311,Meat Process Workers,Advanced Diploma/ Diploma ,5.0
831312,Poultry Process Workers,Advanced Diploma/ Diploma ,5.8
831313,Seafood Process Workers,Advanced Diploma/ Diploma ,5.0
832111,Chocolate Packers,Advanced Diploma/ Diploma ,6.3
832112,Container Fillers,Advanced Diploma/ Diploma ,6.3
832113,Fruit and Vegetable Packers,Advanced Diploma/ Diploma ,7.2
832114,Meat Packers,Advanced Diploma/ Diploma ,5.2
832115,Seafood Packers,Advanced Diploma/ Diploma ,8.4
832199,Other Packers,Advanced Diploma/ Diploma ,7.1
839211,Plastics Factory Workers,Advanced Diploma/ Diploma ,6.0
839212,Rubber Factory Workers,Advanced Diploma/ Diploma ,4.2
839311,Product Examiners,Advanced Diploma/ Diploma ,13.0
839312,Product Graders,Advanced Diploma/ Diploma ,6.4
839313,Product Testers,Advanced Diploma/ Diploma ,9.5
839411,Paper and Pulp Mill Workers,Advanced Diploma/ Diploma ,3.5
839412,Sawmill and Timber Yard Workers,Advanced Diploma/ Diploma ,2.7
839413,Wood and Wood Products Factory Workers,Advanced Diploma/ Diploma ,3.6
839911,Cement and Concrete Plant Workers,Advanced Diploma/ Diploma ,2.5
839912,Chemical Plant Workers,Advanced Diploma/ Diploma ,7.6
839913,Clay Processing Factory Workers,Advanced Diploma/ Diploma ,1.6
839914,Fabric and Textile Factory Workers,Advanced Diploma/ Diploma ,7.5
839915,Footwear Factory Workers,Advanced Diploma/ Diploma ,2.9
839916,Glass Processing Workers,Advanced Diploma/ Diploma ,3.4
839917,Hide and Skin Processing Workers,Advanced Diploma/ Diploma ,4.7
839918,Recycling Workers,Advanced Diploma/ Diploma ,2.8
839999,Factory Process Workers (not covered elsewhere),Advanced Diploma/ Diploma ,4.1
841211,Fruit and Nut Farm Workers,Advanced Diploma/ Diploma ,4.9
841212,Fruit and Nut Pickers,Advanced Diploma/ Diploma ,5.4
841213,"Grain, Oilseed and Pasture Farm Workers",Advanced Diploma/ Diploma ,4.5
841214,Vegetable Farm Workers,Advanced Diploma/ Diploma ,5.8
841215,Vegetable Pickers,Advanced Diploma/ Diploma ,6.0
841216,Vineyard Workers,Advanced Diploma/ Diploma ,5.6
841217,Mushroom Pickers,Advanced Diploma/ Diploma ,6.4
841299,Other Crop Farm Workers,Advanced Diploma/ Diploma ,5.3
841311,Forestry Workers,Advanced Diploma/ Diploma ,7.0
841312,Logging Assistants,Advanced Diploma/ Diploma ,5.2
841313,Tree Fallers,Advanced Diploma/ Diploma ,2.7
841411,Garden Labourers,Advanced Diploma/ Diploma ,6.0
841412,Nursery Hands (Horticulture),Advanced Diploma/ Diploma ,8.1
841511,Beef Cattle Farm Workers,Advanced Diploma/ Diploma ,5.5
841512,Dairy Cattle Farm Workers,Advanced Diploma/ Diploma ,4.8
841513,Mixed Livestock Farm Workers,Advanced Diploma/ Diploma ,7.3
841514,Poultry Farm Workers,Advanced Diploma/ Diploma ,4.5
841515,Sheep Farm Workers,Advanced Diploma/ Diploma ,6.2
841516,Stablehands,Advanced Diploma/ Diploma ,6.7
841517,Wool Handlers,Advanced Diploma/ Diploma ,3.2
841599,Other Livestock Farm Workers,Advanced Diploma/ Diploma ,5.0
841911,Hunter-Trappers,Advanced Diploma/ Diploma ,3.1
841913,Pest Controllers,Advanced Diploma/ Diploma ,7.4
841999,"Farm, Forestry and Garden Workers (not covered elsewhere)",Advanced Diploma/ Diploma ,10.7
851211,Pastrycook's Assistants,Advanced Diploma/ Diploma ,5.2
851299,Other Food Trades Assistants,Advanced Diploma/ Diploma ,6.6
891111,Freight Handlers (Rail or Road),Advanced Diploma/ Diploma ,6.1
891112,Truck Driver's Offsiders,Advanced Diploma/ Diploma ,5.1
891113,Waterside Workers,Advanced Diploma/ Diploma ,5.7
899211,Deck Hands,Advanced Diploma/ Diploma ,9.8
899212,Fishing Hands,Advanced Diploma/ Diploma ,3.8
899411,Motor Vehicle Parts and Accessories Fitters (General),Advanced Diploma/ Diploma ,5.0
899412,Autoglaziers,Advanced Diploma/ Diploma ,3.3
899413,Exhaust and Muffler Repairers,Advanced Diploma/ Diploma ,1.6
899414,Radiator Repairers,Advanced Diploma/ Diploma ,3.3
899415,Tyre Fitters,Advanced Diploma/ Diploma ,2.1
899511,Printer's Assistants,Advanced Diploma/ Diploma ,7.3
899512,Printing Table Workers,Advanced Diploma/ Diploma ,4.0
899911,Bicycle Mechanics,Advanced Diploma/ Diploma ,8.5
899912,Car Park Attendants,Advanced Diploma/ Diploma ,11.6
899913,Crossing Supervisors,Advanced Diploma/ Diploma ,8.6
899914,Electrical and Telecommunications Trades Assistants,Advanced Diploma/ Diploma ,4.8
899915,Leaflet and Newspaper Deliverers,Advanced Diploma/ Diploma ,6.5
899916,Mechanic's Assistants,Advanced Diploma/ Diploma ,5.0
899917,Railways Assistants,Advanced Diploma/ Diploma ,11.6
899918,Sign Erectors,Advanced Diploma/ Diploma ,7.2
899921,Ticket Collectors and Ushers,Advanced Diploma/ Diploma ,7.8
899922,Trolley Collectors,Advanced Diploma/ Diploma ,6.6
899923,Road Traffic Controllers,Advanced Diploma/ Diploma ,7.6
899999,Labourers (not covered elsewhere),Advanced Diploma/ Diploma ,6.1
1111,Chief Executives and Managing Directors,Certificate III/ IV ,11.8
1112,General Managers,Certificate III/ IV ,11.6
1113,Legislators,Certificate III/ IV ,9.5
1211,Aquaculture Farmers,Certificate III/ IV ,20.7
1212,Crop Farmers,Certificate III/ IV ,18.2
1213,Livestock Farmers,Certificate III/ IV ,19.6
1214,Mixed Crop and Livestock Farmers,Certificate III/ IV ,20.1
1311,"Advertising, Public Relations and Sales Manager",Certificate III/ IV ,10.1
1321,Corporate Services Managers,Certificate III/ IV ,12.4
1322,Finance Managers,Certificate III/ IV ,4.3
1323,Human Resource Managers,Certificate III/ IV ,9.2
1324,Policy and Planning Managers,Certificate III/ IV ,5.0
1325,Research and Development Managers,Certificate III/ IV ,3.8
1331,Construction Managers,Certificate III/ IV ,38.8
1332,Engineering Managers,Certificate III/ IV ,10.8
1333,"Importers, Exporters and Wholesalers",Certificate III/ IV ,15.6
1334,Manufacturers,Certificate III/ IV ,26.3
1335,Production Managers,Certificate III/ IV ,26.4
1336,"Supply, Distribution and Procurement Managers",Certificate III/ IV ,14.7
1341,Child Care Centre Managers,Certificate III/ IV ,5.6
1342,Health and Welfare Services Managers,Certificate III/ IV ,10.3
1343,School Principals,Certificate III/ IV ,0.2
1344,Other Education Managers,Certificate III/ IV ,4.0
1351,ICT Managers,Certificate III/ IV ,5.4
1391,Commissioned Officers (Management),Certificate III/ IV ,10.5
1392,Senior Non-Commissioned Defence Force Officers,Certificate III/ IV ,25.3
1399,Other Specialist Managers,Certificate III/ IV ,11.9
1411,Cafe and Restaurant Managers,Certificate III/ IV ,16.8
1412,Caravan Park and Camping Ground Managers,Certificate III/ IV ,27.3
1413,Hotel and Motel Managers,Certificate III/ IV ,17.6
1414,Licensed Club Managers,Certificate III/ IV ,21.1
1419,Other Accommodation and Hospitality Managers,Certificate III/ IV ,16.8
1421,Retail Managers,Certificate III/ IV ,17.8
1491,"Amusement, Fitness and Sports Centre Managers",Certificate III/ IV ,23.2
1492,"Call, Contact Centre and Customer Service Managers",Certificate III/ IV ,24.5
1493,Conference and Event Organisers,Certificate III/ IV ,10.1
1494,Transport Services Managers,Certificate III/ IV ,25.5
1499,"Other Hospitality, Retail and Service Managers",Certificate III/ IV ,24.8
2111,"Actors, Dancers and Other Entertainers",Certificate III/ IV ,11.3
2112,Music Professionals,Certificate III/ IV ,6.6
2113,Photographers,Certificate III/ IV ,11.8
2114,Visual Arts and Crafts Professionals,Certificate III/ IV ,10.8
2121,"Artistic Directors, Media Producers and Presenters",Certificate III/ IV ,5.5
2122,"Authors, and Book and Script Editors",Certificate III/ IV ,3.1
2123,"Film, Television, Radio and Stage Directors",Certificate III/ IV ,6.8
2124,Journalists and Other Writers,Certificate III/ IV ,3.9
2211,Accountants,Certificate III/ IV ,1.9
2212,"Auditors, Company Secretaries and Corporate Treasurers",Certificate III/ IV ,5.1
2221,Financial Brokers,Certificate III/ IV ,8.6
2222,Financial Dealers,Certificate III/ IV ,3.8
2223,Financial Investment Advisers and Managers,Certificate III/ IV ,2.8
2231,Human Resource Professionals,Certificate III/ IV ,12.5
2232,ICT Trainers,Certificate III/ IV ,14.2
2233,Training and Development Professionals,Certificate III/ IV ,21.3
2241,"Actuaries, Mathematicians and Statisticians",Certificate III/ IV ,1.3
2242,"Archivists, Curators and Records Managers",Certificate III/ IV ,7.6
2243,Economists,Certificate III/ IV ,0.5
2244,Intelligence and Policy Analysts,Certificate III/ IV ,4.1
2245,Land Economists and Valuers,Certificate III/ IV ,5.7
2246,Librarians,Certificate III/ IV ,3.5
2247,Management and Organisation Analysts,Certificate III/ IV ,4.7
2249,Other Information and Organisation Professionals,Certificate III/ IV ,6.5
2251,Advertising and Marketing Professionals,Certificate III/ IV ,4.6
2252,ICT Sales Professionals,Certificate III/ IV ,7.5
2253,Public Relations Professionals,Certificate III/ IV ,4.0
2254,Technical Sales Representatives,Certificate III/ IV ,19.7
2311,Air Transport Professionals,Certificate III/ IV ,10.2
2312,Marine Transport Professionals,Certificate III/ IV ,26.8
2321,Architects and Landscape Architects,Certificate III/ IV ,0.9
2322,Surveyors and Spatial Scientists,Certificate III/ IV ,7.0
2323,"Fashion, Industrial and Jewellery Designers",Certificate III/ IV ,7.2
2324,"Graphic and Web Designers, and Illustrators",Certificate III/ IV ,6.6
2325,Interior Designers,Certificate III/ IV ,6.2
2326,Urban and Regional Planners,Certificate III/ IV ,3.1
2331,Chemical and Materials Engineers,Certificate III/ IV ,2.0
2332,Civil Engineering Professionals,Certificate III/ IV ,1.9
2333,Electrical Engineers,Certificate III/ IV ,4.7
2334,Electronics Engineers,Certificate III/ IV ,4.5
2335,"Industrial, Mechanical and Production Engineers",Certificate III/ IV ,7.3
2336,Mining Engineers,Certificate III/ IV ,3.7
2339,Other Engineering Professionals,Certificate III/ IV ,4.1
2341,Agricultural and Forestry Scientists,Certificate III/ IV ,6.1
2342,"Chemists, and Food and Wine Scientists",Certificate III/ IV ,2.5
2343,Environmental Scientists,Certificate III/ IV ,6.9
2344,"Geologists, Geophysicists and Hydrogeologists",Certificate III/ IV ,0.5
2345,Life Scientists,Certificate III/ IV ,1.3
2346,Medical Laboratory Scientists,Certificate III/ IV ,0.4
2347,Veterinarians,Certificate III/ IV ,1.3
2349,Other Natural and Physical Science Professionals,Certificate III/ IV ,1.1
2411,Early Childhood (Pre-primary School) Teachers,Certificate III/ IV ,3.4
2412,Primary School Teachers,Certificate III/ IV ,0.3
2413,Middle School Teachers,Certificate III/ IV ,1.5
2414,Secondary School Teachers,Certificate III/ IV ,0.3
2415,Special Education Teachers,Certificate III/ IV ,1.9
2421,University Lecturers and Tutors,Certificate III/ IV ,0.4
2422,Vocational Education Teachers,Certificate III/ IV ,22.2
2491,Education Advisers and Reviewers,Certificate III/ IV ,3.9
2492,Private Tutors and Teachers,Certificate III/ IV ,5.9
2493,Teachers of English to Speakers of Other Languages,Certificate III/ IV ,0.7
2511,Nutrition Professionals,Certificate III/ IV ,1.4
2512,Medical Imaging Professionals,Certificate III/ IV ,0.3
2513,Occupational and Environmental Health Professionals,Certificate III/ IV ,16.8
2514,Optometrists and Orthoptists,Certificate III/ IV ,0.6
2515,Pharmacists,Certificate III/ IV ,0.8
2519,Other Health Diagnostic and Promotion Professionals,Certificate III/ IV ,5.9
2521,Chiropractors and Osteopaths,Certificate III/ IV ,0.0
2522,Complementary Health Therapists,Certificate III/ IV ,1.2
2523,Dental Practitioners,Certificate III/ IV ,0.7
2524,Occupational Therapists,Certificate III/ IV ,0.2
2525,Physiotherapists,Certificate III/ IV ,0.2
2526,Podiatrists,Certificate III/ IV ,0.3
2527,Audiologists and Speech Pathologists \ Therapists,Certificate III/ IV ,0.3
2531,General Practitioners and Resident Medical Officers,Certificate III/ IV ,0.2
2532,Anaesthetists,Certificate III/ IV ,0.0
2533,Specialist Physicians,Certificate III/ IV ,0.1
2534,Psychiatrists,Certificate III/ IV ,0.1
2535,Surgeons,Certificate III/ IV ,0.3
2539,Other Medical Practitioners,Certificate III/ IV ,2.0
2541,Midwives,Certificate III/ IV ,0.2
2542,Nurse Educators and Researchers,Certificate III/ IV ,0.6
2543,Nurse Managers,Certificate III/ IV ,0.8
2544,Registered Nurses,Certificate III/ IV ,2.6
2611,ICT Business and Systems Analysts,Certificate III/ IV ,3.7
2612,Multimedia Specialists and Web Developers,Certificate III/ IV ,4.9
2613,Software and Applications Programmers,Certificate III/ IV ,2.2
2621,"Database and Systems Administrators, and ICT Security Specialists",Certificate III/ IV ,8.9
2631,Computer Network Professionals,Certificate III/ IV ,8.4
2632,ICT Support and Test Engineers,Certificate III/ IV ,6.8
2633,Telecommunications Engineering Professionals,Certificate III/ IV ,8.0
2711,Barristers,Certificate III/ IV ,0.9
2712,Judicial and Other Legal Professionals,Certificate III/ IV ,2.9
2713,Solicitors,Certificate III/ IV ,0.1
2721,Counsellors,Certificate III/ IV ,6.0
2722,Ministers of Religion,Certificate III/ IV ,5.5
2723,Psychologists and Psychotherapists,Certificate III/ IV ,0.2
2724,Social Professionals,Certificate III/ IV ,4.4
2725,Social Workers,Certificate III/ IV ,4.0
2726,"Welfare, Recreation and Community Arts Workers",Certificate III/ IV ,11.9
3111,Agricultural Technicians,Certificate III/ IV ,19.7
3112,Medical Technicians,Certificate III/ IV ,27.0
3113,Primary Products Inspectors,Certificate III/ IV ,24.3
3114,Science Technicians,Certificate III/ IV ,15.8
3121,"Architectural, Building and Surveying Technicians",Certificate III/ IV ,37.8
3122,Civil Engineering Draftspersons and Technicians,Certificate III/ IV ,18.6
3123,"Electrical Engineering Draftspersons, Technicians",Certificate III/ IV ,48.0
3124,"Electronic Engineering Draftspersons, Technicians",Certificate III/ IV ,35.3
3125,"Mechanical Engineering Draftspersons, Technicians",Certificate III/ IV ,32.4
3126,Safety Inspectors,Certificate III/ IV ,25.2
3129,Other Building and Engineering Technicians,Certificate III/ IV ,45.3
3131,ICT Support Technicians,Certificate III/ IV ,13.5
3132,Telecommunications Technical Specialists,Certificate III/ IV ,27.8
3211,Automotive Electricians,Certificate III/ IV ,75.9
3212,Motor Mechanics,Certificate III/ IV ,68.6
3221,"Metal Casting, Forging and Finishing Trades",Certificate III/ IV ,45.7
3222,Sheetmetal Trades Workers,Certificate III/ IV ,62.4
3223,Structural Steel and Welding Trades Workers,Certificate III/ IV ,66.1
3231,Aircraft Maintenance Engineers,Certificate III/ IV ,60.0
3232,Metal Fitters and Machinists,Certificate III/ IV ,75.4
3233,Precision Metal Trades Workers,Certificate III/ IV ,55.0
3234,Toolmakers and Engineering Patternmakers,Certificate III/ IV ,59.0
3241,Panelbeaters,Certificate III/ IV ,71.6
3242,Vehicle Body Builders and Trimmers,Certificate III/ IV ,53.4
3243,Vehicle Painters,Certificate III/ IV ,67.7
3311,Bricklayers and Stonemasons,Certificate III/ IV ,58.1
3312,Carpenters and Joiners,Certificate III/ IV ,67.1
3321,Floor Finishers,Certificate III/ IV ,40.0
3322,Painting Trades Workers,Certificate III/ IV ,51.7
3331,Glaziers,Certificate III/ IV ,56.1
3332,Plasterers,Certificate III/ IV ,46.6
3333,Roof Tilers,Certificate III/ IV ,50.6
3334,Wall and Floor Tilers,Certificate III/ IV ,49.5
3341,Plumbers,Certificate III/ IV ,72.7
3411,Electricians,Certificate III/ IV ,73.1
3421,Airconditioning and Refrigeration Mechanics,Certificate III/ IV ,69.2
3422,Electrical Distribution Trades Workers,Certificate III/ IV ,80.9
3423,Electronics Trades Workers,Certificate III/ IV ,36.5
3424,Telecommunications Trades Workers,Certificate III/ IV ,42.8
3511,Bakers and Pastrycooks,Certificate III/ IV ,38.4
3512,Butchers and Smallgoods Makers,Certificate III/ IV ,56.6
3513,Chefs,Certificate III/ IV ,37.3
3514,Cooks,Certificate III/ IV ,20.4
3611,Animal Attendants and Trainers,Certificate III/ IV ,24.2
3612,Shearers,Certificate III/ IV ,26.2
3613,Veterinary Nurses,Certificate III/ IV ,48.7
3621,Florists,Certificate III/ IV ,34.4
3622,Gardeners,Certificate III/ IV ,37.6
3623,Greenkeepers,Certificate III/ IV ,44.8
3624,Nurserypersons,Certificate III/ IV ,31.4
3911,Hairdressers,Certificate III/ IV ,72.0
3921,Print Finishers and Screen Printers,Certificate III/ IV ,38.1
3922,Graphic Pre-press Trades Workers,Certificate III/ IV ,39.3
3923,Printers,Certificate III/ IV ,47.9
3931,Canvas and Leather Goods Makers,Certificate III/ IV ,30.4
3932,Clothing Trades Workers,Certificate III/ IV ,13.5
3933,Upholsterers,Certificate III/ IV ,49.9
3941,Cabinetmakers,Certificate III/ IV ,62.9
3942,Wood Machinists and Other Wood Trades Workers,Certificate III/ IV ,38.7
3991,Boat Builders and Shipwrights,Certificate III/ IV ,53.9
3992,"Chemical, Gas, Petroleum and Power Plant Operators",Certificate III/ IV ,53.9
3993,"Gallery, Library and Museum Technicians",Certificate III/ IV ,11.8
3994,Jewellers,Certificate III/ IV ,37.0
3995,Performing Arts Technicians,Certificate III/ IV ,15.9
3996,Signwriters,Certificate III/ IV ,49.9
3999,Other Miscellaneous Technicians and Trades Workers,Certificate III/ IV ,31.7
4111,Ambulance Officers and Paramedics,Certificate III/ IV ,5.7
4112,"Dental Hygienists, Technicians and Therapists",Certificate III/ IV ,9.3
4113,Diversional Therapists,Certificate III/ IV ,41.0
4114,Enrolled and Mothercraft Nurses,Certificate III/ IV ,12.8
4115,Indigenous Health Workers,Certificate III/ IV ,37.4
4116,Massage Therapists,Certificate III/ IV ,6.1
4117,Welfare Support Workers,Certificate III/ IV ,20.8
4211,Child Carers,Certificate III/ IV ,22.2
4221,Education Aides,Certificate III/ IV ,36.3
4231,Aged and Disabled Carers,Certificate III/ IV ,36.6
4232,Dental Assistants,Certificate III/ IV ,38.4
4233,Nursing Support and Personal Care Workers,Certificate III/ IV ,36.0
4234,Special Care Workers,Certificate III/ IV ,21.3
4311,Bar Attendants and Baristas,Certificate III/ IV ,14.7
4312,Cafe Workers,Certificate III/ IV ,10.9
4313,Gaming Workers,Certificate III/ IV ,16.6
4314,Hotel Service Managers,Certificate III/ IV ,15.8
4315,Waiters,Certificate III/ IV ,9.9
4319,Other Hospitality Workers,Certificate III/ IV ,11.9
4411,Defence Force Members - Other Ranks,Certificate III/ IV ,25.6
4412,Fire and Emergency Workers,Certificate III/ IV ,38.9
4413,Police,Certificate III/ IV ,8.0
4421,Prison Officers,Certificate III/ IV ,45.1
4422,Security Officers and Guards,Certificate III/ IV ,23.6
4511,Beauty Therapists,Certificate III/ IV ,18.2
4512,Driving Instructors,Certificate III/ IV ,42.0
4513,Funeral Workers,Certificate III/ IV ,23.1
4514,"Gallery, Museum and Tour Guides",Certificate III/ IV ,15.4
4515,Personal Care Consultants,Certificate III/ IV ,7.8
4516,Tourism and Travel Advisers,Certificate III/ IV ,19.4
4517,Travel Attendants,Certificate III/ IV ,20.6
4518,Other Personal Service Workers,Certificate III/ IV ,17.6
4521,Fitness Instructors,Certificate III/ IV ,32.4
4522,Outdoor Adventure Guides,Certificate III/ IV ,24.1
4523,"Sports Coaches, Instructors and Officials",Certificate III/ IV ,10.7
4524,Sportspersons,Certificate III/ IV ,15.0
5111,"Contract, Program and Project Administrators",Certificate III/ IV ,14.0
5121,Office Managers,Certificate III/ IV ,18.2
5122,Practice Managers,Certificate III/ IV ,15.7
5211,Personal Assistants,Certificate III/ IV ,16.6
5212,Secretaries,Certificate III/ IV ,12.9
5311,General Clerks,Certificate III/ IV ,18.7
5321,Keyboard Operators,Certificate III/ IV ,16.8
5411,Call or Contact Centre Workers,Certificate III/ IV ,18.2
5412,Information Officers,Certificate III/ IV ,19.4
5421,Receptionists,Certificate III/ IV ,19.1
5511,Accounting Clerks,Certificate III/ IV ,17.4
5512,Bookkeepers,Certificate III/ IV ,18.8
5513,Payroll Clerks,Certificate III/ IV ,16.5
5521,Bank Workers,Certificate III/ IV ,10.7
5522,Credit and Loans Officers,Certificate III/ IV ,11.8
5523,"Insurance, Money Market and Statistical Clerks",Certificate III/ IV ,15.0
5611,Betting Clerks,Certificate III/ IV ,13.1
5612,Couriers and Postal Deliverers,Certificate III/ IV ,18.2
5613,Filing and Registry Clerks,Certificate III/ IV ,16.3
5614,Mail Sorters,Certificate III/ IV ,12.4
5615,Survey Interviewers,Certificate III/ IV ,11.2
5616,Switchboard Operators,Certificate III/ IV ,15.0
5619,Other Clerical and Office Support Workers,Certificate III/ IV ,19.5
5911,Purchasing and Supply Logistics Clerks,Certificate III/ IV ,18.7
5912,Transport and Despatch Clerks,Certificate III/ IV ,20.7
5991,Conveyancers and Legal Executives,Certificate III/ IV ,8.9
5992,Court and Legal Clerks,Certificate III/ IV ,12.2
5993,Debt Collectors,Certificate III/ IV ,18.2
5994,Human Resource Clerks,Certificate III/ IV ,22.4
5995,Inspectors and Regulatory Officers,Certificate III/ IV ,20.3
5996,"Insurance Investigators, Loss Adjusters and Risk Surveyors",Certificate III/ IV ,31.9
5997,Library Assistants,Certificate III/ IV ,17.7
5999,Other Miscellaneous Clerical and Administrative Workers,Certificate III/ IV ,17.5
6111,"Auctioneers, and Stock and Station Agents",Certificate III/ IV ,20.0
6112,Insurance Agents,Certificate III/ IV ,14.9
6113,Sales Representatives,Certificate III/ IV ,18.0
6121,Real Estate Sales Agents,Certificate III/ IV ,21.5
6211,Sales Assistants (General),Certificate III/ IV ,11.4
6212,ICT Sales Assistants,Certificate III/ IV ,10.5
6213,Motor Vehicle and Vehicle Parts Salespersons,Certificate III/ IV ,28.7
6214,Pharmacy Sales Assistants,Certificate III/ IV ,15.2
6215,Retail Supervisors,Certificate III/ IV ,17.7
6216,Service Station Attendants,Certificate III/ IV ,12.0
6217,Street Vendors and Related Salespersons,Certificate III/ IV ,15.9
6219,Other Sales Assistants and Salespersons,Certificate III/ IV ,20.8
6311,Checkout Operators and Office Cashiers,Certificate III/ IV ,9.3
6391,Models and Sales Demonstrators,Certificate III/ IV ,16.1
6392,Retail and Wool Buyers,Certificate III/ IV ,9.6
6393,Telemarketers,Certificate III/ IV ,15.4
6394,Ticket Salespersons,Certificate III/ IV ,14.5
6395,Visual Merchandisers,Certificate III/ IV ,13.2
6399,Other Sales Support Workers,Certificate III/ IV ,12.8
7111,"Clay, Concrete, Glass and Stone Processing Machine Operators",Certificate III/ IV ,25.7
7112,Industrial Spraypainters,Certificate III/ IV ,40.7
7113,Paper and Wood Processing Machine Operators,Certificate III/ IV ,22.7
7114,Photographic Developers and Printers,Certificate III/ IV ,15.3
7115,Plastics and Rubber Production Machine Operators,Certificate III/ IV ,28.7
7116,Sewing Machinists,Certificate III/ IV ,12.7
7117,Textile and Footwear Production Machine Operators,Certificate III/ IV ,17.5
7119,Other Machine Operators,Certificate III/ IV ,28.5
7121,"Crane, Hoist and Lift Operators",Certificate III/ IV ,36.7
7122,"Drillers, Miners and Shot Firers",Certificate III/ IV ,37.8
7123,Engineering Production Workers,Certificate III/ IV ,33.6
7129,Other Stationary Plant Operators,Certificate III/ IV ,37.6
7211,"Agricultural, Forestry and Horticultural Plant Operators",Certificate III/ IV ,28.0
7212,Earthmoving Plant Operators,Certificate III/ IV ,34.3
7213,Forklift Drivers,Certificate III/ IV ,18.9
7219,Other Mobile Plant Operators,Certificate III/ IV ,26.8
7311,Automobile Drivers,Certificate III/ IV ,12.2
7312,Bus and Coach Drivers,Certificate III/ IV ,26.1
7313,Train and Tram Drivers,Certificate III/ IV ,40.0
7321,Delivery Drivers,Certificate III/ IV ,15.0
7331,Truck Drivers,Certificate III/ IV ,24.8
7411,Storepersons,Certificate III/ IV ,17.5
8111,Car Detailers,Certificate III/ IV ,17.6
8112,Commercial Cleaners,Certificate III/ IV ,14.3
8113,Domestic Cleaners,Certificate III/ IV ,16.1
8114,Housekeepers,Certificate III/ IV ,14.9
8115,Laundry Workers,Certificate III/ IV ,13.5
8116,Other Cleaners,Certificate III/ IV ,24.6
8211,Building and Plumbing Labourers,Certificate III/ IV ,29.3
8212,Concreters,Certificate III/ IV ,35.1
8213,Fencers,Certificate III/ IV ,28.4
8214,Insulation and Home Improvement Installers,Certificate III/ IV ,36.3
8215,Paving and Surfacing Labourers,Certificate III/ IV ,32.4
8216,Railway Track Workers,Certificate III/ IV ,36.3
8217,Structural Steel Construction Workers,Certificate III/ IV ,34.9
8219,Other Construction and Mining Labourers,Certificate III/ IV ,32.7
8311,Food and Drink Factory Workers,Certificate III/ IV ,18.2
8312,"Meat Boners and Slicers, and Slaughterers",Certificate III/ IV ,17.9
8313,"Meat, Poultry and Seafood Process Workers",Certificate III/ IV ,13.3
8321,Packers,Certificate III/ IV ,9.9
8322,Product Assemblers,Certificate III/ IV ,20.4
8391,Metal Engineering Process Workers,Certificate III/ IV ,24.0
8392,Plastics and Rubber Factory Workers,Certificate III/ IV ,14.2
8393,Product Quality Controllers,Certificate III/ IV ,19.0
8394,Timber and Wood Process Workers,Certificate III/ IV ,18.2
8399,Other Factory Process Workers,Certificate III/ IV ,15.8
8411,Aquaculture Workers,Certificate III/ IV ,23.2
8412,Crop Farm Workers,Certificate III/ IV ,13.1
8413,Forestry and Logging Workers,Certificate III/ IV ,24.5
8414,Garden and Nursery Labourers,Certificate III/ IV ,28.1
8415,Livestock Farm Workers,Certificate III/ IV ,21.3
8416,Mixed Crop and Livestock Farm Workers,Certificate III/ IV ,26.8
8419,"Other Farm, Forestry and Garden Workers",Certificate III/ IV ,31.6
8511,Fast Food Cooks,Certificate III/ IV ,8.1
8512,Food Trades Assistants,Certificate III/ IV ,13.3
8513,Kitchenhands,Certificate III/ IV ,10.6
8911,Freight and Furniture Handlers,Certificate III/ IV ,22.6
8912,Shelf Fillers,Certificate III/ IV ,11.9
8991,Caretakers,Certificate III/ IV ,35.5
8992,Deck and Fishing Hands,Certificate III/ IV ,28.7
8993,Handypersons,Certificate III/ IV ,38.8
8994,Motor Vehicle Parts and Accessories Fitters,Certificate III/ IV ,30.9
8995,Printing Assistants and Table Workers,Certificate III/ IV ,19.4
8996,Recycling and Rubbish Collectors,Certificate III/ IV ,22.4
8997,Vending Machine Attendants,Certificate III/ IV ,18.1
8999,Other Miscellaneous Labourers,Certificate III/ IV ,23.1
111211,Corporate General Managers,Certificate III/ IV ,11.9
111212,Defence Force Senior Officers,Certificate III/ IV ,1.7
111311,Local Government Legislators,Certificate III/ IV ,11.7
111312,Members of Parliament,Certificate III/ IV ,5.0
111399,Other Legislators,Certificate III/ IV ,16.9
121211,Cotton Growers,Certificate III/ IV ,21.2
121212,Flower Growers,Certificate III/ IV ,15.5
121213,Fruit and Nut Growers,Certificate III/ IV ,16.2
121214,"Grain, Oilseed and Pasture Growers",Certificate III/ IV ,20.7
121215,Grape Growers,Certificate III/ IV ,16.2
121216,Mixed Crop Farmers,Certificate III/ IV ,17.5
121217,Sugar Cane Growers,Certificate III/ IV ,25.3
121218,Turf Growers,Certificate III/ IV ,28.7
121221,Vegetable Growers,Certificate III/ IV ,12.4
121299,Other Crop Farmers,Certificate III/ IV ,22.5
121311,Beekeepers,Certificate III/ IV ,25.9
121312,Beef Cattle Farmers,Certificate III/ IV ,17.4
121313,Dairy Cattle Farmers,Certificate III/ IV ,24.9
121314,Deer Farmers,Certificate III/ IV ,
121315,Goat Farmers,Certificate III/ IV ,20.8
121316,Horse Breeders,Certificate III/ IV ,17.2
121317,Mixed Livestock Farmers,Certificate III/ IV ,19.8
121318,Pig Farmers,Certificate III/ IV ,20.9
121321,Poultry Farmers,Certificate III/ IV ,22.1
121322,Sheep Farmers,Certificate III/ IV ,19.4
121399,Other Livestock Farmers,Certificate III/ IV ,20.6
131112,Sales and Marketing Managers,Certificate III/ IV ,11.0
131113,Advertising Managers,Certificate III/ IV ,5.1
131114,Public Relations Managers,Certificate III/ IV ,3.1
133111,Construction Project Managers,Certificate III/ IV ,26.2
133112,Project Builders,Certificate III/ IV ,54.8
133311,Importers and Exporters,Certificate III/ IV ,9.8
133312,Wholesalers,Certificate III/ IV ,17.4
133511,Forest Managers,Certificate III/ IV ,20.9
133512,Manufacturing Production Managers,Certificate III/ IV ,28.5
133513,Mine Managers,Certificate III/ IV ,25.1
133611,Supply and Distribution Managers,Certificate III/ IV ,16.3
133612,Procurement Managers,Certificate III/ IV ,9.7
134211,Medical Administrators,Certificate III/ IV ,9.3
134212,Nursing Clinical Directors,Certificate III/ IV ,1.0
134213,Primary Health Organisation Managers,Certificate III/ IV ,7.1
134214,Welfare Centre Managers,Certificate III/ IV ,11.5
134299,Other Health and Welfare Services Managers,Certificate III/ IV ,11.4
134411,Faculty Heads,Certificate III/ IV ,3.1
134412,Regional Education Managers,Certificate III/ IV ,4.4
134499,Education Managers (not covered elsewhere),Certificate III/ IV ,5.0
135111,Chief Information Officers,Certificate III/ IV ,3.8
135112,ICT Project Managers,Certificate III/ IV ,5.2
135199,Other ICT Managers,Certificate III/ IV ,7.2
139111,Commissioned Defence Force Officers,Certificate III/ IV ,7.4
139112,Commissioned Fire Officers,Certificate III/ IV ,28.0
139113,Commissioned Police Officers,Certificate III/ IV ,3.2
139911,Arts Administrators and Managers,Certificate III/ IV ,4.0
139912,Environmental Managers,Certificate III/ IV ,4.7
139913,Laboratory Managers,Certificate III/ IV ,6.7
139914,Quality Assurance Managers,Certificate III/ IV ,11.6
139915,Sports Administrators,Certificate III/ IV ,10.4
139999,Specialist Managers (not covered elsewhere),Certificate III/ IV ,13.9
141911,Bed and Breakfast Operators,Certificate III/ IV ,14.3
141912,Retirement Village Managers,Certificate III/ IV ,16.5
141999,Accommodation and Hospitality Managers (not covered elsewhere),Certificate III/ IV ,17.9
142111,Retail Managers (General),Certificate III/ IV ,17.2
142112,Antique Dealers,Certificate III/ IV ,14.0
142113,Betting Agency Managers,Certificate III/ IV ,13.9
142114,Hair and Beauty Salon Managers,Certificate III/ IV ,41.6
142115,Post Office Managers,Certificate III/ IV ,14.3
142116,Travel Agency Managers,Certificate III/ IV ,13.3
149111,Amusement Centre Managers,Certificate III/ IV ,16.6
149112,Fitness Centre Managers,Certificate III/ IV ,29.3
149113,Sports Centre Managers,Certificate III/ IV ,19.4
149211,Call Centre or Contact Centre Managers,Certificate III/ IV ,26.3
149212,Customer Service Managers,Certificate III/ IV ,24.3
149411,Fleet Managers,Certificate III/ IV ,33.8
149412,Railway Station Managers,Certificate III/ IV ,21.5
149413,Transport Company Managers,Certificate III/ IV ,23.3
149911,Boarding Kennel and Cattery Operators,Certificate III/ IV ,20.7
149912,Cinema and Theatre Managers,Certificate III/ IV ,10.9
149913,Facilities Managers,Certificate III/ IV ,31.1
149914,Bank Managers and Branch Managers,Certificate III/ IV ,11.6
149915,Equipment Hire Managers,Certificate III/ IV ,31.8
149999,"Hospitality, Retail and Service Managers (not covered elsewhere)",Certificate III/ IV ,23.9
211111,Actors,Certificate III/ IV ,5.4
211112,Dancers and Choreographers,Certificate III/ IV ,13.3
211113,Entertainers and Variety Artists,Certificate III/ IV ,14.8
211199,"Other Actors, Dancers and Entertainers",Certificate III/ IV ,12.0
211211,Composers,Certificate III/ IV ,4.3
211212,Music Directors,Certificate III/ IV ,2.3
211213,Musicians,Certificate III/ IV ,6.7
211214,Singers,Certificate III/ IV ,11.1
211299,Other Music Professionals,Certificate III/ IV ,6.9
211411,Painters (Visual Arts),Certificate III/ IV ,7.9
211412,Potters and Ceramic Artists,Certificate III/ IV ,6.8
211413,Sculptors,Certificate III/ IV ,14.0
211499,Other Visual Arts or Crafts Professionals,Certificate III/ IV ,15.8
212111,Artistic Directors,Certificate III/ IV ,5.8
212112,Media Producers,Certificate III/ IV ,4.4
212113,Radio Presenters,Certificate III/ IV ,9.8
212114,Television Presenters,Certificate III/ IV ,9.6
212211,Authors,Certificate III/ IV ,3.5
212212,Book and Script Editors,Certificate III/ IV ,1.7
212311,"Art Directors (Film, Television or Stage)",Certificate III/ IV ,4.1
212312,"Directors (Film, Television, Radio or Stage)",Certificate III/ IV ,4.8
212313,Cinematographers,Certificate III/ IV ,9.0
212314,Film and Video Editors,Certificate III/ IV ,6.1
212315,Program Directors (Television or Radio),Certificate III/ IV ,5.6
212316,Stage Managers,Certificate III/ IV ,11.1
212317,Technical Directors,Certificate III/ IV ,12.2
212318,Video Producers,Certificate III/ IV ,6.5
212399,"Other Film, Television, Radio and Stage Directors",Certificate III/ IV ,11.3
212411,Copywriters,Certificate III/ IV ,2.8
212412,Newspaper and Periodical Editors,Certificate III/ IV ,3.4
212413,Print Journalists,Certificate III/ IV ,2.1
212414,Radio Journalists,Certificate III/ IV ,3.4
212415,Technical Writers,Certificate III/ IV ,9.7
212416,Television Journalists,Certificate III/ IV ,1.0
212499,"Bloggers, Critics, Sports and Other Writers (not covered elsewhere)",Certificate III/ IV ,3.4
221111,Accountants (General),Certificate III/ IV ,1.9
221112,Management Accountants,Certificate III/ IV ,1.3
221113,Taxation Accountants,Certificate III/ IV ,2.7
221211,Company Secretaries,Certificate III/ IV ,3.2
221212,Corporate Treasurers,Certificate III/ IV ,2.0
221213,External Auditors,Certificate III/ IV ,5.0
221214,Internal Auditors,Certificate III/ IV ,7.5
222111,Commodities Traders,Certificate III/ IV ,9.0
222112,Finance Brokers,Certificate III/ IV ,8.4
222113,Insurance Brokers,Certificate III/ IV ,8.5
222199,Other Financial Brokers,Certificate III/ IV ,16.3
222211,Financial Market Dealers,Certificate III/ IV ,4.1
222212,Futures Traders,Certificate III/ IV ,3.4
222213,Stockbrokers,Certificate III/ IV ,3.5
222299,Other Financial Dealers,Certificate III/ IV ,4.0
222311,Financial Investment Advisers,Certificate III/ IV ,2.5
222312,Financial Investment Managers,Certificate III/ IV ,3.5
223111,Human Resource Advisers,Certificate III/ IV ,9.4
223112,Recruitment Consultants,Certificate III/ IV ,15.5
223113,Workplace Relations Advisers,Certificate III/ IV ,13.9
224111,Actuaries,Certificate III/ IV ,0.1
224112,Mathematicians,Certificate III/ IV ,0.6
224113,Statisticians,Certificate III/ IV ,2.3
224211,Archivists,Certificate III/ IV ,5.9
224212,Gallery and Museum Curators,Certificate III/ IV ,2.8
224213,Health Information Managers,Certificate III/ IV ,3.7
224214,Records Managers,Certificate III/ IV ,15.7
224411,Intelligence Officers,Certificate III/ IV ,9.5
224412,Policy Analysts,Certificate III/ IV ,2.7
224511,Land Economists,Certificate III/ IV ,7.4
224512,Valuers,Certificate III/ IV ,2.7
224711,Management Consultants,Certificate III/ IV ,4.2
224712,Organisation and Methods Analysts,Certificate III/ IV ,7.9
224911,Electorate Officers,Certificate III/ IV ,6.9
224912,Liaison Officers,Certificate III/ IV ,12.8
224913,Migration Agents,Certificate III/ IV ,0.6
224914,Patents Examiners,Certificate III/ IV ,1.1
224999,Information and Organisation Professionals (not covered elsewhere),Certificate III/ IV ,5.9
225111,Advertising Specialists,Certificate III/ IV ,3.2
225112,Market Research Analysts,Certificate III/ IV ,2.7
225113,Marketing Specialists,Certificate III/ IV ,4.8
225211,ICT Account Managers,Certificate III/ IV ,7.1
225212,ICT Business Development Managers,Certificate III/ IV ,7.0
225213,ICT Sales Representatives,Certificate III/ IV ,8.2
225411,Sales Representatives (Industrial Products),Certificate III/ IV ,27.7
225412,Sales Representatives (Medical and Pharmaceutical Products),Certificate III/ IV ,7.4
225499,Other Technical Sales Representatives,Certificate III/ IV ,15.1
231111,Aeroplane Pilots,Certificate III/ IV ,8.6
231112,Air Traffic Controllers,Certificate III/ IV ,2.7
231113,Flying Instructors,Certificate III/ IV ,12.5
231114,Helicopter Pilots,Certificate III/ IV ,18.5
231199,Other Air Transport Professionals,Certificate III/ IV ,23.9
231211,Master Fishers,Certificate III/ IV ,38.3
231212,Marine Engineers,Certificate III/ IV ,23.7
231213,Ship's Masters,Certificate III/ IV ,30.3
231214,Ship's Officers,Certificate III/ IV ,13.9
231215,Marine Surveyors,Certificate III/ IV ,12.0
231299,Other Marine Transport Professionals,Certificate III/ IV ,26.2
232111,Architects,Certificate III/ IV ,0.3
232112,Landscape Architects,Certificate III/ IV ,3.6
232212,Surveyors,Certificate III/ IV ,7.6
232213,Cartographers,Certificate III/ IV ,6.2
232214,Other Spatial Scientists,Certificate III/ IV ,5.1
232311,Fashion Designers,Certificate III/ IV ,6.6
232312,Industrial Designers,Certificate III/ IV ,6.6
232313,Jewellery Designers,Certificate III/ IV ,14.7
232411,Graphic Designers,Certificate III/ IV ,7.0
232412,Illustrators (including Animators),Certificate III/ IV ,4.1
232413,Multimedia Designers,Certificate III/ IV ,6.2
232414,Web Designers,Certificate III/ IV ,6.7
233111,Chemical Engineers,Certificate III/ IV ,1.7
233112,Materials Engineers,Certificate III/ IV ,3.1
233211,Civil Engineers,Certificate III/ IV ,1.6
233212,Geotechnical Engineers,Certificate III/ IV ,1.0
233213,Quantity Surveyors,Certificate III/ IV ,3.4
233214,Structural Engineers,Certificate III/ IV ,1.6
233215,Transport Engineers,Certificate III/ IV ,3.4
233511,Industrial Engineers,Certificate III/ IV ,6.9
233512,Mechanical Engineers,Certificate III/ IV ,7.3
233513,Production and Plant Engineers,Certificate III/ IV ,7.5
233611,Mining Engineers (excluding Petroleum),Certificate III/ IV ,3.9
233612,Petroleum Engineers,Certificate III/ IV ,3.0
233911,Aeronautical Engineers,Certificate III/ IV ,4.1
233912,Agricultural Engineers,Certificate III/ IV ,24.6
233913,Biomedical Engineers,Certificate III/ IV ,6.3
233914,Engineering Technologists,Certificate III/ IV ,4.9
233915,Environmental Engineers,Certificate III/ IV ,0.9
233916,Naval Architects,Certificate III/ IV ,5.0
233999,Engineering Professionals (not covered elsewhere),Certificate III/ IV ,3.8
234111,Agricultural Consultants,Certificate III/ IV ,8.4
234112,Agricultural Scientists,Certificate III/ IV ,2.2
234113,Foresters,Certificate III/ IV ,14.0
234211,Chemists,Certificate III/ IV ,1.4
234212,Food Technologists,Certificate III/ IV ,1.6
234213,Wine Makers,Certificate III/ IV ,5.2
234311,Conservation Officers,Certificate III/ IV ,7.9
234312,Environmental Consultants,Certificate III/ IV ,1.7
234313,Environmental Research Scientists,Certificate III/ IV ,1.7
234314,Park Rangers,Certificate III/ IV ,21.9
234399,Other Environmental Scientists,Certificate III/ IV ,9.5
234411,Geologists,Certificate III/ IV ,0.4
234412,Geophysicists,Certificate III/ IV ,2.2
234413,Hydrogeologists,Certificate III/ IV ,0.4
234511,Biologists,Certificate III/ IV ,0.0
234513,Biochemists,Certificate III/ IV ,0.0
234514,Biotechnologists,Certificate III/ IV ,0.3
234515,Botanists,Certificate III/ IV ,2.3
234516,Marine Biologists,Certificate III/ IV ,0.0
234517,Microbiologists,Certificate III/ IV ,0.4
234518,Zoologists,Certificate III/ IV ,2.4
234599,Other Life Scientists,Certificate III/ IV ,1.3
234911,Conservators,Certificate III/ IV ,4.7
234912,Metallurgists,Certificate III/ IV ,2.5
234913,Meteorologists,Certificate III/ IV ,0.0
234914,Physicists (including Astronomers),Certificate III/ IV ,0.7
234915,Exercise Physiologists,Certificate III/ IV ,0.1
234999,Natural and Physical Science Professionals (not covered elsewhere),Certificate III/ IV ,3.2
241511,Special Needs Teachers,Certificate III/ IV ,1.7
241512,Teachers of the Hearing Impaired,Certificate III/ IV ,3.7
241513,Teachers of the Sight Impaired,Certificate III/ IV ,0.0
241599,Other Special Education Teachers,Certificate III/ IV ,4.0
242111,University Lecturers,Certificate III/ IV ,0.3
242112,University Tutors,Certificate III/ IV ,0.8
249111,Education Advisers,Certificate III/ IV ,4.4
249112,Education Reviewers,Certificate III/ IV ,1.2
249211,Art Teachers (Private Tuition),Certificate III/ IV ,4.6
249212,Dance Teachers (Private Tuition),Certificate III/ IV ,14.0
249213,Drama Teachers (Private Tuition),Certificate III/ IV ,3.3
249214,Music Teachers (Private Tuition),Certificate III/ IV ,4.2
249299,Other Private Tutors and Teachers,Certificate III/ IV ,3.2
251111,Dietitians,Certificate III/ IV ,0.8
251112,Nutritionists,Certificate III/ IV ,4.6
251211,Medical Diagnostic Radiographers,Certificate III/ IV ,0.3
251212,Medical Radiation Therapists,Certificate III/ IV ,0.0
251213,Nuclear Medicine Technologists,Certificate III/ IV ,0.0
251214,Sonographers,Certificate III/ IV ,0.3
251311,Environmental Health Officers,Certificate III/ IV ,10.8
251312,Occupational Health and Safety Advisers,Certificate III/ IV ,18.0
251411,Optometrists,Certificate III/ IV ,0.5
251412,Orthoptists,Certificate III/ IV ,0.8
251511,Hospital Pharmacists,Certificate III/ IV ,0.2
251512,Industrial Pharmacists,Certificate III/ IV ,0.6
251513,Retail Pharmacists,Certificate III/ IV ,1.0
251911,Health Promotion Officers,Certificate III/ IV ,6.5
251912,Orthotists and Prosthetists,Certificate III/ IV ,3.6
251999,Genetic Counsellors (and Other Health Professionals not covered elsewhere),Certificate III/ IV ,4.3
252111,Chiropractors,Certificate III/ IV ,0.0
252112,Osteopaths,Certificate III/ IV ,0.0
252211,Acupuncturists,Certificate III/ IV ,0.0
252212,Homoeopaths,Certificate III/ IV ,0.0
252213,Naturopaths,Certificate III/ IV ,1.0
252214,Chinese Medicine Practitioners,Certificate III/ IV ,0.0
252299,"Music, Dance, Drama, Play, Hypnotic, and Related Therapists",Certificate III/ IV ,4.1
252311,Dental Specialists (including Orthodontists),Certificate III/ IV ,2.9
252312,Dentists,Certificate III/ IV ,0.5
252711,Audiologists,Certificate III/ IV ,0.8
252712,Speech Pathologists,Certificate III/ IV ,0.1
253111,General Practitioners,Certificate III/ IV ,0.3
253112,Resident Medical Officers,Certificate III/ IV ,0.2
253311,Specialist Physicians (General Medicine),Certificate III/ IV ,0.0
253312,Cardiologists,Certificate III/ IV ,0.3
253313,Clinical Haematologists,Certificate III/ IV ,0.0
253314,Medical Oncologists,Certificate III/ IV ,0.0
253315,Endocrinologists,Certificate III/ IV ,0.0
253316,Gastroenterologists,Certificate III/ IV ,0.0
253317,Intensive Care Specialists,Certificate III/ IV ,0.0
253318,Neurologists,Certificate III/ IV ,0.0
253321,Paediatricians,Certificate III/ IV ,0.0
253322,Renal Medicine Specialists,Certificate III/ IV ,0.0
253323,Rheumatologists,Certificate III/ IV ,0.0
253324,Thoracic Medicine Specialists,Certificate III/ IV ,0.0
253399,Other Specialist Physicians,Certificate III/ IV ,0.6
253511,Surgeons (General),Certificate III/ IV ,0.5
253512,Cardiothoracic Surgeons,Certificate III/ IV ,0.0
253513,Neurosurgeons,Certificate III/ IV ,1.1
253514,Orthopaedic Surgeons,Certificate III/ IV ,0.2
253515,"Ear, Nose and Throat Specialists",Certificate III/ IV ,0.0
253516,Paediatric Surgeons,Certificate III/ IV ,0.0
253517,Plastic and Reconstructive Surgeons,Certificate III/ IV ,0.8
253518,Urologists,Certificate III/ IV ,0.0
253521,Vascular Surgeons,Certificate III/ IV ,0.0
253911,Dermatologists,Certificate III/ IV ,0.4
253912,Emergency Medicine Specialists,Certificate III/ IV ,0.1
253913,Obstetricians and Gynaecologists,Certificate III/ IV ,0.0
253914,Eye Specialists,Certificate III/ IV ,0.7
253915,Pathologists,Certificate III/ IV ,8.8
253917,Diagnostic and Interventional Radiologists,Certificate III/ IV ,0.5
253918,Radiation Oncologists,Certificate III/ IV ,0.0
253999,Medical Practitioners (not covered elsewhere),Certificate III/ IV ,1.5
254211,Nurse Educators,Certificate III/ IV ,0.7
254212,Nurse Researchers,Certificate III/ IV ,0.2
254411,Nurse Practitioners,Certificate III/ IV ,1.6
254412,Registered Nurses (Aged Care),Certificate III/ IV ,13.1
254413,Registered Nurses (Child and Family Health),Certificate III/ IV ,0.5
254414,Registered Nurses (Community Health),Certificate III/ IV ,1.2
254415,Registered Nurses (Critical Care and Emergency),Certificate III/ IV ,0.2
254416,Registered Nurses (Developmental Disability),Certificate III/ IV ,
254417,Registered Nurses (Disability and Rehabilitation),Certificate III/ IV ,2.6
254418,Registered Nurses (Medical),Certificate III/ IV ,0.2
254421,Registered Nurses (Medical Practice),Certificate III/ IV ,2.0
254422,Registered Nurses (Mental Health),Certificate III/ IV ,0.5
254423,Registered Nurses (Perioperative),Certificate III/ IV ,0.6
254424,Registered Nurses (Surgical),Certificate III/ IV ,0.3
254425,Registered Nurses (Paediatrics),Certificate III/ IV ,0.2
254499,Registered Nurses (not covered elsewhere),Certificate III/ IV ,0.6
261111,ICT Business Analysts,Certificate III/ IV ,2.9
261112,Systems Analysts,Certificate III/ IV ,5.0
261211,Game and Multimedia Developers,Certificate III/ IV ,4.4
261212,Web Developers,Certificate III/ IV ,5.0
261311,Analyst Programmers,Certificate III/ IV ,2.0
261312,Developer Programmers,Certificate III/ IV ,2.7
261313,Software Engineers,Certificate III/ IV ,1.5
261314,Software Testers,Certificate III/ IV ,3.0
261399,Other Software and Applications Programmers,Certificate III/ IV ,4.1
262111,Database Administrators,Certificate III/ IV ,7.3
262112,ICT Security Specialists,Certificate III/ IV ,6.2
262113,Systems Administrators,Certificate III/ IV ,12.0
263111,Computer Network and Systems Engineers,Certificate III/ IV ,7.4
263112,Network Administrators,Certificate III/ IV ,12.0
263113,Network Analysts,Certificate III/ IV ,5.7
263211,ICT Quality Assurance Engineers,Certificate III/ IV ,5.3
263212,ICT Support Engineers,Certificate III/ IV ,8.4
263213,ICT Systems Test Engineers,Certificate III/ IV ,6.3
263299,Other ICT Support and Test Engineers,Certificate III/ IV ,2.5
263311,Telecommunications Engineers,Certificate III/ IV ,9.2
263312,Telecommunications Network Engineers,Certificate III/ IV ,7.4
271211,Judges,Certificate III/ IV ,1.2
271212,Magistrates,Certificate III/ IV ,0.0
271213,Tribunal Members,Certificate III/ IV ,1.4
271214,Intellectual Property Lawyers,Certificate III/ IV ,0.0
271299,Judicial and Other Legal Professionals (not covered elsewhere),Certificate III/ IV ,3.4
272111,Careers Counsellors,Certificate III/ IV ,10.6
272112,Drug and Alcohol Counsellors,Certificate III/ IV ,14.3
272113,Family and Marriage Counsellors,Certificate III/ IV ,1.3
272114,Rehabilitation Counsellors,Certificate III/ IV ,2.9
272115,Student Counsellors,Certificate III/ IV ,5.0
272199,Other Counsellors and Life Coaches,Certificate III/ IV ,8.6
272311,Clinical Psychologists,Certificate III/ IV ,0.0
272312,Educational Psychologists,Certificate III/ IV ,0.1
272313,Organisational Psychologists,Certificate III/ IV ,0.0
272314,Psychotherapists,Certificate III/ IV ,1.4
272399,Other Psychologists,Certificate III/ IV ,1.0
272411,Historians,Certificate III/ IV ,2.7
272412,Interpreters,Certificate III/ IV ,6.3
272413,Translators,Certificate III/ IV ,2.3
272414,Archaeologists,Certificate III/ IV ,0.8
272499,Other Social Professionals,Certificate III/ IV ,4.4
272611,Community Arts Workers,Certificate III/ IV ,7.3
272612,Recreation Officers,Certificate III/ IV ,19.4
272613,Welfare Workers,Certificate III/ IV ,11.6
311211,Anaesthetic Technicians,Certificate III/ IV ,9.4
311212,Cardiac Technicians,Certificate III/ IV ,2.2
311213,Medical Laboratory Technicians,Certificate III/ IV ,9.0
311214,Operating Theatre Technicians,Certificate III/ IV ,47.2
311215,Pharmacy Technicians,Certificate III/ IV ,33.5
311216,Pathology Collectors,Certificate III/ IV ,38.1
311299,Other Medical Technicians,Certificate III/ IV ,16.5
311311,Fisheries Officers,Certificate III/ IV ,14.8
311312,Meat Inspectors,Certificate III/ IV ,49.8
311313,Quarantine Officers,Certificate III/ IV ,20.4
311399,Other Primary Products Inspectors,Certificate III/ IV ,14.3
311411,Chemistry Technicians,Certificate III/ IV ,13.5
311412,Earth Science Technicians,Certificate III/ IV ,24.1
311413,Life Science Technicians,Certificate III/ IV ,10.8
311414,School Laboratory Technicians,Certificate III/ IV ,12.3
311415,Hydrographers,Certificate III/ IV ,20.2
311499,Other Science Technicians,Certificate III/ IV ,24.7
312111,Architectural Draftspersons,Certificate III/ IV ,9.5
312112,Building Associates,Certificate III/ IV ,53.7
312113,Building Inspectors,Certificate III/ IV ,23.3
312114,Construction Estimators,Certificate III/ IV ,25.9
312115,Plumbing Inspectors,Certificate III/ IV ,77.1
312116,Surveying and Spatial Science Technicians,Certificate III/ IV ,18.4
312199,"Other Architectural, Building and Surveying Technicians",Certificate III/ IV ,19.2
312211,Civil Engineering Draftspersons,Certificate III/ IV ,13.7
312212,Civil Engineering Technicians,Certificate III/ IV ,28.3
312311,Electrical Engineering Draftspersons,Certificate III/ IV ,28.6
312312,Electrical Engineering Technicians,Certificate III/ IV ,54.5
312411,Electronic Engineering Draftspersons,Certificate III/ IV ,19.3
312412,Electronic Engineering Technicians,Certificate III/ IV ,35.9
312511,Mechanical Engineering Draftspersons,Certificate III/ IV ,25.1
312512,Mechanical Engineering Technicians,Certificate III/ IV ,51.5
312911,Maintenance Planners,Certificate III/ IV ,54.1
312912,Metallurgical and Materials Technicians,Certificate III/ IV ,27.0
312913,Mine Deputies,Certificate III/ IV ,48.7
312999,Building and Engineering Technicians (not covered elsewhere),Certificate III/ IV ,41.5
313111,Hardware Technicians,Certificate III/ IV ,17.1
313112,ICT Customer Support Officers,Certificate III/ IV ,13.6
313113,Web Administrators,Certificate III/ IV ,7.2
313199,Other ICT Support Technicians,Certificate III/ IV ,17.5
313211,Radiocommunications Technicians,Certificate III/ IV ,44.8
313212,Telecommunications Field Engineers,Certificate III/ IV ,37.2
313213,Telecommunications Network Planners,Certificate III/ IV ,14.6
313214,Telecommunications Technical Officers and Technologists,Certificate III/ IV ,24.4
321211,Motor Mechanics (General),Certificate III/ IV ,68.5
321212,Diesel Motor Mechanics,Certificate III/ IV ,72.0
321213,Motorcycle Mechanics,Certificate III/ IV ,68.3
321214,Small Engine Mechanics,Certificate III/ IV ,60.2
322111,Blacksmiths,Certificate III/ IV ,44.0
322112,Electroplaters,Certificate III/ IV ,29.1
322113,Farriers,Certificate III/ IV ,61.0
322114,Metal Casting Trades Workers,Certificate III/ IV ,56.8
322115,Metal Polishers,Certificate III/ IV ,18.0
322311,Metal Fabricators,Certificate III/ IV ,72.7
322312,Pressure Welders,Certificate III/ IV ,73.9
322313,Welders (First Class),Certificate III/ IV ,51.9
323111,Aircraft Maintenance Engineers (Avionics),Certificate III/ IV ,62.1
323112,Aircraft Maintenance Engineers (Mechanical),Certificate III/ IV ,63.9
323113,Aircraft Maintenance Engineers (Structures),Certificate III/ IV ,64.2
323211,Fitters (General),Certificate III/ IV ,76.4
323212,Fitter and Turners,Certificate III/ IV ,76.4
323213,Fitter-Welders,Certificate III/ IV ,77.3
323214,Metal Machinists (First Class),Certificate III/ IV ,59.5
323215,"Textile, Clothing and Footwear Mechanics",Certificate III/ IV ,51.0
323299,Other Metal Fitters and Machinists,Certificate III/ IV ,68.9
323311,Engravers,Certificate III/ IV ,25.4
323312,Gunsmiths,Certificate III/ IV ,64.2
323313,Locksmiths,Certificate III/ IV ,68.3
323314,Precision Instrument Makers and Repairers,Certificate III/ IV ,39.3
323315,Saw Doctors,Certificate III/ IV ,62.1
323316,Watch and Clock Makers and Repairers,Certificate III/ IV ,56.8
323411,Engineering Patternmakers,Certificate III/ IV ,71.3
323412,Toolmakers,Certificate III/ IV ,58.3
324211,Vehicle Body Builders,Certificate III/ IV ,49.5
324212,Vehicle Trimmers,Certificate III/ IV ,66.3
331111,Bricklayers,Certificate III/ IV ,63.2
331112,Stonemasons,Certificate III/ IV ,40.4
331212,Carpenters,Certificate III/ IV ,67.2
331213,Joiners,Certificate III/ IV ,62.6
333211,Fibrous Plasterers,Certificate III/ IV ,47.8
333212,Solid Plasterers,Certificate III/ IV ,42.0
334111,Plumbers (General),Certificate III/ IV ,73.9
334112,Airconditioning and Mechanical Services Plumbers,Certificate III/ IV ,73.0
334113,Drainers,Certificate III/ IV ,69.9
334114,Gasfitters,Certificate III/ IV ,80.7
334115,Roof Plumbers,Certificate III/ IV ,61.8
341111,Electricians (General),Certificate III/ IV ,73.0
341112,Electricians (Special Class),Certificate III/ IV ,66.7
341113,Lift Mechanics,Certificate III/ IV ,73.7
342211,Electrical Linesworkers,Certificate III/ IV ,82.0
342212,Technical Cable Jointers,Certificate III/ IV ,74.6
342311,Business Machine Mechanics,Certificate III/ IV ,37.9
342312,Communications Operators,Certificate III/ IV ,24.8
342313,Electronic Equipment Trades Workers,Certificate III/ IV ,35.2
342314,Electronic Instrument Trades Workers (General),Certificate III/ IV ,54.0
342315,Electronic Instrument Trades Workers (Special Class),Certificate III/ IV ,57.6
342411,Cablers (Data and Telecommunications),Certificate III/ IV ,45.4
342412,Telecommunications Cable Jointers,Certificate III/ IV ,46.7
342413,Telecommunications Linesworkers,Certificate III/ IV ,40.4
342414,Telecommunications Technicians,Certificate III/ IV ,42.9
351111,Bakers,Certificate III/ IV ,38.1
351112,Pastrycooks,Certificate III/ IV ,37.4
361111,Dog Handlers and Trainers,Certificate III/ IV ,29.3
361112,Horse Trainers,Certificate III/ IV ,21.8
361113,Pet Groomers,Certificate III/ IV ,25.0
361114,Zookeepers,Certificate III/ IV ,27.2
361115,Kennel Hands,Certificate III/ IV ,21.7
361199,Other Animal Attendants and Trainers,Certificate III/ IV ,22.6
362211,Gardeners (General),Certificate III/ IV ,32.8
362212,Arborists,Certificate III/ IV ,47.1
362213,Landscape Gardeners,Certificate III/ IV ,41.3
392111,Print Finishers,Certificate III/ IV ,44.7
392112,Screen Printers,Certificate III/ IV ,29.6
392311,Printing Machinists,Certificate III/ IV ,57.4
392312,Small Offset Printers,Certificate III/ IV ,38.7
393111,Canvas Goods Fabricators,Certificate III/ IV ,27.8
393112,Leather Goods Makers,Certificate III/ IV ,30.1
393113,Sail Makers,Certificate III/ IV ,46.8
393114,Shoemakers,Certificate III/ IV ,26.8
393211,Apparel Cutters,Certificate III/ IV ,14.6
393212,Clothing Patternmakers,Certificate III/ IV ,15.0
393213,Dressmakers and Tailors,Certificate III/ IV ,13.0
393299,Other Clothing Trades Workers,Certificate III/ IV ,20.6
394211,Furniture Finishers,Certificate III/ IV ,56.7
394212,Picture Framers,Certificate III/ IV ,19.1
394213,Wood Machinists,Certificate III/ IV ,62.9
394214,Wood Turners,Certificate III/ IV ,34.9
394299,Other Wood Machinists and Wood Trades Workers,Certificate III/ IV ,37.7
399111,Boat Builders and Repairers,Certificate III/ IV ,50.7
399112,Shipwrights,Certificate III/ IV ,61.7
399211,Chemical Plant Operators,Certificate III/ IV ,38.2
399212,Gas and Petroleum Operators,Certificate III/ IV ,56.2
399213,Power Generation Plant Operators,Certificate III/ IV ,63.0
399311,Gallery and Museum Technicians,Certificate III/ IV ,11.7
399312,Library Technicians,Certificate III/ IV ,11.8
399511,Broadcast Transmitter Operators,Certificate III/ IV ,12.1
399512,"Camera Operators (Film, Television or Video)",Certificate III/ IV ,10.2
399513,Light Technicians,Certificate III/ IV ,20.3
399514,Make Up Artists,Certificate III/ IV ,22.2
399515,Musical Instrument Makers and Repairers,Certificate III/ IV ,28.1
399516,Sound Technicians,Certificate III/ IV ,12.9
399517,Television Equipment Operators,Certificate III/ IV ,6.5
399599,Other Performing Arts Technicians,Certificate III/ IV ,15.8
399911,Divers,Certificate III/ IV ,33.0
399912,Interior Decorators,Certificate III/ IV ,10.9
399913,Optical Dispensers,Certificate III/ IV ,28.5
399914,Optical Mechanics,Certificate III/ IV ,38.2
399915,Photographer's Assistants,Certificate III/ IV ,10.7
399916,Plastics Technicians,Certificate III/ IV ,39.2
399917,Wool Classers,Certificate III/ IV ,51.9
399918,Fire Protection Equipment Technicians,Certificate III/ IV ,47.5
399999,Technicians and Trades Workers (not covered elsewhere),Certificate III/ IV ,30.7
411111,Ambulance Officers,Certificate III/ IV ,6.1
411112,Intensive Care Ambulance Paramedics,Certificate III/ IV ,0.7
411211,Dental Hygienists,Certificate III/ IV ,0.7
411212,Dental Prosthetists,Certificate III/ IV ,8.3
411213,Dental Technicians,Certificate III/ IV ,22.2
411214,Dental Therapists,Certificate III/ IV ,0.4
411411,Enrolled Nurses,Certificate III/ IV ,12.9
411412,Mothercraft Nurses,Certificate III/ IV ,9.4
411711,Community Workers,Certificate III/ IV ,19.9
411712,Disabilities Services Officers,Certificate III/ IV ,21.1
411713,Family Support Workers,Certificate III/ IV ,12.9
411714,Parole and Probation Officers,Certificate III/ IV ,19.4
411715,Residential Care Officers,Certificate III/ IV ,29.6
411716,Youth Workers,Certificate III/ IV ,22.6
421111,Child Care Workers,Certificate III/ IV ,23.1
421112,Family Day Care Workers,Certificate III/ IV ,25.1
421113,Nannies,Certificate III/ IV ,15.3
421114,Out of School Hours Care Workers,Certificate III/ IV ,16.1
422111,Aboriginal and Torres Strait Islander Education Workers,Certificate III/ IV ,29.8
422112,Integration Aides,Certificate III/ IV ,40.0
422115,Preschool Aides,Certificate III/ IV ,32.4
422116,Teachers' Aides,Certificate III/ IV ,35.6
423311,Hospital orderlies,Certificate III/ IV ,28.0
423312,Nursing Support Workers,Certificate III/ IV ,36.1
423313,Personal Care Assistants,Certificate III/ IV ,39.4
423314,Therapy Aides,Certificate III/ IV ,32.7
423411,Child and Youth Residential Care Assistants,Certificate III/ IV ,26.7
423412,Hostel Parents,Certificate III/ IV ,17.8
423413,Refuge Workers,Certificate III/ IV ,18.9
431111,Bar Attendants,Certificate III/ IV ,15.3
431112,Baristas,Certificate III/ IV ,14.0
431911,Bar Usefuls and Bussers,Certificate III/ IV ,11.1
431912,Doorpersons and Luggage Porters,Certificate III/ IV ,17.2
431999,Hospitality Workers (not covered elsewhere),Certificate III/ IV ,10.9
441211,Emergency Service Workers,Certificate III/ IV ,35.2
441212,Fire Fighters,Certificate III/ IV ,39.5
441311,Detectives,Certificate III/ IV ,3.6
441312,Police Officers,Certificate III/ IV ,8.3
442211,"Alarm, Security and Surveillance Monitors",Certificate III/ IV ,27.0
442212,Armoured Car Escorts,Certificate III/ IV ,41.5
442213,Crowd Controllers,Certificate III/ IV ,24.8
442214,Private Investigators,Certificate III/ IV ,25.4
442215,Retail Loss Prevention Officers,Certificate III/ IV ,15.8
442216,Security Consultants,Certificate III/ IV ,15.7
442217,Security Officers,Certificate III/ IV ,24.1
442299,Other Security Workers,Certificate III/ IV ,15.9
451311,Funeral Directors,Certificate III/ IV ,21.9
451399,Funeral Workers (Other),Certificate III/ IV ,27.4
451411,Gallery and Museum Guides,Certificate III/ IV ,7.7
451412,Tour Guides,Certificate III/ IV ,18.8
451511,Natural Remedy Consultants,Certificate III/ IV ,7.5
451512,Weight Loss Consultants,Certificate III/ IV ,15.2
451513,Herbalists (Western),Certificate III/ IV ,0.0
451611,Tourist Information Officers,Certificate III/ IV ,19.6
451612,Travel Consultants,Certificate III/ IV ,19.4
451711,Flight Attendants,Certificate III/ IV ,20.7
451799,Other Travel Attendants,Certificate III/ IV ,21.1
451811,Civil Celebrants,Certificate III/ IV ,21.1
451812,Hair and Beauty Salon Assistants,Certificate III/ IV ,13.1
451814,Body Artists,Certificate III/ IV ,23.0
451815,First Aid Trainers,Certificate III/ IV ,27.6
451816,Religious Assistants,Certificate III/ IV ,8.6
451899,Personal Service Workers (not covered elsewhere),Certificate III/ IV ,16.8
452211,Bungy Jump Masters,Certificate III/ IV ,
452212,Fishing Guides,Certificate III/ IV ,35.4
452213,Hunting Guides,Certificate III/ IV ,
452214,Mountain and Glacier Guides,Certificate III/ IV ,
452215,Outdoor Adventure Instructors,Certificate III/ IV ,22.0
452216,Trekking Guides,Certificate III/ IV ,21.2
452217,Whitewater Rafting Guides,Certificate III/ IV ,
452299,Other Outdoor Adventure Guides,Certificate III/ IV ,27.7
452311,"Scuba, Snorkelling and Dive instructors",Certificate III/ IV ,21.4
452312,Gymnastics Coaches and Instructors,Certificate III/ IV ,8.9
452313,Horse Riding Coaches and Instructors,Certificate III/ IV ,16.0
452314,Snowsport Instructors,Certificate III/ IV ,14.1
452315,Swimming Coaches and Instructors,Certificate III/ IV ,12.8
452316,Tennis Coaches,Certificate III/ IV ,9.5
452317,Other Sports Coaches and Instructors,Certificate III/ IV ,10.6
452318,Dog and Horse Racing Officials,Certificate III/ IV ,22.9
452321,Sports Development Officers,Certificate III/ IV ,13.7
452322,Sports Umpires,Certificate III/ IV ,3.7
452323,Other Sports Officials,Certificate III/ IV ,8.5
452411,"Footballers (Soccer, Rugby and AFL)",Certificate III/ IV ,10.6
452412,Golfers,Certificate III/ IV ,12.2
452413,Jockeys,Certificate III/ IV ,50.4
452414,Lifeguards,Certificate III/ IV ,14.1
452499,Other Sportspersons,Certificate III/ IV ,11.6
511111,Contract Administrators,Certificate III/ IV ,13.3
511112,Program and Project Administrators,Certificate III/ IV ,14.1
512211,Health Practice Managers,Certificate III/ IV ,16.0
512299,Other Practice Managers,Certificate III/ IV ,14.2
521211,Secretaries (General),Certificate III/ IV ,11.8
521212,Legal Secretaries,Certificate III/ IV ,16.3
532111,Data Entry Operators,Certificate III/ IV ,17.7
532112,Machine Shorthand Reporters,Certificate III/ IV ,9.0
532113,Typists,Certificate III/ IV ,13.3
541111,Call Centre or Contact Centre Team Leaders,Certificate III/ IV ,18.1
541112,Call Centre or Contact Centre Operators,Certificate III/ IV ,18.2
542111,Receptionists (General),Certificate III/ IV ,20.4
542112,Admissions Clerks,Certificate III/ IV ,20.3
542113,Hotel and Motel Receptionists,Certificate III/ IV ,16.7
542114,Medical Receptionists,Certificate III/ IV ,18.0
551111,Accounts Clerks,Certificate III/ IV ,16.1
551112,Cost Clerks,Certificate III/ IV ,31.4
552311,Bookmakers,Certificate III/ IV ,7.2
552312,Insurance Consultants,Certificate III/ IV ,15.5
552313,Money Market Clerks,Certificate III/ IV ,7.0
552314,Statistical Clerks,Certificate III/ IV ,14.1
561111,Betting Agency Counter Clerks,Certificate III/ IV ,12.4
561112,Bookmaker's Clerks,Certificate III/ IV ,
561113,Telephone Betting Clerks,Certificate III/ IV ,12.4
561199,Other Betting Clerks,Certificate III/ IV ,18.8
561211,Couriers,Certificate III/ IV ,16.5
561212,Postal Delivery Officers,Certificate III/ IV ,21.6
561411,Mail Clerks,Certificate III/ IV ,12.5
561412,Postal Sorting Officers,Certificate III/ IV ,12.3
561911,Classified Advertising Clerks,Certificate III/ IV ,21.4
561912,Meter Readers,Certificate III/ IV ,24.6
561913,Parking Inspectors,Certificate III/ IV ,26.5
561999,Clerical and Office Support Workers (not covered elsewhere),Certificate III/ IV ,17.1
591112,Production Clerks,Certificate III/ IV ,19.5
591113,Purchasing Officers,Certificate III/ IV ,17.2
591115,Stock Clerks,Certificate III/ IV ,18.0
591116,Warehouse Administrators,Certificate III/ IV ,20.3
591117,Order Clerks,Certificate III/ IV ,18.7
591211,Despatching and Receiving Clerks,Certificate III/ IV ,22.2
591212,Import-Export Clerks,Certificate III/ IV ,13.1
599111,Conveyancers,Certificate III/ IV ,10.0
599112,Legal Executives,Certificate III/ IV ,7.8
599211,Clerks of Court,Certificate III/ IV ,13.1
599212,Court Bailiffs and Sheriffs,Certificate III/ IV ,33.1
599213,Court Orderlies,Certificate III/ IV ,14.8
599214,Law Clerks,Certificate III/ IV ,9.8
599215,Trust Officers,Certificate III/ IV ,14.2
599511,Customs Officers,Certificate III/ IV ,19.8
599512,Immigration Officers,Certificate III/ IV ,19.4
599513,Motor Vehicle Licence Examiners,Certificate III/ IV ,25.3
599514,Noxious Weeds and Pest Inspectors,Certificate III/ IV ,20.5
599515,Social Security Assessors,Certificate III/ IV ,20.1
599516,Taxation Inspectors,Certificate III/ IV ,5.8
599517,Train Examiners,Certificate III/ IV ,46.5
599518,Transport Operations Inspectors,Certificate III/ IV ,32.0
599521,Water Inspectors,Certificate III/ IV ,23.5
599599,Other Inspectors and Regulatory Officers,Certificate III/ IV ,24.6
599611,Insurance Investigators,Certificate III/ IV ,19.1
599612,Insurance Loss Adjusters,Certificate III/ IV ,40.5
599613,Insurance Risk Surveyors,Certificate III/ IV ,5.0
599912,"Production Assistants (Film, Television, Radio or Stage)",Certificate III/ IV ,6.3
599913,Proof Readers,Certificate III/ IV ,9.2
599914,Radio Despatchers,Certificate III/ IV ,28.3
599915,Clinical Coders,Certificate III/ IV ,17.3
599916,Facilities Administrators,Certificate III/ IV ,30.1
599999,Clerical and Administrative Workers (not covered elsewhere),Certificate III/ IV ,9.9
611111,Auctioneers,Certificate III/ IV ,18.7
611112,Stock and Station Agents,Certificate III/ IV ,20.0
611311,Sales Representatives (Building and Plumbing Supplies),Certificate III/ IV ,25.6
611312,Sales Representatives (Business Services),Certificate III/ IV ,13.2
611313,Sales Representatives (Motor Vehicle Parts and Accessories),Certificate III/ IV ,31.1
611314,Sales Representatives (Personal and Household Goods),Certificate III/ IV ,16.6
611399,Other Sales Representatives,Certificate III/ IV ,18.3
612111,Business Brokers,Certificate III/ IV ,14.2
612112,Property Managers,Certificate III/ IV ,21.2
612113,Real Estate Agency Principals,Certificate III/ IV ,19.5
612114,Real Estate Agents,Certificate III/ IV ,23.7
612115,Real Estate Representatives,Certificate III/ IV ,20.2
621311,Motor Vehicle and Caravan Salespersons,Certificate III/ IV ,22.8
621312,Motor Vehicle Parts Interpreters,Certificate III/ IV ,33.5
621711,Cash Van Salespersons,Certificate III/ IV ,22.5
621712,Door-to-door Salespersons,Certificate III/ IV ,12.9
621713,Street Vendors,Certificate III/ IV ,14.1
621911,Materials Recyclers,Certificate III/ IV ,19.9
621912,Rental Salespersons,Certificate III/ IV ,20.0
621999,Sales Assistants and Salespersons (not covered elsewhere),Certificate III/ IV ,21.9
631111,Checkout Operators,Certificate III/ IV ,9.4
631112,Cashiers,Certificate III/ IV ,7.9
639111,Models,Certificate III/ IV ,10.0
639112,Sales Demonstrators,Certificate III/ IV ,16.6
639211,Retail Buyers,Certificate III/ IV ,8.6
639212,Wool Buyers,Certificate III/ IV ,31.6
639411,Ticket Sellers,Certificate III/ IV ,14.2
639412,Transport Conductors,Certificate III/ IV ,24.1
711111,Clay Products Machine Operators,Certificate III/ IV ,20.9
711112,Concrete Products Machine Operators,Certificate III/ IV ,27.9
711113,Glass Production Machine Operators,Certificate III/ IV ,27.4
711114,Stone Processing Machine Operators,Certificate III/ IV ,28.5
711199,"Other Clay, Concrete, Glass and Stone Processing Machine Operators",Certificate III/ IV ,17.9
711311,Paper Products Machine Operators,Certificate III/ IV ,20.3
711313,Sawmilling Operators,Certificate III/ IV ,23.8
711314,Other Wood Processing Machine Operators,Certificate III/ IV ,24.1
711511,Plastic Cablemaking Machine Operators,Certificate III/ IV ,26.8
711512,Plastic Compounding and Reclamation Machine Operators,Certificate III/ IV ,35.6
711513,Plastics Fabricators and Welders,Certificate III/ IV ,38.4
711514,Plastics Production Machine Operators (General),Certificate III/ IV ,22.6
711515,Reinforced Plastic and Composite Production Workers,Certificate III/ IV ,26.0
711516,Rubber Production Machine Operators,Certificate III/ IV ,39.5
711599,Other Plastics and Rubber Production Machine Operators,Certificate III/ IV ,19.6
711711,Footwear Production Machine Operators,Certificate III/ IV ,15.4
711712,Hide and Skin Processing Machine Operators,Certificate III/ IV ,24.5
711713,Knitting Machine Operators,Certificate III/ IV ,20.4
711714,Textile Dyeing and Finishing Machine Operators,Certificate III/ IV ,17.0
711715,Weaving Machine Operators,Certificate III/ IV ,10.0
711716,Yarn Carding and Spinning Machine Operators,Certificate III/ IV ,28.8
711799,Other Textile and Footwear Production Machine Operators,Certificate III/ IV ,16.3
711911,Chemical Production Machine Operators,Certificate III/ IV ,19.1
711912,Motion Picture Projectionists,Certificate III/ IV ,15.2
711913,Sand Blasters,Certificate III/ IV ,28.3
711914,Sterilisation Technicians,Certificate III/ IV ,38.8
711999,Machine Operators (not covered elsewhere),Certificate III/ IV ,24.3
712211,Drillers,Certificate III/ IV ,40.8
712212,Miners,Certificate III/ IV ,37.1
712213,Shot Firers,Certificate III/ IV ,39.6
712911,Boiler and Engine Operators,Certificate III/ IV ,45.6
712912,Bulk Materials Handling Plant Operators,Certificate III/ IV ,29.0
712913,Cement Production Plant Operators,Certificate III/ IV ,40.8
712914,Concrete Batching Plant Operators,Certificate III/ IV ,30.7
712915,Concrete Pump Operators,Certificate III/ IV ,29.0
712916,Paper and Pulp Mill Operators,Certificate III/ IV ,28.5
712917,Railway Signal Operators,Certificate III/ IV ,34.7
712918,Train Controllers,Certificate III/ IV ,35.2
712921,Waste Water and Water Plant Operators,Certificate III/ IV ,54.4
712922,Weighbridge Operators,Certificate III/ IV ,24.2
712999,Stationary Plant Operators (not covered elsewhere),Certificate III/ IV ,35.1
721111,Agricultural and Horticultural Mobile Plant Operators,Certificate III/ IV ,27.6
721112,Logging Plant Operators,Certificate III/ IV ,31.3
721211,Earthmoving Plant Operators (General),Certificate III/ IV ,40.8
721212,Backhoe Operators,Certificate III/ IV ,30.4
721213,Bulldozer Operators,Certificate III/ IV ,28.6
721214,Excavator Operators,Certificate III/ IV ,35.8
721215,Grader Operators,Certificate III/ IV ,30.4
721216,Loader Operators,Certificate III/ IV ,28.5
721911,Aircraft Baggage Handlers and Airline Ground Crews,Certificate III/ IV ,20.8
721912,Linemarkers,Certificate III/ IV ,32.5
721913,Paving Plant Operators,Certificate III/ IV ,32.4
721914,Railway Track Plant Operators,Certificate III/ IV ,37.8
721915,Road Roller Operators,Certificate III/ IV ,24.3
721916,Streetsweeper Operators,Certificate III/ IV ,28.1
721999,Mobile Plant Operators (not covered elsewhere),Certificate III/ IV ,36.2
731111,Chauffeurs,Certificate III/ IV ,19.7
731112,Taxi Drivers,Certificate III/ IV ,12.3
731199,Other Automobile Drivers,Certificate III/ IV ,11.4
731211,Bus Drivers,Certificate III/ IV ,25.7
731212,Charter and Tour Bus Drivers,Certificate III/ IV ,27.6
731213,Passenger Coach Drivers,Certificate III/ IV ,33.0
731311,Train Drivers,Certificate III/ IV ,43.0
731312,Tram Drivers,Certificate III/ IV ,19.2
733111,Truck Drivers (General),Certificate III/ IV ,24.8
733112,Aircraft Refuellers,Certificate III/ IV ,37.5
733113,Furniture Removalist Drivers,Certificate III/ IV ,14.0
733114,Tanker Drivers,Certificate III/ IV ,32.5
733115,Tow Truck Drivers,Certificate III/ IV ,34.6
811411,Commercial Housekeepers,Certificate III/ IV ,14.7
811412,Domestic Housekeepers,Certificate III/ IV ,15.8
811511,Laundry Workers (General),Certificate III/ IV ,13.0
811512,Drycleaners,Certificate III/ IV ,15.6
811513,Ironers and Pressers,Certificate III/ IV ,15.7
811611,Carpet Cleaners,Certificate III/ IV ,23.4
811612,Window Cleaners,Certificate III/ IV ,23.4
811699,Cleaners (not covered elsewhere),Certificate III/ IV ,25.5
821111,Builder's Labourers,Certificate III/ IV ,28.1
821112,"Drainage, Sewerage and Stormwater Labourers",Certificate III/ IV ,45.6
821113,Earthmoving Labourers,Certificate III/ IV ,30.4
821114,Plumber's Assistants,Certificate III/ IV ,26.6
821411,Building Insulation Installers,Certificate III/ IV ,26.8
821412,Home Improvement Installers,Certificate III/ IV ,39.6
821711,Construction Riggers,Certificate III/ IV ,41.9
821712,Scaffolders,Certificate III/ IV ,34.5
821713,Steel Fixers,Certificate III/ IV ,21.8
821714,Structural Steel Erectors,Certificate III/ IV ,40.5
821911,Crane Chasers,Certificate III/ IV ,39.9
821912,Driller's Assistants,Certificate III/ IV ,42.3
821913,Laggers,Certificate III/ IV ,22.7
821914,Mining Support Workers,Certificate III/ IV ,28.1
821915,Surveyor's Assistants,Certificate III/ IV ,19.9
831111,Baking Factory Workers,Certificate III/ IV ,12.7
831112,Brewery Workers,Certificate III/ IV ,23.7
831113,Confectionery Makers,Certificate III/ IV ,16.8
831114,Dairy Products Makers,Certificate III/ IV ,22.4
831115,Fruit and Vegetable Factory Workers,Certificate III/ IV ,12.9
831116,Grain Mill Workers,Certificate III/ IV ,25.8
831117,Sugar Mill Workers,Certificate III/ IV ,35.7
831118,Winery Cellar Hands,Certificate III/ IV ,27.7
831199,Other Food and Drink Factory Workers,Certificate III/ IV ,17.2
831211,Meat Boners and Slicers,Certificate III/ IV ,16.7
831212,Slaughterers,Certificate III/ IV ,21.8
831311,Meat Process Workers,Certificate III/ IV ,14.6
831312,Poultry Process Workers,Certificate III/ IV ,11.2
831313,Seafood Process Workers,Certificate III/ IV ,13.2
832111,Chocolate Packers,Certificate III/ IV ,8.2
832112,Container Fillers,Certificate III/ IV ,16.5
832113,Fruit and Vegetable Packers,Certificate III/ IV ,7.4
832114,Meat Packers,Certificate III/ IV ,10.0
832115,Seafood Packers,Certificate III/ IV ,9.1
832199,Other Packers,Certificate III/ IV ,11.2
839211,Plastics Factory Workers,Certificate III/ IV ,14.6
839212,Rubber Factory Workers,Certificate III/ IV ,11.5
839311,Product Examiners,Certificate III/ IV ,20.7
839312,Product Graders,Certificate III/ IV ,14.2
839313,Product Testers,Certificate III/ IV ,24.1
839411,Paper and Pulp Mill Workers,Certificate III/ IV ,24.7
839412,Sawmill and Timber Yard Workers,Certificate III/ IV ,17.6
839413,Wood and Wood Products Factory Workers,Certificate III/ IV ,17.7
839911,Cement and Concrete Plant Workers,Certificate III/ IV ,22.9
839912,Chemical Plant Workers,Certificate III/ IV ,14.9
839913,Clay Processing Factory Workers,Certificate III/ IV ,17.6
839914,Fabric and Textile Factory Workers,Certificate III/ IV ,11.1
839915,Footwear Factory Workers,Certificate III/ IV ,13.0
839916,Glass Processing Workers,Certificate III/ IV ,22.3
839917,Hide and Skin Processing Workers,Certificate III/ IV ,16.4
839918,Recycling Workers,Certificate III/ IV ,16.1
839999,Factory Process Workers (not covered elsewhere),Certificate III/ IV ,12.1
841211,Fruit and Nut Farm Workers,Certificate III/ IV ,14.1
841212,Fruit and Nut Pickers,Certificate III/ IV ,7.5
841213,"Grain, Oilseed and Pasture Farm Workers",Certificate III/ IV ,25.8
841214,Vegetable Farm Workers,Certificate III/ IV ,9.8
841215,Vegetable Pickers,Certificate III/ IV ,6.9
841216,Vineyard Workers,Certificate III/ IV ,15.8
841217,Mushroom Pickers,Certificate III/ IV ,6.6
841299,Other Crop Farm Workers,Certificate III/ IV ,17.8
841311,Forestry Workers,Certificate III/ IV ,22.6
841312,Logging Assistants,Certificate III/ IV ,23.7
841313,Tree Fallers,Certificate III/ IV ,29.4
841411,Garden Labourers,Certificate III/ IV ,30.0
841412,Nursery Hands (Horticulture),Certificate III/ IV ,21.7
841511,Beef Cattle Farm Workers,Certificate III/ IV ,23.3
841512,Dairy Cattle Farm Workers,Certificate III/ IV ,22.1
841513,Mixed Livestock Farm Workers,Certificate III/ IV ,23.1
841514,Poultry Farm Workers,Certificate III/ IV ,15.4
841515,Sheep Farm Workers,Certificate III/ IV ,23.8
841516,Stablehands,Certificate III/ IV ,19.6
841517,Wool Handlers,Certificate III/ IV ,18.2
841599,Other Livestock Farm Workers,Certificate III/ IV ,19.7
841911,Hunter-Trappers,Certificate III/ IV ,33.7
841913,Pest Controllers,Certificate III/ IV ,32.3
841999,"Farm, Forestry and Garden Workers (not covered elsewhere)",Certificate III/ IV ,30.6
851211,Pastrycook's Assistants,Certificate III/ IV ,12.9
851299,Other Food Trades Assistants,Certificate III/ IV ,15.1
891111,Freight Handlers (Rail or Road),Certificate III/ IV ,17.5
891112,Truck Driver's Offsiders,Certificate III/ IV ,15.8
891113,Waterside Workers,Certificate III/ IV ,37.2
899211,Deck Hands,Certificate III/ IV ,31.7
899212,Fishing Hands,Certificate III/ IV ,26.1
899411,Motor Vehicle Parts and Accessories Fitters (General),Certificate III/ IV ,41.1
899412,Autoglaziers,Certificate III/ IV ,37.5
899413,Exhaust and Muffler Repairers,Certificate III/ IV ,45.4
899414,Radiator Repairers,Certificate III/ IV ,32.9
899415,Tyre Fitters,Certificate III/ IV ,24.2
899511,Printer's Assistants,Certificate III/ IV ,19.7
899512,Printing Table Workers,Certificate III/ IV ,18.3
899911,Bicycle Mechanics,Certificate III/ IV ,27.4
899912,Car Park Attendants,Certificate III/ IV ,13.8
899913,Crossing Supervisors,Certificate III/ IV ,17.1
899914,Electrical and Telecommunications Trades Assistants,Certificate III/ IV ,27.4
899915,Leaflet and Newspaper Deliverers,Certificate III/ IV ,13.3
899916,Mechanic's Assistants,Certificate III/ IV ,25.9
899917,Railways Assistants,Certificate III/ IV ,25.1
899918,Sign Erectors,Certificate III/ IV ,37.7
899921,Ticket Collectors and Ushers,Certificate III/ IV ,12.6
899922,Trolley Collectors,Certificate III/ IV ,10.7
899923,Road Traffic Controllers,Certificate III/ IV ,24.5
899999,Labourers (not covered elsewhere),Certificate III/ IV ,27.0
1111,Chief Executives and Managing Directors,"Year 12
 (%)",10.2
1112,General Managers,"Year 12
 (%)",11.0
1113,Legislators,"Year 12
 (%)",9.4
1211,Aquaculture Farmers,"Year 12
 (%)",14.9
1212,Crop Farmers,"Year 12
 (%)",18.1
1213,Livestock Farmers,"Year 12
 (%)",14.3
1214,Mixed Crop and Livestock Farmers,"Year 12
 (%)",18.7
1311,"Advertising, Public Relations and Sales Manager","Year 12
 (%)",13.2
1321,Corporate Services Managers,"Year 12
 (%)",11.7
1322,Finance Managers,"Year 12
 (%)",6.2
1323,Human Resource Managers,"Year 12
 (%)",8.0
1324,Policy and Planning Managers,"Year 12
 (%)",5.1
1325,Research and Development Managers,"Year 12
 (%)",3.7
1331,Construction Managers,"Year 12
 (%)",7.6
1332,Engineering Managers,"Year 12
 (%)",2.7
1333,"Importers, Exporters and Wholesalers","Year 12
 (%)",22.9
1334,Manufacturers,"Year 12
 (%)",20.8
1335,Production Managers,"Year 12
 (%)",13.3
1336,"Supply, Distribution and Procurement Managers","Year 12
 (%)",16.2
1341,Child Care Centre Managers,"Year 12
 (%)",3.9
1342,Health and Welfare Services Managers,"Year 12
 (%)",5.2
1343,School Principals,"Year 12
 (%)",0.2
1344,Other Education Managers,"Year 12
 (%)",2.8
1351,ICT Managers,"Year 12
 (%)",8.8
1391,Commissioned Officers (Management),"Year 12
 (%)",18.0
1392,Senior Non-Commissioned Defence Force Officers,"Year 12
 (%)",16.5
1399,Other Specialist Managers,"Year 12
 (%)",8.4
1411,Cafe and Restaurant Managers,"Year 12
 (%)",22.0
1412,Caravan Park and Camping Ground Managers,"Year 12
 (%)",13.8
1413,Hotel and Motel Managers,"Year 12
 (%)",21.7
1414,Licensed Club Managers,"Year 12
 (%)",22.6
1419,Other Accommodation and Hospitality Managers,"Year 12
 (%)",13.3
1421,Retail Managers,"Year 12
 (%)",25.4
1491,"Amusement, Fitness and Sports Centre Managers","Year 12
 (%)",19.3
1492,"Call, Contact Centre and Customer Service Managers","Year 12
 (%)",15.7
1493,Conference and Event Organisers,"Year 12
 (%)",15.3
1494,Transport Services Managers,"Year 12
 (%)",16.9
1499,"Other Hospitality, Retail and Service Managers","Year 12
 (%)",15.4
2111,"Actors, Dancers and Other Entertainers","Year 12
 (%)",23.5
2112,Music Professionals,"Year 12
 (%)",20.3
2113,Photographers,"Year 12
 (%)",18.6
2114,Visual Arts and Crafts Professionals,"Year 12
 (%)",12.9
2121,"Artistic Directors, Media Producers and Presenters","Year 12
 (%)",17.1
2122,"Authors, and Book and Script Editors","Year 12
 (%)",8.2
2123,"Film, Television, Radio and Stage Directors","Year 12
 (%)",16.1
2124,Journalists and Other Writers,"Year 12
 (%)",10.1
2211,Accountants,"Year 12
 (%)",3.8
2212,"Auditors, Company Secretaries and Corporate Treasurers","Year 12
 (%)",6.3
2221,Financial Brokers,"Year 12
 (%)",10.4
2222,Financial Dealers,"Year 12
 (%)",10.5
2223,Financial Investment Advisers and Managers,"Year 12
 (%)",5.7
2231,Human Resource Professionals,"Year 12
 (%)",13.3
2232,ICT Trainers,"Year 12
 (%)",11.8
2233,Training and Development Professionals,"Year 12
 (%)",9.6
2241,"Actuaries, Mathematicians and Statisticians","Year 12
 (%)",3.4
2242,"Archivists, Curators and Records Managers","Year 12
 (%)",8.0
2243,Economists,"Year 12
 (%)",2.4
2244,Intelligence and Policy Analysts,"Year 12
 (%)",5.6
2245,Land Economists and Valuers,"Year 12
 (%)",7.4
2246,Librarians,"Year 12
 (%)",4.1
2247,Management and Organisation Analysts,"Year 12
 (%)",7.1
2249,Other Information and Organisation Professionals,"Year 12
 (%)",8.7
2251,Advertising and Marketing Professionals,"Year 12
 (%)",10.0
2252,ICT Sales Professionals,"Year 12
 (%)",16.7
2253,Public Relations Professionals,"Year 12
 (%)",9.6
2254,Technical Sales Representatives,"Year 12
 (%)",15.5
2311,Air Transport Professionals,"Year 12
 (%)",12.9
2312,Marine Transport Professionals,"Year 12
 (%)",6.5
2321,Architects and Landscape Architects,"Year 12
 (%)",1.6
2322,Surveyors and Spatial Scientists,"Year 12
 (%)",8.1
2323,"Fashion, Industrial and Jewellery Designers","Year 12
 (%)",8.4
2324,"Graphic and Web Designers, and Illustrators","Year 12
 (%)",7.7
2325,Interior Designers,"Year 12
 (%)",7.5
2326,Urban and Regional Planners,"Year 12
 (%)",3.8
2331,Chemical and Materials Engineers,"Year 12
 (%)",2.5
2332,Civil Engineering Professionals,"Year 12
 (%)",3.7
2333,Electrical Engineers,"Year 12
 (%)",2.4
2334,Electronics Engineers,"Year 12
 (%)",3.5
2335,"Industrial, Mechanical and Production Engineers","Year 12
 (%)",3.0
2336,Mining Engineers,"Year 12
 (%)",2.5
2339,Other Engineering Professionals,"Year 12
 (%)",3.6
2341,Agricultural and Forestry Scientists,"Year 12
 (%)",5.0
2342,"Chemists, and Food and Wine Scientists","Year 12
 (%)",5.5
2343,Environmental Scientists,"Year 12
 (%)",3.6
2344,"Geologists, Geophysicists and Hydrogeologists","Year 12
 (%)",1.2
2345,Life Scientists,"Year 12
 (%)",1.5
2346,Medical Laboratory Scientists,"Year 12
 (%)",1.1
2347,Veterinarians,"Year 12
 (%)",0.9
2349,Other Natural and Physical Science Professionals,"Year 12
 (%)",1.5
2411,Early Childhood (Pre-primary School) Teachers,"Year 12
 (%)",2.1
2412,Primary School Teachers,"Year 12
 (%)",0.9
2413,Middle School Teachers,"Year 12
 (%)",0.7
2414,Secondary School Teachers,"Year 12
 (%)",0.9
2415,Special Education Teachers,"Year 12
 (%)",1.7
2421,University Lecturers and Tutors,"Year 12
 (%)",2.8
2422,Vocational Education Teachers,"Year 12
 (%)",2.0
2491,Education Advisers and Reviewers,"Year 12
 (%)",3.3
2492,Private Tutors and Teachers,"Year 12
 (%)",24.8
2493,Teachers of English to Speakers of Other Languages,"Year 12
 (%)",1.9
2511,Nutrition Professionals,"Year 12
 (%)",0.6
2512,Medical Imaging Professionals,"Year 12
 (%)",0.8
2513,Occupational and Environmental Health Professionals,"Year 12
 (%)",6.0
2514,Optometrists and Orthoptists,"Year 12
 (%)",1.0
2515,Pharmacists,"Year 12
 (%)",3.5
2519,Other Health Diagnostic and Promotion Professionals,"Year 12
 (%)",4.7
2521,Chiropractors and Osteopaths,"Year 12
 (%)",0.4
2522,Complementary Health Therapists,"Year 12
 (%)",1.6
2523,Dental Practitioners,"Year 12
 (%)",1.0
2524,Occupational Therapists,"Year 12
 (%)",0.6
2525,Physiotherapists,"Year 12
 (%)",0.4
2526,Podiatrists,"Year 12
 (%)",0.3
2527,Audiologists and Speech Pathologists \ Therapists,"Year 12
 (%)",0.6
2531,General Practitioners and Resident Medical Officers,"Year 12
 (%)",0.4
2532,Anaesthetists,"Year 12
 (%)",0.2
2533,Specialist Physicians,"Year 12
 (%)",0.3
2534,Psychiatrists,"Year 12
 (%)",0.3
2535,Surgeons,"Year 12
 (%)",0.6
2539,Other Medical Practitioners,"Year 12
 (%)",1.6
2541,Midwives,"Year 12
 (%)",0.8
2542,Nurse Educators and Researchers,"Year 12
 (%)",0.4
2543,Nurse Managers,"Year 12
 (%)",0.6
2544,Registered Nurses,"Year 12
 (%)",1.2
2611,ICT Business and Systems Analysts,"Year 12
 (%)",7.0
2612,Multimedia Specialists and Web Developers,"Year 12
 (%)",9.8
2613,Software and Applications Programmers,"Year 12
 (%)",6.0
2621,"Database and Systems Administrators, and ICT Security Specialists","Year 12
 (%)",10.5
2631,Computer Network Professionals,"Year 12
 (%)",9.3
2632,ICT Support and Test Engineers,"Year 12
 (%)",8.2
2633,Telecommunications Engineering Professionals,"Year 12
 (%)",5.6
2711,Barristers,"Year 12
 (%)",1.9
2712,Judicial and Other Legal Professionals,"Year 12
 (%)",5.0
2713,Solicitors,"Year 12
 (%)",0.5
2721,Counsellors,"Year 12
 (%)",4.2
2722,Ministers of Religion,"Year 12
 (%)",4.1
2723,Psychologists and Psychotherapists,"Year 12
 (%)",0.6
2724,Social Professionals,"Year 12
 (%)",6.0
2725,Social Workers,"Year 12
 (%)",2.4
2726,"Welfare, Recreation and Community Arts Workers","Year 12
 (%)",5.3
3111,Agricultural Technicians,"Year 12
 (%)",13.1
3112,Medical Technicians,"Year 12
 (%)",12.0
3113,Primary Products Inspectors,"Year 12
 (%)",10.6
3114,Science Technicians,"Year 12
 (%)",11.3
3121,"Architectural, Building and Surveying Technicians","Year 12
 (%)",8.1
3122,Civil Engineering Draftspersons and Technicians,"Year 12
 (%)",12.7
3123,"Electrical Engineering Draftspersons, Technicians","Year 12
 (%)",7.0
3124,"Electronic Engineering Draftspersons, Technicians","Year 12
 (%)",9.7
3125,"Mechanical Engineering Draftspersons, Technicians","Year 12
 (%)",7.9
3126,Safety Inspectors,"Year 12
 (%)",7.3
3129,Other Building and Engineering Technicians,"Year 12
 (%)",9.6
3131,ICT Support Technicians,"Year 12
 (%)",15.9
3132,Telecommunications Technical Specialists,"Year 12
 (%)",8.0
3211,Automotive Electricians,"Year 12
 (%)",9.6
3212,Motor Mechanics,"Year 12
 (%)",9.4
3221,"Metal Casting, Forging and Finishing Trades","Year 12
 (%)",14.1
3222,Sheetmetal Trades Workers,"Year 12
 (%)",13.1
3223,Structural Steel and Welding Trades Workers,"Year 12
 (%)",10.3
3231,Aircraft Maintenance Engineers,"Year 12
 (%)",7.6
3232,Metal Fitters and Machinists,"Year 12
 (%)",7.5
3233,Precision Metal Trades Workers,"Year 12
 (%)",12.0
3234,Toolmakers and Engineering Patternmakers,"Year 12
 (%)",6.3
3241,Panelbeaters,"Year 12
 (%)",8.1
3242,Vehicle Body Builders and Trimmers,"Year 12
 (%)",13.3
3243,Vehicle Painters,"Year 12
 (%)",9.7
3311,Bricklayers and Stonemasons,"Year 12
 (%)",11.9
3312,Carpenters and Joiners,"Year 12
 (%)",12.7
3321,Floor Finishers,"Year 12
 (%)",19.1
3322,Painting Trades Workers,"Year 12
 (%)",14.3
3331,Glaziers,"Year 12
 (%)",15.2
3332,Plasterers,"Year 12
 (%)",17.0
3333,Roof Tilers,"Year 12
 (%)",14.2
3334,Wall and Floor Tilers,"Year 12
 (%)",15.1
3341,Plumbers,"Year 12
 (%)",10.6
3411,Electricians,"Year 12
 (%)",12.2
3421,Airconditioning and Refrigeration Mechanics,"Year 12
 (%)",12.8
3422,Electrical Distribution Trades Workers,"Year 12
 (%)",6.6
3423,Electronics Trades Workers,"Year 12
 (%)",18.0
3424,Telecommunications Trades Workers,"Year 12
 (%)",14.1
3511,Bakers and Pastrycooks,"Year 12
 (%)",17.1
3512,Butchers and Smallgoods Makers,"Year 12
 (%)",12.9
3513,Chefs,"Year 12
 (%)",10.9
3514,Cooks,"Year 12
 (%)",22.9
3611,Animal Attendants and Trainers,"Year 12
 (%)",22.0
3612,Shearers,"Year 12
 (%)",14.8
3613,Veterinary Nurses,"Year 12
 (%)",12.8
3621,Florists,"Year 12
 (%)",16.5
3622,Gardeners,"Year 12
 (%)",18.2
3623,Greenkeepers,"Year 12
 (%)",15.0
3624,Nurserypersons,"Year 12
 (%)",14.6
3911,Hairdressers,"Year 12
 (%)",7.7
3921,Print Finishers and Screen Printers,"Year 12
 (%)",19.7
3922,Graphic Pre-press Trades Workers,"Year 12
 (%)",9.3
3923,Printers,"Year 12
 (%)",16.2
3931,Canvas and Leather Goods Makers,"Year 12
 (%)",19.9
3932,Clothing Trades Workers,"Year 12
 (%)",20.7
3933,Upholsterers,"Year 12
 (%)",14.1
3941,Cabinetmakers,"Year 12
 (%)",13.7
3942,Wood Machinists and Other Wood Trades Workers,"Year 12
 (%)",17.3
3991,Boat Builders and Shipwrights,"Year 12
 (%)",14.2
3992,"Chemical, Gas, Petroleum and Power Plant Operators","Year 12
 (%)",8.7
3993,"Gallery, Library and Museum Technicians","Year 12
 (%)",9.3
3994,Jewellers,"Year 12
 (%)",13.7
3995,Performing Arts Technicians,"Year 12
 (%)",19.8
3996,Signwriters,"Year 12
 (%)",17.3
3999,Other Miscellaneous Technicians and Trades Workers,"Year 12
 (%)",19.3
4111,Ambulance Officers and Paramedics,"Year 12
 (%)",2.2
4112,"Dental Hygienists, Technicians and Therapists","Year 12
 (%)",3.4
4113,Diversional Therapists,"Year 12
 (%)",5.7
4114,Enrolled and Mothercraft Nurses,"Year 12
 (%)",1.9
4115,Indigenous Health Workers,"Year 12
 (%)",9.1
4116,Massage Therapists,"Year 12
 (%)",6.8
4117,Welfare Support Workers,"Year 12
 (%)",8.6
4211,Child Carers,"Year 12
 (%)",12.2
4221,Education Aides,"Year 12
 (%)",14.2
4231,Aged and Disabled Carers,"Year 12
 (%)",12.8
4232,Dental Assistants,"Year 12
 (%)",18.9
4233,Nursing Support and Personal Care Workers,"Year 12
 (%)",13.7
4234,Special Care Workers,"Year 12
 (%)",20.0
4311,Bar Attendants and Baristas,"Year 12
 (%)",42.8
4312,Cafe Workers,"Year 12
 (%)",34.6
4313,Gaming Workers,"Year 12
 (%)",31.8
4314,Hotel Service Managers,"Year 12
 (%)",21.4
4315,Waiters,"Year 12
 (%)",38.4
4319,Other Hospitality Workers,"Year 12
 (%)",30.1
4411,Defence Force Members - Other Ranks,"Year 12
 (%)",39.7
4412,Fire and Emergency Workers,"Year 12
 (%)",10.0
4413,Police,"Year 12
 (%)",11.7
4421,Prison Officers,"Year 12
 (%)",12.3
4422,Security Officers and Guards,"Year 12
 (%)",20.4
4511,Beauty Therapists,"Year 12
 (%)",15.1
4512,Driving Instructors,"Year 12
 (%)",8.8
4513,Funeral Workers,"Year 12
 (%)",19.7
4514,"Gallery, Museum and Tour Guides","Year 12
 (%)",16.6
4515,Personal Care Consultants,"Year 12
 (%)",17.2
4516,Tourism and Travel Advisers,"Year 12
 (%)",17.0
4517,Travel Attendants,"Year 12
 (%)",32.9
4518,Other Personal Service Workers,"Year 12
 (%)",20.2
4521,Fitness Instructors,"Year 12
 (%)",8.9
4522,Outdoor Adventure Guides,"Year 12
 (%)",21.1
4523,"Sports Coaches, Instructors and Officials","Year 12
 (%)",34.0
4524,Sportspersons,"Year 12
 (%)",45.4
5111,"Contract, Program and Project Administrators","Year 12
 (%)",10.8
5121,Office Managers,"Year 12
 (%)",19.7
5122,Practice Managers,"Year 12
 (%)",14.1
5211,Personal Assistants,"Year 12
 (%)",21.8
5212,Secretaries,"Year 12
 (%)",21.5
5311,General Clerks,"Year 12
 (%)",21.7
5321,Keyboard Operators,"Year 12
 (%)",25.6
5411,Call or Contact Centre Workers,"Year 12
 (%)",29.7
5412,Information Officers,"Year 12
 (%)",23.4
5421,Receptionists,"Year 12
 (%)",28.3
5511,Accounting Clerks,"Year 12
 (%)",19.0
5512,Bookkeepers,"Year 12
 (%)",14.9
5513,Payroll Clerks,"Year 12
 (%)",21.5
5521,Bank Workers,"Year 12
 (%)",24.4
5522,Credit and Loans Officers,"Year 12
 (%)",19.8
5523,"Insurance, Money Market and Statistical Clerks","Year 12
 (%)",23.2
5611,Betting Clerks,"Year 12
 (%)",30.0
5612,Couriers and Postal Deliverers,"Year 12
 (%)",24.3
5613,Filing and Registry Clerks,"Year 12
 (%)",22.2
5614,Mail Sorters,"Year 12
 (%)",30.0
5615,Survey Interviewers,"Year 12
 (%)",22.6
5616,Switchboard Operators,"Year 12
 (%)",28.1
5619,Other Clerical and Office Support Workers,"Year 12
 (%)",25.6
5911,Purchasing and Supply Logistics Clerks,"Year 12
 (%)",24.1
5912,Transport and Despatch Clerks,"Year 12
 (%)",24.1
5991,Conveyancers and Legal Executives,"Year 12
 (%)",27.0
5992,Court and Legal Clerks,"Year 12
 (%)",29.1
5993,Debt Collectors,"Year 12
 (%)",25.7
5994,Human Resource Clerks,"Year 12
 (%)",18.9
5995,Inspectors and Regulatory Officers,"Year 12
 (%)",15.8
5996,"Insurance Investigators, Loss Adjusters and Risk Surveyors","Year 12
 (%)",11.6
5997,Library Assistants,"Year 12
 (%)",15.5
5999,Other Miscellaneous Clerical and Administrative Workers,"Year 12
 (%)",17.4
6111,"Auctioneers, and Stock and Station Agents","Year 12
 (%)",24.1
6112,Insurance Agents,"Year 12
 (%)",22.5
6113,Sales Representatives,"Year 12
 (%)",23.5
6121,Real Estate Sales Agents,"Year 12
 (%)",15.3
6211,Sales Assistants (General),"Year 12
 (%)",33.2
6212,ICT Sales Assistants,"Year 12
 (%)",30.2
6213,Motor Vehicle and Vehicle Parts Salespersons,"Year 12
 (%)",28.5
6214,Pharmacy Sales Assistants,"Year 12
 (%)",34.5
6215,Retail Supervisors,"Year 12
 (%)",34.8
6216,Service Station Attendants,"Year 12
 (%)",26.4
6217,Street Vendors and Related Salespersons,"Year 12
 (%)",22.4
6219,Other Sales Assistants and Salespersons,"Year 12
 (%)",24.6
6311,Checkout Operators and Office Cashiers,"Year 12
 (%)",32.5
6391,Models and Sales Demonstrators,"Year 12
 (%)",26.5
6392,Retail and Wool Buyers,"Year 12
 (%)",18.9
6393,Telemarketers,"Year 12
 (%)",29.4
6394,Ticket Salespersons,"Year 12
 (%)",28.8
6395,Visual Merchandisers,"Year 12
 (%)",24.0
6399,Other Sales Support Workers,"Year 12
 (%)",33.9
7111,"Clay, Concrete, Glass and Stone Processing Machine Operators","Year 12
 (%)",24.4
7112,Industrial Spraypainters,"Year 12
 (%)",16.8
7113,Paper and Wood Processing Machine Operators,"Year 12
 (%)",23.3
7114,Photographic Developers and Printers,"Year 12
 (%)",30.9
7115,Plastics and Rubber Production Machine Operators,"Year 12
 (%)",22.7
7116,Sewing Machinists,"Year 12
 (%)",24.1
7117,Textile and Footwear Production Machine Operators,"Year 12
 (%)",23.9
7119,Other Machine Operators,"Year 12
 (%)",19.0
7121,"Crane, Hoist and Lift Operators","Year 12
 (%)",17.0
7122,"Drillers, Miners and Shot Firers","Year 12
 (%)",19.3
7123,Engineering Production Workers,"Year 12
 (%)",20.0
7129,Other Stationary Plant Operators,"Year 12
 (%)",17.2
7211,"Agricultural, Forestry and Horticultural Plant Operators","Year 12
 (%)",18.2
7212,Earthmoving Plant Operators,"Year 12
 (%)",14.0
7213,Forklift Drivers,"Year 12
 (%)",26.8
7219,Other Mobile Plant Operators,"Year 12
 (%)",29.0
7311,Automobile Drivers,"Year 12
 (%)",19.9
7312,Bus and Coach Drivers,"Year 12
 (%)",15.0
7313,Train and Tram Drivers,"Year 12
 (%)",14.9
7321,Delivery Drivers,"Year 12
 (%)",28.1
7331,Truck Drivers,"Year 12
 (%)",17.3
7411,Storepersons,"Year 12
 (%)",32.8
8111,Car Detailers,"Year 12
 (%)",27.3
8112,Commercial Cleaners,"Year 12
 (%)",20.7
8113,Domestic Cleaners,"Year 12
 (%)",21.6
8114,Housekeepers,"Year 12
 (%)",21.4
8115,Laundry Workers,"Year 12
 (%)",23.9
8116,Other Cleaners,"Year 12
 (%)",24.4
8211,Building and Plumbing Labourers,"Year 12
 (%)",25.0
8212,Concreters,"Year 12
 (%)",19.4
8213,Fencers,"Year 12
 (%)",19.9
8214,Insulation and Home Improvement Installers,"Year 12
 (%)",21.3
8215,Paving and Surfacing Labourers,"Year 12
 (%)",19.2
8216,Railway Track Workers,"Year 12
 (%)",18.3
8217,Structural Steel Construction Workers,"Year 12
 (%)",21.8
8219,Other Construction and Mining Labourers,"Year 12
 (%)",26.3
8311,Food and Drink Factory Workers,"Year 12
 (%)",26.4
8312,"Meat Boners and Slicers, and Slaughterers","Year 12
 (%)",29.3
8313,"Meat, Poultry and Seafood Process Workers","Year 12
 (%)",27.9
8321,Packers,"Year 12
 (%)",31.8
8322,Product Assemblers,"Year 12
 (%)",26.3
8391,Metal Engineering Process Workers,"Year 12
 (%)",25.8
8392,Plastics and Rubber Factory Workers,"Year 12
 (%)",28.2
8393,Product Quality Controllers,"Year 12
 (%)",18.3
8394,Timber and Wood Process Workers,"Year 12
 (%)",27.6
8399,Other Factory Process Workers,"Year 12
 (%)",27.9
8411,Aquaculture Workers,"Year 12
 (%)",18.3
8412,Crop Farm Workers,"Year 12
 (%)",25.9
8413,Forestry and Logging Workers,"Year 12
 (%)",18.9
8414,Garden and Nursery Labourers,"Year 12
 (%)",21.7
8415,Livestock Farm Workers,"Year 12
 (%)",23.1
8416,Mixed Crop and Livestock Farm Workers,"Year 12
 (%)",21.3
8419,"Other Farm, Forestry and Garden Workers","Year 12
 (%)",14.0
8511,Fast Food Cooks,"Year 12
 (%)",25.9
8512,Food Trades Assistants,"Year 12
 (%)",30.6
8513,Kitchenhands,"Year 12
 (%)",26.5
8911,Freight and Furniture Handlers,"Year 12
 (%)",30.3
8912,Shelf Fillers,"Year 12
 (%)",36.8
8991,Caretakers,"Year 12
 (%)",14.7
8992,Deck and Fishing Hands,"Year 12
 (%)",16.3
8993,Handypersons,"Year 12
 (%)",14.5
8994,Motor Vehicle Parts and Accessories Fitters,"Year 12
 (%)",21.3
8995,Printing Assistants and Table Workers,"Year 12
 (%)",27.4
8996,Recycling and Rubbish Collectors,"Year 12
 (%)",22.8
8997,Vending Machine Attendants,"Year 12
 (%)",30.5
8999,Other Miscellaneous Labourers,"Year 12
 (%)",23.4
111211,Corporate General Managers,"Year 12
 (%)",11.2
111212,Defence Force Senior Officers,"Year 12
 (%)",4.0
111311,Local Government Legislators,"Year 12
 (%)",11.2
111312,Members of Parliament,"Year 12
 (%)",6.5
111399,Other Legislators,"Year 12
 (%)",10.1
121211,Cotton Growers,"Year 12
 (%)",18.7
121212,Flower Growers,"Year 12
 (%)",16.3
121213,Fruit and Nut Growers,"Year 12
 (%)",19.0
121214,"Grain, Oilseed and Pasture Growers","Year 12
 (%)",18.8
121215,Grape Growers,"Year 12
 (%)",15.4
121216,Mixed Crop Farmers,"Year 12
 (%)",18.3
121217,Sugar Cane Growers,"Year 12
 (%)",13.1
121218,Turf Growers,"Year 12
 (%)",15.0
121221,Vegetable Growers,"Year 12
 (%)",20.9
121299,Other Crop Farmers,"Year 12
 (%)",17.0
121311,Beekeepers,"Year 12
 (%)",14.4
121312,Beef Cattle Farmers,"Year 12
 (%)",14.0
121313,Dairy Cattle Farmers,"Year 12
 (%)",13.5
121314,Deer Farmers,"Year 12
 (%)",
121315,Goat Farmers,"Year 12
 (%)",10.6
121316,Horse Breeders,"Year 12
 (%)",19.8
121317,Mixed Livestock Farmers,"Year 12
 (%)",13.6
121318,Pig Farmers,"Year 12
 (%)",16.1
121321,Poultry Farmers,"Year 12
 (%)",16.6
121322,Sheep Farmers,"Year 12
 (%)",15.3
121399,Other Livestock Farmers,"Year 12
 (%)",15.3
131112,Sales and Marketing Managers,"Year 12
 (%)",14.0
131113,Advertising Managers,"Year 12
 (%)",13.3
131114,Public Relations Managers,"Year 12
 (%)",6.2
133111,Construction Project Managers,"Year 12
 (%)",7.7
133112,Project Builders,"Year 12
 (%)",7.5
133311,Importers and Exporters,"Year 12
 (%)",17.8
133312,Wholesalers,"Year 12
 (%)",24.3
133511,Forest Managers,"Year 12
 (%)",7.4
133512,Manufacturing Production Managers,"Year 12
 (%)",14.8
133513,Mine Managers,"Year 12
 (%)",7.0
133611,Supply and Distribution Managers,"Year 12
 (%)",17.6
133612,Procurement Managers,"Year 12
 (%)",11.7
134211,Medical Administrators,"Year 12
 (%)",9.1
134212,Nursing Clinical Directors,"Year 12
 (%)",0.7
134213,Primary Health Organisation Managers,"Year 12
 (%)",4.9
134214,Welfare Centre Managers,"Year 12
 (%)",6.5
134299,Other Health and Welfare Services Managers,"Year 12
 (%)",4.9
134411,Faculty Heads,"Year 12
 (%)",2.1
134412,Regional Education Managers,"Year 12
 (%)",3.1
134499,Education Managers (not covered elsewhere),"Year 12
 (%)",3.5
135111,Chief Information Officers,"Year 12
 (%)",8.4
135112,ICT Project Managers,"Year 12
 (%)",7.9
135199,Other ICT Managers,"Year 12
 (%)",11.4
139111,Commissioned Defence Force Officers,"Year 12
 (%)",22.5
139112,Commissioned Fire Officers,"Year 12
 (%)",4.8
139113,Commissioned Police Officers,"Year 12
 (%)",5.0
139911,Arts Administrators and Managers,"Year 12
 (%)",8.5
139912,Environmental Managers,"Year 12
 (%)",2.4
139913,Laboratory Managers,"Year 12
 (%)",4.1
139914,Quality Assurance Managers,"Year 12
 (%)",7.9
139915,Sports Administrators,"Year 12
 (%)",14.9
139999,Specialist Managers (not covered elsewhere),"Year 12
 (%)",9.0
141911,Bed and Breakfast Operators,"Year 12
 (%)",10.9
141912,Retirement Village Managers,"Year 12
 (%)",11.3
141999,Accommodation and Hospitality Managers (not covered elsewhere),"Year 12
 (%)",14.8
142111,Retail Managers (General),"Year 12
 (%)",26.0
142112,Antique Dealers,"Year 12
 (%)",17.9
142113,Betting Agency Managers,"Year 12
 (%)",28.5
142114,Hair and Beauty Salon Managers,"Year 12
 (%)",9.7
142115,Post Office Managers,"Year 12
 (%)",21.4
142116,Travel Agency Managers,"Year 12
 (%)",13.7
149111,Amusement Centre Managers,"Year 12
 (%)",26.5
149112,Fitness Centre Managers,"Year 12
 (%)",12.8
149113,Sports Centre Managers,"Year 12
 (%)",23.0
149211,Call Centre or Contact Centre Managers,"Year 12
 (%)",20.0
149212,Customer Service Managers,"Year 12
 (%)",15.3
149411,Fleet Managers,"Year 12
 (%)",17.4
149412,Railway Station Managers,"Year 12
 (%)",14.4
149413,Transport Company Managers,"Year 12
 (%)",17.0
149911,Boarding Kennel and Cattery Operators,"Year 12
 (%)",18.9
149912,Cinema and Theatre Managers,"Year 12
 (%)",35.1
149913,Facilities Managers,"Year 12
 (%)",11.4
149914,Bank Managers and Branch Managers,"Year 12
 (%)",20.5
149915,Equipment Hire Managers,"Year 12
 (%)",19.1
149999,"Hospitality, Retail and Service Managers (not covered elsewhere)","Year 12
 (%)",15.1
211111,Actors,"Year 12
 (%)",16.9
211112,Dancers and Choreographers,"Year 12
 (%)",22.9
211113,Entertainers and Variety Artists,"Year 12
 (%)",26.6
211199,"Other Actors, Dancers and Entertainers","Year 12
 (%)",26.4
211211,Composers,"Year 12
 (%)",16.9
211212,Music Directors,"Year 12
 (%)",8.4
211213,Musicians,"Year 12
 (%)",21.7
211214,Singers,"Year 12
 (%)",20.5
211299,Other Music Professionals,"Year 12
 (%)",5.2
211411,Painters (Visual Arts),"Year 12
 (%)",12.5
211412,Potters and Ceramic Artists,"Year 12
 (%)",13.0
211413,Sculptors,"Year 12
 (%)",9.0
211499,Other Visual Arts or Crafts Professionals,"Year 12
 (%)",15.1
212111,Artistic Directors,"Year 12
 (%)",9.1
212112,Media Producers,"Year 12
 (%)",14.8
212113,Radio Presenters,"Year 12
 (%)",27.6
212114,Television Presenters,"Year 12
 (%)",25.6
212211,Authors,"Year 12
 (%)",9.2
212212,Book and Script Editors,"Year 12
 (%)",4.7
212311,"Art Directors (Film, Television or Stage)","Year 12
 (%)",14.9
212312,"Directors (Film, Television, Radio or Stage)","Year 12
 (%)",16.6
212313,Cinematographers,"Year 12
 (%)",19.9
212314,Film and Video Editors,"Year 12
 (%)",16.6
212315,Program Directors (Television or Radio),"Year 12
 (%)",14.7
212316,Stage Managers,"Year 12
 (%)",13.4
212317,Technical Directors,"Year 12
 (%)",16.6
212318,Video Producers,"Year 12
 (%)",13.6
212399,"Other Film, Television, Radio and Stage Directors","Year 12
 (%)",18.9
212411,Copywriters,"Year 12
 (%)",9.0
212412,Newspaper and Periodical Editors,"Year 12
 (%)",10.1
212413,Print Journalists,"Year 12
 (%)",12.1
212414,Radio Journalists,"Year 12
 (%)",10.5
212415,Technical Writers,"Year 12
 (%)",7.5
212416,Television Journalists,"Year 12
 (%)",11.3
212499,"Bloggers, Critics, Sports and Other Writers (not covered elsewhere)","Year 12
 (%)",12.3
221111,Accountants (General),"Year 12
 (%)",3.9
221112,Management Accountants,"Year 12
 (%)",2.3
221113,Taxation Accountants,"Year 12
 (%)",3.7
221211,Company Secretaries,"Year 12
 (%)",5.8
221212,Corporate Treasurers,"Year 12
 (%)",5.4
221213,External Auditors,"Year 12
 (%)",6.4
221214,Internal Auditors,"Year 12
 (%)",7.0
222111,Commodities Traders,"Year 12
 (%)",14.5
222112,Finance Brokers,"Year 12
 (%)",7.7
222113,Insurance Brokers,"Year 12
 (%)",13.5
222199,Other Financial Brokers,"Year 12
 (%)",10.6
222211,Financial Market Dealers,"Year 12
 (%)",12.0
222212,Futures Traders,"Year 12
 (%)",22.5
222213,Stockbrokers,"Year 12
 (%)",9.0
222299,Other Financial Dealers,"Year 12
 (%)",10.9
222311,Financial Investment Advisers,"Year 12
 (%)",5.4
222312,Financial Investment Managers,"Year 12
 (%)",6.3
223111,Human Resource Advisers,"Year 12
 (%)",10.1
223112,Recruitment Consultants,"Year 12
 (%)",17.1
223113,Workplace Relations Advisers,"Year 12
 (%)",9.9
224111,Actuaries,"Year 12
 (%)",2.0
224112,Mathematicians,"Year 12
 (%)",2.3
224113,Statisticians,"Year 12
 (%)",4.6
224211,Archivists,"Year 12
 (%)",7.7
224212,Gallery and Museum Curators,"Year 12
 (%)",2.7
224213,Health Information Managers,"Year 12
 (%)",4.9
224214,Records Managers,"Year 12
 (%)",14.5
224411,Intelligence Officers,"Year 12
 (%)",9.2
224412,Policy Analysts,"Year 12
 (%)",4.7
224511,Land Economists,"Year 12
 (%)",8.6
224512,Valuers,"Year 12
 (%)",5.3
224711,Management Consultants,"Year 12
 (%)",7.0
224712,Organisation and Methods Analysts,"Year 12
 (%)",7.6
224911,Electorate Officers,"Year 12
 (%)",21.0
224912,Liaison Officers,"Year 12
 (%)",9.7
224913,Migration Agents,"Year 12
 (%)",2.0
224914,Patents Examiners,"Year 12
 (%)",2.2
224999,Information and Organisation Professionals (not covered elsewhere),"Year 12
 (%)",8.3
225111,Advertising Specialists,"Year 12
 (%)",9.5
225112,Market Research Analysts,"Year 12
 (%)",10.0
225113,Marketing Specialists,"Year 12
 (%)",10.0
225211,ICT Account Managers,"Year 12
 (%)",16.0
225212,ICT Business Development Managers,"Year 12
 (%)",12.9
225213,ICT Sales Representatives,"Year 12
 (%)",19.6
225411,Sales Representatives (Industrial Products),"Year 12
 (%)",18.7
225412,Sales Representatives (Medical and Pharmaceutical Products),"Year 12
 (%)",10.8
225499,Other Technical Sales Representatives,"Year 12
 (%)",12.8
231111,Aeroplane Pilots,"Year 12
 (%)",14.7
231112,Air Traffic Controllers,"Year 12
 (%)",6.7
231113,Flying Instructors,"Year 12
 (%)",8.8
231114,Helicopter Pilots,"Year 12
 (%)",11.4
231199,Other Air Transport Professionals,"Year 12
 (%)",13.1
231211,Master Fishers,"Year 12
 (%)",8.1
231212,Marine Engineers,"Year 12
 (%)",2.3
231213,Ship's Masters,"Year 12
 (%)",8.2
231214,Ship's Officers,"Year 12
 (%)",7.8
231215,Marine Surveyors,"Year 12
 (%)",2.9
231299,Other Marine Transport Professionals,"Year 12
 (%)",9.8
232111,Architects,"Year 12
 (%)",1.4
232112,Landscape Architects,"Year 12
 (%)",2.7
232212,Surveyors,"Year 12
 (%)",9.3
232213,Cartographers,"Year 12
 (%)",6.5
232214,Other Spatial Scientists,"Year 12
 (%)",4.7
232311,Fashion Designers,"Year 12
 (%)",9.4
232312,Industrial Designers,"Year 12
 (%)",6.9
232313,Jewellery Designers,"Year 12
 (%)",13.0
232411,Graphic Designers,"Year 12
 (%)",7.1
232412,Illustrators (including Animators),"Year 12
 (%)",7.3
232413,Multimedia Designers,"Year 12
 (%)",9.2
232414,Web Designers,"Year 12
 (%)",9.6
233111,Chemical Engineers,"Year 12
 (%)",1.9
233112,Materials Engineers,"Year 12
 (%)",5.5
233211,Civil Engineers,"Year 12
 (%)",4.2
233212,Geotechnical Engineers,"Year 12
 (%)",2.5
233213,Quantity Surveyors,"Year 12
 (%)",4.6
233214,Structural Engineers,"Year 12
 (%)",2.1
233215,Transport Engineers,"Year 12
 (%)",3.9
233511,Industrial Engineers,"Year 12
 (%)",3.9
233512,Mechanical Engineers,"Year 12
 (%)",2.8
233513,Production and Plant Engineers,"Year 12
 (%)",3.4
233611,Mining Engineers (excluding Petroleum),"Year 12
 (%)",2.8
233612,Petroleum Engineers,"Year 12
 (%)",1.6
233911,Aeronautical Engineers,"Year 12
 (%)",3.2
233912,Agricultural Engineers,"Year 12
 (%)",7.9
233913,Biomedical Engineers,"Year 12
 (%)",3.8
233914,Engineering Technologists,"Year 12
 (%)",1.9
233915,Environmental Engineers,"Year 12
 (%)",2.1
233916,Naval Architects,"Year 12
 (%)",0.8
233999,Engineering Professionals (not covered elsewhere),"Year 12
 (%)",4.5
234111,Agricultural Consultants,"Year 12
 (%)",6.5
234112,Agricultural Scientists,"Year 12
 (%)",3.5
234113,Foresters,"Year 12
 (%)",6.3
234211,Chemists,"Year 12
 (%)",3.9
234212,Food Technologists,"Year 12
 (%)",2.6
234213,Wine Makers,"Year 12
 (%)",10.6
234311,Conservation Officers,"Year 12
 (%)",3.7
234312,Environmental Consultants,"Year 12
 (%)",1.6
234313,Environmental Research Scientists,"Year 12
 (%)",1.5
234314,Park Rangers,"Year 12
 (%)",10.4
234399,Other Environmental Scientists,"Year 12
 (%)",3.8
234411,Geologists,"Year 12
 (%)",1.2
234412,Geophysicists,"Year 12
 (%)",1.4
234413,Hydrogeologists,"Year 12
 (%)",0.4
234511,Biologists,"Year 12
 (%)",1.7
234513,Biochemists,"Year 12
 (%)",0.0
234514,Biotechnologists,"Year 12
 (%)",1.1
234515,Botanists,"Year 12
 (%)",2.1
234516,Marine Biologists,"Year 12
 (%)",1.1
234517,Microbiologists,"Year 12
 (%)",0.9
234518,Zoologists,"Year 12
 (%)",2.4
234599,Other Life Scientists,"Year 12
 (%)",1.6
234911,Conservators,"Year 12
 (%)",5.5
234912,Metallurgists,"Year 12
 (%)",1.7
234913,Meteorologists,"Year 12
 (%)",0.8
234914,Physicists (including Astronomers),"Year 12
 (%)",1.5
234915,Exercise Physiologists,"Year 12
 (%)",0.6
234999,Natural and Physical Science Professionals (not covered elsewhere),"Year 12
 (%)",2.9
241511,Special Needs Teachers,"Year 12
 (%)",1.5
241512,Teachers of the Hearing Impaired,"Year 12
 (%)",1.8
241513,Teachers of the Sight Impaired,"Year 12
 (%)",0.0
241599,Other Special Education Teachers,"Year 12
 (%)",4.0
242111,University Lecturers,"Year 12
 (%)",0.6
242112,University Tutors,"Year 12
 (%)",11.9
249111,Education Advisers,"Year 12
 (%)",3.6
249112,Education Reviewers,"Year 12
 (%)",1.1
249211,Art Teachers (Private Tuition),"Year 12
 (%)",13.0
249212,Dance Teachers (Private Tuition),"Year 12
 (%)",22.6
249213,Drama Teachers (Private Tuition),"Year 12
 (%)",13.1
249214,Music Teachers (Private Tuition),"Year 12
 (%)",17.0
249299,Other Private Tutors and Teachers,"Year 12
 (%)",31.8
251111,Dietitians,"Year 12
 (%)",0.3
251112,Nutritionists,"Year 12
 (%)",1.7
251211,Medical Diagnostic Radiographers,"Year 12
 (%)",1.0
251212,Medical Radiation Therapists,"Year 12
 (%)",0.3
251213,Nuclear Medicine Technologists,"Year 12
 (%)",0.0
251214,Sonographers,"Year 12
 (%)",0.8
251311,Environmental Health Officers,"Year 12
 (%)",6.6
251312,Occupational Health and Safety Advisers,"Year 12
 (%)",5.9
251411,Optometrists,"Year 12
 (%)",1.2
251412,Orthoptists,"Year 12
 (%)",0.3
251511,Hospital Pharmacists,"Year 12
 (%)",1.0
251512,Industrial Pharmacists,"Year 12
 (%)",1.9
251513,Retail Pharmacists,"Year 12
 (%)",4.2
251911,Health Promotion Officers,"Year 12
 (%)",3.8
251912,Orthotists and Prosthetists,"Year 12
 (%)",1.4
251999,Genetic Counsellors (and Other Health Professionals not covered elsewhere),"Year 12
 (%)",8.5
252111,Chiropractors,"Year 12
 (%)",0.4
252112,Osteopaths,"Year 12
 (%)",0.2
252211,Acupuncturists,"Year 12
 (%)",1.5
252212,Homoeopaths,"Year 12
 (%)",0.0
252213,Naturopaths,"Year 12
 (%)",1.2
252214,Chinese Medicine Practitioners,"Year 12
 (%)",1.9
252299,"Music, Dance, Drama, Play, Hypnotic, and Related Therapists","Year 12
 (%)",2.4
252311,Dental Specialists (including Orthodontists),"Year 12
 (%)",1.0
252312,Dentists,"Year 12
 (%)",1.0
252711,Audiologists,"Year 12
 (%)",0.8
252712,Speech Pathologists,"Year 12
 (%)",0.6
253111,General Practitioners,"Year 12
 (%)",0.4
253112,Resident Medical Officers,"Year 12
 (%)",0.6
253311,Specialist Physicians (General Medicine),"Year 12
 (%)",0.0
253312,Cardiologists,"Year 12
 (%)",0.9
253313,Clinical Haematologists,"Year 12
 (%)",0.0
253314,Medical Oncologists,"Year 12
 (%)",0.0
253315,Endocrinologists,"Year 12
 (%)",0.0
253316,Gastroenterologists,"Year 12
 (%)",0.0
253317,Intensive Care Specialists,"Year 12
 (%)",0.0
253318,Neurologists,"Year 12
 (%)",0.0
253321,Paediatricians,"Year 12
 (%)",0.2
253322,Renal Medicine Specialists,"Year 12
 (%)",0.0
253323,Rheumatologists,"Year 12
 (%)",0.0
253324,Thoracic Medicine Specialists,"Year 12
 (%)",0.0
253399,Other Specialist Physicians,"Year 12
 (%)",0.6
253511,Surgeons (General),"Year 12
 (%)",0.0
253512,Cardiothoracic Surgeons,"Year 12
 (%)",0.0
253513,Neurosurgeons,"Year 12
 (%)",0.0
253514,Orthopaedic Surgeons,"Year 12
 (%)",0.3
253515,"Ear, Nose and Throat Specialists","Year 12
 (%)",1.4
253516,Paediatric Surgeons,"Year 12
 (%)",0.0
253517,Plastic and Reconstructive Surgeons,"Year 12
 (%)",2.1
253518,Urologists,"Year 12
 (%)",0.0
253521,Vascular Surgeons,"Year 12
 (%)",0.0
253911,Dermatologists,"Year 12
 (%)",0.9
253912,Emergency Medicine Specialists,"Year 12
 (%)",0.1
253913,Obstetricians and Gynaecologists,"Year 12
 (%)",0.2
253914,Eye Specialists,"Year 12
 (%)",1.5
253915,Pathologists,"Year 12
 (%)",5.2
253917,Diagnostic and Interventional Radiologists,"Year 12
 (%)",1.0
253918,Radiation Oncologists,"Year 12
 (%)",0.0
253999,Medical Practitioners (not covered elsewhere),"Year 12
 (%)",2.2
254211,Nurse Educators,"Year 12
 (%)",0.3
254212,Nurse Researchers,"Year 12
 (%)",0.2
254411,Nurse Practitioners,"Year 12
 (%)",2.9
254412,Registered Nurses (Aged Care),"Year 12
 (%)",3.5
254413,Registered Nurses (Child and Family Health),"Year 12
 (%)",0.5
254414,Registered Nurses (Community Health),"Year 12
 (%)",0.7
254415,Registered Nurses (Critical Care and Emergency),"Year 12
 (%)",0.3
254416,Registered Nurses (Developmental Disability),"Year 12
 (%)",
254417,Registered Nurses (Disability and Rehabilitation),"Year 12
 (%)",1.0
254418,Registered Nurses (Medical),"Year 12
 (%)",0.4
254421,Registered Nurses (Medical Practice),"Year 12
 (%)",0.7
254422,Registered Nurses (Mental Health),"Year 12
 (%)",0.5
254423,Registered Nurses (Perioperative),"Year 12
 (%)",0.5
254424,Registered Nurses (Surgical),"Year 12
 (%)",0.3
254425,Registered Nurses (Paediatrics),"Year 12
 (%)",0.5
254499,Registered Nurses (not covered elsewhere),"Year 12
 (%)",1.2
261111,ICT Business Analysts,"Year 12
 (%)",6.5
261112,Systems Analysts,"Year 12
 (%)",7.8
261211,Game and Multimedia Developers,"Year 12
 (%)",9.2
261212,Web Developers,"Year 12
 (%)",9.9
261311,Analyst Programmers,"Year 12
 (%)",5.3
261312,Developer Programmers,"Year 12
 (%)",7.3
261313,Software Engineers,"Year 12
 (%)",4.9
261314,Software Testers,"Year 12
 (%)",6.0
261399,Other Software and Applications Programmers,"Year 12
 (%)",7.2
262111,Database Administrators,"Year 12
 (%)",10.2
262112,ICT Security Specialists,"Year 12
 (%)",8.7
262113,Systems Administrators,"Year 12
 (%)",12.1
263111,Computer Network and Systems Engineers,"Year 12
 (%)",8.7
263112,Network Administrators,"Year 12
 (%)",11.5
263113,Network Analysts,"Year 12
 (%)",7.9
263211,ICT Quality Assurance Engineers,"Year 12
 (%)",5.4
263212,ICT Support Engineers,"Year 12
 (%)",9.6
263213,ICT Systems Test Engineers,"Year 12
 (%)",8.4
263299,Other ICT Support and Test Engineers,"Year 12
 (%)",4.1
263311,Telecommunications Engineers,"Year 12
 (%)",4.2
263312,Telecommunications Network Engineers,"Year 12
 (%)",6.2
271211,Judges,"Year 12
 (%)",1.3
271212,Magistrates,"Year 12
 (%)",0.6
271213,Tribunal Members,"Year 12
 (%)",1.8
271214,Intellectual Property Lawyers,"Year 12
 (%)",0.7
271299,Judicial and Other Legal Professionals (not covered elsewhere),"Year 12
 (%)",6.0
272111,Careers Counsellors,"Year 12
 (%)",4.9
272112,Drug and Alcohol Counsellors,"Year 12
 (%)",3.7
272113,Family and Marriage Counsellors,"Year 12
 (%)",1.4
272114,Rehabilitation Counsellors,"Year 12
 (%)",1.6
272115,Student Counsellors,"Year 12
 (%)",6.9
272199,Other Counsellors and Life Coaches,"Year 12
 (%)",7.0
272311,Clinical Psychologists,"Year 12
 (%)",0.2
272312,Educational Psychologists,"Year 12
 (%)",0.1
272313,Organisational Psychologists,"Year 12
 (%)",0.0
272314,Psychotherapists,"Year 12
 (%)",3.2
272399,Other Psychologists,"Year 12
 (%)",0.8
272411,Historians,"Year 12
 (%)",4.3
272412,Interpreters,"Year 12
 (%)",6.4
272413,Translators,"Year 12
 (%)",4.7
272414,Archaeologists,"Year 12
 (%)",3.5
272499,Other Social Professionals,"Year 12
 (%)",7.1
272611,Community Arts Workers,"Year 12
 (%)",5.2
272612,Recreation Officers,"Year 12
 (%)",15.4
272613,Welfare Workers,"Year 12
 (%)",4.7
311211,Anaesthetic Technicians,"Year 12
 (%)",1.2
311212,Cardiac Technicians,"Year 12
 (%)",6.3
311213,Medical Laboratory Technicians,"Year 12
 (%)",13.1
311214,Operating Theatre Technicians,"Year 12
 (%)",8.2
311215,Pharmacy Technicians,"Year 12
 (%)",18.3
311216,Pathology Collectors,"Year 12
 (%)",8.9
311299,Other Medical Technicians,"Year 12
 (%)",12.6
311311,Fisheries Officers,"Year 12
 (%)",5.1
311312,Meat Inspectors,"Year 12
 (%)",9.5
311313,Quarantine Officers,"Year 12
 (%)",13.1
311399,Other Primary Products Inspectors,"Year 12
 (%)",11.4
311411,Chemistry Technicians,"Year 12
 (%)",12.8
311412,Earth Science Technicians,"Year 12
 (%)",20.1
311413,Life Science Technicians,"Year 12
 (%)",7.4
311414,School Laboratory Technicians,"Year 12
 (%)",6.8
311415,Hydrographers,"Year 12
 (%)",11.2
311499,Other Science Technicians,"Year 12
 (%)",11.3
312111,Architectural Draftspersons,"Year 12
 (%)",6.5
312112,Building Associates,"Year 12
 (%)",8.2
312113,Building Inspectors,"Year 12
 (%)",5.2
312114,Construction Estimators,"Year 12
 (%)",11.9
312115,Plumbing Inspectors,"Year 12
 (%)",1.1
312116,Surveying and Spatial Science Technicians,"Year 12
 (%)",15.3
312199,"Other Architectural, Building and Surveying Technicians","Year 12
 (%)",10.9
312211,Civil Engineering Draftspersons,"Year 12
 (%)",11.7
312212,Civil Engineering Technicians,"Year 12
 (%)",14.8
312311,Electrical Engineering Draftspersons,"Year 12
 (%)",7.9
312312,Electrical Engineering Technicians,"Year 12
 (%)",6.6
312411,Electronic Engineering Draftspersons,"Year 12
 (%)",16.4
312412,Electronic Engineering Technicians,"Year 12
 (%)",9.5
312511,Mechanical Engineering Draftspersons,"Year 12
 (%)",8.6
312512,Mechanical Engineering Technicians,"Year 12
 (%)",6.8
312911,Maintenance Planners,"Year 12
 (%)",6.4
312912,Metallurgical and Materials Technicians,"Year 12
 (%)",18.6
312913,Mine Deputies,"Year 12
 (%)",10.5
312999,Building and Engineering Technicians (not covered elsewhere),"Year 12
 (%)",6.6
313111,Hardware Technicians,"Year 12
 (%)",19.4
313112,ICT Customer Support Officers,"Year 12
 (%)",15.9
313113,Web Administrators,"Year 12
 (%)",12.9
313199,Other ICT Support Technicians,"Year 12
 (%)",22.4
313211,Radiocommunications Technicians,"Year 12
 (%)",10.2
313212,Telecommunications Field Engineers,"Year 12
 (%)",8.1
313213,Telecommunications Network Planners,"Year 12
 (%)",4.6
313214,Telecommunications Technical Officers and Technologists,"Year 12
 (%)",8.0
321211,Motor Mechanics (General),"Year 12
 (%)",9.4
321212,Diesel Motor Mechanics,"Year 12
 (%)",8.9
321213,Motorcycle Mechanics,"Year 12
 (%)",9.3
321214,Small Engine Mechanics,"Year 12
 (%)",10.4
322111,Blacksmiths,"Year 12
 (%)",15.6
322112,Electroplaters,"Year 12
 (%)",22.4
322113,Farriers,"Year 12
 (%)",8.2
322114,Metal Casting Trades Workers,"Year 12
 (%)",8.9
322115,Metal Polishers,"Year 12
 (%)",20.9
322311,Metal Fabricators,"Year 12
 (%)",8.9
322312,Pressure Welders,"Year 12
 (%)",3.4
322313,Welders (First Class),"Year 12
 (%)",13.2
323111,Aircraft Maintenance Engineers (Avionics),"Year 12
 (%)",9.2
323112,Aircraft Maintenance Engineers (Mechanical),"Year 12
 (%)",13.5
323113,Aircraft Maintenance Engineers (Structures),"Year 12
 (%)",4.7
323211,Fitters (General),"Year 12
 (%)",7.0
323212,Fitter and Turners,"Year 12
 (%)",10.4
323213,Fitter-Welders,"Year 12
 (%)",6.1
323214,Metal Machinists (First Class),"Year 12
 (%)",8.7
323215,"Textile, Clothing and Footwear Mechanics","Year 12
 (%)",12.4
323299,Other Metal Fitters and Machinists,"Year 12
 (%)",8.6
323311,Engravers,"Year 12
 (%)",22.8
323312,Gunsmiths,"Year 12
 (%)",6.9
323313,Locksmiths,"Year 12
 (%)",11.6
323314,Precision Instrument Makers and Repairers,"Year 12
 (%)",11.0
323315,Saw Doctors,"Year 12
 (%)",7.9
323316,Watch and Clock Makers and Repairers,"Year 12
 (%)",12.3
323411,Engineering Patternmakers,"Year 12
 (%)",6.9
323412,Toolmakers,"Year 12
 (%)",6.6
324211,Vehicle Body Builders,"Year 12
 (%)",14.7
324212,Vehicle Trimmers,"Year 12
 (%)",8.6
331111,Bricklayers,"Year 12
 (%)",9.1
331112,Stonemasons,"Year 12
 (%)",21.8
331212,Carpenters,"Year 12
 (%)",12.7
331213,Joiners,"Year 12
 (%)",12.8
333211,Fibrous Plasterers,"Year 12
 (%)",17.1
333212,Solid Plasterers,"Year 12
 (%)",16.5
334111,Plumbers (General),"Year 12
 (%)",10.5
334112,Airconditioning and Mechanical Services Plumbers,"Year 12
 (%)",12.8
334113,Drainers,"Year 12
 (%)",11.2
334114,Gasfitters,"Year 12
 (%)",5.9
334115,Roof Plumbers,"Year 12
 (%)",13.0
341111,Electricians (General),"Year 12
 (%)",12.3
341112,Electricians (Special Class),"Year 12
 (%)",8.8
341113,Lift Mechanics,"Year 12
 (%)",8.5
342211,Electrical Linesworkers,"Year 12
 (%)",6.1
342212,Technical Cable Jointers,"Year 12
 (%)",11.4
342311,Business Machine Mechanics,"Year 12
 (%)",17.2
342312,Communications Operators,"Year 12
 (%)",40.2
342313,Electronic Equipment Trades Workers,"Year 12
 (%)",17.9
342314,Electronic Instrument Trades Workers (General),"Year 12
 (%)",8.2
342315,Electronic Instrument Trades Workers (Special Class),"Year 12
 (%)",4.5
342411,Cablers (Data and Telecommunications),"Year 12
 (%)",17.1
342412,Telecommunications Cable Jointers,"Year 12
 (%)",16.4
342413,Telecommunications Linesworkers,"Year 12
 (%)",17.1
342414,Telecommunications Technicians,"Year 12
 (%)",13.0
351111,Bakers,"Year 12
 (%)",19.0
351112,Pastrycooks,"Year 12
 (%)",12.6
361111,Dog Handlers and Trainers,"Year 12
 (%)",14.6
361112,Horse Trainers,"Year 12
 (%)",21.4
361113,Pet Groomers,"Year 12
 (%)",23.6
361114,Zookeepers,"Year 12
 (%)",11.8
361115,Kennel Hands,"Year 12
 (%)",28.5
361199,Other Animal Attendants and Trainers,"Year 12
 (%)",24.4
362211,Gardeners (General),"Year 12
 (%)",17.6
362212,Arborists,"Year 12
 (%)",11.2
362213,Landscape Gardeners,"Year 12
 (%)",21.1
392111,Print Finishers,"Year 12
 (%)",16.9
392112,Screen Printers,"Year 12
 (%)",23.1
392311,Printing Machinists,"Year 12
 (%)",13.2
392312,Small Offset Printers,"Year 12
 (%)",14.9
393111,Canvas Goods Fabricators,"Year 12
 (%)",20.8
393112,Leather Goods Makers,"Year 12
 (%)",16.1
393113,Sail Makers,"Year 12
 (%)",22.4
393114,Shoemakers,"Year 12
 (%)",22.4
393211,Apparel Cutters,"Year 12
 (%)",24.5
393212,Clothing Patternmakers,"Year 12
 (%)",7.3
393213,Dressmakers and Tailors,"Year 12
 (%)",21.8
393299,Other Clothing Trades Workers,"Year 12
 (%)",12.1
394211,Furniture Finishers,"Year 12
 (%)",16.0
394212,Picture Framers,"Year 12
 (%)",22.3
394213,Wood Machinists,"Year 12
 (%)",10.1
394214,Wood Turners,"Year 12
 (%)",22.9
394299,Other Wood Machinists and Wood Trades Workers,"Year 12
 (%)",11.9
399111,Boat Builders and Repairers,"Year 12
 (%)",15.3
399112,Shipwrights,"Year 12
 (%)",11.0
399211,Chemical Plant Operators,"Year 12
 (%)",17.6
399212,Gas and Petroleum Operators,"Year 12
 (%)",7.9
399213,Power Generation Plant Operators,"Year 12
 (%)",3.0
399311,Gallery and Museum Technicians,"Year 12
 (%)",12.1
399312,Library Technicians,"Year 12
 (%)",9.2
399511,Broadcast Transmitter Operators,"Year 12
 (%)",22.5
399512,"Camera Operators (Film, Television or Video)","Year 12
 (%)",26.0
399513,Light Technicians,"Year 12
 (%)",19.1
399514,Make Up Artists,"Year 12
 (%)",14.8
399515,Musical Instrument Makers and Repairers,"Year 12
 (%)",18.3
399516,Sound Technicians,"Year 12
 (%)",18.2
399517,Television Equipment Operators,"Year 12
 (%)",19.4
399599,Other Performing Arts Technicians,"Year 12
 (%)",18.4
399911,Divers,"Year 12
 (%)",15.7
399912,Interior Decorators,"Year 12
 (%)",18.9
399913,Optical Dispensers,"Year 12
 (%)",25.0
399914,Optical Mechanics,"Year 12
 (%)",16.7
399915,Photographer's Assistants,"Year 12
 (%)",19.0
399916,Plastics Technicians,"Year 12
 (%)",12.0
399917,Wool Classers,"Year 12
 (%)",8.8
399918,Fire Protection Equipment Technicians,"Year 12
 (%)",16.0
399999,Technicians and Trades Workers (not covered elsewhere),"Year 12
 (%)",17.0
411111,Ambulance Officers,"Year 12
 (%)",2.4
411112,Intensive Care Ambulance Paramedics,"Year 12
 (%)",0.7
411211,Dental Hygienists,"Year 12
 (%)",0.9
411212,Dental Prosthetists,"Year 12
 (%)",0.3
411213,Dental Technicians,"Year 12
 (%)",8.4
411214,Dental Therapists,"Year 12
 (%)",0.4
411411,Enrolled Nurses,"Year 12
 (%)",1.9
411412,Mothercraft Nurses,"Year 12
 (%)",3.1
411711,Community Workers,"Year 12
 (%)",7.7
411712,Disabilities Services Officers,"Year 12
 (%)",8.4
411713,Family Support Workers,"Year 12
 (%)",7.8
411714,Parole and Probation Officers,"Year 12
 (%)",6.2
411715,Residential Care Officers,"Year 12
 (%)",6.0
411716,Youth Workers,"Year 12
 (%)",11.3
421111,Child Care Workers,"Year 12
 (%)",8.3
421112,Family Day Care Workers,"Year 12
 (%)",4.6
421113,Nannies,"Year 12
 (%)",34.0
421114,Out of School Hours Care Workers,"Year 12
 (%)",41.4
422111,Aboriginal and Torres Strait Islander Education Workers,"Year 12
 (%)",18.4
422112,Integration Aides,"Year 12
 (%)",12.0
422115,Preschool Aides,"Year 12
 (%)",6.8
422116,Teachers' Aides,"Year 12
 (%)",15.0
423311,Hospital orderlies,"Year 12
 (%)",21.0
423312,Nursing Support Workers,"Year 12
 (%)",13.8
423313,Personal Care Assistants,"Year 12
 (%)",10.2
423314,Therapy Aides,"Year 12
 (%)",18.4
423411,Child and Youth Residential Care Assistants,"Year 12
 (%)",10.2
423412,Hostel Parents,"Year 12
 (%)",29.5
423413,Refuge Workers,"Year 12
 (%)",9.8
431111,Bar Attendants,"Year 12
 (%)",46.1
431112,Baristas,"Year 12
 (%)",39.4
431911,Bar Usefuls and Bussers,"Year 12
 (%)",44.5
431912,Doorpersons and Luggage Porters,"Year 12
 (%)",29.2
431999,Hospitality Workers (not covered elsewhere),"Year 12
 (%)",27.6
441211,Emergency Service Workers,"Year 12
 (%)",8.7
441212,Fire Fighters,"Year 12
 (%)",10.1
441311,Detectives,"Year 12
 (%)",6.7
441312,Police Officers,"Year 12
 (%)",12.2
442211,"Alarm, Security and Surveillance Monitors","Year 12
 (%)",21.7
442212,Armoured Car Escorts,"Year 12
 (%)",20.2
442213,Crowd Controllers,"Year 12
 (%)",27.6
442214,Private Investigators,"Year 12
 (%)",12.5
442215,Retail Loss Prevention Officers,"Year 12
 (%)",25.6
442216,Security Consultants,"Year 12
 (%)",8.5
442217,Security Officers,"Year 12
 (%)",20.2
442299,Other Security Workers,"Year 12
 (%)",26.5
451311,Funeral Directors,"Year 12
 (%)",20.4
451399,Funeral Workers (Other),"Year 12
 (%)",17.4
451411,Gallery and Museum Guides,"Year 12
 (%)",15.7
451412,Tour Guides,"Year 12
 (%)",16.8
451511,Natural Remedy Consultants,"Year 12
 (%)",17.9
451512,Weight Loss Consultants,"Year 12
 (%)",19.4
451513,Herbalists (Western),"Year 12
 (%)",2.0
451611,Tourist Information Officers,"Year 12
 (%)",16.1
451612,Travel Consultants,"Year 12
 (%)",17.2
451711,Flight Attendants,"Year 12
 (%)",33.1
451799,Other Travel Attendants,"Year 12
 (%)",30.6
451811,Civil Celebrants,"Year 12
 (%)",7.6
451812,Hair and Beauty Salon Assistants,"Year 12
 (%)",25.2
451814,Body Artists,"Year 12
 (%)",27.5
451815,First Aid Trainers,"Year 12
 (%)",11.0
451816,Religious Assistants,"Year 12
 (%)",9.3
451899,Personal Service Workers (not covered elsewhere),"Year 12
 (%)",21.8
452211,Bungy Jump Masters,"Year 12
 (%)",
452212,Fishing Guides,"Year 12
 (%)",23.9
452213,Hunting Guides,"Year 12
 (%)",
452214,Mountain and Glacier Guides,"Year 12
 (%)",
452215,Outdoor Adventure Instructors,"Year 12
 (%)",21.2
452216,Trekking Guides,"Year 12
 (%)",11.5
452217,Whitewater Rafting Guides,"Year 12
 (%)",
452299,Other Outdoor Adventure Guides,"Year 12
 (%)",22.0
452311,"Scuba, Snorkelling and Dive instructors","Year 12
 (%)",16.2
452312,Gymnastics Coaches and Instructors,"Year 12
 (%)",34.2
452313,Horse Riding Coaches and Instructors,"Year 12
 (%)",23.3
452314,Snowsport Instructors,"Year 12
 (%)",37.6
452315,Swimming Coaches and Instructors,"Year 12
 (%)",42.8
452316,Tennis Coaches,"Year 12
 (%)",34.7
452317,Other Sports Coaches and Instructors,"Year 12
 (%)",35.0
452318,Dog and Horse Racing Officials,"Year 12
 (%)",22.0
452321,Sports Development Officers,"Year 12
 (%)",20.9
452322,Sports Umpires,"Year 12
 (%)",16.5
452323,Other Sports Officials,"Year 12
 (%)",22.5
452411,"Footballers (Soccer, Rugby and AFL)","Year 12
 (%)",58.9
452412,Golfers,"Year 12
 (%)",19.0
452413,Jockeys,"Year 12
 (%)",14.3
452414,Lifeguards,"Year 12
 (%)",49.4
452499,Other Sportspersons,"Year 12
 (%)",44.5
511111,Contract Administrators,"Year 12
 (%)",11.0
511112,Program and Project Administrators,"Year 12
 (%)",10.7
512211,Health Practice Managers,"Year 12
 (%)",14.2
512299,Other Practice Managers,"Year 12
 (%)",13.3
521211,Secretaries (General),"Year 12
 (%)",19.4
521212,Legal Secretaries,"Year 12
 (%)",27.9
532111,Data Entry Operators,"Year 12
 (%)",26.5
532112,Machine Shorthand Reporters,"Year 12
 (%)",16.2
532113,Typists,"Year 12
 (%)",21.7
541111,Call Centre or Contact Centre Team Leaders,"Year 12
 (%)",26.3
541112,Call Centre or Contact Centre Operators,"Year 12
 (%)",30.0
542111,Receptionists (General),"Year 12
 (%)",29.2
542112,Admissions Clerks,"Year 12
 (%)",23.7
542113,Hotel and Motel Receptionists,"Year 12
 (%)",23.2
542114,Medical Receptionists,"Year 12
 (%)",28.6
551111,Accounts Clerks,"Year 12
 (%)",19.6
551112,Cost Clerks,"Year 12
 (%)",13.3
552311,Bookmakers,"Year 12
 (%)",35.6
552312,Insurance Consultants,"Year 12
 (%)",23.4
552313,Money Market Clerks,"Year 12
 (%)",13.9
552314,Statistical Clerks,"Year 12
 (%)",20.3
561111,Betting Agency Counter Clerks,"Year 12
 (%)",28.1
561112,Bookmaker's Clerks,"Year 12
 (%)",
561113,Telephone Betting Clerks,"Year 12
 (%)",39.7
561199,Other Betting Clerks,"Year 12
 (%)",19.9
561211,Couriers,"Year 12
 (%)",24.8
561212,Postal Delivery Officers,"Year 12
 (%)",23.5
561411,Mail Clerks,"Year 12
 (%)",29.7
561412,Postal Sorting Officers,"Year 12
 (%)",30.1
561911,Classified Advertising Clerks,"Year 12
 (%)",25.0
561912,Meter Readers,"Year 12
 (%)",28.0
561913,Parking Inspectors,"Year 12
 (%)",19.4
561999,Clerical and Office Support Workers (not covered elsewhere),"Year 12
 (%)",25.9
591112,Production Clerks,"Year 12
 (%)",21.6
591113,Purchasing Officers,"Year 12
 (%)",19.3
591115,Stock Clerks,"Year 12
 (%)",25.6
591116,Warehouse Administrators,"Year 12
 (%)",26.3
591117,Order Clerks,"Year 12
 (%)",25.2
591211,Despatching and Receiving Clerks,"Year 12
 (%)",24.9
591212,Import-Export Clerks,"Year 12
 (%)",20.2
599111,Conveyancers,"Year 12
 (%)",18.8
599112,Legal Executives,"Year 12
 (%)",34.2
599211,Clerks of Court,"Year 12
 (%)",21.3
599212,Court Bailiffs and Sheriffs,"Year 12
 (%)",15.9
599213,Court Orderlies,"Year 12
 (%)",23.1
599214,Law Clerks,"Year 12
 (%)",33.9
599215,Trust Officers,"Year 12
 (%)",18.3
599511,Customs Officers,"Year 12
 (%)",21.4
599512,Immigration Officers,"Year 12
 (%)",16.2
599513,Motor Vehicle Licence Examiners,"Year 12
 (%)",22.0
599514,Noxious Weeds and Pest Inspectors,"Year 12
 (%)",12.0
599515,Social Security Assessors,"Year 12
 (%)",22.9
599516,Taxation Inspectors,"Year 12
 (%)",7.2
599517,Train Examiners,"Year 12
 (%)",13.9
599518,Transport Operations Inspectors,"Year 12
 (%)",14.6
599521,Water Inspectors,"Year 12
 (%)",11.6
599599,Other Inspectors and Regulatory Officers,"Year 12
 (%)",12.7
599611,Insurance Investigators,"Year 12
 (%)",16.3
599612,Insurance Loss Adjusters,"Year 12
 (%)",12.0
599613,Insurance Risk Surveyors,"Year 12
 (%)",7.8
599912,"Production Assistants (Film, Television, Radio or Stage)","Year 12
 (%)",15.3
599913,Proof Readers,"Year 12
 (%)",14.0
599914,Radio Despatchers,"Year 12
 (%)",17.8
599915,Clinical Coders,"Year 12
 (%)",6.4
599916,Facilities Administrators,"Year 12
 (%)",14.2
599999,Clerical and Administrative Workers (not covered elsewhere),"Year 12
 (%)",21.3
611111,Auctioneers,"Year 12
 (%)",26.1
611112,Stock and Station Agents,"Year 12
 (%)",23.5
611311,Sales Representatives (Building and Plumbing Supplies),"Year 12
 (%)",25.5
611312,Sales Representatives (Business Services),"Year 12
 (%)",22.7
611313,Sales Representatives (Motor Vehicle Parts and Accessories),"Year 12
 (%)",22.0
611314,Sales Representatives (Personal and Household Goods),"Year 12
 (%)",25.0
611399,Other Sales Representatives,"Year 12
 (%)",21.7
612111,Business Brokers,"Year 12
 (%)",11.0
612112,Property Managers,"Year 12
 (%)",15.5
612113,Real Estate Agency Principals,"Year 12
 (%)",10.5
612114,Real Estate Agents,"Year 12
 (%)",15.2
612115,Real Estate Representatives,"Year 12
 (%)",18.2
621311,Motor Vehicle and Caravan Salespersons,"Year 12
 (%)",30.5
621312,Motor Vehicle Parts Interpreters,"Year 12
 (%)",26.8
621711,Cash Van Salespersons,"Year 12
 (%)",22.6
621712,Door-to-door Salespersons,"Year 12
 (%)",22.7
621713,Street Vendors,"Year 12
 (%)",20.7
621911,Materials Recyclers,"Year 12
 (%)",21.6
621912,Rental Salespersons,"Year 12
 (%)",29.2
621999,Sales Assistants and Salespersons (not covered elsewhere),"Year 12
 (%)",23.4
631111,Checkout Operators,"Year 12
 (%)",32.6
631112,Cashiers,"Year 12
 (%)",31.5
639111,Models,"Year 12
 (%)",34.2
639112,Sales Demonstrators,"Year 12
 (%)",26.0
639211,Retail Buyers,"Year 12
 (%)",19.2
639212,Wool Buyers,"Year 12
 (%)",17.1
639411,Ticket Sellers,"Year 12
 (%)",29.2
639412,Transport Conductors,"Year 12
 (%)",24.1
711111,Clay Products Machine Operators,"Year 12
 (%)",25.7
711112,Concrete Products Machine Operators,"Year 12
 (%)",22.4
711113,Glass Production Machine Operators,"Year 12
 (%)",23.6
711114,Stone Processing Machine Operators,"Year 12
 (%)",29.6
711199,"Other Clay, Concrete, Glass and Stone Processing Machine Operators","Year 12
 (%)",26.6
711311,Paper Products Machine Operators,"Year 12
 (%)",27.7
711313,Sawmilling Operators,"Year 12
 (%)",18.9
711314,Other Wood Processing Machine Operators,"Year 12
 (%)",22.4
711511,Plastic Cablemaking Machine Operators,"Year 12
 (%)",19.6
711512,Plastic Compounding and Reclamation Machine Operators,"Year 12
 (%)",16.9
711513,Plastics Fabricators and Welders,"Year 12
 (%)",19.8
711514,Plastics Production Machine Operators (General),"Year 12
 (%)",25.1
711515,Reinforced Plastic and Composite Production Workers,"Year 12
 (%)",19.0
711516,Rubber Production Machine Operators,"Year 12
 (%)",20.5
711599,Other Plastics and Rubber Production Machine Operators,"Year 12
 (%)",30.4
711711,Footwear Production Machine Operators,"Year 12
 (%)",25.7
711712,Hide and Skin Processing Machine Operators,"Year 12
 (%)",26.5
711713,Knitting Machine Operators,"Year 12
 (%)",18.5
711714,Textile Dyeing and Finishing Machine Operators,"Year 12
 (%)",16.0
711715,Weaving Machine Operators,"Year 12
 (%)",20.4
711716,Yarn Carding and Spinning Machine Operators,"Year 12
 (%)",18.1
711799,Other Textile and Footwear Production Machine Operators,"Year 12
 (%)",27.2
711911,Chemical Production Machine Operators,"Year 12
 (%)",22.5
711912,Motion Picture Projectionists,"Year 12
 (%)",30.3
711913,Sand Blasters,"Year 12
 (%)",19.6
711914,Sterilisation Technicians,"Year 12
 (%)",8.7
711999,Machine Operators (not covered elsewhere),"Year 12
 (%)",26.9
712211,Drillers,"Year 12
 (%)",17.9
712212,Miners,"Year 12
 (%)",19.4
712213,Shot Firers,"Year 12
 (%)",22.3
712911,Boiler and Engine Operators,"Year 12
 (%)",13.1
712912,Bulk Materials Handling Plant Operators,"Year 12
 (%)",22.1
712913,Cement Production Plant Operators,"Year 12
 (%)",14.1
712914,Concrete Batching Plant Operators,"Year 12
 (%)",22.5
712915,Concrete Pump Operators,"Year 12
 (%)",21.8
712916,Paper and Pulp Mill Operators,"Year 12
 (%)",22.5
712917,Railway Signal Operators,"Year 12
 (%)",20.8
712918,Train Controllers,"Year 12
 (%)",14.8
712921,Waste Water and Water Plant Operators,"Year 12
 (%)",9.0
712922,Weighbridge Operators,"Year 12
 (%)",25.3
712999,Stationary Plant Operators (not covered elsewhere),"Year 12
 (%)",18.1
721111,Agricultural and Horticultural Mobile Plant Operators,"Year 12
 (%)",19.1
721112,Logging Plant Operators,"Year 12
 (%)",11.7
721211,Earthmoving Plant Operators (General),"Year 12
 (%)",12.8
721212,Backhoe Operators,"Year 12
 (%)",10.9
721213,Bulldozer Operators,"Year 12
 (%)",14.4
721214,Excavator Operators,"Year 12
 (%)",14.2
721215,Grader Operators,"Year 12
 (%)",11.3
721216,Loader Operators,"Year 12
 (%)",15.7
721911,Aircraft Baggage Handlers and Airline Ground Crews,"Year 12
 (%)",37.8
721912,Linemarkers,"Year 12
 (%)",24.4
721913,Paving Plant Operators,"Year 12
 (%)",17.2
721914,Railway Track Plant Operators,"Year 12
 (%)",16.7
721915,Road Roller Operators,"Year 12
 (%)",19.2
721916,Streetsweeper Operators,"Year 12
 (%)",15.4
721999,Mobile Plant Operators (not covered elsewhere),"Year 12
 (%)",23.4
731111,Chauffeurs,"Year 12
 (%)",21.0
731112,Taxi Drivers,"Year 12
 (%)",20.9
731199,Other Automobile Drivers,"Year 12
 (%)",19.1
731211,Bus Drivers,"Year 12
 (%)",15.2
731212,Charter and Tour Bus Drivers,"Year 12
 (%)",13.4
731213,Passenger Coach Drivers,"Year 12
 (%)",12.8
731311,Train Drivers,"Year 12
 (%)",13.7
731312,Tram Drivers,"Year 12
 (%)",23.2
733111,Truck Drivers (General),"Year 12
 (%)",16.9
733112,Aircraft Refuellers,"Year 12
 (%)",21.8
733113,Furniture Removalist Drivers,"Year 12
 (%)",28.7
733114,Tanker Drivers,"Year 12
 (%)",14.0
733115,Tow Truck Drivers,"Year 12
 (%)",14.7
811411,Commercial Housekeepers,"Year 12
 (%)",21.6
811412,Domestic Housekeepers,"Year 12
 (%)",20.0
811511,Laundry Workers (General),"Year 12
 (%)",23.7
811512,Drycleaners,"Year 12
 (%)",25.6
811513,Ironers and Pressers,"Year 12
 (%)",21.9
811611,Carpet Cleaners,"Year 12
 (%)",23.5
811612,Window Cleaners,"Year 12
 (%)",23.3
811699,Cleaners (not covered elsewhere),"Year 12
 (%)",25.3
821111,Builder's Labourers,"Year 12
 (%)",25.9
821112,"Drainage, Sewerage and Stormwater Labourers","Year 12
 (%)",13.8
821113,Earthmoving Labourers,"Year 12
 (%)",22.0
821114,Plumber's Assistants,"Year 12
 (%)",26.5
821411,Building Insulation Installers,"Year 12
 (%)",23.5
821412,Home Improvement Installers,"Year 12
 (%)",20.6
821711,Construction Riggers,"Year 12
 (%)",18.9
821712,Scaffolders,"Year 12
 (%)",23.8
821713,Steel Fixers,"Year 12
 (%)",23.6
821714,Structural Steel Erectors,"Year 12
 (%)",18.3
821911,Crane Chasers,"Year 12
 (%)",20.0
821912,Driller's Assistants,"Year 12
 (%)",25.3
821913,Laggers,"Year 12
 (%)",26.1
821914,Mining Support Workers,"Year 12
 (%)",26.3
821915,Surveyor's Assistants,"Year 12
 (%)",32.3
831111,Baking Factory Workers,"Year 12
 (%)",27.3
831112,Brewery Workers,"Year 12
 (%)",20.0
831113,Confectionery Makers,"Year 12
 (%)",23.8
831114,Dairy Products Makers,"Year 12
 (%)",25.0
831115,Fruit and Vegetable Factory Workers,"Year 12
 (%)",28.1
831116,Grain Mill Workers,"Year 12
 (%)",21.1
831117,Sugar Mill Workers,"Year 12
 (%)",19.7
831118,Winery Cellar Hands,"Year 12
 (%)",27.4
831199,Other Food and Drink Factory Workers,"Year 12
 (%)",27.2
831211,Meat Boners and Slicers,"Year 12
 (%)",30.9
831212,Slaughterers,"Year 12
 (%)",24.4
831311,Meat Process Workers,"Year 12
 (%)",29.1
831312,Poultry Process Workers,"Year 12
 (%)",27.9
831313,Seafood Process Workers,"Year 12
 (%)",22.5
832111,Chocolate Packers,"Year 12
 (%)",31.6
832112,Container Fillers,"Year 12
 (%)",28.4
832113,Fruit and Vegetable Packers,"Year 12
 (%)",29.9
832114,Meat Packers,"Year 12
 (%)",30.0
832115,Seafood Packers,"Year 12
 (%)",26.5
832199,Other Packers,"Year 12
 (%)",32.2
839211,Plastics Factory Workers,"Year 12
 (%)",27.9
839212,Rubber Factory Workers,"Year 12
 (%)",28.7
839311,Product Examiners,"Year 12
 (%)",15.3
839312,Product Graders,"Year 12
 (%)",22.5
839313,Product Testers,"Year 12
 (%)",19.5
839411,Paper and Pulp Mill Workers,"Year 12
 (%)",25.3
839412,Sawmill and Timber Yard Workers,"Year 12
 (%)",26.2
839413,Wood and Wood Products Factory Workers,"Year 12
 (%)",30.5
839911,Cement and Concrete Plant Workers,"Year 12
 (%)",25.0
839912,Chemical Plant Workers,"Year 12
 (%)",25.5
839913,Clay Processing Factory Workers,"Year 12
 (%)",27.5
839914,Fabric and Textile Factory Workers,"Year 12
 (%)",30.8
839915,Footwear Factory Workers,"Year 12
 (%)",33.3
839916,Glass Processing Workers,"Year 12
 (%)",29.6
839917,Hide and Skin Processing Workers,"Year 12
 (%)",23.4
839918,Recycling Workers,"Year 12
 (%)",27.7
839999,Factory Process Workers (not covered elsewhere),"Year 12
 (%)",31.3
841211,Fruit and Nut Farm Workers,"Year 12
 (%)",25.7
841212,Fruit and Nut Pickers,"Year 12
 (%)",32.7
841213,"Grain, Oilseed and Pasture Farm Workers","Year 12
 (%)",22.4
841214,Vegetable Farm Workers,"Year 12
 (%)",26.2
841215,Vegetable Pickers,"Year 12
 (%)",24.9
841216,Vineyard Workers,"Year 12
 (%)",21.5
841217,Mushroom Pickers,"Year 12
 (%)",28.8
841299,Other Crop Farm Workers,"Year 12
 (%)",22.3
841311,Forestry Workers,"Year 12
 (%)",22.5
841312,Logging Assistants,"Year 12
 (%)",14.4
841313,Tree Fallers,"Year 12
 (%)",13.4
841411,Garden Labourers,"Year 12
 (%)",20.9
841412,Nursery Hands (Horticulture),"Year 12
 (%)",24.2
841511,Beef Cattle Farm Workers,"Year 12
 (%)",23.0
841512,Dairy Cattle Farm Workers,"Year 12
 (%)",19.7
841513,Mixed Livestock Farm Workers,"Year 12
 (%)",20.6
841514,Poultry Farm Workers,"Year 12
 (%)",23.0
841515,Sheep Farm Workers,"Year 12
 (%)",19.9
841516,Stablehands,"Year 12
 (%)",29.5
841517,Wool Handlers,"Year 12
 (%)",23.8
841599,Other Livestock Farm Workers,"Year 12
 (%)",17.1
841911,Hunter-Trappers,"Year 12
 (%)",14.7
841913,Pest Controllers,"Year 12
 (%)",13.1
841999,"Farm, Forestry and Garden Workers (not covered elsewhere)","Year 12
 (%)",15.3
851211,Pastrycook's Assistants,"Year 12
 (%)",32.4
851299,Other Food Trades Assistants,"Year 12
 (%)",24.9
891111,Freight Handlers (Rail or Road),"Year 12
 (%)",34.1
891112,Truck Driver's Offsiders,"Year 12
 (%)",32.1
891113,Waterside Workers,"Year 12
 (%)",20.4
899211,Deck Hands,"Year 12
 (%)",19.1
899212,Fishing Hands,"Year 12
 (%)",13.7
899411,Motor Vehicle Parts and Accessories Fitters (General),"Year 12
 (%)",21.1
899412,Autoglaziers,"Year 12
 (%)",22.1
899413,Exhaust and Muffler Repairers,"Year 12
 (%)",12.6
899414,Radiator Repairers,"Year 12
 (%)",12.9
899415,Tyre Fitters,"Year 12
 (%)",21.9
899511,Printer's Assistants,"Year 12
 (%)",27.0
899512,Printing Table Workers,"Year 12
 (%)",29.1
899911,Bicycle Mechanics,"Year 12
 (%)",26.3
899912,Car Park Attendants,"Year 12
 (%)",28.0
899913,Crossing Supervisors,"Year 12
 (%)",15.0
899914,Electrical and Telecommunications Trades Assistants,"Year 12
 (%)",28.6
899915,Leaflet and Newspaper Deliverers,"Year 12
 (%)",19.1
899916,Mechanic's Assistants,"Year 12
 (%)",24.3
899917,Railways Assistants,"Year 12
 (%)",20.7
899918,Sign Erectors,"Year 12
 (%)",22.6
899921,Ticket Collectors and Ushers,"Year 12
 (%)",31.3
899922,Trolley Collectors,"Year 12
 (%)",34.1
899923,Road Traffic Controllers,"Year 12
 (%)",22.2
899999,Labourers (not covered elsewhere),"Year 12
 (%)",24.9
1111,Chief Executives and Managing Directors,Year 11 ,1.9
1112,General Managers,Year 11 ,2.0
1113,Legislators,Year 11 ,2.5
1211,Aquaculture Farmers,Year 11 ,5.8
1212,Crop Farmers,Year 11 ,6.9
1213,Livestock Farmers,Year 11 ,6.9
1214,Mixed Crop and Livestock Farmers,Year 11 ,8.4
1311,"Advertising, Public Relations and Sales Manager",Year 11 ,2.2
1321,Corporate Services Managers,Year 11 ,2.8
1322,Finance Managers,Year 11 ,1.3
1323,Human Resource Managers,Year 11 ,1.3
1324,Policy and Planning Managers,Year 11 ,0.6
1325,Research and Development Managers,Year 11 ,0.5
1331,Construction Managers,Year 11 ,1.8
1332,Engineering Managers,Year 11 ,0.5
1333,"Importers, Exporters and Wholesalers",Year 11 ,4.9
1334,Manufacturers,Year 11 ,6.1
1335,Production Managers,Year 11 ,3.6
1336,"Supply, Distribution and Procurement Managers",Year 11 ,3.7
1341,Child Care Centre Managers,Year 11 ,0.3
1342,Health and Welfare Services Managers,Year 11 ,0.8
1343,School Principals,Year 11 ,0.0
1344,Other Education Managers,Year 11 ,0.5
1351,ICT Managers,Year 11 ,0.9
1391,Commissioned Officers (Management),Year 11 ,0.8
1392,Senior Non-Commissioned Defence Force Officers,Year 11 ,4.1
1399,Other Specialist Managers,Year 11 ,1.5
1411,Cafe and Restaurant Managers,Year 11 ,3.7
1412,Caravan Park and Camping Ground Managers,Year 11 ,6.8
1413,Hotel and Motel Managers,Year 11 ,5.1
1414,Licensed Club Managers,Year 11 ,5.5
1419,Other Accommodation and Hospitality Managers,Year 11 ,4.3
1421,Retail Managers,Year 11 ,5.2
1491,"Amusement, Fitness and Sports Centre Managers",Year 11 ,2.8
1492,"Call, Contact Centre and Customer Service Managers",Year 11 ,3.0
1493,Conference and Event Organisers,Year 11 ,2.0
1494,Transport Services Managers,Year 11 ,5.4
1499,"Other Hospitality, Retail and Service Managers",Year 11 ,3.4
2111,"Actors, Dancers and Other Entertainers",Year 11 ,3.4
2112,Music Professionals,Year 11 ,2.7
2113,Photographers,Year 11 ,2.8
2114,Visual Arts and Crafts Professionals,Year 11 ,3.4
2121,"Artistic Directors, Media Producers and Presenters",Year 11 ,2.1
2122,"Authors, and Book and Script Editors",Year 11 ,0.9
2123,"Film, Television, Radio and Stage Directors",Year 11 ,2.0
2124,Journalists and Other Writers,Year 11 ,0.7
2211,Accountants,Year 11 ,0.3
2212,"Auditors, Company Secretaries and Corporate Treasurers",Year 11 ,0.8
2221,Financial Brokers,Year 11 ,1.5
2222,Financial Dealers,Year 11 ,1.2
2223,Financial Investment Advisers and Managers,Year 11 ,0.7
2231,Human Resource Professionals,Year 11 ,1.9
2232,ICT Trainers,Year 11 ,1.0
2233,Training and Development Professionals,Year 11 ,1.7
2241,"Actuaries, Mathematicians and Statisticians",Year 11 ,0.2
2242,"Archivists, Curators and Records Managers",Year 11 ,1.4
2243,Economists,Year 11 ,0.1
2244,Intelligence and Policy Analysts,Year 11 ,0.4
2245,Land Economists and Valuers,Year 11 ,0.9
2246,Librarians,Year 11 ,1.0
2247,Management and Organisation Analysts,Year 11 ,0.8
2249,Other Information and Organisation Professionals,Year 11 ,1.1
2251,Advertising and Marketing Professionals,Year 11 ,0.9
2252,ICT Sales Professionals,Year 11 ,1.8
2253,Public Relations Professionals,Year 11 ,0.9
2254,Technical Sales Representatives,Year 11 ,3.5
2311,Air Transport Professionals,Year 11 ,0.9
2312,Marine Transport Professionals,Year 11 ,1.9
2321,Architects and Landscape Architects,Year 11 ,0.1
2322,Surveyors and Spatial Scientists,Year 11 ,1.0
2323,"Fashion, Industrial and Jewellery Designers",Year 11 ,1.1
2324,"Graphic and Web Designers, and Illustrators",Year 11 ,0.9
2325,Interior Designers,Year 11 ,1.1
2326,Urban and Regional Planners,Year 11 ,0.4
2331,Chemical and Materials Engineers,Year 11 ,0.1
2332,Civil Engineering Professionals,Year 11 ,0.1
2333,Electrical Engineers,Year 11 ,0.1
2334,Electronics Engineers,Year 11 ,0.3
2335,"Industrial, Mechanical and Production Engineers",Year 11 ,0.2
2336,Mining Engineers,Year 11 ,0.2
2339,Other Engineering Professionals,Year 11 ,0.3
2341,Agricultural and Forestry Scientists,Year 11 ,1.6
2342,"Chemists, and Food and Wine Scientists",Year 11 ,0.8
2343,Environmental Scientists,Year 11 ,1.0
2344,"Geologists, Geophysicists and Hydrogeologists",Year 11 ,0.2
2345,Life Scientists,Year 11 ,0.2
2346,Medical Laboratory Scientists,Year 11 ,0.1
2347,Veterinarians,Year 11 ,0.2
2349,Other Natural and Physical Science Professionals,Year 11 ,0.1
2411,Early Childhood (Pre-primary School) Teachers,Year 11 ,0.2
2412,Primary School Teachers,Year 11 ,0.1
2413,Middle School Teachers,Year 11 ,0.0
2414,Secondary School Teachers,Year 11 ,0.0
2415,Special Education Teachers,Year 11 ,0.2
2421,University Lecturers and Tutors,Year 11 ,0.0
2422,Vocational Education Teachers,Year 11 ,0.5
2491,Education Advisers and Reviewers,Year 11 ,0.5
2492,Private Tutors and Teachers,Year 11 ,2.5
2493,Teachers of English to Speakers of Other Languages,Year 11 ,0.2
2511,Nutrition Professionals,Year 11 ,0.1
2512,Medical Imaging Professionals,Year 11 ,0.1
2513,Occupational and Environmental Health Professionals,Year 11 ,1.4
2514,Optometrists and Orthoptists,Year 11 ,0.1
2515,Pharmacists,Year 11 ,0.2
2519,Other Health Diagnostic and Promotion Professionals,Year 11 ,0.7
2521,Chiropractors and Osteopaths,Year 11 ,0.0
2522,Complementary Health Therapists,Year 11 ,0.3
2523,Dental Practitioners,Year 11 ,0.1
2524,Occupational Therapists,Year 11 ,0.0
2525,Physiotherapists,Year 11 ,0.0
2526,Podiatrists,Year 11 ,0.0
2527,Audiologists and Speech Pathologists \ Therapists,Year 11 ,0.0
2531,General Practitioners and Resident Medical Officers,Year 11 ,0.0
2532,Anaesthetists,Year 11 ,0.0
2533,Specialist Physicians,Year 11 ,0.0
2534,Psychiatrists,Year 11 ,0.0
2535,Surgeons,Year 11 ,0.1
2539,Other Medical Practitioners,Year 11 ,0.2
2541,Midwives,Year 11 ,0.1
2542,Nurse Educators and Researchers,Year 11 ,0.1
2543,Nurse Managers,Year 11 ,0.1
2544,Registered Nurses,Year 11 ,0.1
2611,ICT Business and Systems Analysts,Year 11 ,0.8
2612,Multimedia Specialists and Web Developers,Year 11 ,0.8
2613,Software and Applications Programmers,Year 11 ,0.4
2621,"Database and Systems Administrators, and ICT Security Specialists",Year 11 ,1.3
2631,Computer Network Professionals,Year 11 ,1.0
2632,ICT Support and Test Engineers,Year 11 ,0.7
2633,Telecommunications Engineering Professionals,Year 11 ,0.5
2711,Barristers,Year 11 ,0.3
2712,Judicial and Other Legal Professionals,Year 11 ,0.4
2713,Solicitors,Year 11 ,0.0
2721,Counsellors,Year 11 ,0.6
2722,Ministers of Religion,Year 11 ,0.4
2723,Psychologists and Psychotherapists,Year 11 ,0.0
2724,Social Professionals,Year 11 ,1.1
2725,Social Workers,Year 11 ,0.4
2726,"Welfare, Recreation and Community Arts Workers",Year 11 ,1.2
3111,Agricultural Technicians,Year 11 ,2.9
3112,Medical Technicians,Year 11 ,2.1
3113,Primary Products Inspectors,Year 11 ,3.1
3114,Science Technicians,Year 11 ,2.1
3121,"Architectural, Building and Surveying Technicians",Year 11 ,2.0
3122,Civil Engineering Draftspersons and Technicians,Year 11 ,1.9
3123,"Electrical Engineering Draftspersons, Technicians",Year 11 ,1.3
3124,"Electronic Engineering Draftspersons, Technicians",Year 11 ,1.6
3125,"Mechanical Engineering Draftspersons, Technicians",Year 11 ,1.5
3126,Safety Inspectors,Year 11 ,2.0
3129,Other Building and Engineering Technicians,Year 11 ,2.5
3131,ICT Support Technicians,Year 11 ,2.0
3132,Telecommunications Technical Specialists,Year 11 ,1.5
3211,Automotive Electricians,Year 11 ,2.7
3212,Motor Mechanics,Year 11 ,3.4
3221,"Metal Casting, Forging and Finishing Trades",Year 11 ,4.8
3222,Sheetmetal Trades Workers,Year 11 ,4.7
3223,Structural Steel and Welding Trades Workers,Year 11 ,3.9
3231,Aircraft Maintenance Engineers,Year 11 ,1.0
3232,Metal Fitters and Machinists,Year 11 ,2.3
3233,Precision Metal Trades Workers,Year 11 ,3.6
3234,Toolmakers and Engineering Patternmakers,Year 11 ,1.8
3241,Panelbeaters,Year 11 ,2.9
3242,Vehicle Body Builders and Trimmers,Year 11 ,5.4
3243,Vehicle Painters,Year 11 ,4.1
3311,Bricklayers and Stonemasons,Year 11 ,4.8
3312,Carpenters and Joiners,Year 11 ,4.0
3321,Floor Finishers,Year 11 ,7.2
3322,Painting Trades Workers,Year 11 ,4.2
3331,Glaziers,Year 11 ,5.4
3332,Plasterers,Year 11 ,5.5
3333,Roof Tilers,Year 11 ,6.8
3334,Wall and Floor Tilers,Year 11 ,3.4
3341,Plumbers,Year 11 ,4.2
3411,Electricians,Year 11 ,2.3
3421,Airconditioning and Refrigeration Mechanics,Year 11 ,3.2
3422,Electrical Distribution Trades Workers,Year 11 ,1.4
3423,Electronics Trades Workers,Year 11 ,3.2
3424,Telecommunications Trades Workers,Year 11 ,3.4
3511,Bakers and Pastrycooks,Year 11 ,3.9
3512,Butchers and Smallgoods Makers,Year 11 ,4.1
3513,Chefs,Year 11 ,1.5
3514,Cooks,Year 11 ,6.0
3611,Animal Attendants and Trainers,Year 11 ,5.9
3612,Shearers,Year 11 ,10.0
3613,Veterinary Nurses,Year 11 ,2.1
3621,Florists,Year 11 ,3.7
3622,Gardeners,Year 11 ,6.0
3623,Greenkeepers,Year 11 ,5.7
3624,Nurserypersons,Year 11 ,4.9
3911,Hairdressers,Year 11 ,2.4
3921,Print Finishers and Screen Printers,Year 11 ,6.2
3922,Graphic Pre-press Trades Workers,Year 11 ,2.9
3923,Printers,Year 11 ,4.3
3931,Canvas and Leather Goods Makers,Year 11 ,6.1
3932,Clothing Trades Workers,Year 11 ,3.9
3933,Upholsterers,Year 11 ,5.0
3941,Cabinetmakers,Year 11 ,4.1
3942,Wood Machinists and Other Wood Trades Workers,Year 11 ,5.5
3991,Boat Builders and Shipwrights,Year 11 ,5.2
3992,"Chemical, Gas, Petroleum and Power Plant Operators",Year 11 ,2.7
3993,"Gallery, Library and Museum Technicians",Year 11 ,3.6
3994,Jewellers,Year 11 ,2.8
3995,Performing Arts Technicians,Year 11 ,2.9
3996,Signwriters,Year 11 ,4.9
3999,Other Miscellaneous Technicians and Trades Workers,Year 11 ,3.7
4111,Ambulance Officers and Paramedics,Year 11 ,0.5
4112,"Dental Hygienists, Technicians and Therapists",Year 11 ,0.5
4113,Diversional Therapists,Year 11 ,1.9
4114,Enrolled and Mothercraft Nurses,Year 11 ,0.4
4115,Indigenous Health Workers,Year 11 ,3.8
4116,Massage Therapists,Year 11 ,0.7
4117,Welfare Support Workers,Year 11 ,1.9
4211,Child Carers,Year 11 ,1.6
4221,Education Aides,Year 11 ,2.9
4231,Aged and Disabled Carers,Year 11 ,2.6
4232,Dental Assistants,Year 11 ,2.9
4233,Nursing Support and Personal Care Workers,Year 11 ,2.2
4234,Special Care Workers,Year 11 ,2.9
4311,Bar Attendants and Baristas,Year 11 ,6.1
4312,Cafe Workers,Year 11 ,11.2
4313,Gaming Workers,Year 11 ,3.7
4314,Hotel Service Managers,Year 11 ,4.3
4315,Waiters,Year 11 ,8.9
4319,Other Hospitality Workers,Year 11 ,9.7
4411,Defence Force Members - Other Ranks,Year 11 ,4.8
4412,Fire and Emergency Workers,Year 11 ,1.8
4413,Police,Year 11 ,1.4
4421,Prison Officers,Year 11 ,3.4
4422,Security Officers and Guards,Year 11 ,4.6
4511,Beauty Therapists,Year 11 ,2.4
4512,Driving Instructors,Year 11 ,2.5
4513,Funeral Workers,Year 11 ,7.5
4514,"Gallery, Museum and Tour Guides",Year 11 ,3.0
4515,Personal Care Consultants,Year 11 ,2.0
4516,Tourism and Travel Advisers,Year 11 ,2.4
4517,Travel Attendants,Year 11 ,3.5
4518,Other Personal Service Workers,Year 11 ,4.9
4521,Fitness Instructors,Year 11 ,1.1
4522,Outdoor Adventure Guides,Year 11 ,2.6
4523,"Sports Coaches, Instructors and Officials",Year 11 ,8.1
4524,Sportspersons,Year 11 ,7.2
5111,"Contract, Program and Project Administrators",Year 11 ,1.8
5121,Office Managers,Year 11 ,5.9
5122,Practice Managers,Year 11 ,3.4
5211,Personal Assistants,Year 11 ,4.5
5212,Secretaries,Year 11 ,6.3
5311,General Clerks,Year 11 ,5.3
5321,Keyboard Operators,Year 11 ,6.5
5411,Call or Contact Centre Workers,Year 11 ,5.1
5412,Information Officers,Year 11 ,4.4
5421,Receptionists,Year 11 ,6.4
5511,Accounting Clerks,Year 11 ,5.0
5512,Bookkeepers,Year 11 ,5.3
5513,Payroll Clerks,Year 11 ,5.8
5521,Bank Workers,Year 11 ,4.3
5522,Credit and Loans Officers,Year 11 ,2.9
5523,"Insurance, Money Market and Statistical Clerks",Year 11 ,3.4
5611,Betting Clerks,Year 11 ,9.0
5612,Couriers and Postal Deliverers,Year 11 ,7.1
5613,Filing and Registry Clerks,Year 11 ,5.0
5614,Mail Sorters,Year 11 ,6.9
5615,Survey Interviewers,Year 11 ,2.9
5616,Switchboard Operators,Year 11 ,7.2
5619,Other Clerical and Office Support Workers,Year 11 ,5.7
5911,Purchasing and Supply Logistics Clerks,Year 11 ,5.7
5912,Transport and Despatch Clerks,Year 11 ,5.8
5991,Conveyancers and Legal Executives,Year 11 ,3.0
5992,Court and Legal Clerks,Year 11 ,3.4
5993,Debt Collectors,Year 11 ,5.1
5994,Human Resource Clerks,Year 11 ,3.5
5995,Inspectors and Regulatory Officers,Year 11 ,3.0
5996,"Insurance Investigators, Loss Adjusters and Risk Surveyors",Year 11 ,1.6
5997,Library Assistants,Year 11 ,4.1
5999,Other Miscellaneous Clerical and Administrative Workers,Year 11 ,2.3
6111,"Auctioneers, and Stock and Station Agents",Year 11 ,7.2
6112,Insurance Agents,Year 11 ,3.2
6113,Sales Representatives,Year 11 ,5.1
6121,Real Estate Sales Agents,Year 11 ,2.5
6211,Sales Assistants (General),Year 11 ,10.5
6212,ICT Sales Assistants,Year 11 ,2.8
6213,Motor Vehicle and Vehicle Parts Salespersons,Year 11 ,7.5
6214,Pharmacy Sales Assistants,Year 11 ,8.9
6215,Retail Supervisors,Year 11 ,6.4
6216,Service Station Attendants,Year 11 ,7.0
6217,Street Vendors and Related Salespersons,Year 11 ,4.8
6219,Other Sales Assistants and Salespersons,Year 11 ,6.6
6311,Checkout Operators and Office Cashiers,Year 11 ,13.1
6391,Models and Sales Demonstrators,Year 11 ,8.2
6392,Retail and Wool Buyers,Year 11 ,3.0
6393,Telemarketers,Year 11 ,6.2
6394,Ticket Salespersons,Year 11 ,5.9
6395,Visual Merchandisers,Year 11 ,5.7
6399,Other Sales Support Workers,Year 11 ,6.9
7111,"Clay, Concrete, Glass and Stone Processing Machine Operators",Year 11 ,7.9
7112,Industrial Spraypainters,Year 11 ,7.6
7113,Paper and Wood Processing Machine Operators,Year 11 ,8.7
7114,Photographic Developers and Printers,Year 11 ,5.1
7115,Plastics and Rubber Production Machine Operators,Year 11 ,7.5
7116,Sewing Machinists,Year 11 ,6.0
7117,Textile and Footwear Production Machine Operators,Year 11 ,7.3
7119,Other Machine Operators,Year 11 ,4.8
7121,"Crane, Hoist and Lift Operators",Year 11 ,6.8
7122,"Drillers, Miners and Shot Firers",Year 11 ,7.2
7123,Engineering Production Workers,Year 11 ,7.0
7129,Other Stationary Plant Operators,Year 11 ,6.7
7211,"Agricultural, Forestry and Horticultural Plant Operators",Year 11 ,8.3
7212,Earthmoving Plant Operators,Year 11 ,7.6
7213,Forklift Drivers,Year 11 ,9.1
7219,Other Mobile Plant Operators,Year 11 ,6.6
7311,Automobile Drivers,Year 11 ,3.1
7312,Bus and Coach Drivers,Year 11 ,5.2
7313,Train and Tram Drivers,Year 11 ,4.9
7321,Delivery Drivers,Year 11 ,8.5
7331,Truck Drivers,Year 11 ,7.7
7411,Storepersons,Year 11 ,7.5
8111,Car Detailers,Year 11 ,8.8
8112,Commercial Cleaners,Year 11 ,6.7
8113,Domestic Cleaners,Year 11 ,7.1
8114,Housekeepers,Year 11 ,6.6
8115,Laundry Workers,Year 11 ,6.6
8116,Other Cleaners,Year 11 ,7.6
8211,Building and Plumbing Labourers,Year 11 ,7.7
8212,Concreters,Year 11 ,8.4
8213,Fencers,Year 11 ,8.6
8214,Insulation and Home Improvement Installers,Year 11 ,7.1
8215,Paving and Surfacing Labourers,Year 11 ,8.3
8216,Railway Track Workers,Year 11 ,6.9
8217,Structural Steel Construction Workers,Year 11 ,8.6
8219,Other Construction and Mining Labourers,Year 11 ,6.8
8311,Food and Drink Factory Workers,Year 11 ,6.9
8312,"Meat Boners and Slicers, and Slaughterers",Year 11 ,6.0
8313,"Meat, Poultry and Seafood Process Workers",Year 11 ,6.7
8321,Packers,Year 11 ,6.2
8322,Product Assemblers,Year 11 ,6.8
8391,Metal Engineering Process Workers,Year 11 ,8.1
8392,Plastics and Rubber Factory Workers,Year 11 ,8.1
8393,Product Quality Controllers,Year 11 ,4.7
8394,Timber and Wood Process Workers,Year 11 ,9.1
8399,Other Factory Process Workers,Year 11 ,7.5
8411,Aquaculture Workers,Year 11 ,7.8
8412,Crop Farm Workers,Year 11 ,6.9
8413,Forestry and Logging Workers,Year 11 ,7.5
8414,Garden and Nursery Labourers,Year 11 ,7.2
8415,Livestock Farm Workers,Year 11 ,8.0
8416,Mixed Crop and Livestock Farm Workers,Year 11 ,8.9
8419,"Other Farm, Forestry and Garden Workers",Year 11 ,4.4
8511,Fast Food Cooks,Year 11 ,15.1
8512,Food Trades Assistants,Year 11 ,10.4
8513,Kitchenhands,Year 11 ,11.4
8911,Freight and Furniture Handlers,Year 11 ,8.0
8912,Shelf Fillers,Year 11 ,10.2
8991,Caretakers,Year 11 ,4.3
8992,Deck and Fishing Hands,Year 11 ,5.7
8993,Handypersons,Year 11 ,5.5
8994,Motor Vehicle Parts and Accessories Fitters,Year 11 ,9.0
8995,Printing Assistants and Table Workers,Year 11 ,6.7
8996,Recycling and Rubbish Collectors,Year 11 ,7.5
8997,Vending Machine Attendants,Year 11 ,7.5
8999,Other Miscellaneous Labourers,Year 11 ,7.8
111211,Corporate General Managers,Year 11 ,2.0
111212,Defence Force Senior Officers,Year 11 ,0.2
111311,Local Government Legislators,Year 11 ,3.2
111312,Members of Parliament,Year 11 ,2.4
111399,Other Legislators,Year 11 ,2.7
121211,Cotton Growers,Year 11 ,4.0
121212,Flower Growers,Year 11 ,5.0
121213,Fruit and Nut Growers,Year 11 ,5.3
121214,"Grain, Oilseed and Pasture Growers",Year 11 ,9.7
121215,Grape Growers,Year 11 ,7.4
121216,Mixed Crop Farmers,Year 11 ,6.4
121217,Sugar Cane Growers,Year 11 ,4.9
121218,Turf Growers,Year 11 ,4.3
121221,Vegetable Growers,Year 11 ,6.1
121299,Other Crop Farmers,Year 11 ,5.3
121311,Beekeepers,Year 11 ,5.2
121312,Beef Cattle Farmers,Year 11 ,5.5
121313,Dairy Cattle Farmers,Year 11 ,9.1
121314,Deer Farmers,Year 11 ,
121315,Goat Farmers,Year 11 ,5.6
121316,Horse Breeders,Year 11 ,6.1
121317,Mixed Livestock Farmers,Year 11 ,7.1
121318,Pig Farmers,Year 11 ,6.6
121321,Poultry Farmers,Year 11 ,6.6
121322,Sheep Farmers,Year 11 ,9.1
121399,Other Livestock Farmers,Year 11 ,6.2
131112,Sales and Marketing Managers,Year 11 ,2.4
131113,Advertising Managers,Year 11 ,2.3
131114,Public Relations Managers,Year 11 ,0.5
133111,Construction Project Managers,Year 11 ,1.3
133112,Project Builders,Year 11 ,2.4
133311,Importers and Exporters,Year 11 ,3.0
133312,Wholesalers,Year 11 ,5.5
133511,Forest Managers,Year 11 ,3.1
133512,Manufacturing Production Managers,Year 11 ,4.3
133513,Mine Managers,Year 11 ,2.2
133611,Supply and Distribution Managers,Year 11 ,4.2
133612,Procurement Managers,Year 11 ,2.3
134211,Medical Administrators,Year 11 ,1.4
134212,Nursing Clinical Directors,Year 11 ,0.0
134213,Primary Health Organisation Managers,Year 11 ,1.1
134214,Welfare Centre Managers,Year 11 ,1.0
134299,Other Health and Welfare Services Managers,Year 11 ,0.8
134411,Faculty Heads,Year 11 ,0.2
134412,Regional Education Managers,Year 11 ,0.6
134499,Education Managers (not covered elsewhere),Year 11 ,0.6
135111,Chief Information Officers,Year 11 ,0.8
135112,ICT Project Managers,Year 11 ,0.8
135199,Other ICT Managers,Year 11 ,1.2
139111,Commissioned Defence Force Officers,Year 11 ,0.7
139112,Commissioned Fire Officers,Year 11 ,1.1
139113,Commissioned Police Officers,Year 11 ,0.3
139911,Arts Administrators and Managers,Year 11 ,1.4
139912,Environmental Managers,Year 11 ,0.4
139913,Laboratory Managers,Year 11 ,0.7
139914,Quality Assurance Managers,Year 11 ,1.5
139915,Sports Administrators,Year 11 ,2.3
139999,Specialist Managers (not covered elsewhere),Year 11 ,1.7
141911,Bed and Breakfast Operators,Year 11 ,4.7
141912,Retirement Village Managers,Year 11 ,4.1
141999,Accommodation and Hospitality Managers (not covered elsewhere),Year 11 ,4.1
142111,Retail Managers (General),Year 11 ,5.3
142112,Antique Dealers,Year 11 ,6.8
142113,Betting Agency Managers,Year 11 ,9.3
142114,Hair and Beauty Salon Managers,Year 11 ,1.5
142115,Post Office Managers,Year 11 ,6.8
142116,Travel Agency Managers,Year 11 ,1.4
149111,Amusement Centre Managers,Year 11 ,3.7
149112,Fitness Centre Managers,Year 11 ,1.8
149113,Sports Centre Managers,Year 11 ,3.5
149211,Call Centre or Contact Centre Managers,Year 11 ,3.3
149212,Customer Service Managers,Year 11 ,2.9
149411,Fleet Managers,Year 11 ,4.3
149412,Railway Station Managers,Year 11 ,5.4
149413,Transport Company Managers,Year 11 ,5.8
149911,Boarding Kennel and Cattery Operators,Year 11 ,7.2
149912,Cinema and Theatre Managers,Year 11 ,2.2
149913,Facilities Managers,Year 11 ,2.8
149914,Bank Managers and Branch Managers,Year 11 ,3.5
149915,Equipment Hire Managers,Year 11 ,5.3
149999,"Hospitality, Retail and Service Managers (not covered elsewhere)",Year 11 ,3.6
211111,Actors,Year 11 ,3.5
211112,Dancers and Choreographers,Year 11 ,3.4
211113,Entertainers and Variety Artists,Year 11 ,3.9
211199,"Other Actors, Dancers and Entertainers",Year 11 ,3.4
211211,Composers,Year 11 ,0.7
211212,Music Directors,Year 11 ,0.6
211213,Musicians,Year 11 ,2.9
211214,Singers,Year 11 ,3.4
211299,Other Music Professionals,Year 11 ,0.0
211411,Painters (Visual Arts),Year 11 ,3.3
211412,Potters and Ceramic Artists,Year 11 ,2.1
211413,Sculptors,Year 11 ,2.2
211499,Other Visual Arts or Crafts Professionals,Year 11 ,4.7
212111,Artistic Directors,Year 11 ,1.1
212112,Media Producers,Year 11 ,1.6
212113,Radio Presenters,Year 11 ,4.7
212114,Television Presenters,Year 11 ,2.3
212211,Authors,Year 11 ,0.9
212212,Book and Script Editors,Year 11 ,0.5
212311,"Art Directors (Film, Television or Stage)",Year 11 ,0.0
212312,"Directors (Film, Television, Radio or Stage)",Year 11 ,1.9
212313,Cinematographers,Year 11 ,2.6
212314,Film and Video Editors,Year 11 ,2.6
212315,Program Directors (Television or Radio),Year 11 ,1.6
212316,Stage Managers,Year 11 ,4.3
212317,Technical Directors,Year 11 ,1.3
212318,Video Producers,Year 11 ,1.6
212399,"Other Film, Television, Radio and Stage Directors",Year 11 ,2.2
212411,Copywriters,Year 11 ,0.5
212412,Newspaper and Periodical Editors,Year 11 ,0.7
212413,Print Journalists,Year 11 ,0.9
212414,Radio Journalists,Year 11 ,0.0
212415,Technical Writers,Year 11 ,0.8
212416,Television Journalists,Year 11 ,0.4
212499,"Bloggers, Critics, Sports and Other Writers (not covered elsewhere)",Year 11 ,0.9
221111,Accountants (General),Year 11 ,0.3
221112,Management Accountants,Year 11 ,0.3
221113,Taxation Accountants,Year 11 ,0.5
221211,Company Secretaries,Year 11 ,1.1
221212,Corporate Treasurers,Year 11 ,0.4
221213,External Auditors,Year 11 ,0.8
221214,Internal Auditors,Year 11 ,0.9
222111,Commodities Traders,Year 11 ,3.3
222112,Finance Brokers,Year 11 ,1.0
222113,Insurance Brokers,Year 11 ,2.0
222199,Other Financial Brokers,Year 11 ,0.4
222211,Financial Market Dealers,Year 11 ,0.6
222212,Futures Traders,Year 11 ,0.0
222213,Stockbrokers,Year 11 ,1.0
222299,Other Financial Dealers,Year 11 ,1.2
222311,Financial Investment Advisers,Year 11 ,0.6
222312,Financial Investment Managers,Year 11 ,1.0
223111,Human Resource Advisers,Year 11 ,1.3
223112,Recruitment Consultants,Year 11 ,2.6
223113,Workplace Relations Advisers,Year 11 ,1.8
224111,Actuaries,Year 11 ,0.0
224112,Mathematicians,Year 11 ,0.0
224113,Statisticians,Year 11 ,0.4
224211,Archivists,Year 11 ,1.5
224212,Gallery and Museum Curators,Year 11 ,0.3
224213,Health Information Managers,Year 11 ,0.7
224214,Records Managers,Year 11 ,3.0
224411,Intelligence Officers,Year 11 ,1.0
224412,Policy Analysts,Year 11 ,0.3
224511,Land Economists,Year 11 ,1.1
224512,Valuers,Year 11 ,0.5
224711,Management Consultants,Year 11 ,0.8
224712,Organisation and Methods Analysts,Year 11 ,1.0
224911,Electorate Officers,Year 11 ,2.0
224912,Liaison Officers,Year 11 ,1.6
224913,Migration Agents,Year 11 ,0.4
224914,Patents Examiners,Year 11 ,0.0
224999,Information and Organisation Professionals (not covered elsewhere),Year 11 ,1.0
225111,Advertising Specialists,Year 11 ,0.7
225112,Market Research Analysts,Year 11 ,0.9
225113,Marketing Specialists,Year 11 ,0.9
225211,ICT Account Managers,Year 11 ,1.7
225212,ICT Business Development Managers,Year 11 ,1.3
225213,ICT Sales Representatives,Year 11 ,2.3
225411,Sales Representatives (Industrial Products),Year 11 ,4.5
225412,Sales Representatives (Medical and Pharmaceutical Products),Year 11 ,1.9
225499,Other Technical Sales Representatives,Year 11 ,2.4
231111,Aeroplane Pilots,Year 11 ,0.8
231112,Air Traffic Controllers,Year 11 ,0.4
231113,Flying Instructors,Year 11 ,0.7
231114,Helicopter Pilots,Year 11 ,1.1
231199,Other Air Transport Professionals,Year 11 ,1.2
231211,Master Fishers,Year 11 ,2.9
231212,Marine Engineers,Year 11 ,0.7
231213,Ship's Masters,Year 11 ,2.8
231214,Ship's Officers,Year 11 ,1.1
231215,Marine Surveyors,Year 11 ,0.6
231299,Other Marine Transport Professionals,Year 11 ,1.9
232111,Architects,Year 11 ,0.1
232112,Landscape Architects,Year 11 ,0.2
232212,Surveyors,Year 11 ,1.1
232213,Cartographers,Year 11 ,1.9
232214,Other Spatial Scientists,Year 11 ,0.7
232311,Fashion Designers,Year 11 ,1.1
232312,Industrial Designers,Year 11 ,1.0
232313,Jewellery Designers,Year 11 ,2.2
232411,Graphic Designers,Year 11 ,0.9
232412,Illustrators (including Animators),Year 11 ,0.9
232413,Multimedia Designers,Year 11 ,0.9
232414,Web Designers,Year 11 ,0.8
233111,Chemical Engineers,Year 11 ,0.2
233112,Materials Engineers,Year 11 ,0.0
233211,Civil Engineers,Year 11 ,0.1
233212,Geotechnical Engineers,Year 11 ,0.2
233213,Quantity Surveyors,Year 11 ,0.3
233214,Structural Engineers,Year 11 ,0.1
233215,Transport Engineers,Year 11 ,0.3
233511,Industrial Engineers,Year 11 ,0.4
233512,Mechanical Engineers,Year 11 ,0.2
233513,Production and Plant Engineers,Year 11 ,0.2
233611,Mining Engineers (excluding Petroleum),Year 11 ,0.2
233612,Petroleum Engineers,Year 11 ,0.2
233911,Aeronautical Engineers,Year 11 ,0.2
233912,Agricultural Engineers,Year 11 ,2.4
233913,Biomedical Engineers,Year 11 ,0.2
233914,Engineering Technologists,Year 11 ,0.0
233915,Environmental Engineers,Year 11 ,0.0
233916,Naval Architects,Year 11 ,0.0
233999,Engineering Professionals (not covered elsewhere),Year 11 ,0.3
234111,Agricultural Consultants,Year 11 ,2.5
234112,Agricultural Scientists,Year 11 ,0.7
234113,Foresters,Year 11 ,2.8
234211,Chemists,Year 11 ,0.4
234212,Food Technologists,Year 11 ,0.4
234213,Wine Makers,Year 11 ,1.8
234311,Conservation Officers,Year 11 ,0.9
234312,Environmental Consultants,Year 11 ,0.1
234313,Environmental Research Scientists,Year 11 ,0.2
234314,Park Rangers,Year 11 ,4.1
234399,Other Environmental Scientists,Year 11 ,0.8
234411,Geologists,Year 11 ,0.1
234412,Geophysicists,Year 11 ,0.3
234413,Hydrogeologists,Year 11 ,0.0
234511,Biologists,Year 11 ,0.0
234513,Biochemists,Year 11 ,0.0
234514,Biotechnologists,Year 11 ,0.0
234515,Botanists,Year 11 ,0.6
234516,Marine Biologists,Year 11 ,0.0
234517,Microbiologists,Year 11 ,0.0
234518,Zoologists,Year 11 ,1.0
234599,Other Life Scientists,Year 11 ,0.4
234911,Conservators,Year 11 ,0.6
234912,Metallurgists,Year 11 ,0.0
234913,Meteorologists,Year 11 ,0.0
234914,Physicists (including Astronomers),Year 11 ,0.0
234915,Exercise Physiologists,Year 11 ,0.0
234999,Natural and Physical Science Professionals (not covered elsewhere),Year 11 ,0.6
241511,Special Needs Teachers,Year 11 ,0.1
241512,Teachers of the Hearing Impaired,Year 11 ,0.0
241513,Teachers of the Sight Impaired,Year 11 ,0.0
241599,Other Special Education Teachers,Year 11 ,0.4
242111,University Lecturers,Year 11 ,0.0
242112,University Tutors,Year 11 ,0.1
249111,Education Advisers,Year 11 ,0.5
249112,Education Reviewers,Year 11 ,0.4
249211,Art Teachers (Private Tuition),Year 11 ,0.9
249212,Dance Teachers (Private Tuition),Year 11 ,5.6
249213,Drama Teachers (Private Tuition),Year 11 ,2.0
249214,Music Teachers (Private Tuition),Year 11 ,1.8
249299,Other Private Tutors and Teachers,Year 11 ,1.8
251111,Dietitians,Year 11 ,0.0
251112,Nutritionists,Year 11 ,0.4
251211,Medical Diagnostic Radiographers,Year 11 ,0.1
251212,Medical Radiation Therapists,Year 11 ,0.0
251213,Nuclear Medicine Technologists,Year 11 ,0.0
251214,Sonographers,Year 11 ,0.1
251311,Environmental Health Officers,Year 11 ,1.8
251312,Occupational Health and Safety Advisers,Year 11 ,1.3
251411,Optometrists,Year 11 ,0.0
251412,Orthoptists,Year 11 ,0.0
251511,Hospital Pharmacists,Year 11 ,0.1
251512,Industrial Pharmacists,Year 11 ,0.0
251513,Retail Pharmacists,Year 11 ,0.2
251911,Health Promotion Officers,Year 11 ,0.7
251912,Orthotists and Prosthetists,Year 11 ,1.3
251999,Genetic Counsellors (and Other Health Professionals not covered elsewhere),Year 11 ,0.4
252111,Chiropractors,Year 11 ,0.0
252112,Osteopaths,Year 11 ,0.0
252211,Acupuncturists,Year 11 ,0.0
252212,Homoeopaths,Year 11 ,0.0
252213,Naturopaths,Year 11 ,0.2
252214,Chinese Medicine Practitioners,Year 11 ,0.0
252299,"Music, Dance, Drama, Play, Hypnotic, and Related Therapists",Year 11 ,0.7
252311,Dental Specialists (including Orthodontists),Year 11 ,0.0
252312,Dentists,Year 11 ,0.1
252711,Audiologists,Year 11 ,0.2
252712,Speech Pathologists,Year 11 ,0.0
253111,General Practitioners,Year 11 ,0.0
253112,Resident Medical Officers,Year 11 ,0.0
253311,Specialist Physicians (General Medicine),Year 11 ,0.0
253312,Cardiologists,Year 11 ,0.0
253313,Clinical Haematologists,Year 11 ,0.0
253314,Medical Oncologists,Year 11 ,0.0
253315,Endocrinologists,Year 11 ,0.0
253316,Gastroenterologists,Year 11 ,0.0
253317,Intensive Care Specialists,Year 11 ,0.0
253318,Neurologists,Year 11 ,0.0
253321,Paediatricians,Year 11 ,0.0
253322,Renal Medicine Specialists,Year 11 ,0.0
253323,Rheumatologists,Year 11 ,0.0
253324,Thoracic Medicine Specialists,Year 11 ,0.0
253399,Other Specialist Physicians,Year 11 ,0.3
253511,Surgeons (General),Year 11 ,0.0
253512,Cardiothoracic Surgeons,Year 11 ,0.0
253513,Neurosurgeons,Year 11 ,0.0
253514,Orthopaedic Surgeons,Year 11 ,0.0
253515,"Ear, Nose and Throat Specialists",Year 11 ,0.0
253516,Paediatric Surgeons,Year 11 ,0.0
253517,Plastic and Reconstructive Surgeons,Year 11 ,0.0
253518,Urologists,Year 11 ,0.0
253521,Vascular Surgeons,Year 11 ,0.0
253911,Dermatologists,Year 11 ,0.0
253912,Emergency Medicine Specialists,Year 11 ,0.0
253913,Obstetricians and Gynaecologists,Year 11 ,0.0
253914,Eye Specialists,Year 11 ,0.0
253915,Pathologists,Year 11 ,0.6
253917,Diagnostic and Interventional Radiologists,Year 11 ,0.1
253918,Radiation Oncologists,Year 11 ,0.0
253999,Medical Practitioners (not covered elsewhere),Year 11 ,0.3
254211,Nurse Educators,Year 11 ,0.1
254212,Nurse Researchers,Year 11 ,0.0
254411,Nurse Practitioners,Year 11 ,0.2
254412,Registered Nurses (Aged Care),Year 11 ,0.6
254413,Registered Nurses (Child and Family Health),Year 11 ,0.0
254414,Registered Nurses (Community Health),Year 11 ,0.1
254415,Registered Nurses (Critical Care and Emergency),Year 11 ,0.0
254416,Registered Nurses (Developmental Disability),Year 11 ,
254417,Registered Nurses (Disability and Rehabilitation),Year 11 ,0.1
254418,Registered Nurses (Medical),Year 11 ,0.0
254421,Registered Nurses (Medical Practice),Year 11 ,0.1
254422,Registered Nurses (Mental Health),Year 11 ,0.0
254423,Registered Nurses (Perioperative),Year 11 ,0.0
254424,Registered Nurses (Surgical),Year 11 ,0.0
254425,Registered Nurses (Paediatrics),Year 11 ,0.0
254499,Registered Nurses (not covered elsewhere),Year 11 ,0.1
261111,ICT Business Analysts,Year 11 ,0.7
261112,Systems Analysts,Year 11 ,0.9
261211,Game and Multimedia Developers,Year 11 ,0.3
261212,Web Developers,Year 11 ,0.8
261311,Analyst Programmers,Year 11 ,0.3
261312,Developer Programmers,Year 11 ,0.5
261313,Software Engineers,Year 11 ,0.3
261314,Software Testers,Year 11 ,0.6
261399,Other Software and Applications Programmers,Year 11 ,0.9
262111,Database Administrators,Year 11 ,1.3
262112,ICT Security Specialists,Year 11 ,0.9
262113,Systems Administrators,Year 11 ,1.6
263111,Computer Network and Systems Engineers,Year 11 ,0.9
263112,Network Administrators,Year 11 ,1.6
263113,Network Analysts,Year 11 ,0.4
263211,ICT Quality Assurance Engineers,Year 11 ,0.3
263212,ICT Support Engineers,Year 11 ,0.8
263213,ICT Systems Test Engineers,Year 11 ,0.8
263299,Other ICT Support and Test Engineers,Year 11 ,0.2
263311,Telecommunications Engineers,Year 11 ,0.4
263312,Telecommunications Network Engineers,Year 11 ,0.5
271211,Judges,Year 11 ,0.0
271212,Magistrates,Year 11 ,0.0
271213,Tribunal Members,Year 11 ,0.5
271214,Intellectual Property Lawyers,Year 11 ,0.0
271299,Judicial and Other Legal Professionals (not covered elsewhere),Year 11 ,0.5
272111,Careers Counsellors,Year 11 ,0.7
272112,Drug and Alcohol Counsellors,Year 11 ,1.4
272113,Family and Marriage Counsellors,Year 11 ,0.2
272114,Rehabilitation Counsellors,Year 11 ,0.4
272115,Student Counsellors,Year 11 ,0.5
272199,Other Counsellors and Life Coaches,Year 11 ,0.9
272311,Clinical Psychologists,Year 11 ,0.0
272312,Educational Psychologists,Year 11 ,0.0
272313,Organisational Psychologists,Year 11 ,0.0
272314,Psychotherapists,Year 11 ,0.1
272399,Other Psychologists,Year 11 ,0.0
272411,Historians,Year 11 ,1.6
272412,Interpreters,Year 11 ,0.9
272413,Translators,Year 11 ,0.2
272414,Archaeologists,Year 11 ,0.0
272499,Other Social Professionals,Year 11 ,1.8
272611,Community Arts Workers,Year 11 ,0.9
272612,Recreation Officers,Year 11 ,3.4
272613,Welfare Workers,Year 11 ,1.1
311211,Anaesthetic Technicians,Year 11 ,0.0
311212,Cardiac Technicians,Year 11 ,0.7
311213,Medical Laboratory Technicians,Year 11 ,1.3
311214,Operating Theatre Technicians,Year 11 ,2.9
311215,Pharmacy Technicians,Year 11 ,3.5
311216,Pathology Collectors,Year 11 ,1.7
311299,Other Medical Technicians,Year 11 ,2.5
311311,Fisheries Officers,Year 11 ,1.9
311312,Meat Inspectors,Year 11 ,2.6
311313,Quarantine Officers,Year 11 ,3.7
311399,Other Primary Products Inspectors,Year 11 ,3.2
311411,Chemistry Technicians,Year 11 ,2.6
311412,Earth Science Technicians,Year 11 ,4.4
311413,Life Science Technicians,Year 11 ,1.1
311414,School Laboratory Technicians,Year 11 ,0.9
311415,Hydrographers,Year 11 ,1.9
311499,Other Science Technicians,Year 11 ,2.3
312111,Architectural Draftspersons,Year 11 ,1.0
312112,Building Associates,Year 11 ,2.5
312113,Building Inspectors,Year 11 ,0.9
312114,Construction Estimators,Year 11 ,2.0
312115,Plumbing Inspectors,Year 11 ,0.0
312116,Surveying and Spatial Science Technicians,Year 11 ,2.1
312199,"Other Architectural, Building and Surveying Technicians",Year 11 ,2.1
312211,Civil Engineering Draftspersons,Year 11 ,1.4
312212,Civil Engineering Technicians,Year 11 ,2.9
312311,Electrical Engineering Draftspersons,Year 11 ,1.3
312312,Electrical Engineering Technicians,Year 11 ,1.2
312411,Electronic Engineering Draftspersons,Year 11 ,0.0
312412,Electronic Engineering Technicians,Year 11 ,1.5
312511,Mechanical Engineering Draftspersons,Year 11 ,1.1
312512,Mechanical Engineering Technicians,Year 11 ,2.3
312911,Maintenance Planners,Year 11 ,1.5
312912,Metallurgical and Materials Technicians,Year 11 ,3.4
312913,Mine Deputies,Year 11 ,4.1
312999,Building and Engineering Technicians (not covered elsewhere),Year 11 ,1.5
313111,Hardware Technicians,Year 11 ,3.9
313112,ICT Customer Support Officers,Year 11 ,1.8
313113,Web Administrators,Year 11 ,2.0
313199,Other ICT Support Technicians,Year 11 ,3.1
313211,Radiocommunications Technicians,Year 11 ,1.8
313212,Telecommunications Field Engineers,Year 11 ,1.9
313213,Telecommunications Network Planners,Year 11 ,0.6
313214,Telecommunications Technical Officers and Technologists,Year 11 ,1.4
321211,Motor Mechanics (General),Year 11 ,3.2
321212,Diesel Motor Mechanics,Year 11 ,4.9
321213,Motorcycle Mechanics,Year 11 ,4.7
321214,Small Engine Mechanics,Year 11 ,4.4
322111,Blacksmiths,Year 11 ,4.9
322112,Electroplaters,Year 11 ,7.1
322113,Farriers,Year 11 ,3.1
322114,Metal Casting Trades Workers,Year 11 ,6.5
322115,Metal Polishers,Year 11 ,8.7
322311,Metal Fabricators,Year 11 ,3.5
322312,Pressure Welders,Year 11 ,0.0
322313,Welders (First Class),Year 11 ,4.7
323111,Aircraft Maintenance Engineers (Avionics),Year 11 ,0.6
323112,Aircraft Maintenance Engineers (Mechanical),Year 11 ,1.4
323113,Aircraft Maintenance Engineers (Structures),Year 11 ,2.0
323211,Fitters (General),Year 11 ,2.2
323212,Fitter and Turners,Year 11 ,2.5
323213,Fitter-Welders,Year 11 ,2.8
323214,Metal Machinists (First Class),Year 11 ,3.2
323215,"Textile, Clothing and Footwear Mechanics",Year 11 ,3.2
323299,Other Metal Fitters and Machinists,Year 11 ,4.3
323311,Engravers,Year 11 ,7.0
323312,Gunsmiths,Year 11 ,3.5
323313,Locksmiths,Year 11 ,4.0
323314,Precision Instrument Makers and Repairers,Year 11 ,2.4
323315,Saw Doctors,Year 11 ,4.5
323316,Watch and Clock Makers and Repairers,Year 11 ,1.9
323411,Engineering Patternmakers,Year 11 ,0.0
323412,Toolmakers,Year 11 ,2.2
324211,Vehicle Body Builders,Year 11 ,5.6
324212,Vehicle Trimmers,Year 11 ,4.4
331111,Bricklayers,Year 11 ,4.4
331112,Stonemasons,Year 11 ,6.4
331212,Carpenters,Year 11 ,4.0
331213,Joiners,Year 11 ,4.0
333211,Fibrous Plasterers,Year 11 ,5.7
333212,Solid Plasterers,Year 11 ,5.3
334111,Plumbers (General),Year 11 ,4.1
334112,Airconditioning and Mechanical Services Plumbers,Year 11 ,4.2
334113,Drainers,Year 11 ,4.8
334114,Gasfitters,Year 11 ,2.3
334115,Roof Plumbers,Year 11 ,6.1
341111,Electricians (General),Year 11 ,2.3
341112,Electricians (Special Class),Year 11 ,0.0
341113,Lift Mechanics,Year 11 ,1.7
342211,Electrical Linesworkers,Year 11 ,1.3
342212,Technical Cable Jointers,Year 11 ,2.6
342311,Business Machine Mechanics,Year 11 ,4.1
342312,Communications Operators,Year 11 ,3.2
342313,Electronic Equipment Trades Workers,Year 11 ,3.4
342314,Electronic Instrument Trades Workers (General),Year 11 ,1.3
342315,Electronic Instrument Trades Workers (Special Class),Year 11 ,1.7
342411,Cablers (Data and Telecommunications),Year 11 ,4.9
342412,Telecommunications Cable Jointers,Year 11 ,6.6
342413,Telecommunications Linesworkers,Year 11 ,5.8
342414,Telecommunications Technicians,Year 11 ,2.7
351111,Bakers,Year 11 ,4.5
351112,Pastrycooks,Year 11 ,2.5
361111,Dog Handlers and Trainers,Year 11 ,3.4
361112,Horse Trainers,Year 11 ,6.6
361113,Pet Groomers,Year 11 ,6.6
361114,Zookeepers,Year 11 ,1.5
361115,Kennel Hands,Year 11 ,9.6
361199,Other Animal Attendants and Trainers,Year 11 ,5.6
362211,Gardeners (General),Year 11 ,6.4
362212,Arborists,Year 11 ,4.3
362213,Landscape Gardeners,Year 11 ,6.0
392111,Print Finishers,Year 11 ,6.1
392112,Screen Printers,Year 11 ,6.1
392311,Printing Machinists,Year 11 ,3.7
392312,Small Offset Printers,Year 11 ,7.4
393111,Canvas Goods Fabricators,Year 11 ,8.6
393112,Leather Goods Makers,Year 11 ,3.6
393113,Sail Makers,Year 11 ,5.0
393114,Shoemakers,Year 11 ,6.4
393211,Apparel Cutters,Year 11 ,7.6
393212,Clothing Patternmakers,Year 11 ,0.9
393213,Dressmakers and Tailors,Year 11 ,3.9
393299,Other Clothing Trades Workers,Year 11 ,5.5
394211,Furniture Finishers,Year 11 ,3.9
394212,Picture Framers,Year 11 ,6.0
394213,Wood Machinists,Year 11 ,5.1
394214,Wood Turners,Year 11 ,4.8
394299,Other Wood Machinists and Wood Trades Workers,Year 11 ,4.0
399111,Boat Builders and Repairers,Year 11 ,5.4
399112,Shipwrights,Year 11 ,3.5
399211,Chemical Plant Operators,Year 11 ,5.0
399212,Gas and Petroleum Operators,Year 11 ,2.7
399213,Power Generation Plant Operators,Year 11 ,0.8
399311,Gallery and Museum Technicians,Year 11 ,5.1
399312,Library Technicians,Year 11 ,3.5
399511,Broadcast Transmitter Operators,Year 11 ,1.6
399512,"Camera Operators (Film, Television or Video)",Year 11 ,3.5
399513,Light Technicians,Year 11 ,3.2
399514,Make Up Artists,Year 11 ,2.0
399515,Musical Instrument Makers and Repairers,Year 11 ,2.8
399516,Sound Technicians,Year 11 ,2.8
399517,Television Equipment Operators,Year 11 ,6.5
399599,Other Performing Arts Technicians,Year 11 ,3.2
399911,Divers,Year 11 ,3.4
399912,Interior Decorators,Year 11 ,3.4
399913,Optical Dispensers,Year 11 ,3.4
399914,Optical Mechanics,Year 11 ,2.7
399915,Photographer's Assistants,Year 11 ,2.9
399916,Plastics Technicians,Year 11 ,4.8
399917,Wool Classers,Year 11 ,3.4
399918,Fire Protection Equipment Technicians,Year 11 ,4.3
399999,Technicians and Trades Workers (not covered elsewhere),Year 11 ,3.8
411111,Ambulance Officers,Year 11 ,0.5
411112,Intensive Care Ambulance Paramedics,Year 11 ,0.0
411211,Dental Hygienists,Year 11 ,0.4
411212,Dental Prosthetists,Year 11 ,0.0
411213,Dental Technicians,Year 11 ,0.9
411214,Dental Therapists,Year 11 ,0.0
411411,Enrolled Nurses,Year 11 ,0.4
411412,Mothercraft Nurses,Year 11 ,0.0
411711,Community Workers,Year 11 ,2.0
411712,Disabilities Services Officers,Year 11 ,1.6
411713,Family Support Workers,Year 11 ,2.5
411714,Parole and Probation Officers,Year 11 ,1.7
411715,Residential Care Officers,Year 11 ,1.4
411716,Youth Workers,Year 11 ,1.9
421111,Child Care Workers,Year 11 ,1.3
421112,Family Day Care Workers,Year 11 ,0.7
421113,Nannies,Year 11 ,4.3
421114,Out of School Hours Care Workers,Year 11 ,2.2
422111,Aboriginal and Torres Strait Islander Education Workers,Year 11 ,6.8
422112,Integration Aides,Year 11 ,2.9
422115,Preschool Aides,Year 11 ,1.8
422116,Teachers' Aides,Year 11 ,2.8
423311,Hospital orderlies,Year 11 ,5.0
423312,Nursing Support Workers,Year 11 ,1.0
423313,Personal Care Assistants,Year 11 ,2.3
423314,Therapy Aides,Year 11 ,1.8
423411,Child and Youth Residential Care Assistants,Year 11 ,3.2
423412,Hostel Parents,Year 11 ,2.8
423413,Refuge Workers,Year 11 ,3.0
431111,Bar Attendants,Year 11 ,5.4
431112,Baristas,Year 11 ,6.7
431911,Bar Usefuls and Bussers,Year 11 ,8.3
431912,Doorpersons and Luggage Porters,Year 11 ,4.9
431999,Hospitality Workers (not covered elsewhere),Year 11 ,11.3
441211,Emergency Service Workers,Year 11 ,1.4
441212,Fire Fighters,Year 11 ,1.8
441311,Detectives,Year 11 ,0.8
441312,Police Officers,Year 11 ,1.4
442211,"Alarm, Security and Surveillance Monitors",Year 11 ,4.1
442212,Armoured Car Escorts,Year 11 ,5.0
442213,Crowd Controllers,Year 11 ,5.4
442214,Private Investigators,Year 11 ,2.3
442215,Retail Loss Prevention Officers,Year 11 ,10.0
442216,Security Consultants,Year 11 ,2.5
442217,Security Officers,Year 11 ,4.6
442299,Other Security Workers,Year 11 ,4.1
451311,Funeral Directors,Year 11 ,7.7
451399,Funeral Workers (Other),Year 11 ,6.4
451411,Gallery and Museum Guides,Year 11 ,1.4
451412,Tour Guides,Year 11 ,3.5
451511,Natural Remedy Consultants,Year 11 ,1.9
451512,Weight Loss Consultants,Year 11 ,5.8
451513,Herbalists (Western),Year 11 ,4.6
451611,Tourist Information Officers,Year 11 ,3.4
451612,Travel Consultants,Year 11 ,2.2
451711,Flight Attendants,Year 11 ,3.2
451799,Other Travel Attendants,Year 11 ,6.9
451811,Civil Celebrants,Year 11 ,2.9
451812,Hair and Beauty Salon Assistants,Year 11 ,14.3
451814,Body Artists,Year 11 ,5.9
451815,First Aid Trainers,Year 11 ,0.8
451816,Religious Assistants,Year 11 ,0.6
451899,Personal Service Workers (not covered elsewhere),Year 11 ,5.0
452211,Bungy Jump Masters,Year 11 ,
452212,Fishing Guides,Year 11 ,3.5
452213,Hunting Guides,Year 11 ,
452214,Mountain and Glacier Guides,Year 11 ,
452215,Outdoor Adventure Instructors,Year 11 ,2.1
452216,Trekking Guides,Year 11 ,0.0
452217,Whitewater Rafting Guides,Year 11 ,
452299,Other Outdoor Adventure Guides,Year 11 ,4.9
452311,"Scuba, Snorkelling and Dive instructors",Year 11 ,1.9
452312,Gymnastics Coaches and Instructors,Year 11 ,10.4
452313,Horse Riding Coaches and Instructors,Year 11 ,4.1
452314,Snowsport Instructors,Year 11 ,2.7
452315,Swimming Coaches and Instructors,Year 11 ,7.7
452316,Tennis Coaches,Year 11 ,6.7
452317,Other Sports Coaches and Instructors,Year 11 ,6.3
452318,Dog and Horse Racing Officials,Year 11 ,3.5
452321,Sports Development Officers,Year 11 ,1.4
452322,Sports Umpires,Year 11 ,17.1
452323,Other Sports Officials,Year 11 ,9.9
452411,"Footballers (Soccer, Rugby and AFL)",Year 11 ,5.8
452412,Golfers,Year 11 ,1.7
452413,Jockeys,Year 11 ,4.1
452414,Lifeguards,Year 11 ,9.8
452499,Other Sportspersons,Year 11 ,4.5
511111,Contract Administrators,Year 11 ,1.8
511112,Program and Project Administrators,Year 11 ,1.8
512211,Health Practice Managers,Year 11 ,3.5
512299,Other Practice Managers,Year 11 ,2.9
521211,Secretaries (General),Year 11 ,6.5
521212,Legal Secretaries,Year 11 ,5.7
532111,Data Entry Operators,Year 11 ,6.2
532112,Machine Shorthand Reporters,Year 11 ,3.9
532113,Typists,Year 11 ,8.6
541111,Call Centre or Contact Centre Team Leaders,Year 11 ,4.5
541112,Call Centre or Contact Centre Operators,Year 11 ,5.2
542111,Receptionists (General),Year 11 ,6.7
542112,Admissions Clerks,Year 11 ,7.1
542113,Hotel and Motel Receptionists,Year 11 ,4.5
542114,Medical Receptionists,Year 11 ,6.2
551111,Accounts Clerks,Year 11 ,5.2
551112,Cost Clerks,Year 11 ,2.5
552311,Bookmakers,Year 11 ,2.3
552312,Insurance Consultants,Year 11 ,3.4
552313,Money Market Clerks,Year 11 ,2.8
552314,Statistical Clerks,Year 11 ,0.0
561111,Betting Agency Counter Clerks,Year 11 ,10.1
561112,Bookmaker's Clerks,Year 11 ,
561113,Telephone Betting Clerks,Year 11 ,9.3
561199,Other Betting Clerks,Year 11 ,5.5
561211,Couriers,Year 11 ,6.6
561212,Postal Delivery Officers,Year 11 ,8.2
561411,Mail Clerks,Year 11 ,6.2
561412,Postal Sorting Officers,Year 11 ,7.0
561911,Classified Advertising Clerks,Year 11 ,2.7
561912,Meter Readers,Year 11 ,6.7
561913,Parking Inspectors,Year 11 ,5.8
561999,Clerical and Office Support Workers (not covered elsewhere),Year 11 ,5.5
591112,Production Clerks,Year 11 ,5.0
591113,Purchasing Officers,Year 11 ,4.8
591115,Stock Clerks,Year 11 ,5.9
591116,Warehouse Administrators,Year 11 ,6.2
591117,Order Clerks,Year 11 ,6.1
591211,Despatching and Receiving Clerks,Year 11 ,6.3
591212,Import-Export Clerks,Year 11 ,3.4
599111,Conveyancers,Year 11 ,4.2
599112,Legal Executives,Year 11 ,2.0
599211,Clerks of Court,Year 11 ,2.3
599212,Court Bailiffs and Sheriffs,Year 11 ,5.3
599213,Court Orderlies,Year 11 ,2.9
599214,Law Clerks,Year 11 ,3.3
599215,Trust Officers,Year 11 ,5.2
599511,Customs Officers,Year 11 ,2.9
599512,Immigration Officers,Year 11 ,1.7
599513,Motor Vehicle Licence Examiners,Year 11 ,5.0
599514,Noxious Weeds and Pest Inspectors,Year 11 ,2.8
599515,Social Security Assessors,Year 11 ,4.4
599516,Taxation Inspectors,Year 11 ,1.2
599517,Train Examiners,Year 11 ,4.9
599518,Transport Operations Inspectors,Year 11 ,4.1
599521,Water Inspectors,Year 11 ,3.5
599599,Other Inspectors and Regulatory Officers,Year 11 ,2.7
599611,Insurance Investigators,Year 11 ,1.7
599612,Insurance Loss Adjusters,Year 11 ,1.9
599613,Insurance Risk Surveyors,Year 11 ,0.7
599912,"Production Assistants (Film, Television, Radio or Stage)",Year 11 ,1.2
599913,Proof Readers,Year 11 ,2.9
599914,Radio Despatchers,Year 11 ,3.2
599915,Clinical Coders,Year 11 ,1.4
599916,Facilities Administrators,Year 11 ,3.1
599999,Clerical and Administrative Workers (not covered elsewhere),Year 11 ,1.8
611111,Auctioneers,Year 11 ,4.1
611112,Stock and Station Agents,Year 11 ,8.1
611311,Sales Representatives (Building and Plumbing Supplies),Year 11 ,6.4
611312,Sales Representatives (Business Services),Year 11 ,4.1
611313,Sales Representatives (Motor Vehicle Parts and Accessories),Year 11 ,7.6
611314,Sales Representatives (Personal and Household Goods),Year 11 ,5.5
611399,Other Sales Representatives,Year 11 ,4.2
612111,Business Brokers,Year 11 ,2.2
612112,Property Managers,Year 11 ,2.8
612113,Real Estate Agency Principals,Year 11 ,1.5
612114,Real Estate Agents,Year 11 ,1.9
612115,Real Estate Representatives,Year 11 ,3.0
621311,Motor Vehicle and Caravan Salespersons,Year 11 ,6.6
621312,Motor Vehicle Parts Interpreters,Year 11 ,8.2
621711,Cash Van Salespersons,Year 11 ,6.9
621712,Door-to-door Salespersons,Year 11 ,3.7
621713,Street Vendors,Year 11 ,6.1
621911,Materials Recyclers,Year 11 ,7.4
621912,Rental Salespersons,Year 11 ,5.9
621999,Sales Assistants and Salespersons (not covered elsewhere),Year 11 ,6.7
631111,Checkout Operators,Year 11 ,13.3
631112,Cashiers,Year 11 ,9.5
639111,Models,Year 11 ,6.1
639112,Sales Demonstrators,Year 11 ,8.4
639211,Retail Buyers,Year 11 ,2.7
639212,Wool Buyers,Year 11 ,6.7
639411,Ticket Sellers,Year 11 ,5.8
639412,Transport Conductors,Year 11 ,8.9
711111,Clay Products Machine Operators,Year 11 ,7.0
711112,Concrete Products Machine Operators,Year 11 ,8.9
711113,Glass Production Machine Operators,Year 11 ,8.1
711114,Stone Processing Machine Operators,Year 11 ,4.9
711199,"Other Clay, Concrete, Glass and Stone Processing Machine Operators",Year 11 ,7.2
711311,Paper Products Machine Operators,Year 11 ,8.3
711313,Sawmilling Operators,Year 11 ,9.8
711314,Other Wood Processing Machine Operators,Year 11 ,8.4
711511,Plastic Cablemaking Machine Operators,Year 11 ,8.9
711512,Plastic Compounding and Reclamation Machine Operators,Year 11 ,6.8
711513,Plastics Fabricators and Welders,Year 11 ,6.9
711514,Plastics Production Machine Operators (General),Year 11 ,6.3
711515,Reinforced Plastic and Composite Production Workers,Year 11 ,11.1
711516,Rubber Production Machine Operators,Year 11 ,7.5
711599,Other Plastics and Rubber Production Machine Operators,Year 11 ,6.1
711711,Footwear Production Machine Operators,Year 11 ,8.1
711712,Hide and Skin Processing Machine Operators,Year 11 ,5.8
711713,Knitting Machine Operators,Year 11 ,7.4
711714,Textile Dyeing and Finishing Machine Operators,Year 11 ,9.6
711715,Weaving Machine Operators,Year 11 ,9.5
711716,Yarn Carding and Spinning Machine Operators,Year 11 ,5.6
711799,Other Textile and Footwear Production Machine Operators,Year 11 ,5.6
711911,Chemical Production Machine Operators,Year 11 ,5.2
711912,Motion Picture Projectionists,Year 11 ,6.1
711913,Sand Blasters,Year 11 ,7.3
711914,Sterilisation Technicians,Year 11 ,2.3
711999,Machine Operators (not covered elsewhere),Year 11 ,6.7
712211,Drillers,Year 11 ,6.8
712212,Miners,Year 11 ,7.3
712213,Shot Firers,Year 11 ,7.2
712911,Boiler and Engine Operators,Year 11 ,6.6
712912,Bulk Materials Handling Plant Operators,Year 11 ,8.0
712913,Cement Production Plant Operators,Year 11 ,5.1
712914,Concrete Batching Plant Operators,Year 11 ,8.9
712915,Concrete Pump Operators,Year 11 ,9.0
712916,Paper and Pulp Mill Operators,Year 11 ,8.8
712917,Railway Signal Operators,Year 11 ,6.5
712918,Train Controllers,Year 11 ,5.5
712921,Waste Water and Water Plant Operators,Year 11 ,3.4
712922,Weighbridge Operators,Year 11 ,8.4
712999,Stationary Plant Operators (not covered elsewhere),Year 11 ,7.7
721111,Agricultural and Horticultural Mobile Plant Operators,Year 11 ,7.9
721112,Logging Plant Operators,Year 11 ,11.0
721211,Earthmoving Plant Operators (General),Year 11 ,6.3
721212,Backhoe Operators,Year 11 ,5.3
721213,Bulldozer Operators,Year 11 ,6.5
721214,Excavator Operators,Year 11 ,7.1
721215,Grader Operators,Year 11 ,8.7
721216,Loader Operators,Year 11 ,9.6
721911,Aircraft Baggage Handlers and Airline Ground Crews,Year 11 ,5.2
721912,Linemarkers,Year 11 ,8.9
721913,Paving Plant Operators,Year 11 ,8.0
721914,Railway Track Plant Operators,Year 11 ,8.0
721915,Road Roller Operators,Year 11 ,6.4
721916,Streetsweeper Operators,Year 11 ,6.6
721999,Mobile Plant Operators (not covered elsewhere),Year 11 ,8.3
731111,Chauffeurs,Year 11 ,5.8
731112,Taxi Drivers,Year 11 ,3.4
731199,Other Automobile Drivers,Year 11 ,2.6
731211,Bus Drivers,Year 11 ,5.2
731212,Charter and Tour Bus Drivers,Year 11 ,5.5
731213,Passenger Coach Drivers,Year 11 ,6.8
731311,Train Drivers,Year 11 ,4.7
731312,Tram Drivers,Year 11 ,6.5
733111,Truck Drivers (General),Year 11 ,7.7
733112,Aircraft Refuellers,Year 11 ,5.9
733113,Furniture Removalist Drivers,Year 11 ,8.9
733114,Tanker Drivers,Year 11 ,7.8
733115,Tow Truck Drivers,Year 11 ,7.6
811411,Commercial Housekeepers,Year 11 ,6.6
811412,Domestic Housekeepers,Year 11 ,6.6
811511,Laundry Workers (General),Year 11 ,6.5
811512,Drycleaners,Year 11 ,6.5
811513,Ironers and Pressers,Year 11 ,6.4
811611,Carpet Cleaners,Year 11 ,7.1
811612,Window Cleaners,Year 11 ,8.4
811699,Cleaners (not covered elsewhere),Year 11 ,7.4
821111,Builder's Labourers,Year 11 ,7.8
821112,"Drainage, Sewerage and Stormwater Labourers",Year 11 ,6.1
821113,Earthmoving Labourers,Year 11 ,8.3
821114,Plumber's Assistants,Year 11 ,9.0
821411,Building Insulation Installers,Year 11 ,7.0
821412,Home Improvement Installers,Year 11 ,7.1
821711,Construction Riggers,Year 11 ,6.9
821712,Scaffolders,Year 11 ,9.3
821713,Steel Fixers,Year 11 ,9.7
821714,Structural Steel Erectors,Year 11 ,10.2
821911,Crane Chasers,Year 11 ,6.7
821912,Driller's Assistants,Year 11 ,6.9
821913,Laggers,Year 11 ,6.1
821914,Mining Support Workers,Year 11 ,8.4
821915,Surveyor's Assistants,Year 11 ,3.3
831111,Baking Factory Workers,Year 11 ,5.4
831112,Brewery Workers,Year 11 ,3.0
831113,Confectionery Makers,Year 11 ,7.8
831114,Dairy Products Makers,Year 11 ,8.8
831115,Fruit and Vegetable Factory Workers,Year 11 ,7.8
831116,Grain Mill Workers,Year 11 ,6.7
831117,Sugar Mill Workers,Year 11 ,6.3
831118,Winery Cellar Hands,Year 11 ,9.3
831199,Other Food and Drink Factory Workers,Year 11 ,6.8
831211,Meat Boners and Slicers,Year 11 ,5.8
831212,Slaughterers,Year 11 ,6.5
831311,Meat Process Workers,Year 11 ,6.8
831312,Poultry Process Workers,Year 11 ,6.5
831313,Seafood Process Workers,Year 11 ,6.8
832111,Chocolate Packers,Year 11 ,7.7
832112,Container Fillers,Year 11 ,9.7
832113,Fruit and Vegetable Packers,Year 11 ,5.4
832114,Meat Packers,Year 11 ,6.2
832115,Seafood Packers,Year 11 ,5.0
832199,Other Packers,Year 11 ,6.7
839211,Plastics Factory Workers,Year 11 ,8.1
839212,Rubber Factory Workers,Year 11 ,6.1
839311,Product Examiners,Year 11 ,4.1
839312,Product Graders,Year 11 ,7.3
839313,Product Testers,Year 11 ,4.3
839411,Paper and Pulp Mill Workers,Year 11 ,9.9
839412,Sawmill and Timber Yard Workers,Year 11 ,8.8
839413,Wood and Wood Products Factory Workers,Year 11 ,9.0
839911,Cement and Concrete Plant Workers,Year 11 ,10.8
839912,Chemical Plant Workers,Year 11 ,5.0
839913,Clay Processing Factory Workers,Year 11 ,11.5
839914,Fabric and Textile Factory Workers,Year 11 ,6.0
839915,Footwear Factory Workers,Year 11 ,8.0
839916,Glass Processing Workers,Year 11 ,9.8
839917,Hide and Skin Processing Workers,Year 11 ,9.9
839918,Recycling Workers,Year 11 ,9.3
839999,Factory Process Workers (not covered elsewhere),Year 11 ,5.8
841211,Fruit and Nut Farm Workers,Year 11 ,7.4
841212,Fruit and Nut Pickers,Year 11 ,5.3
841213,"Grain, Oilseed and Pasture Farm Workers",Year 11 ,8.2
841214,Vegetable Farm Workers,Year 11 ,6.3
841215,Vegetable Pickers,Year 11 ,4.6
841216,Vineyard Workers,Year 11 ,9.4
841217,Mushroom Pickers,Year 11 ,3.7
841299,Other Crop Farm Workers,Year 11 ,7.7
841311,Forestry Workers,Year 11 ,7.4
841312,Logging Assistants,Year 11 ,6.7
841313,Tree Fallers,Year 11 ,8.0
841411,Garden Labourers,Year 11 ,7.3
841412,Nursery Hands (Horticulture),Year 11 ,6.8
841511,Beef Cattle Farm Workers,Year 11 ,6.0
841512,Dairy Cattle Farm Workers,Year 11 ,10.2
841513,Mixed Livestock Farm Workers,Year 11 ,7.6
841514,Poultry Farm Workers,Year 11 ,7.6
841515,Sheep Farm Workers,Year 11 ,8.8
841516,Stablehands,Year 11 ,8.4
841517,Wool Handlers,Year 11 ,11.7
841599,Other Livestock Farm Workers,Year 11 ,7.7
841911,Hunter-Trappers,Year 11 ,4.7
841913,Pest Controllers,Year 11 ,3.9
841999,"Farm, Forestry and Garden Workers (not covered elsewhere)",Year 11 ,5.0
851211,Pastrycook's Assistants,Year 11 ,10.5
851299,Other Food Trades Assistants,Year 11 ,10.4
891111,Freight Handlers (Rail or Road),Year 11 ,8.1
891112,Truck Driver's Offsiders,Year 11 ,10.9
891113,Waterside Workers,Year 11 ,6.8
899211,Deck Hands,Year 11 ,3.8
899212,Fishing Hands,Year 11 ,7.5
899411,Motor Vehicle Parts and Accessories Fitters (General),Year 11 ,6.7
899412,Autoglaziers,Year 11 ,8.2
899413,Exhaust and Muffler Repairers,Year 11 ,6.6
899414,Radiator Repairers,Year 11 ,8.8
899415,Tyre Fitters,Year 11 ,10.3
899511,Printer's Assistants,Year 11 ,6.6
899512,Printing Table Workers,Year 11 ,7.1
899911,Bicycle Mechanics,Year 11 ,6.4
899912,Car Park Attendants,Year 11 ,5.4
899913,Crossing Supervisors,Year 11 ,7.2
899914,Electrical and Telecommunications Trades Assistants,Year 11 ,7.8
899915,Leaflet and Newspaper Deliverers,Year 11 ,9.3
899916,Mechanic's Assistants,Year 11 ,11.1
899917,Railways Assistants,Year 11 ,4.1
899918,Sign Erectors,Year 11 ,7.1
899921,Ticket Collectors and Ushers,Year 11 ,8.2
899922,Trolley Collectors,Year 11 ,9.9
899923,Road Traffic Controllers,Year 11 ,7.7
899999,Labourers (not covered elsewhere),Year 11 ,8.2
1111,Chief Executives and Managing Directors,Year 10 and below ,4.2
1112,General Managers,Year 10 and below ,3.6
1113,Legislators,Year 10 and below ,5.9
1211,Aquaculture Farmers,Year 10 and below ,21.7
1212,Crop Farmers,Year 10 and below ,26.1
1213,Livestock Farmers,Year 10 and below ,27.7
1214,Mixed Crop and Livestock Farmers,Year 10 and below ,23.6
1311,"Advertising, Public Relations and Sales Manager",Year 10 and below ,3.4
1321,Corporate Services Managers,Year 10 and below ,4.6
1322,Finance Managers,Year 10 and below ,1.9
1323,Human Resource Managers,Year 10 and below ,2.0
1324,Policy and Planning Managers,Year 10 and below ,0.9
1325,Research and Development Managers,Year 10 and below ,0.7
1331,Construction Managers,Year 10 and below ,4.4
1332,Engineering Managers,Year 10 and below ,0.8
1333,"Importers, Exporters and Wholesalers",Year 10 and below ,11.4
1334,Manufacturers,Year 10 and below ,15.1
1335,Production Managers,Year 10 and below ,8.5
1336,"Supply, Distribution and Procurement Managers",Year 10 and below ,7.7
1341,Child Care Centre Managers,Year 10 and below ,0.9
1342,Health and Welfare Services Managers,Year 10 and below ,1.9
1343,School Principals,Year 10 and below ,0.1
1344,Other Education Managers,Year 10 and below ,0.6
1351,ICT Managers,Year 10 and below ,1.1
1391,Commissioned Officers (Management),Year 10 and below ,1.0
1392,Senior Non-Commissioned Defence Force Officers,Year 10 and below ,5.2
1399,Other Specialist Managers,Year 10 and below ,3.1
1411,Cafe and Restaurant Managers,Year 10 and below ,8.4
1412,Caravan Park and Camping Ground Managers,Year 10 and below ,20.1
1413,Hotel and Motel Managers,Year 10 and below ,11.2
1414,Licensed Club Managers,Year 10 and below ,10.5
1419,Other Accommodation and Hospitality Managers,Year 10 and below ,8.6
1421,Retail Managers,Year 10 and below ,11.0
1491,"Amusement, Fitness and Sports Centre Managers",Year 10 and below ,4.5
1492,"Call, Contact Centre and Customer Service Managers",Year 10 and below ,5.1
1493,Conference and Event Organisers,Year 10 and below ,3.3
1494,Transport Services Managers,Year 10 and below ,17.9
1499,"Other Hospitality, Retail and Service Managers",Year 10 and below ,7.3
2111,"Actors, Dancers and Other Entertainers",Year 10 and below ,6.2
2112,Music Professionals,Year 10 and below ,4.3
2113,Photographers,Year 10 and below ,3.6
2114,Visual Arts and Crafts Professionals,Year 10 and below ,6.7
2121,"Artistic Directors, Media Producers and Presenters",Year 10 and below ,2.6
2122,"Authors, and Book and Script Editors",Year 10 and below ,1.6
2123,"Film, Television, Radio and Stage Directors",Year 10 and below ,2.4
2124,Journalists and Other Writers,Year 10 and below ,1.1
2211,Accountants,Year 10 and below ,0.6
2212,"Auditors, Company Secretaries and Corporate Treasurers",Year 10 and below ,1.4
2221,Financial Brokers,Year 10 and below ,2.0
2222,Financial Dealers,Year 10 and below ,1.6
2223,Financial Investment Advisers and Managers,Year 10 and below ,1.0
2231,Human Resource Professionals,Year 10 and below ,2.8
2232,ICT Trainers,Year 10 and below ,1.5
2233,Training and Development Professionals,Year 10 and below ,2.5
2241,"Actuaries, Mathematicians and Statisticians",Year 10 and below ,0.5
2242,"Archivists, Curators and Records Managers",Year 10 and below ,2.6
2243,Economists,Year 10 and below ,0.2
2244,Intelligence and Policy Analysts,Year 10 and below ,0.5
2245,Land Economists and Valuers,Year 10 and below ,2.2
2246,Librarians,Year 10 and below ,1.3
2247,Management and Organisation Analysts,Year 10 and below ,1.1
2249,Other Information and Organisation Professionals,Year 10 and below ,1.5
2251,Advertising and Marketing Professionals,Year 10 and below ,1.3
2252,ICT Sales Professionals,Year 10 and below ,2.3
2253,Public Relations Professionals,Year 10 and below ,1.1
2254,Technical Sales Representatives,Year 10 and below ,6.8
2311,Air Transport Professionals,Year 10 and below ,1.2
2312,Marine Transport Professionals,Year 10 and below ,5.7
2321,Architects and Landscape Architects,Year 10 and below ,0.2
2322,Surveyors and Spatial Scientists,Year 10 and below ,1.2
2323,"Fashion, Industrial and Jewellery Designers",Year 10 and below ,1.8
2324,"Graphic and Web Designers, and Illustrators",Year 10 and below ,1.3
2325,Interior Designers,Year 10 and below ,1.8
2326,Urban and Regional Planners,Year 10 and below ,0.7
2331,Chemical and Materials Engineers,Year 10 and below ,0.3
2332,Civil Engineering Professionals,Year 10 and below ,0.3
2333,Electrical Engineers,Year 10 and below ,0.2
2334,Electronics Engineers,Year 10 and below ,0.3
2335,"Industrial, Mechanical and Production Engineers",Year 10 and below ,0.5
2336,Mining Engineers,Year 10 and below ,0.4
2339,Other Engineering Professionals,Year 10 and below ,0.3
2341,Agricultural and Forestry Scientists,Year 10 and below ,3.0
2342,"Chemists, and Food and Wine Scientists",Year 10 and below ,1.9
2343,Environmental Scientists,Year 10 and below ,2.4
2344,"Geologists, Geophysicists and Hydrogeologists",Year 10 and below ,0.3
2345,Life Scientists,Year 10 and below ,0.4
2346,Medical Laboratory Scientists,Year 10 and below ,0.1
2347,Veterinarians,Year 10 and below ,0.5
2349,Other Natural and Physical Science Professionals,Year 10 and below ,0.2
2411,Early Childhood (Pre-primary School) Teachers,Year 10 and below ,0.3
2412,Primary School Teachers,Year 10 and below ,0.1
2413,Middle School Teachers,Year 10 and below ,0.0
2414,Secondary School Teachers,Year 10 and below ,0.0
2415,Special Education Teachers,Year 10 and below ,0.4
2421,University Lecturers and Tutors,Year 10 and below ,0.1
2422,Vocational Education Teachers,Year 10 and below ,1.1
2491,Education Advisers and Reviewers,Year 10 and below ,0.8
2492,Private Tutors and Teachers,Year 10 and below ,4.3
2493,Teachers of English to Speakers of Other Languages,Year 10 and below ,0.2
2511,Nutrition Professionals,Year 10 and below ,0.1
2512,Medical Imaging Professionals,Year 10 and below ,0.1
2513,Occupational and Environmental Health Professionals,Year 10 and below ,2.8
2514,Optometrists and Orthoptists,Year 10 and below ,0.2
2515,Pharmacists,Year 10 and below ,0.4
2519,Other Health Diagnostic and Promotion Professionals,Year 10 and below ,1.3
2521,Chiropractors and Osteopaths,Year 10 and below ,0.1
2522,Complementary Health Therapists,Year 10 and below ,0.4
2523,Dental Practitioners,Year 10 and below ,0.2
2524,Occupational Therapists,Year 10 and below ,0.1
2525,Physiotherapists,Year 10 and below ,0.0
2526,Podiatrists,Year 10 and below ,0.1
2527,Audiologists and Speech Pathologists \ Therapists,Year 10 and below ,0.0
2531,General Practitioners and Resident Medical Officers,Year 10 and below ,0.1
2532,Anaesthetists,Year 10 and below ,0.0
2533,Specialist Physicians,Year 10 and below ,0.1
2534,Psychiatrists,Year 10 and below ,0.0
2535,Surgeons,Year 10 and below ,0.1
2539,Other Medical Practitioners,Year 10 and below ,0.5
2541,Midwives,Year 10 and below ,0.0
2542,Nurse Educators and Researchers,Year 10 and below ,0.0
2543,Nurse Managers,Year 10 and below ,0.1
2544,Registered Nurses,Year 10 and below ,0.5
2611,ICT Business and Systems Analysts,Year 10 and below ,0.9
2612,Multimedia Specialists and Web Developers,Year 10 and below ,1.2
2613,Software and Applications Programmers,Year 10 and below ,0.5
2621,"Database and Systems Administrators, and ICT Security Specialists",Year 10 and below ,1.6
2631,Computer Network Professionals,Year 10 and below ,1.2
2632,ICT Support and Test Engineers,Year 10 and below ,0.9
2633,Telecommunications Engineering Professionals,Year 10 and below ,0.8
2711,Barristers,Year 10 and below ,0.3
2712,Judicial and Other Legal Professionals,Year 10 and below ,0.9
2713,Solicitors,Year 10 and below ,0.1
2721,Counsellors,Year 10 and below ,1.2
2722,Ministers of Religion,Year 10 and below ,1.4
2723,Psychologists and Psychotherapists,Year 10 and below ,0.0
2724,Social Professionals,Year 10 and below ,2.5
2725,Social Workers,Year 10 and below ,0.7
2726,"Welfare, Recreation and Community Arts Workers",Year 10 and below ,2.5
3111,Agricultural Technicians,Year 10 and below ,6.3
3112,Medical Technicians,Year 10 and below ,4.2
3113,Primary Products Inspectors,Year 10 and below ,5.3
3114,Science Technicians,Year 10 and below ,4.2
3121,"Architectural, Building and Surveying Technicians",Year 10 and below ,5.0
3122,Civil Engineering Draftspersons and Technicians,Year 10 and below ,2.7
3123,"Electrical Engineering Draftspersons, Technicians",Year 10 and below ,2.0
3124,"Electronic Engineering Draftspersons, Technicians",Year 10 and below ,2.3
3125,"Mechanical Engineering Draftspersons, Technicians",Year 10 and below ,2.0
3126,Safety Inspectors,Year 10 and below ,4.5
3129,Other Building and Engineering Technicians,Year 10 and below ,6.3
3131,ICT Support Technicians,Year 10 and below ,2.4
3132,Telecommunications Technical Specialists,Year 10 and below ,2.8
3211,Automotive Electricians,Year 10 and below ,4.5
3212,Motor Mechanics,Year 10 and below ,7.2
3221,"Metal Casting, Forging and Finishing Trades",Year 10 and below ,20.6
3222,Sheetmetal Trades Workers,Year 10 and below ,11.8
3223,Structural Steel and Welding Trades Workers,Year 10 and below ,10.8
3231,Aircraft Maintenance Engineers,Year 10 and below ,1.2
3232,Metal Fitters and Machinists,Year 10 and below ,4.9
3233,Precision Metal Trades Workers,Year 10 and below ,7.5
3234,Toolmakers and Engineering Patternmakers,Year 10 and below ,6.8
3241,Panelbeaters,Year 10 and below ,10.6
3242,Vehicle Body Builders and Trimmers,Year 10 and below ,17.5
3243,Vehicle Painters,Year 10 and below ,12.1
3311,Bricklayers and Stonemasons,Year 10 and below ,15.8
3312,Carpenters and Joiners,Year 10 and below ,7.4
3321,Floor Finishers,Year 10 and below ,22.3
3322,Painting Trades Workers,Year 10 and below ,14.7
3331,Glaziers,Year 10 and below ,15.1
3332,Plasterers,Year 10 and below ,18.9
3333,Roof Tilers,Year 10 and below ,21.3
3334,Wall and Floor Tilers,Year 10 and below ,14.5
3341,Plumbers,Year 10 and below ,7.2
3411,Electricians,Year 10 and below ,2.6
3421,Airconditioning and Refrigeration Mechanics,Year 10 and below ,5.4
3422,Electrical Distribution Trades Workers,Year 10 and below ,3.0
3423,Electronics Trades Workers,Year 10 and below ,5.2
3424,Telecommunications Trades Workers,Year 10 and below ,6.7
3511,Bakers and Pastrycooks,Year 10 and below ,11.1
3512,Butchers and Smallgoods Makers,Year 10 and below ,16.1
3513,Chefs,Year 10 and below ,5.2
3514,Cooks,Year 10 and below ,16.7
3611,Animal Attendants and Trainers,Year 10 and below ,15.7
3612,Shearers,Year 10 and below ,39.2
3613,Veterinary Nurses,Year 10 and below ,2.7
3621,Florists,Year 10 and below ,9.1
3622,Gardeners,Year 10 and below ,15.0
3623,Greenkeepers,Year 10 and below ,19.3
3624,Nurserypersons,Year 10 and below ,12.6
3911,Hairdressers,Year 10 and below ,5.6
3921,Print Finishers and Screen Printers,Year 10 and below ,14.9
3922,Graphic Pre-press Trades Workers,Year 10 and below ,3.8
3923,Printers,Year 10 and below ,9.2
3931,Canvas and Leather Goods Makers,Year 10 and below ,22.4
3932,Clothing Trades Workers,Year 10 and below ,20.4
3933,Upholsterers,Year 10 and below ,18.3
3941,Cabinetmakers,Year 10 and below ,9.2
3942,Wood Machinists and Other Wood Trades Workers,Year 10 and below ,13.5
3991,Boat Builders and Shipwrights,Year 10 and below ,11.9
3992,"Chemical, Gas, Petroleum and Power Plant Operators",Year 10 and below ,7.7
3993,"Gallery, Library and Museum Technicians",Year 10 and below ,4.0
3994,Jewellers,Year 10 and below ,9.7
3995,Performing Arts Technicians,Year 10 and below ,4.4
3996,Signwriters,Year 10 and below ,10.7
3999,Other Miscellaneous Technicians and Trades Workers,Year 10 and below ,7.2
4111,Ambulance Officers and Paramedics,Year 10 and below ,1.2
4112,"Dental Hygienists, Technicians and Therapists",Year 10 and below ,0.6
4113,Diversional Therapists,Year 10 and below ,4.0
4114,Enrolled and Mothercraft Nurses,Year 10 and below ,0.8
4115,Indigenous Health Workers,Year 10 and below ,9.7
4116,Massage Therapists,Year 10 and below ,4.5
4117,Welfare Support Workers,Year 10 and below ,3.7
4211,Child Carers,Year 10 and below ,2.8
4221,Education Aides,Year 10 and below ,5.9
4231,Aged and Disabled Carers,Year 10 and below ,7.6
4232,Dental Assistants,Year 10 and below ,4.3
4233,Nursing Support and Personal Care Workers,Year 10 and below ,6.8
4234,Special Care Workers,Year 10 and below ,5.2
4311,Bar Attendants and Baristas,Year 10 and below ,9.8
4312,Cafe Workers,Year 10 and below ,22.4
4313,Gaming Workers,Year 10 and below ,4.8
4314,Hotel Service Managers,Year 10 and below ,8.9
4315,Waiters,Year 10 and below ,14.4
4319,Other Hospitality Workers,Year 10 and below ,20.3
4411,Defence Force Members - Other Ranks,Year 10 and below ,5.5
4412,Fire and Emergency Workers,Year 10 and below ,2.9
4413,Police,Year 10 and below ,1.2
4421,Prison Officers,Year 10 and below ,6.7
4422,Security Officers and Guards,Year 10 and below ,10.8
4511,Beauty Therapists,Year 10 and below ,6.4
4512,Driving Instructors,Year 10 and below ,7.0
4513,Funeral Workers,Year 10 and below ,16.2
4514,"Gallery, Museum and Tour Guides",Year 10 and below ,5.7
4515,Personal Care Consultants,Year 10 and below ,11.6
4516,Tourism and Travel Advisers,Year 10 and below ,4.5
4517,Travel Attendants,Year 10 and below ,4.1
4518,Other Personal Service Workers,Year 10 and below ,11.1
4521,Fitness Instructors,Year 10 and below ,1.9
4522,Outdoor Adventure Guides,Year 10 and below ,4.1
4523,"Sports Coaches, Instructors and Officials",Year 10 and below ,15.7
4524,Sportspersons,Year 10 and below ,7.1
5111,"Contract, Program and Project Administrators",Year 10 and below ,3.0
5121,Office Managers,Year 10 and below ,11.3
5122,Practice Managers,Year 10 and below ,5.9
5211,Personal Assistants,Year 10 and below ,6.7
5212,Secretaries,Year 10 and below ,18.1
5311,General Clerks,Year 10 and below ,10.6
5321,Keyboard Operators,Year 10 and below ,12.3
5411,Call or Contact Centre Workers,Year 10 and below ,7.6
5412,Information Officers,Year 10 and below ,7.1
5421,Receptionists,Year 10 and below ,11.4
5511,Accounting Clerks,Year 10 and below ,9.1
5512,Bookkeepers,Year 10 and below ,11.2
5513,Payroll Clerks,Year 10 and below ,9.7
5521,Bank Workers,Year 10 and below ,6.1
5522,Credit and Loans Officers,Year 10 and below ,3.7
5523,"Insurance, Money Market and Statistical Clerks",Year 10 and below ,5.4
5611,Betting Clerks,Year 10 and below ,21.6
5612,Couriers and Postal Deliverers,Year 10 and below ,19.5
5613,Filing and Registry Clerks,Year 10 and below ,10.3
5614,Mail Sorters,Year 10 and below ,16.9
5615,Survey Interviewers,Year 10 and below ,6.1
5616,Switchboard Operators,Year 10 and below ,19.5
5619,Other Clerical and Office Support Workers,Year 10 and below ,12.0
5911,Purchasing and Supply Logistics Clerks,Year 10 and below ,11.1
5912,Transport and Despatch Clerks,Year 10 and below ,12.2
5991,Conveyancers and Legal Executives,Year 10 and below ,5.0
5992,Court and Legal Clerks,Year 10 and below ,4.9
5993,Debt Collectors,Year 10 and below ,8.4
5994,Human Resource Clerks,Year 10 and below ,6.4
5995,Inspectors and Regulatory Officers,Year 10 and below ,5.5
5996,"Insurance Investigators, Loss Adjusters and Risk Surveyors",Year 10 and below ,3.0
5997,Library Assistants,Year 10 and below ,8.7
5999,Other Miscellaneous Clerical and Administrative Workers,Year 10 and below ,4.7
6111,"Auctioneers, and Stock and Station Agents",Year 10 and below ,14.7
6112,Insurance Agents,Year 10 and below ,4.4
6113,Sales Representatives,Year 10 and below ,9.5
6121,Real Estate Sales Agents,Year 10 and below ,4.8
6211,Sales Assistants (General),Year 10 and below ,21.4
6212,ICT Sales Assistants,Year 10 and below ,4.4
6213,Motor Vehicle and Vehicle Parts Salespersons,Year 10 and below ,15.0
6214,Pharmacy Sales Assistants,Year 10 and below ,17.3
6215,Retail Supervisors,Year 10 and below ,11.3
6216,Service Station Attendants,Year 10 and below ,17.2
6217,Street Vendors and Related Salespersons,Year 10 and below ,13.4
6219,Other Sales Assistants and Salespersons,Year 10 and below ,18.7
6311,Checkout Operators and Office Cashiers,Year 10 and below ,25.5
6391,Models and Sales Demonstrators,Year 10 and below ,19.9
6392,Retail and Wool Buyers,Year 10 and below ,5.5
6393,Telemarketers,Year 10 and below ,12.1
6394,Ticket Salespersons,Year 10 and below ,10.6
6395,Visual Merchandisers,Year 10 and below ,10.7
6399,Other Sales Support Workers,Year 10 and below ,14.0
7111,"Clay, Concrete, Glass and Stone Processing Machine Operators",Year 10 and below ,23.9
7112,Industrial Spraypainters,Year 10 and below ,24.2
7113,Paper and Wood Processing Machine Operators,Year 10 and below ,29.4
7114,Photographic Developers and Printers,Year 10 and below ,7.7
7115,Plastics and Rubber Production Machine Operators,Year 10 and below ,23.4
7116,Sewing Machinists,Year 10 and below ,31.1
7117,Textile and Footwear Production Machine Operators,Year 10 and below ,26.3
7119,Other Machine Operators,Year 10 and below ,14.8
7121,"Crane, Hoist and Lift Operators",Year 10 and below ,24.3
7122,"Drillers, Miners and Shot Firers",Year 10 and below ,22.9
7123,Engineering Production Workers,Year 10 and below ,20.6
7129,Other Stationary Plant Operators,Year 10 and below ,20.7
7211,"Agricultural, Forestry and Horticultural Plant Operators",Year 10 and below ,31.8
7212,Earthmoving Plant Operators,Year 10 and below ,34.7
7213,Forklift Drivers,Year 10 and below ,27.3
7219,Other Mobile Plant Operators,Year 10 and below ,19.1
7311,Automobile Drivers,Year 10 and below ,12.1
7312,Bus and Coach Drivers,Year 10 and below ,21.4
7313,Train and Tram Drivers,Year 10 and below ,14.0
7321,Delivery Drivers,Year 10 and below ,15.6
7331,Truck Drivers,Year 10 and below ,34.2
7411,Storepersons,Year 10 and below ,17.2
8111,Car Detailers,Year 10 and below ,26.9
8112,Commercial Cleaners,Year 10 and below ,27.5
8113,Domestic Cleaners,Year 10 and below ,24.6
8114,Housekeepers,Year 10 and below ,25.7
8115,Laundry Workers,Year 10 and below ,30.7
8116,Other Cleaners,Year 10 and below ,22.9
8211,Building and Plumbing Labourers,Year 10 and below ,22.0
8212,Concreters,Year 10 and below ,28.4
8213,Fencers,Year 10 and below ,28.7
8214,Insulation and Home Improvement Installers,Year 10 and below ,19.1
8215,Paving and Surfacing Labourers,Year 10 and below ,30.7
8216,Railway Track Workers,Year 10 and below ,21.6
8217,Structural Steel Construction Workers,Year 10 and below ,21.0
8219,Other Construction and Mining Labourers,Year 10 and below ,16.9
8311,Food and Drink Factory Workers,Year 10 and below ,19.7
8312,"Meat Boners and Slicers, and Slaughterers",Year 10 and below ,25.6
8313,"Meat, Poultry and Seafood Process Workers",Year 10 and below ,26.5
8321,Packers,Year 10 and below ,23.0
8322,Product Assemblers,Year 10 and below ,21.4
8391,Metal Engineering Process Workers,Year 10 and below ,27.8
8392,Plastics and Rubber Factory Workers,Year 10 and below ,28.7
8393,Product Quality Controllers,Year 10 and below ,12.4
8394,Timber and Wood Process Workers,Year 10 and below ,32.2
8399,Other Factory Process Workers,Year 10 and below ,27.9
8411,Aquaculture Workers,Year 10 and below ,26.9
8412,Crop Farm Workers,Year 10 and below ,27.2
8413,Forestry and Logging Workers,Year 10 and below ,29.7
8414,Garden and Nursery Labourers,Year 10 and below ,25.0
8415,Livestock Farm Workers,Year 10 and below ,28.1
8416,Mixed Crop and Livestock Farm Workers,Year 10 and below ,25.4
8419,"Other Farm, Forestry and Garden Workers",Year 10 and below ,14.2
8511,Fast Food Cooks,Year 10 and below ,37.0
8512,Food Trades Assistants,Year 10 and below ,25.1
8513,Kitchenhands,Year 10 and below ,29.8
8911,Freight and Furniture Handlers,Year 10 and below ,21.4
8912,Shelf Fillers,Year 10 and below ,20.3
8991,Caretakers,Year 10 and below ,20.3
8992,Deck and Fishing Hands,Year 10 and below ,22.0
8993,Handypersons,Year 10 and below ,18.6
8994,Motor Vehicle Parts and Accessories Fitters,Year 10 and below ,28.0
8995,Printing Assistants and Table Workers,Year 10 and below ,22.2
8996,Recycling and Rubbish Collectors,Year 10 and below ,32.9
8997,Vending Machine Attendants,Year 10 and below ,16.8
8999,Other Miscellaneous Labourers,Year 10 and below ,23.2
111211,Corporate General Managers,Year 10 and below ,3.7
111212,Defence Force Senior Officers,Year 10 and below ,0.2
111311,Local Government Legislators,Year 10 and below ,7.2
111312,Members of Parliament,Year 10 and below ,2.2
111399,Other Legislators,Year 10 and below ,10.8
121211,Cotton Growers,Year 10 and below ,24.5
121212,Flower Growers,Year 10 and below ,23.3
121213,Fruit and Nut Growers,Year 10 and below ,25.5
121214,"Grain, Oilseed and Pasture Growers",Year 10 and below ,24.2
121215,Grape Growers,Year 10 and below ,19.3
121216,Mixed Crop Farmers,Year 10 and below ,26.6
121217,Sugar Cane Growers,Year 10 and below ,42.2
121218,Turf Growers,Year 10 and below ,34.0
121221,Vegetable Growers,Year 10 and below ,32.4
121299,Other Crop Farmers,Year 10 and below ,17.1
121311,Beekeepers,Year 10 and below ,24.3
121312,Beef Cattle Farmers,Year 10 and below ,31.5
121313,Dairy Cattle Farmers,Year 10 and below ,26.0
121314,Deer Farmers,Year 10 and below ,
121315,Goat Farmers,Year 10 and below ,19.0
121316,Horse Breeders,Year 10 and below ,18.1
121317,Mixed Livestock Farmers,Year 10 and below ,24.6
121318,Pig Farmers,Year 10 and below ,14.0
121321,Poultry Farmers,Year 10 and below ,24.5
121322,Sheep Farmers,Year 10 and below ,24.5
121399,Other Livestock Farmers,Year 10 and below ,21.4
131112,Sales and Marketing Managers,Year 10 and below ,3.8
131113,Advertising Managers,Year 10 and below ,1.9
131114,Public Relations Managers,Year 10 and below ,1.0
133111,Construction Project Managers,Year 10 and below ,3.0
133112,Project Builders,Year 10 and below ,6.0
133311,Importers and Exporters,Year 10 and below ,8.2
133312,Wholesalers,Year 10 and below ,12.4
133511,Forest Managers,Year 10 and below ,10.9
133512,Manufacturing Production Managers,Year 10 and below ,10.2
133513,Mine Managers,Year 10 and below ,5.4
133611,Supply and Distribution Managers,Year 10 and below ,9.0
133612,Procurement Managers,Year 10 and below ,4.0
134211,Medical Administrators,Year 10 and below ,2.6
134212,Nursing Clinical Directors,Year 10 and below ,0.0
134213,Primary Health Organisation Managers,Year 10 and below ,0.0
134214,Welfare Centre Managers,Year 10 and below ,2.1
134299,Other Health and Welfare Services Managers,Year 10 and below ,2.0
134411,Faculty Heads,Year 10 and below ,0.4
134412,Regional Education Managers,Year 10 and below ,1.2
134499,Education Managers (not covered elsewhere),Year 10 and below ,0.7
135111,Chief Information Officers,Year 10 and below ,0.9
135112,ICT Project Managers,Year 10 and below ,1.0
135199,Other ICT Managers,Year 10 and below ,1.2
139111,Commissioned Defence Force Officers,Year 10 and below ,0.9
139112,Commissioned Fire Officers,Year 10 and below ,1.4
139113,Commissioned Police Officers,Year 10 and below ,0.4
139911,Arts Administrators and Managers,Year 10 and below ,2.4
139912,Environmental Managers,Year 10 and below ,1.0
139913,Laboratory Managers,Year 10 and below ,1.5
139914,Quality Assurance Managers,Year 10 and below ,2.6
139915,Sports Administrators,Year 10 and below ,3.2
139999,Specialist Managers (not covered elsewhere),Year 10 and below ,3.7
141911,Bed and Breakfast Operators,Year 10 and below ,10.5
141912,Retirement Village Managers,Year 10 and below ,7.6
141999,Accommodation and Hospitality Managers (not covered elsewhere),Year 10 and below ,8.2
142111,Retail Managers (General),Year 10 and below ,11.2
142112,Antique Dealers,Year 10 and below ,14.1
142113,Betting Agency Managers,Year 10 and below ,22.6
142114,Hair and Beauty Salon Managers,Year 10 and below ,4.0
142115,Post Office Managers,Year 10 and below ,14.2
142116,Travel Agency Managers,Year 10 and below ,3.4
149111,Amusement Centre Managers,Year 10 and below ,4.8
149112,Fitness Centre Managers,Year 10 and below ,3.2
149113,Sports Centre Managers,Year 10 and below ,6.0
149211,Call Centre or Contact Centre Managers,Year 10 and below ,6.3
149212,Customer Service Managers,Year 10 and below ,5.1
149411,Fleet Managers,Year 10 and below ,7.9
149412,Railway Station Managers,Year 10 and below ,16.3
149413,Transport Company Managers,Year 10 and below ,21.3
149911,Boarding Kennel and Cattery Operators,Year 10 and below ,18.1
149912,Cinema and Theatre Managers,Year 10 and below ,5.7
149913,Facilities Managers,Year 10 and below ,6.3
149914,Bank Managers and Branch Managers,Year 10 and below ,4.7
149915,Equipment Hire Managers,Year 10 and below ,13.5
149999,"Hospitality, Retail and Service Managers (not covered elsewhere)",Year 10 and below ,8.4
211111,Actors,Year 10 and below ,4.4
211112,Dancers and Choreographers,Year 10 and below ,6.9
211113,Entertainers and Variety Artists,Year 10 and below ,8.8
211199,"Other Actors, Dancers and Entertainers",Year 10 and below ,6.0
211211,Composers,Year 10 and below ,2.4
211212,Music Directors,Year 10 and below ,1.7
211213,Musicians,Year 10 and below ,4.1
211214,Singers,Year 10 and below ,7.4
211299,Other Music Professionals,Year 10 and below ,0.0
211411,Painters (Visual Arts),Year 10 and below ,7.4
211412,Potters and Ceramic Artists,Year 10 and below ,5.5
211413,Sculptors,Year 10 and below ,5.7
211499,Other Visual Arts or Crafts Professionals,Year 10 and below ,7.4
212111,Artistic Directors,Year 10 and below ,0.8
212112,Media Producers,Year 10 and below ,1.6
212113,Radio Presenters,Year 10 and below ,6.9
212114,Television Presenters,Year 10 and below ,3.7
212211,Authors,Year 10 and below ,2.0
212212,Book and Script Editors,Year 10 and below ,0.4
212311,"Art Directors (Film, Television or Stage)",Year 10 and below ,1.4
212312,"Directors (Film, Television, Radio or Stage)",Year 10 and below ,2.5
212313,Cinematographers,Year 10 and below ,2.2
212314,Film and Video Editors,Year 10 and below ,2.5
212315,Program Directors (Television or Radio),Year 10 and below ,2.4
212316,Stage Managers,Year 10 and below ,1.6
212317,Technical Directors,Year 10 and below ,1.9
212318,Video Producers,Year 10 and below ,2.1
212399,"Other Film, Television, Radio and Stage Directors",Year 10 and below ,3.2
212411,Copywriters,Year 10 and below ,0.6
212412,Newspaper and Periodical Editors,Year 10 and below ,1.3
212413,Print Journalists,Year 10 and below ,1.4
212414,Radio Journalists,Year 10 and below ,2.2
212415,Technical Writers,Year 10 and below ,1.4
212416,Television Journalists,Year 10 and below ,0.4
212499,"Bloggers, Critics, Sports and Other Writers (not covered elsewhere)",Year 10 and below ,1.6
221111,Accountants (General),Year 10 and below ,0.6
221112,Management Accountants,Year 10 and below ,0.3
221113,Taxation Accountants,Year 10 and below ,1.0
221211,Company Secretaries,Year 10 and below ,3.9
221212,Corporate Treasurers,Year 10 and below ,0.8
221213,External Auditors,Year 10 and below ,1.3
221214,Internal Auditors,Year 10 and below ,1.6
222111,Commodities Traders,Year 10 and below ,6.2
222112,Finance Brokers,Year 10 and below ,1.3
222113,Insurance Brokers,Year 10 and below ,2.3
222199,Other Financial Brokers,Year 10 and below ,1.3
222211,Financial Market Dealers,Year 10 and below ,0.9
222212,Futures Traders,Year 10 and below ,0.0
222213,Stockbrokers,Year 10 and below ,2.0
222299,Other Financial Dealers,Year 10 and below ,1.4
222311,Financial Investment Advisers,Year 10 and below ,0.8
222312,Financial Investment Managers,Year 10 and below ,1.3
223111,Human Resource Advisers,Year 10 and below ,1.8
223112,Recruitment Consultants,Year 10 and below ,3.8
223113,Workplace Relations Advisers,Year 10 and below ,4.5
224111,Actuaries,Year 10 and below ,0.0
224112,Mathematicians,Year 10 and below ,0.0
224113,Statisticians,Year 10 and below ,0.8
224211,Archivists,Year 10 and below ,3.3
224212,Gallery and Museum Curators,Year 10 and below ,1.1
224213,Health Information Managers,Year 10 and below ,1.7
224214,Records Managers,Year 10 and below ,4.7
224411,Intelligence Officers,Year 10 and below ,1.0
224412,Policy Analysts,Year 10 and below ,0.4
224511,Land Economists,Year 10 and below ,2.6
224512,Valuers,Year 10 and below ,1.3
224711,Management Consultants,Year 10 and below ,1.1
224712,Organisation and Methods Analysts,Year 10 and below ,1.5
224911,Electorate Officers,Year 10 and below ,2.7
224912,Liaison Officers,Year 10 and below ,3.6
224913,Migration Agents,Year 10 and below ,0.3
224914,Patents Examiners,Year 10 and below ,1.1
224999,Information and Organisation Professionals (not covered elsewhere),Year 10 and below ,1.3
225111,Advertising Specialists,Year 10 and below ,1.3
225112,Market Research Analysts,Year 10 and below ,1.1
225113,Marketing Specialists,Year 10 and below ,1.3
225211,ICT Account Managers,Year 10 and below ,1.9
225212,ICT Business Development Managers,Year 10 and below ,1.5
225213,ICT Sales Representatives,Year 10 and below ,3.2
225411,Sales Representatives (Industrial Products),Year 10 and below ,9.2
225412,Sales Representatives (Medical and Pharmaceutical Products),Year 10 and below ,3.6
225499,Other Technical Sales Representatives,Year 10 and below ,3.3
231111,Aeroplane Pilots,Year 10 and below ,0.9
231112,Air Traffic Controllers,Year 10 and below ,0.8
231113,Flying Instructors,Year 10 and below ,0.8
231114,Helicopter Pilots,Year 10 and below ,2.2
231199,Other Air Transport Professionals,Year 10 and below ,2.4
231211,Master Fishers,Year 10 and below ,18.1
231212,Marine Engineers,Year 10 and below ,1.3
231213,Ship's Masters,Year 10 and below ,7.5
231214,Ship's Officers,Year 10 and below ,1.3
231215,Marine Surveyors,Year 10 and below ,0.6
231299,Other Marine Transport Professionals,Year 10 and below ,4.0
232111,Architects,Year 10 and below ,0.1
232112,Landscape Architects,Year 10 and below ,0.3
232212,Surveyors,Year 10 and below ,1.3
232213,Cartographers,Year 10 and below ,1.9
232214,Other Spatial Scientists,Year 10 and below ,0.8
232311,Fashion Designers,Year 10 and below ,2.3
232312,Industrial Designers,Year 10 and below ,1.0
232313,Jewellery Designers,Year 10 and below ,4.3
232411,Graphic Designers,Year 10 and below ,1.3
232412,Illustrators (including Animators),Year 10 and below ,1.5
232413,Multimedia Designers,Year 10 and below ,0.9
232414,Web Designers,Year 10 and below ,1.7
233111,Chemical Engineers,Year 10 and below ,0.1
233112,Materials Engineers,Year 10 and below ,0.0
233211,Civil Engineers,Year 10 and below ,0.2
233212,Geotechnical Engineers,Year 10 and below ,0.2
233213,Quantity Surveyors,Year 10 and below ,0.7
233214,Structural Engineers,Year 10 and below ,0.2
233215,Transport Engineers,Year 10 and below ,0.7
233511,Industrial Engineers,Year 10 and below ,0.7
233512,Mechanical Engineers,Year 10 and below ,0.5
233513,Production and Plant Engineers,Year 10 and below ,0.6
233611,Mining Engineers (excluding Petroleum),Year 10 and below ,0.5
233612,Petroleum Engineers,Year 10 and below ,0.3
233911,Aeronautical Engineers,Year 10 and below ,0.0
233912,Agricultural Engineers,Year 10 and below ,7.9
233913,Biomedical Engineers,Year 10 and below ,0.0
233914,Engineering Technologists,Year 10 and below ,0.0
233915,Environmental Engineers,Year 10 and below ,0.0
233916,Naval Architects,Year 10 and below ,0.0
233999,Engineering Professionals (not covered elsewhere),Year 10 and below ,0.2
234111,Agricultural Consultants,Year 10 and below ,4.7
234112,Agricultural Scientists,Year 10 and below ,0.8
234113,Foresters,Year 10 and below ,6.9
234211,Chemists,Year 10 and below ,1.8
234212,Food Technologists,Year 10 and below ,0.7
234213,Wine Makers,Year 10 and below ,3.0
234311,Conservation Officers,Year 10 and below ,1.9
234312,Environmental Consultants,Year 10 and below ,0.4
234313,Environmental Research Scientists,Year 10 and below ,0.1
234314,Park Rangers,Year 10 and below ,10.6
234399,Other Environmental Scientists,Year 10 and below ,1.3
234411,Geologists,Year 10 and below ,0.2
234412,Geophysicists,Year 10 and below ,0.7
234413,Hydrogeologists,Year 10 and below ,0.0
234511,Biologists,Year 10 and below ,0.0
234513,Biochemists,Year 10 and below ,0.0
234514,Biotechnologists,Year 10 and below ,0.0
234515,Botanists,Year 10 and below ,0.6
234516,Marine Biologists,Year 10 and below ,0.8
234517,Microbiologists,Year 10 and below ,0.0
234518,Zoologists,Year 10 and below ,0.5
234599,Other Life Scientists,Year 10 and below ,0.4
234911,Conservators,Year 10 and below ,1.5
234912,Metallurgists,Year 10 and below ,0.3
234913,Meteorologists,Year 10 and below ,0.4
234914,Physicists (including Astronomers),Year 10 and below ,0.3
234915,Exercise Physiologists,Year 10 and below ,0.0
234999,Natural and Physical Science Professionals (not covered elsewhere),Year 10 and below ,0.7
241511,Special Needs Teachers,Year 10 and below ,0.2
241512,Teachers of the Hearing Impaired,Year 10 and below ,1.2
241513,Teachers of the Sight Impaired,Year 10 and below ,0.0
241599,Other Special Education Teachers,Year 10 and below ,2.0
242111,University Lecturers,Year 10 and below ,0.0
242112,University Tutors,Year 10 and below ,0.1
249111,Education Advisers,Year 10 and below ,0.9
249112,Education Reviewers,Year 10 and below ,0.4
249211,Art Teachers (Private Tuition),Year 10 and below ,3.1
249212,Dance Teachers (Private Tuition),Year 10 and below ,9.5
249213,Drama Teachers (Private Tuition),Year 10 and below ,2.7
249214,Music Teachers (Private Tuition),Year 10 and below ,2.9
249299,Other Private Tutors and Teachers,Year 10 and below ,3.4
251111,Dietitians,Year 10 and below ,0.1
251112,Nutritionists,Year 10 and below ,0.7
251211,Medical Diagnostic Radiographers,Year 10 and below ,0.0
251212,Medical Radiation Therapists,Year 10 and below ,0.0
251213,Nuclear Medicine Technologists,Year 10 and below ,0.0
251214,Sonographers,Year 10 and below ,0.1
251311,Environmental Health Officers,Year 10 and below ,4.2
251312,Occupational Health and Safety Advisers,Year 10 and below ,2.5
251411,Optometrists,Year 10 and below ,0.2
251412,Orthoptists,Year 10 and below ,0.0
251511,Hospital Pharmacists,Year 10 and below ,0.0
251512,Industrial Pharmacists,Year 10 and below ,0.0
251513,Retail Pharmacists,Year 10 and below ,0.5
251911,Health Promotion Officers,Year 10 and below ,1.3
251912,Orthotists and Prosthetists,Year 10 and below ,1.4
251999,Genetic Counsellors (and Other Health Professionals not covered elsewhere),Year 10 and below ,1.3
252111,Chiropractors,Year 10 and below ,0.2
252112,Osteopaths,Year 10 and below ,0.0
252211,Acupuncturists,Year 10 and below ,0.2
252212,Homoeopaths,Year 10 and below ,0.0
252213,Naturopaths,Year 10 and below ,0.6
252214,Chinese Medicine Practitioners,Year 10 and below ,0.7
252299,"Music, Dance, Drama, Play, Hypnotic, and Related Therapists",Year 10 and below ,1.1
252311,Dental Specialists (including Orthodontists),Year 10 and below ,0.0
252312,Dentists,Year 10 and below ,0.2
252711,Audiologists,Year 10 and below ,0.4
252712,Speech Pathologists,Year 10 and below ,0.0
253111,General Practitioners,Year 10 and below ,0.1
253112,Resident Medical Officers,Year 10 and below ,0.0
253311,Specialist Physicians (General Medicine),Year 10 and below ,0.0
253312,Cardiologists,Year 10 and below ,0.4
253313,Clinical Haematologists,Year 10 and below ,0.0
253314,Medical Oncologists,Year 10 and below ,0.0
253315,Endocrinologists,Year 10 and below ,0.0
253316,Gastroenterologists,Year 10 and below ,0.0
253317,Intensive Care Specialists,Year 10 and below ,0.0
253318,Neurologists,Year 10 and below ,0.0
253321,Paediatricians,Year 10 and below ,0.0
253322,Renal Medicine Specialists,Year 10 and below ,0.0
253323,Rheumatologists,Year 10 and below ,0.0
253324,Thoracic Medicine Specialists,Year 10 and below ,0.0
253399,Other Specialist Physicians,Year 10 and below ,0.2
253511,Surgeons (General),Year 10 and below ,0.0
253512,Cardiothoracic Surgeons,Year 10 and below ,0.0
253513,Neurosurgeons,Year 10 and below ,0.0
253514,Orthopaedic Surgeons,Year 10 and below ,0.0
253515,"Ear, Nose and Throat Specialists",Year 10 and below ,0.8
253516,Paediatric Surgeons,Year 10 and below ,0.0
253517,Plastic and Reconstructive Surgeons,Year 10 and below ,0.0
253518,Urologists,Year 10 and below ,0.0
253521,Vascular Surgeons,Year 10 and below ,0.0
253911,Dermatologists,Year 10 and below ,0.0
253912,Emergency Medicine Specialists,Year 10 and below ,0.0
253913,Obstetricians and Gynaecologists,Year 10 and below ,0.0
253914,Eye Specialists,Year 10 and below ,0.0
253915,Pathologists,Year 10 and below ,2.4
253917,Diagnostic and Interventional Radiologists,Year 10 and below ,0.2
253918,Radiation Oncologists,Year 10 and below ,0.0
253999,Medical Practitioners (not covered elsewhere),Year 10 and below ,0.6
254211,Nurse Educators,Year 10 and below ,0.1
254212,Nurse Researchers,Year 10 and below ,0.0
254411,Nurse Practitioners,Year 10 and below ,0.5
254412,Registered Nurses (Aged Care),Year 10 and below ,2.6
254413,Registered Nurses (Child and Family Health),Year 10 and below ,0.1
254414,Registered Nurses (Community Health),Year 10 and below ,0.2
254415,Registered Nurses (Critical Care and Emergency),Year 10 and below ,0.0
254416,Registered Nurses (Developmental Disability),Year 10 and below ,
254417,Registered Nurses (Disability and Rehabilitation),Year 10 and below ,0.3
254418,Registered Nurses (Medical),Year 10 and below ,0.0
254421,Registered Nurses (Medical Practice),Year 10 and below ,0.2
254422,Registered Nurses (Mental Health),Year 10 and below ,0.2
254423,Registered Nurses (Perioperative),Year 10 and below ,0.1
254424,Registered Nurses (Surgical),Year 10 and below ,0.0
254425,Registered Nurses (Paediatrics),Year 10 and below ,0.0
254499,Registered Nurses (not covered elsewhere),Year 10 and below ,0.1
261111,ICT Business Analysts,Year 10 and below ,0.7
261112,Systems Analysts,Year 10 and below ,1.0
261211,Game and Multimedia Developers,Year 10 and below ,1.2
261212,Web Developers,Year 10 and below ,1.2
261311,Analyst Programmers,Year 10 and below ,0.4
261312,Developer Programmers,Year 10 and below ,0.8
261313,Software Engineers,Year 10 and below ,0.3
261314,Software Testers,Year 10 and below ,0.7
261399,Other Software and Applications Programmers,Year 10 and below ,1.2
262111,Database Administrators,Year 10 and below ,2.0
262112,ICT Security Specialists,Year 10 and below ,1.1
262113,Systems Administrators,Year 10 and below ,1.8
263111,Computer Network and Systems Engineers,Year 10 and below ,0.9
263112,Network Administrators,Year 10 and below ,1.9
263113,Network Analysts,Year 10 and below ,1.2
263211,ICT Quality Assurance Engineers,Year 10 and below ,0.3
263212,ICT Support Engineers,Year 10 and below ,1.1
263213,ICT Systems Test Engineers,Year 10 and below ,1.7
263299,Other ICT Support and Test Engineers,Year 10 and below ,0.1
263311,Telecommunications Engineers,Year 10 and below ,0.8
263312,Telecommunications Network Engineers,Year 10 and below ,0.8
271211,Judges,Year 10 and below ,0.0
271212,Magistrates,Year 10 and below ,0.0
271213,Tribunal Members,Year 10 and below ,0.6
271214,Intellectual Property Lawyers,Year 10 and below ,0.0
271299,Judicial and Other Legal Professionals (not covered elsewhere),Year 10 and below ,1.1
272111,Careers Counsellors,Year 10 and below ,1.1
272112,Drug and Alcohol Counsellors,Year 10 and below ,3.0
272113,Family and Marriage Counsellors,Year 10 and below ,0.0
272114,Rehabilitation Counsellors,Year 10 and below ,0.7
272115,Student Counsellors,Year 10 and below ,0.8
272199,Other Counsellors and Life Coaches,Year 10 and below ,1.8
272311,Clinical Psychologists,Year 10 and below ,0.0
272312,Educational Psychologists,Year 10 and below ,0.0
272313,Organisational Psychologists,Year 10 and below ,0.0
272314,Psychotherapists,Year 10 and below ,0.2
272399,Other Psychologists,Year 10 and below ,0.0
272411,Historians,Year 10 and below ,2.1
272412,Interpreters,Year 10 and below ,2.3
272413,Translators,Year 10 and below ,0.8
272414,Archaeologists,Year 10 and below ,0.4
272499,Other Social Professionals,Year 10 and below ,4.0
272611,Community Arts Workers,Year 10 and below ,4.3
272612,Recreation Officers,Year 10 and below ,6.1
272613,Welfare Workers,Year 10 and below ,2.3
311211,Anaesthetic Technicians,Year 10 and below ,0.0
311212,Cardiac Technicians,Year 10 and below ,1.0
311213,Medical Laboratory Technicians,Year 10 and below ,2.5
311214,Operating Theatre Technicians,Year 10 and below ,4.4
311215,Pharmacy Technicians,Year 10 and below ,6.7
311216,Pathology Collectors,Year 10 and below ,4.2
311299,Other Medical Technicians,Year 10 and below ,4.1
311311,Fisheries Officers,Year 10 and below ,1.5
311312,Meat Inspectors,Year 10 and below ,5.9
311313,Quarantine Officers,Year 10 and below ,5.2
311399,Other Primary Products Inspectors,Year 10 and below ,7.5
311411,Chemistry Technicians,Year 10 and below ,5.1
311412,Earth Science Technicians,Year 10 and below ,6.7
311413,Life Science Technicians,Year 10 and below ,2.6
311414,School Laboratory Technicians,Year 10 and below ,2.9
311415,Hydrographers,Year 10 and below ,3.1
311499,Other Science Technicians,Year 10 and below ,4.3
312111,Architectural Draftspersons,Year 10 and below ,1.1
312112,Building Associates,Year 10 and below ,7.3
312113,Building Inspectors,Year 10 and below ,2.2
312114,Construction Estimators,Year 10 and below ,3.3
312115,Plumbing Inspectors,Year 10 and below ,1.1
312116,Surveying and Spatial Science Technicians,Year 10 and below ,2.4
312199,"Other Architectural, Building and Surveying Technicians",Year 10 and below ,4.0
312211,Civil Engineering Draftspersons,Year 10 and below ,1.2
312212,Civil Engineering Technicians,Year 10 and below ,5.4
312311,Electrical Engineering Draftspersons,Year 10 and below ,1.3
312312,Electrical Engineering Technicians,Year 10 and below ,2.3
312411,Electronic Engineering Draftspersons,Year 10 and below ,6.4
312412,Electronic Engineering Technicians,Year 10 and below ,2.2
312511,Mechanical Engineering Draftspersons,Year 10 and below ,1.2
312512,Mechanical Engineering Technicians,Year 10 and below ,4.0
312911,Maintenance Planners,Year 10 and below ,2.8
312912,Metallurgical and Materials Technicians,Year 10 and below ,6.2
312913,Mine Deputies,Year 10 and below ,12.7
312999,Building and Engineering Technicians (not covered elsewhere),Year 10 and below ,3.2
313111,Hardware Technicians,Year 10 and below ,3.2
313112,ICT Customer Support Officers,Year 10 and below ,2.4
313113,Web Administrators,Year 10 and below ,2.6
313199,Other ICT Support Technicians,Year 10 and below ,5.1
313211,Radiocommunications Technicians,Year 10 and below ,3.5
313212,Telecommunications Field Engineers,Year 10 and below ,4.9
313213,Telecommunications Network Planners,Year 10 and below ,1.1
313214,Telecommunications Technical Officers and Technologists,Year 10 and below ,2.6
321211,Motor Mechanics (General),Year 10 and below ,6.9
321212,Diesel Motor Mechanics,Year 10 and below ,8.0
321213,Motorcycle Mechanics,Year 10 and below ,9.4
321214,Small Engine Mechanics,Year 10 and below ,16.9
322111,Blacksmiths,Year 10 and below ,18.1
322112,Electroplaters,Year 10 and below ,24.4
322113,Farriers,Year 10 and below ,15.0
322114,Metal Casting Trades Workers,Year 10 and below ,16.0
322115,Metal Polishers,Year 10 and below ,36.2
322311,Metal Fabricators,Year 10 and below ,8.0
322312,Pressure Welders,Year 10 and below ,0.0
322313,Welders (First Class),Year 10 and below ,16.9
323111,Aircraft Maintenance Engineers (Avionics),Year 10 and below ,0.4
323112,Aircraft Maintenance Engineers (Mechanical),Year 10 and below ,0.6
323113,Aircraft Maintenance Engineers (Structures),Year 10 and below ,2.0
323211,Fitters (General),Year 10 and below ,4.7
323212,Fitter and Turners,Year 10 and below ,3.9
323213,Fitter-Welders,Year 10 and below ,7.0
323214,Metal Machinists (First Class),Year 10 and below ,7.7
323215,"Textile, Clothing and Footwear Mechanics",Year 10 and below ,12.7
323299,Other Metal Fitters and Machinists,Year 10 and below ,7.8
323311,Engravers,Year 10 and below ,16.0
323312,Gunsmiths,Year 10 and below ,4.6
323313,Locksmiths,Year 10 and below ,6.1
323314,Precision Instrument Makers and Repairers,Year 10 and below ,5.9
323315,Saw Doctors,Year 10 and below ,19.3
323316,Watch and Clock Makers and Repairers,Year 10 and below ,7.3
323411,Engineering Patternmakers,Year 10 and below ,8.0
323412,Toolmakers,Year 10 and below ,6.6
324211,Vehicle Body Builders,Year 10 and below ,19.0
324212,Vehicle Trimmers,Year 10 and below ,13.1
331111,Bricklayers,Year 10 and below ,15.4
331112,Stonemasons,Year 10 and below ,17.2
331212,Carpenters,Year 10 and below ,7.3
331213,Joiners,Year 10 and below ,8.4
333211,Fibrous Plasterers,Year 10 and below ,18.5
333212,Solid Plasterers,Year 10 and below ,20.6
334111,Plumbers (General),Year 10 and below ,6.3
334112,Airconditioning and Mechanical Services Plumbers,Year 10 and below ,4.5
334113,Drainers,Year 10 and below ,8.5
334114,Gasfitters,Year 10 and below ,4.1
334115,Roof Plumbers,Year 10 and below ,14.2
341111,Electricians (General),Year 10 and below ,2.6
341112,Electricians (Special Class),Year 10 and below ,0.0
341113,Lift Mechanics,Year 10 and below ,3.1
342211,Electrical Linesworkers,Year 10 and below ,2.9
342212,Technical Cable Jointers,Year 10 and below ,2.8
342311,Business Machine Mechanics,Year 10 and below ,5.9
342312,Communications Operators,Year 10 and below ,4.8
342313,Electronic Equipment Trades Workers,Year 10 and below ,5.8
342314,Electronic Instrument Trades Workers (General),Year 10 and below ,1.3
342315,Electronic Instrument Trades Workers (Special Class),Year 10 and below ,0.0
342411,Cablers (Data and Telecommunications),Year 10 and below ,11.7
342412,Telecommunications Cable Jointers,Year 10 and below ,11.8
342413,Telecommunications Linesworkers,Year 10 and below ,11.7
342414,Telecommunications Technicians,Year 10 and below ,4.9
351111,Bakers,Year 10 and below ,12.6
351112,Pastrycooks,Year 10 and below ,7.2
361111,Dog Handlers and Trainers,Year 10 and below ,8.9
361112,Horse Trainers,Year 10 and below ,26.3
361113,Pet Groomers,Year 10 and below ,16.2
361114,Zookeepers,Year 10 and below ,4.1
361115,Kennel Hands,Year 10 and below ,20.7
361199,Other Animal Attendants and Trainers,Year 10 and below ,13.4
362211,Gardeners (General),Year 10 and below ,18.0
362212,Arborists,Year 10 and below ,10.9
362213,Landscape Gardeners,Year 10 and below ,12.3
392111,Print Finishers,Year 10 and below ,14.3
392112,Screen Printers,Year 10 and below ,16.4
392311,Printing Machinists,Year 10 and below ,7.3
392312,Small Offset Printers,Year 10 and below ,11.2
393111,Canvas Goods Fabricators,Year 10 and below ,30.0
393112,Leather Goods Makers,Year 10 and below ,20.5
393113,Sail Makers,Year 10 and below ,12.4
393114,Shoemakers,Year 10 and below ,21.7
393211,Apparel Cutters,Year 10 and below ,25.6
393212,Clothing Patternmakers,Year 10 and below ,5.0
393213,Dressmakers and Tailors,Year 10 and below ,21.4
393299,Other Clothing Trades Workers,Year 10 and below ,15.2
394211,Furniture Finishers,Year 10 and below ,14.2
394212,Picture Framers,Year 10 and below ,13.0
394213,Wood Machinists,Year 10 and below ,13.7
394214,Wood Turners,Year 10 and below ,14.5
394299,Other Wood Machinists and Wood Trades Workers,Year 10 and below ,11.3
399111,Boat Builders and Repairers,Year 10 and below ,13.2
399112,Shipwrights,Year 10 and below ,6.9
399211,Chemical Plant Operators,Year 10 and below ,15.5
399212,Gas and Petroleum Operators,Year 10 and below ,6.1
399213,Power Generation Plant Operators,Year 10 and below ,4.0
399311,Gallery and Museum Technicians,Year 10 and below ,8.1
399312,Library Technicians,Year 10 and below ,3.8
399511,Broadcast Transmitter Operators,Year 10 and below ,3.0
399512,"Camera Operators (Film, Television or Video)",Year 10 and below ,5.5
399513,Light Technicians,Year 10 and below ,5.4
399514,Make Up Artists,Year 10 and below ,2.4
399515,Musical Instrument Makers and Repairers,Year 10 and below ,7.3
399516,Sound Technicians,Year 10 and below ,4.0
399517,Television Equipment Operators,Year 10 and below ,7.5
399599,Other Performing Arts Technicians,Year 10 and below ,4.0
399911,Divers,Year 10 and below ,6.6
399912,Interior Decorators,Year 10 and below ,5.3
399913,Optical Dispensers,Year 10 and below ,5.0
399914,Optical Mechanics,Year 10 and below ,7.5
399915,Photographer's Assistants,Year 10 and below ,4.4
399916,Plastics Technicians,Year 10 and below ,22.5
399917,Wool Classers,Year 10 and below ,9.9
399918,Fire Protection Equipment Technicians,Year 10 and below ,9.0
399999,Technicians and Trades Workers (not covered elsewhere),Year 10 and below ,8.9
411111,Ambulance Officers,Year 10 and below ,1.2
411112,Intensive Care Ambulance Paramedics,Year 10 and below ,0.2
411211,Dental Hygienists,Year 10 and below ,0.0
411212,Dental Prosthetists,Year 10 and below ,0.0
411213,Dental Technicians,Year 10 and below ,1.6
411214,Dental Therapists,Year 10 and below ,0.0
411411,Enrolled Nurses,Year 10 and below ,0.8
411412,Mothercraft Nurses,Year 10 and below ,0.0
411711,Community Workers,Year 10 and below ,3.9
411712,Disabilities Services Officers,Year 10 and below ,2.9
411713,Family Support Workers,Year 10 and below ,5.0
411714,Parole and Probation Officers,Year 10 and below ,2.3
411715,Residential Care Officers,Year 10 and below ,3.6
411716,Youth Workers,Year 10 and below ,3.6
421111,Child Care Workers,Year 10 and below ,2.2
421112,Family Day Care Workers,Year 10 and below ,3.6
421113,Nannies,Year 10 and below ,7.9
421114,Out of School Hours Care Workers,Year 10 and below ,2.8
422111,Aboriginal and Torres Strait Islander Education Workers,Year 10 and below ,14.5
422112,Integration Aides,Year 10 and below ,5.0
422115,Preschool Aides,Year 10 and below ,2.4
422116,Teachers' Aides,Year 10 and below ,6.1
423311,Hospital orderlies,Year 10 and below ,17.2
423312,Nursing Support Workers,Year 10 and below ,3.8
423313,Personal Care Assistants,Year 10 and below ,6.7
423314,Therapy Aides,Year 10 and below ,3.1
423411,Child and Youth Residential Care Assistants,Year 10 and below ,3.9
423412,Hostel Parents,Year 10 and below ,5.1
423413,Refuge Workers,Year 10 and below ,10.1
431111,Bar Attendants,Year 10 and below ,9.5
431112,Baristas,Year 10 and below ,10.1
431911,Bar Usefuls and Bussers,Year 10 and below ,16.7
431912,Doorpersons and Luggage Porters,Year 10 and below ,12.1
431999,Hospitality Workers (not covered elsewhere),Year 10 and below ,23.0
441211,Emergency Service Workers,Year 10 and below ,3.7
441212,Fire Fighters,Year 10 and below ,2.8
441311,Detectives,Year 10 and below ,0.6
441312,Police Officers,Year 10 and below ,1.3
442211,"Alarm, Security and Surveillance Monitors",Year 10 and below ,7.4
442212,Armoured Car Escorts,Year 10 and below ,14.4
442213,Crowd Controllers,Year 10 and below ,7.5
442214,Private Investigators,Year 10 and below ,6.0
442215,Retail Loss Prevention Officers,Year 10 and below ,20.1
442216,Security Consultants,Year 10 and below ,2.4
442217,Security Officers,Year 10 and below ,11.1
442299,Other Security Workers,Year 10 and below ,6.0
451311,Funeral Directors,Year 10 and below ,16.1
451399,Funeral Workers (Other),Year 10 and below ,15.8
451411,Gallery and Museum Guides,Year 10 and below ,2.7
451412,Tour Guides,Year 10 and below ,7.1
451511,Natural Remedy Consultants,Year 10 and below ,11.5
451512,Weight Loss Consultants,Year 10 and below ,17.5
451513,Herbalists (Western),Year 10 and below ,0.0
451611,Tourist Information Officers,Year 10 and below ,7.4
451612,Travel Consultants,Year 10 and below ,4.1
451711,Flight Attendants,Year 10 and below ,3.5
451799,Other Travel Attendants,Year 10 and below ,11.6
451811,Civil Celebrants,Year 10 and below ,5.0
451812,Hair and Beauty Salon Assistants,Year 10 and below ,30.9
451814,Body Artists,Year 10 and below ,11.4
451815,First Aid Trainers,Year 10 and below ,1.2
451816,Religious Assistants,Year 10 and below ,2.4
451899,Personal Service Workers (not covered elsewhere),Year 10 and below ,12.0
452211,Bungy Jump Masters,Year 10 and below ,
452212,Fishing Guides,Year 10 and below ,14.2
452213,Hunting Guides,Year 10 and below ,
452214,Mountain and Glacier Guides,Year 10 and below ,
452215,Outdoor Adventure Instructors,Year 10 and below ,3.0
452216,Trekking Guides,Year 10 and below ,0.0
452217,Whitewater Rafting Guides,Year 10 and below ,
452299,Other Outdoor Adventure Guides,Year 10 and below ,5.7
452311,"Scuba, Snorkelling and Dive instructors",Year 10 and below ,2.7
452312,Gymnastics Coaches and Instructors,Year 10 and below ,22.2
452313,Horse Riding Coaches and Instructors,Year 10 and below ,10.6
452314,Snowsport Instructors,Year 10 and below ,1.2
452315,Swimming Coaches and Instructors,Year 10 and below ,6.8
452316,Tennis Coaches,Year 10 and below ,10.5
452317,Other Sports Coaches and Instructors,Year 10 and below ,10.7
452318,Dog and Horse Racing Officials,Year 10 and below ,16.6
452321,Sports Development Officers,Year 10 and below ,2.4
452322,Sports Umpires,Year 10 and below ,57.2
452323,Other Sports Officials,Year 10 and below ,26.8
452411,"Footballers (Soccer, Rugby and AFL)",Year 10 and below ,4.7
452412,Golfers,Year 10 and below ,3.4
452413,Jockeys,Year 10 and below ,19.9
452414,Lifeguards,Year 10 and below ,6.7
452499,Other Sportspersons,Year 10 and below ,8.5
511111,Contract Administrators,Year 10 and below ,3.0
511112,Program and Project Administrators,Year 10 and below ,3.0
512211,Health Practice Managers,Year 10 and below ,6.2
512299,Other Practice Managers,Year 10 and below ,4.2
521211,Secretaries (General),Year 10 and below ,20.5
521212,Legal Secretaries,Year 10 and below ,11.2
532111,Data Entry Operators,Year 10 and below ,11.8
532112,Machine Shorthand Reporters,Year 10 and below ,7.5
532113,Typists,Year 10 and below ,16.5
541111,Call Centre or Contact Centre Team Leaders,Year 10 and below ,6.2
541112,Call Centre or Contact Centre Operators,Year 10 and below ,7.7
542111,Receptionists (General),Year 10 and below ,12.2
542112,Admissions Clerks,Year 10 and below ,11.6
542113,Hotel and Motel Receptionists,Year 10 and below ,9.3
542114,Medical Receptionists,Year 10 and below ,10.9
551111,Accounts Clerks,Year 10 and below ,9.5
551112,Cost Clerks,Year 10 and below ,5.0
552311,Bookmakers,Year 10 and below ,5.8
552312,Insurance Consultants,Year 10 and below ,5.5
552313,Money Market Clerks,Year 10 and below ,3.3
552314,Statistical Clerks,Year 10 and below ,3.9
561111,Betting Agency Counter Clerks,Year 10 and below ,23.3
561112,Bookmaker's Clerks,Year 10 and below ,
561113,Telephone Betting Clerks,Year 10 and below ,13.4
561199,Other Betting Clerks,Year 10 and below ,37.0
561211,Couriers,Year 10 and below ,18.3
561212,Postal Delivery Officers,Year 10 and below ,21.8
561411,Mail Clerks,Year 10 and below ,17.7
561412,Postal Sorting Officers,Year 10 and below ,16.7
561911,Classified Advertising Clerks,Year 10 and below ,7.1
561912,Meter Readers,Year 10 and below ,14.0
561913,Parking Inspectors,Year 10 and below ,10.2
561999,Clerical and Office Support Workers (not covered elsewhere),Year 10 and below ,11.7
591112,Production Clerks,Year 10 and below ,8.3
591113,Purchasing Officers,Year 10 and below ,8.5
591115,Stock Clerks,Year 10 and below ,11.0
591116,Warehouse Administrators,Year 10 and below ,14.3
591117,Order Clerks,Year 10 and below ,10.9
591211,Despatching and Receiving Clerks,Year 10 and below ,13.6
591212,Import-Export Clerks,Year 10 and below ,5.5
599111,Conveyancers,Year 10 and below ,6.4
599112,Legal Executives,Year 10 and below ,3.6
599211,Clerks of Court,Year 10 and below ,3.0
599212,Court Bailiffs and Sheriffs,Year 10 and below ,8.8
599213,Court Orderlies,Year 10 and below ,7.3
599214,Law Clerks,Year 10 and below ,4.4
599215,Trust Officers,Year 10 and below ,5.4
599511,Customs Officers,Year 10 and below ,2.9
599512,Immigration Officers,Year 10 and below ,2.8
599513,Motor Vehicle Licence Examiners,Year 10 and below ,10.3
599514,Noxious Weeds and Pest Inspectors,Year 10 and below ,5.4
599515,Social Security Assessors,Year 10 and below ,7.0
599516,Taxation Inspectors,Year 10 and below ,1.8
599517,Train Examiners,Year 10 and below ,13.2
599518,Transport Operations Inspectors,Year 10 and below ,6.5
599521,Water Inspectors,Year 10 and below ,6.3
599599,Other Inspectors and Regulatory Officers,Year 10 and below ,6.1
599611,Insurance Investigators,Year 10 and below ,6.7
599612,Insurance Loss Adjusters,Year 10 and below ,3.2
599613,Insurance Risk Surveyors,Year 10 and below ,0.9
599912,"Production Assistants (Film, Television, Radio or Stage)",Year 10 and below ,2.2
599913,Proof Readers,Year 10 and below ,5.9
599914,Radio Despatchers,Year 10 and below ,5.8
599915,Clinical Coders,Year 10 and below ,2.5
599916,Facilities Administrators,Year 10 and below ,7.8
599999,Clerical and Administrative Workers (not covered elsewhere),Year 10 and below ,3.8
611111,Auctioneers,Year 10 and below ,11.5
611112,Stock and Station Agents,Year 10 and below ,15.8
611311,Sales Representatives (Building and Plumbing Supplies),Year 10 and below ,12.4
611312,Sales Representatives (Business Services),Year 10 and below ,6.7
611313,Sales Representatives (Motor Vehicle Parts and Accessories),Year 10 and below ,14.4
611314,Sales Representatives (Personal and Household Goods),Year 10 and below ,10.8
611399,Other Sales Representatives,Year 10 and below ,7.8
612111,Business Brokers,Year 10 and below ,3.8
612112,Property Managers,Year 10 and below ,5.8
612113,Real Estate Agency Principals,Year 10 and below ,3.7
612114,Real Estate Agents,Year 10 and below ,3.7
612115,Real Estate Representatives,Year 10 and below ,5.1
621311,Motor Vehicle and Caravan Salespersons,Year 10 and below ,13.5
621312,Motor Vehicle Parts Interpreters,Year 10 and below ,16.2
621711,Cash Van Salespersons,Year 10 and below ,22.9
621712,Door-to-door Salespersons,Year 10 and below ,7.4
621713,Street Vendors,Year 10 and below ,21.0
621911,Materials Recyclers,Year 10 and below ,32.4
621912,Rental Salespersons,Year 10 and below ,12.0
621999,Sales Assistants and Salespersons (not covered elsewhere),Year 10 and below ,14.5
631111,Checkout Operators,Year 10 and below ,25.7
631112,Cashiers,Year 10 and below ,18.8
639111,Models,Year 10 and below ,6.9
639112,Sales Demonstrators,Year 10 and below ,20.9
639211,Retail Buyers,Year 10 and below ,5.2
639212,Wool Buyers,Year 10 and below ,16.1
639411,Ticket Sellers,Year 10 and below ,10.7
639412,Transport Conductors,Year 10 and below ,10.7
711111,Clay Products Machine Operators,Year 10 and below ,30.4
711112,Concrete Products Machine Operators,Year 10 and below ,29.2
711113,Glass Production Machine Operators,Year 10 and below ,19.5
711114,Stone Processing Machine Operators,Year 10 and below ,22.2
711199,"Other Clay, Concrete, Glass and Stone Processing Machine Operators",Year 10 and below ,26.6
711311,Paper Products Machine Operators,Year 10 and below ,22.5
711313,Sawmilling Operators,Year 10 and below ,36.4
711314,Other Wood Processing Machine Operators,Year 10 and below ,30.8
711511,Plastic Cablemaking Machine Operators,Year 10 and below ,21.4
711512,Plastic Compounding and Reclamation Machine Operators,Year 10 and below ,13.6
711513,Plastics Fabricators and Welders,Year 10 and below ,20.2
711514,Plastics Production Machine Operators (General),Year 10 and below ,22.9
711515,Reinforced Plastic and Composite Production Workers,Year 10 and below ,31.7
711516,Rubber Production Machine Operators,Year 10 and below ,21.1
711599,Other Plastics and Rubber Production Machine Operators,Year 10 and below ,25.0
711711,Footwear Production Machine Operators,Year 10 and below ,39.7
711712,Hide and Skin Processing Machine Operators,Year 10 and below ,25.8
711713,Knitting Machine Operators,Year 10 and below ,11.1
711714,Textile Dyeing and Finishing Machine Operators,Year 10 and below ,14.9
711715,Weaving Machine Operators,Year 10 and below ,31.7
711716,Yarn Carding and Spinning Machine Operators,Year 10 and below ,20.5
711799,Other Textile and Footwear Production Machine Operators,Year 10 and below ,26.0
711911,Chemical Production Machine Operators,Year 10 and below ,14.5
711912,Motion Picture Projectionists,Year 10 and below ,14.1
711913,Sand Blasters,Year 10 and below ,36.0
711914,Sterilisation Technicians,Year 10 and below ,7.6
711999,Machine Operators (not covered elsewhere),Year 10 and below ,19.4
712211,Drillers,Year 10 and below ,18.1
712212,Miners,Year 10 and below ,24.4
712213,Shot Firers,Year 10 and below ,14.8
712911,Boiler and Engine Operators,Year 10 and below ,17.3
712912,Bulk Materials Handling Plant Operators,Year 10 and below ,27.6
712913,Cement Production Plant Operators,Year 10 and below ,25.7
712914,Concrete Batching Plant Operators,Year 10 and below ,27.0
712915,Concrete Pump Operators,Year 10 and below ,32.6
712916,Paper and Pulp Mill Operators,Year 10 and below ,25.0
712917,Railway Signal Operators,Year 10 and below ,19.5
712918,Train Controllers,Year 10 and below ,13.5
712921,Waste Water and Water Plant Operators,Year 10 and below ,10.2
712922,Weighbridge Operators,Year 10 and below ,24.7
712999,Stationary Plant Operators (not covered elsewhere),Year 10 and below ,21.5
721111,Agricultural and Horticultural Mobile Plant Operators,Year 10 and below ,31.1
721112,Logging Plant Operators,Year 10 and below ,38.3
721211,Earthmoving Plant Operators (General),Year 10 and below ,27.2
721212,Backhoe Operators,Year 10 and below ,47.3
721213,Bulldozer Operators,Year 10 and below ,42.7
721214,Excavator Operators,Year 10 and below ,33.8
721215,Grader Operators,Year 10 and below ,42.0
721216,Loader Operators,Year 10 and below ,37.5
721911,Aircraft Baggage Handlers and Airline Ground Crews,Year 10 and below ,9.6
721912,Linemarkers,Year 10 and below ,24.2
721913,Paving Plant Operators,Year 10 and below ,32.0
721914,Railway Track Plant Operators,Year 10 and below ,24.4
721915,Road Roller Operators,Year 10 and below ,42.9
721916,Streetsweeper Operators,Year 10 and below ,39.4
721999,Mobile Plant Operators (not covered elsewhere),Year 10 and below ,19.4
731111,Chauffeurs,Year 10 and below ,16.6
731112,Taxi Drivers,Year 10 and below ,14.8
731199,Other Automobile Drivers,Year 10 and below ,9.9
731211,Bus Drivers,Year 10 and below ,21.1
731212,Charter and Tour Bus Drivers,Year 10 and below ,23.9
731213,Passenger Coach Drivers,Year 10 and below ,24.6
731311,Train Drivers,Year 10 and below ,14.6
731312,Tram Drivers,Year 10 and below ,9.5
733111,Truck Drivers (General),Year 10 and below ,34.6
733112,Aircraft Refuellers,Year 10 and below ,15.8
733113,Furniture Removalist Drivers,Year 10 and below ,26.2
733114,Tanker Drivers,Year 10 and below ,35.2
733115,Tow Truck Drivers,Year 10 and below ,30.5
811411,Commercial Housekeepers,Year 10 and below ,25.9
811412,Domestic Housekeepers,Year 10 and below ,25.0
811511,Laundry Workers (General),Year 10 and below ,32.1
811512,Drycleaners,Year 10 and below ,22.6
811513,Ironers and Pressers,Year 10 and below ,30.4
811611,Carpet Cleaners,Year 10 and below ,21.3
811612,Window Cleaners,Year 10 and below ,20.9
811699,Cleaners (not covered elsewhere),Year 10 and below ,24.5
821111,Builder's Labourers,Year 10 and below ,21.7
821112,"Drainage, Sewerage and Stormwater Labourers",Year 10 and below ,20.2
821113,Earthmoving Labourers,Year 10 and below ,28.5
821114,Plumber's Assistants,Year 10 and below ,25.6
821411,Building Insulation Installers,Year 10 and below ,18.3
821412,Home Improvement Installers,Year 10 and below ,19.4
821711,Construction Riggers,Year 10 and below ,17.2
821712,Scaffolders,Year 10 and below ,21.0
821713,Steel Fixers,Year 10 and below ,27.8
821714,Structural Steel Erectors,Year 10 and below ,23.0
821911,Crane Chasers,Year 10 and below ,17.8
821912,Driller's Assistants,Year 10 and below ,13.1
821913,Laggers,Year 10 and below ,26.4
821914,Mining Support Workers,Year 10 and below ,24.5
821915,Surveyor's Assistants,Year 10 and below ,9.8
831111,Baking Factory Workers,Year 10 and below ,20.4
831112,Brewery Workers,Year 10 and below ,7.3
831113,Confectionery Makers,Year 10 and below ,17.4
831114,Dairy Products Makers,Year 10 and below ,19.2
831115,Fruit and Vegetable Factory Workers,Year 10 and below ,27.1
831116,Grain Mill Workers,Year 10 and below ,28.2
831117,Sugar Mill Workers,Year 10 and below ,28.8
831118,Winery Cellar Hands,Year 10 and below ,15.2
831199,Other Food and Drink Factory Workers,Year 10 and below ,19.3
831211,Meat Boners and Slicers,Year 10 and below ,25.0
831212,Slaughterers,Year 10 and below ,28.2
831311,Meat Process Workers,Year 10 and below ,25.5
831312,Poultry Process Workers,Year 10 and below ,26.9
831313,Seafood Process Workers,Year 10 and below ,30.4
832111,Chocolate Packers,Year 10 and below ,20.9
832112,Container Fillers,Year 10 and below ,20.7
832113,Fruit and Vegetable Packers,Year 10 and below ,21.0
832114,Meat Packers,Year 10 and below ,24.9
832115,Seafood Packers,Year 10 and below ,20.3
832199,Other Packers,Year 10 and below ,22.7
839211,Plastics Factory Workers,Year 10 and below ,27.2
839212,Rubber Factory Workers,Year 10 and below ,37.5
839311,Product Examiners,Year 10 and below ,8.2
839312,Product Graders,Year 10 and below ,25.4
839313,Product Testers,Year 10 and below ,10.2
839411,Paper and Pulp Mill Workers,Year 10 and below ,24.9
839412,Sawmill and Timber Yard Workers,Year 10 and below ,36.6
839413,Wood and Wood Products Factory Workers,Year 10 and below ,27.4
839911,Cement and Concrete Plant Workers,Year 10 and below ,30.1
839912,Chemical Plant Workers,Year 10 and below ,19.0
839913,Clay Processing Factory Workers,Year 10 and below ,31.3
839914,Fabric and Textile Factory Workers,Year 10 and below ,24.3
839915,Footwear Factory Workers,Year 10 and below ,31.2
839916,Glass Processing Workers,Year 10 and below ,24.0
839917,Hide and Skin Processing Workers,Year 10 and below ,39.8
839918,Recycling Workers,Year 10 and below ,32.6
839999,Factory Process Workers (not covered elsewhere),Year 10 and below ,31.4
841211,Fruit and Nut Farm Workers,Year 10 and below ,29.1
841212,Fruit and Nut Pickers,Year 10 and below ,23.1
841213,"Grain, Oilseed and Pasture Farm Workers",Year 10 and below ,28.0
841214,Vegetable Farm Workers,Year 10 and below ,29.1
841215,Vegetable Pickers,Year 10 and below ,26.0
841216,Vineyard Workers,Year 10 and below ,27.4
841217,Mushroom Pickers,Year 10 and below ,25.3
841299,Other Crop Farm Workers,Year 10 and below ,30.8
841311,Forestry Workers,Year 10 and below ,22.2
841312,Logging Assistants,Year 10 and below ,45.9
841313,Tree Fallers,Year 10 and below ,40.4
841411,Garden Labourers,Year 10 and below ,26.0
841412,Nursery Hands (Horticulture),Year 10 and below ,21.8
841511,Beef Cattle Farm Workers,Year 10 and below ,29.4
841512,Dairy Cattle Farm Workers,Year 10 and below ,28.1
841513,Mixed Livestock Farm Workers,Year 10 and below ,28.8
841514,Poultry Farm Workers,Year 10 and below ,33.3
841515,Sheep Farm Workers,Year 10 and below ,27.7
841516,Stablehands,Year 10 and below ,23.3
841517,Wool Handlers,Year 10 and below ,34.3
841599,Other Livestock Farm Workers,Year 10 and below ,25.0
841911,Hunter-Trappers,Year 10 and below ,34.5
841913,Pest Controllers,Year 10 and below ,12.1
841999,"Farm, Forestry and Garden Workers (not covered elsewhere)",Year 10 and below ,15.7
851211,Pastrycook's Assistants,Year 10 and below ,24.6
851299,Other Food Trades Assistants,Year 10 and below ,27.4
891111,Freight Handlers (Rail or Road),Year 10 and below ,21.6
891112,Truck Driver's Offsiders,Year 10 and below ,23.6
891113,Waterside Workers,Year 10 and below ,20.2
899211,Deck Hands,Year 10 and below ,12.3
899212,Fishing Hands,Year 10 and below ,31.0
899411,Motor Vehicle Parts and Accessories Fitters (General),Year 10 and below ,19.1
899412,Autoglaziers,Year 10 and below ,23.4
899413,Exhaust and Muffler Repairers,Year 10 and below ,30.6
899414,Radiator Repairers,Year 10 and below ,37.1
899415,Tyre Fitters,Year 10 and below ,32.7
899511,Printer's Assistants,Year 10 and below ,20.6
899512,Printing Table Workers,Year 10 and below ,26.5
899911,Bicycle Mechanics,Year 10 and below ,13.2
899912,Car Park Attendants,Year 10 and below ,13.6
899913,Crossing Supervisors,Year 10 and below ,32.9
899914,Electrical and Telecommunications Trades Assistants,Year 10 and below ,19.3
899915,Leaflet and Newspaper Deliverers,Year 10 and below ,32.5
899916,Mechanic's Assistants,Year 10 and below ,26.5
899917,Railways Assistants,Year 10 and below ,13.7
899918,Sign Erectors,Year 10 and below ,17.3
899921,Ticket Collectors and Ushers,Year 10 and below ,14.8
899922,Trolley Collectors,Year 10 and below ,21.8
899923,Road Traffic Controllers,Year 10 and below ,23.6
899999,Labourers (not covered elsewhere),Year 10 and below ,22.5
